id,Age
15000,8.122336038
15001,8.231088885
15002,8.782006946
15003,10.11505848
15004,8.619746221
15005,5.918485807
15006,7.243631202
15007,14.59607022
15008,10.70796776
15009,10.00645472
15010,8.359732033
15011,10.01736236
15012,12.29886099
15013,13.97456388
15014,8.078345242
15015,12.51952594
15016,11.20164563
15017,12.75921682
15018,12.36685164
15019,10.46251102
15020,11.5644732
15021,10.86658542
15022,8.57132091
15023,11.54444636
15024,12.43703558
15025,10.62199244
15026,15.19427238
15027,8.20689879
15028,10.08033668
15029,11.50488525
15030,10.47959344
15031,9.582781422
15032,13.68282115
15033,8.482980658
15034,7.546425223
15035,9.637249259
15036,12.55099749
15037,9.081480846
15038,10.26408656
15039,13.58658938
15040,10.55473474
15041,13.06771213
15042,10.80319308
15043,13.36086061
15044,12.83323295
15045,9.692110879
15046,5.086684848
15047,10.09109351
15048,11.24946693
15049,8.471712729
15050,10.166938
15051,11.89752072
15052,6.996485138
15053,10.86093387
15054,13.08538001
15055,13.82888142
15056,9.910531535
15057,11.87596774
15058,6.280826141
15059,11.13564373
15060,12.94945559
15061,7.308677238
15062,8.471642459
15063,11.54804982
15064,9.436419963
15065,11.15567186
15066,6.256286727
15067,11.8052882
15068,11.6706558
15069,10.12453369
15070,6.594651055
15071,13.29092084
15072,10.14388492
15073,11.85133404
15074,8.317811867
15075,11.2539131
15076,5.308784818
15077,6.426066479
15078,13.10912069
15079,8.783371272
15080,13.2239555
15081,8.867855574
15082,6.970700009
15083,13.67789241
15084,14.08660251
15085,11.70667266
15086,11.21011273
15087,11.10371498
15088,9.198798496
15089,13.65318973
15090,11.1111433
15091,11.13040299
15092,10.36218651
15093,9.845966332
15094,12.62083328
15095,7.628749903
15096,7.205639765
15097,9.963531765
15098,7.401659272
15099,7.690197831
15100,9.189852055
15101,6.434779166
15102,14.23422269
15103,11.37842894
15104,8.07527231
15105,11.06661189
15106,7.797175334
15107,6.788159907
15108,9.120482266
15109,9.288038663
15110,4.665957661
15111,10.68687381
15112,12.33988491
15113,9.478023068
15114,7.204612091
15115,9.991413578
15116,7.275471183
15117,8.721335695
15118,9.469131754
15119,12.32249735
15120,9.803081215
15121,9.265316467
15122,9.269601591
15123,8.327332071
15124,12.38112987
15125,8.705301864
15126,6.766258201
15127,7.390915282
15128,9.035358523
15129,10.80653935
15130,11.65874761
15131,10.70739328
15132,12.09418368
15133,11.97161139
15134,10.98212224
15135,11.24591251
15136,14.04538639
15137,11.36682584
15138,10.19362775
15139,10.00266371
15140,10.34692432
15141,6.747537078
15142,9.833812443
15143,8.723391548
15144,7.421271394
15145,10.80689335
15146,12.73054328
15147,6.915556962
15148,3.971665188
15149,8.776888889
15150,6.828522689
15151,7.496600409
15152,10.40131
15153,7.177745699
15154,9.308750446
15155,14.64641803
15156,8.394883423
15157,10.43239315
15158,10.6004745
15159,11.8325112
15160,7.423565633
15161,11.65337752
15162,9.861232681
15163,6.751406534
15164,14.06800438
15165,14.00862018
15166,4.965345766
15167,9.833237264
15168,11.46689382
15169,11.39908827
15170,14.91619516
15171,11.50186782
15172,6.818029611
15173,8.399432441
15174,11.74279474
15175,9.919458312
15176,12.09063344
15177,9.606699244
15178,10.12534058
15179,7.316738591
15180,11.86136733
15181,9.893494021
15182,11.45756161
15183,10.9214988
15184,7.907652033
15185,10.94328641
15186,11.24726282
15187,12.42047905
15188,8.189003233
15189,7.354374284
15190,13.34114854
15191,7.012355673
15192,5.071082716
15193,10.76220248
15194,10.18389476
15195,11.96970369
15196,11.73124771
15197,11.16874551
15198,7.950470427
15199,13.33871137
15200,12.34060794
15201,9.238053274
15202,10.02275398
15203,6.760472945
15204,13.09793586
15205,9.416000411
15206,11.14874821
15207,10.62456871
15208,7.813716118
15209,5.472034789
15210,10.89011591
15211,7.105891225
15212,10.62630899
15213,12.30333556
15214,9.057347935
15215,10.45970058
15216,13.03226969
15217,9.918860768
15218,12.94788405
15219,10.93039068
15220,11.92135487
15221,4.974588651
15222,9.194382144
15223,7.560779485
15224,13.25200518
15225,7.56864217
15226,8.559164659
15227,15.51943779
15228,6.285887072
15229,12.3562781
15230,14.87842298
15231,12.65229676
15232,8.730723683
15233,9.549046918
15234,9.573265601
15235,9.262536411
15236,12.13900771
15237,10.65014269
15238,11.03562981
15239,7.695539331
15240,10.88847497
15241,9.62549001
15242,10.28126697
15243,7.252139275
15244,7.143688103
15245,11.32660696
15246,12.05733675
15247,11.67381114
15248,8.824312483
15249,6.731321954
15250,5.950857182
15251,13.61700937
15252,6.916624579
15253,10.29945408
15254,7.404015115
15255,15.26721527
15256,13.90260152
15257,9.432956109
15258,9.660356803
15259,9.081134018
15260,12.75004419
15261,7.299614186
15262,11.04271509
15263,11.72884643
15264,6.957512111
15265,13.37324653
15266,15.09123493
15267,10.44311433
15268,7.38652541
15269,10.21039546
15270,11.91322776
15271,11.7550344
15272,9.705522532
15273,7.253030761
15274,19.22097824
15275,12.75576259
15276,6.293669122
15277,10.93591955
15278,20.12526565
15279,9.814002067
15280,13.02798828
15281,12.23963543
15282,12.71476975
15283,9.596026334
15284,9.178698167
15285,7.089295192
15286,11.63109083
15287,11.46530437
15288,10.63077683
15289,12.48233625
15290,7.804257136
15291,12.60817131
15292,8.792592599
15293,12.93384558
15294,8.191301642
15295,7.356134657
15296,10.20863346
15297,13.78623976
15298,7.66134201
15299,12.33146613
15300,10.83948689
15301,9.712917982
15302,10.66614659
15303,12.68294824
15304,12.10149229
15305,12.07976549
15306,6.83261786
15307,13.91668848
15308,11.96252925
15309,8.313103705
15310,12.04225763
15311,8.854473432
15312,11.83898019
15313,10.23205343
15314,7.007476339
15315,12.89283966
15316,8.03888196
15317,9.61731447
15318,8.219653565
15319,9.210070661
15320,5.841817886
15321,7.84821312
15322,10.46684298
15323,10.50484977
15324,12.62002659
15325,10.24623417
15326,8.076836285
15327,9.626390358
15328,11.68064083
15329,8.020329038
15330,11.12545595
15331,9.192943037
15332,4.288381754
15333,11.70811923
15334,7.748671215
15335,9.569574857
15336,11.33874157
15337,11.52412325
15338,22.97206469
15339,8.879409988
15340,5.704311476
15341,12.14417886
15342,9.800172199
15343,7.975188567
15344,10.1203713
15345,9.221124172
15346,11.21056318
15347,8.728009965
15348,6.416296265
15349,11.81631402
15350,11.82055875
15351,9.640810345
15352,6.814077865
15353,9.355571528
15354,12.09350033
15355,10.22808834
15356,17.28946414
15357,6.755854145
15358,14.35820191
15359,13.82699066
15360,9.873202678
15361,10.87737473
15362,11.63188172
15363,12.2203756
15364,11.08216977
15365,7.626236198
15366,14.0408561
15367,15.15572839
15368,11.78209877
15369,15.99015354
15370,11.46857238
15371,8.161946104
15372,8.693115341
15373,7.132168306
15374,9.384418487
15375,5.918141217
15376,8.972510664
15377,9.44183961
15378,11.49712641
15379,4.654485823
15380,9.300630933
15381,8.59275182
15382,13.14942107
15383,7.799249488
15384,12.18652722
15385,8.57895959
15386,8.02344475
15387,11.83672379
15388,12.20868862
15389,10.55861207
15390,7.035069605
15391,8.740175655
15392,6.554915056
15393,7.505650954
15394,11.56760485
15395,10.64704161
15396,11.83740413
15397,9.442213959
15398,7.640495578
15399,15.43157583
15400,11.54178121
15401,10.49316166
15402,11.84207686
15403,15.00532151
15404,10.94279229
15405,12.78222178
15406,9.034550143
15407,11.30636404
15408,8.809699257
15409,11.58347508
15410,7.657036035
15411,8.350844809
15412,6.796880445
15413,8.471120204
15414,12.90059814
15415,8.365823816
15416,13.15378603
15417,10.37563875
15418,8.380874614
15419,10.34500978
15420,12.35119323
15421,10.39425357
15422,10.26047363
15423,12.29513289
15424,7.993331839
15425,12.81955496
15426,8.722032992
15427,12.78062605
15428,8.223585579
15429,12.64852504
15430,10.27370394
15431,9.82999394
15432,8.682956256
15433,7.261154533
15434,8.56005687
15435,9.981539432
15436,7.389464874
15437,12.54257019
15438,4.938544515
15439,10.15556872
15440,12.10275698
15441,7.614153949
15442,10.10266659
15443,10.5463286
15444,12.78586762
15445,7.032099815
15446,6.434140667
15447,4.474523414
15448,8.195091839
15449,14.60244517
15450,11.77713905
15451,7.833779506
15452,7.407707382
15453,8.193536748
15454,10.04115546
15455,9.834073057
15456,12.43837331
15457,10.53062027
15458,11.08619352
15459,8.483224346
15460,10.92765986
15461,14.18208553
15462,6.116146308
15463,12.89428791
15464,8.858723603
15465,12.60752396
15466,10.01006008
15467,7.528323987
15468,6.458592972
15469,16.50521692
15470,14.6378199
15471,10.9570878
15472,8.466392256
15473,8.420363907
15474,7.039344608
15475,10.02079018
15476,12.96044568
15477,10.76189417
15478,13.01846257
15479,9.117473969
15480,6.100585075
15481,10.48860402
15482,8.980163251
15483,8.344636527
15484,5.885650968
15485,10.72361925
15486,9.744840649
15487,8.701401716
15488,13.46285793
15489,12.02020863
15490,8.720625806
15491,7.064273539
15492,9.977638895
15493,6.85345162
15494,7.555475549
15495,10.58168732
15496,8.111975144
15497,12.52347514
15498,6.638127996
15499,11.99596503
15500,10.0944689
15501,10.64925426
15502,11.04806721
15503,6.930535683
15504,6.457262891
15505,11.08706125
15506,8.951457075
15507,8.009506295
15508,10.16368632
15509,11.14783106
15510,7.044260039
15511,6.127121788
15512,6.06263557
15513,14.32267085
15514,10.49270754
15515,8.136640656
15516,6.954048707
15517,11.26300569
15518,10.33717815
15519,9.00670465
15520,11.31946803
15521,6.008317262
15522,9.399772872
15523,12.36714351
15524,12.13455478
15525,10.27061124
15526,11.40732357
15527,10.82211999
15528,9.486776093
15529,9.166356345
15530,11.34559314
15531,7.757042613
15532,8.400430257
15533,7.863966692
15534,9.828816761
15535,8.925875386
15536,6.451465341
15537,11.6520223
15538,12.92976546
15539,12.47210446
15540,6.886483782
15541,9.88842659
15542,13.28944675
15543,12.39302954
15544,10.64430901
15545,8.282925831
15546,7.030181611
15547,12.71543157
15548,12.49829479
15549,6.179076402
15550,11.30718102
15551,15.27279221
15552,8.768153191
15553,7.134450666
15554,7.769435758
15555,12.35445998
15556,8.585082223
15557,9.701467468
15558,8.840714389
15559,4.668842581
15560,9.633250814
15561,8.925163513
15562,9.610092073
15563,11.38482616
15564,8.616423661
15565,8.375943907
15566,10.91550491
15567,10.95962984
15568,7.115075665
15569,10.6393586
15570,7.764097289
15571,8.517431472
15572,10.77373383
15573,6.852275226
15574,12.23441203
15575,6.675367308
15576,4.780051948
15577,12.02040802
15578,6.807371448
15579,13.30135485
15580,9.174938559
15581,10.3231116
15582,12.705045
15583,8.705972113
15584,7.916348044
15585,10.79209881
15586,5.036726085
15587,9.362468513
15588,8.998709215
15589,11.0575445
15590,7.576849023
15591,10.82309068
15592,11.7511425
15593,7.181919801
15594,3.705435506
15595,8.606226873
15596,11.98336431
15597,10.73430505
15598,11.24354018
15599,9.402273491
15600,8.666985636
15601,11.56073382
15602,10.76877557
15603,9.305144823
15604,10.27602225
15605,13.62021625
15606,12.9600908
15607,13.57294048
15608,16.82720807
15609,7.559028698
15610,12.04438871
15611,6.654567879
15612,13.39531128
15613,13.5360472
15614,8.689055384
15615,10.13432354
15616,10.28230426
15617,11.05325988
15618,7.86460631
15619,14.39945023
15620,10.10200581
15621,14.3902555
15622,14.74616526
15623,12.00135261
15624,5.856967304
15625,11.45335161
15626,7.435783292
15627,10.79928265
15628,7.045946588
15629,8.918520914
15630,7.003412451
15631,7.637468366
15632,7.956625864
15633,10.47635752
15634,15.13939723
15635,8.752804187
15636,9.548539568
15637,8.584830745
15638,12.37761462
15639,9.667807964
15640,12.75594352
15641,6.174638717
15642,11.56424378
15643,11.90693715
15644,11.00694561
15645,9.132358367
15646,9.161330087
15647,7.402048788
15648,10.82503265
15649,15.23041699
15650,7.421787318
15651,9.386794712
15652,12.0817368
15653,11.40130232
15654,8.919987353
15655,12.50669577
15656,7.195999185
15657,6.157391263
15658,12.7147517
15659,11.89927734
15660,11.18762429
15661,6.265300195
15662,9.571522347
15663,9.652218954
15664,11.67989963
15665,8.794263056
15666,10.33268289
15667,10.90512678
15668,11.48650166
15669,11.25049311
15670,10.74042884
15671,11.44074707
15672,9.042112418
15673,10.03418002
15674,10.21439993
15675,11.25595979
15676,11.34177672
15677,10.86229217
15678,4.497057678
15679,14.66316721
15680,7.489540431
15681,12.45538209
15682,6.84301244
15683,6.370598878
15684,9.933791494
15685,9.320252331
15686,10.75355107
15687,9.698181403
15688,9.110823689
15689,14.08539671
15690,8.207961952
15691,9.690098188
15692,7.586988377
15693,6.736091556
15694,7.140893665
15695,5.655106713
15696,8.112265517
15697,8.487424118
15698,9.958185048
15699,8.922697371
15700,10.97710181
15701,11.31526043
15702,12.32145975
15703,9.458502456
15704,5.982230859
15705,10.14389375
15706,5.436916306
15707,12.16754185
15708,10.22968915
15709,12.40724675
15710,9.935917762
15711,10.6673889
15712,8.520167191
15713,8.981547838
15714,13.86140147
15715,13.87480421
15716,5.792628035
15717,14.40494863
15718,12.40864479
15719,8.400572258
15720,10.11640602
15721,15.71970466
15722,10.42487914
15723,8.296300798
15724,11.58845657
15725,7.172716837
15726,9.719867684
15727,6.205397491
15728,6.557504466
15729,9.373689275
15730,10.31587053
15731,9.806812212
15732,15.88385912
15733,9.976238046
15734,11.3051692
15735,11.61085252
15736,11.82021366
15737,13.12817288
15738,13.18265295
15739,9.859491394
15740,7.233749601
15741,8.866022318
15742,9.35696576
15743,15.61432836
15744,7.268186447
15745,8.369008694
15746,9.339489434
15747,9.670950691
15748,7.343005477
15749,8.046745826
15750,9.306636653
15751,10.57731794
15752,8.246404113
15753,9.428417158
15754,4.847699504
15755,7.691397486
15756,7.803798001
15757,13.16658814
15758,14.26973313
15759,9.253193977
15760,8.916246916
15761,6.928935124
15762,13.36048719
15763,11.84129603
15764,13.69093594
15765,10.38349755
15766,12.20019161
15767,15.7600923
15768,14.79348797
15769,10.55895988
15770,8.663254693
15771,10.25440994
15772,11.35777576
15773,6.496197887
15774,9.323753936
15775,6.493969262
15776,13.65437604
15777,7.356504753
15778,10.15917694
15779,11.72782387
15780,9.706586139
15781,9.844553323
15782,11.15025687
15783,12.77009946
15784,6.768172705
15785,9.225722517
15786,12.81894163
15787,9.964764996
15788,7.290940322
15789,8.210700774
15790,6.556734599
15791,10.0142413
15792,7.196218005
15793,9.195973785
15794,14.57036498
15795,9.622129365
15796,10.00418264
15797,9.799237102
15798,11.03763288
15799,8.190238175
15800,11.58798911
15801,13.26660845
15802,8.320895395
15803,8.682937481
15804,13.36328852
15805,10.03201861
15806,15.34030801
15807,6.627587751
15808,6.503892827
15809,10.9882965
15810,10.21402501
15811,5.925161252
15812,6.736744966
15813,13.91676351
15814,11.66346801
15815,5.330484921
15816,10.06174798
15817,10.4058672
15818,9.920874238
15819,11.46192934
15820,7.158407105
15821,7.488693545
15822,11.08604418
15823,5.795116543
15824,7.905513098
15825,8.385653047
15826,5.152329329
15827,7.363802489
15828,10.97614
15829,10.44494447
15830,13.90727375
15831,12.79777983
15832,11.09421468
15833,8.32764607
15834,11.89519452
15835,10.57944183
15836,6.291525531
15837,7.050763503
15838,18.68341219
15839,7.795578312
15840,10.28748333
15841,11.34636968
15842,8.629855638
15843,10.74577146
15844,5.845377548
15845,11.23047584
15846,5.141531441
15847,8.611509514
15848,9.373233358
15849,12.61400489
15850,11.3883852
15851,10.17725087
15852,8.899212173
15853,13.96894633
15854,11.38408018
15855,11.05052074
15856,7.71376731
15857,10.07920315
15858,12.19466739
15859,10.26923511
15860,11.61833443
15861,12.42395865
15862,10.16973726
15863,6.25486488
15864,7.336800719
15865,7.616227598
15866,15.36013906
15867,7.346559691
15868,8.086125775
15869,14.30485208
15870,12.27014126
15871,12.46815546
15872,10.70258326
15873,11.23210795
15874,5.089528705
15875,12.23011841
15876,12.1918639
15877,8.602916424
15878,6.838176104
15879,11.20577116
15880,9.338148648
15881,11.09963312
15882,12.13347879
15883,11.97690045
15884,9.607564437
15885,9.456336085
15886,10.61354407
15887,13.39195368
15888,5.454872042
15889,10.64143721
15890,8.641563707
15891,14.46216567
15892,10.1469715
15893,9.93379615
15894,11.97208673
15895,9.417620592
15896,11.20598625
15897,14.13219176
15898,8.342242024
15899,11.51161393
15900,12.79871845
15901,8.654623596
15902,13.46813514
15903,14.63821067
15904,12.90252436
15905,12.96968772
15906,13.54718712
15907,11.79906304
15908,10.19991079
15909,10.71673768
15910,5.163443578
15911,11.56354146
15912,7.971138323
15913,7.919981189
15914,13.11526227
15915,8.448407563
15916,10.50418269
15917,12.21648846
15918,10.05610168
15919,11.46077651
15920,14.57143776
15921,10.5958773
15922,13.63439797
15923,9.004120201
15924,11.31509683
15925,8.939766722
15926,14.71911803
15927,9.572258668
15928,11.63629726
15929,10.94083417
15930,8.193462632
15931,11.3906469
15932,10.88730081
15933,8.820012448
15934,13.50898491
15935,11.35768159
15936,8.651908794
15937,10.90808689
15938,5.78572783
15939,14.41161962
15940,9.543606026
15941,9.026031438
15942,13.44521194
15943,8.842154055
15944,9.739943519
15945,10.44349793
15946,10.70898852
15947,8.922800604
15948,11.07387143
15949,5.661418958
15950,11.98766173
15951,7.780667762
15952,13.6875019
15953,13.10552042
15954,11.93459654
15955,7.737178624
15956,7.559960455
15957,8.071012382
15958,11.77333616
15959,10.26283803
15960,11.2344528
15961,11.93152263
15962,6.939197039
15963,11.38877026
15964,12.16136374
15965,10.55087458
15966,12.51011979
15967,9.835375748
15968,13.28290258
15969,6.756746914
15970,13.18721546
15971,12.7488271
15972,11.40575365
15973,9.805278394
15974,12.68114921
15975,7.722485523
15976,9.047541565
15977,9.532306648
15978,6.804387866
15979,12.58148402
15980,10.32505991
15981,8.512833212
15982,6.185984311
15983,12.43494444
15984,4.325007118
15985,14.17300919
15986,15.18474285
15987,9.768268443
15988,10.7208929
15989,8.236177649
15990,13.5908312
15991,12.99087346
15992,10.42726134
15993,6.741593973
15994,7.942146313
15995,12.02910403
15996,7.64762005
15997,7.04523959
15998,8.142785412
15999,12.04359637
16000,10.53642382
16001,4.332251911
16002,10.30434819
16003,11.49911878
16004,9.845473589
16005,10.20554149
16006,6.408722275
16007,12.46343849
16008,12.26354967
16009,10.47674348
16010,10.67457274
16011,13.50729693
16012,16.3566763
16013,9.178538717
16014,15.35518419
16015,8.95443351
16016,11.58550055
16017,12.03296065
16018,12.55070653
16019,11.61870215
16020,7.698185695
16021,9.287697076
16022,6.518726376
16023,10.69319228
16024,9.27751434
16025,9.556917118
16026,10.94942104
16027,8.836952584
16028,9.906744764
16029,11.41957745
16030,6.381582374
16031,13.37326903
16032,9.414895275
16033,9.07603413
16034,6.803911239
16035,12.86172991
16036,12.23897351
16037,12.20703405
16038,13.81612426
16039,7.719693575
16040,8.562288635
16041,8.816665392
16042,10.1491187
16043,9.054110582
16044,11.92150906
16045,10.00837045
16046,9.660482559
16047,7.495269209
16048,7.274203248
16049,12.7313243
16050,9.640243995
16051,11.10948927
16052,9.955198472
16053,12.3496517
16054,8.435057038
16055,9.993037732
16056,8.211609446
16057,6.951154147
16058,7.918686396
16059,12.64835306
16060,7.629951299
16061,6.787159541
16062,13.14190737
16063,7.84124458
16064,15.71180246
16065,9.261901186
16066,11.27706739
16067,13.08814482
16068,11.34388215
16069,6.874881355
16070,9.292446027
16071,12.98702329
16072,9.00532058
16073,10.7871502
16074,8.844912226
16075,11.37434321
16076,14.58952679
16077,12.50155
16078,11.84894291
16079,5.542303683
16080,9.034467482
16081,6.744566003
16082,6.997472869
16083,10.065318
16084,10.86906151
16085,11.10226267
16086,10.17489533
16087,13.3532401
16088,6.97862983
16089,10.54977132
16090,8.298539478
16091,15.3770384
16092,12.44287793
16093,9.154427325
16094,11.86335112
16095,8.884893903
16096,6.608196378
16097,11.27545192
16098,9.789358244
16099,8.061923659
16100,10.66489718
16101,12.92189126
16102,11.28295657
16103,10.75478105
16104,9.780883324
16105,11.58598971
16106,9.932691503
16107,11.35832216
16108,8.39697922
16109,8.669808379
16110,10.8237884
16111,5.152289386
16112,11.27881021
16113,7.469054322
16114,8.810543848
16115,11.00990578
16116,9.012115551
16117,6.690074759
16118,11.60635841
16119,5.314203173
16120,10.98612051
16121,7.480145779
16122,13.13272902
16123,13.0853304
16124,6.318113575
16125,8.655074552
16126,9.175726897
16127,10.67976571
16128,7.761838196
16129,12.12872255
16130,13.56722803
16131,15.27323821
16132,6.557008272
16133,6.64136249
16134,9.320979711
16135,8.688335374
16136,9.168835176
16137,7.759923833
16138,6.130013768
16139,13.96491046
16140,8.447212302
16141,11.30214602
16142,11.43720255
16143,11.44528591
16144,6.984753418
16145,9.190830169
16146,3.832550367
16147,10.08330157
16148,11.54421069
16149,11.42794661
16150,9.033918408
16151,7.914617127
16152,9.852474274
16153,15.68474811
16154,6.972800462
16155,7.927992003
16156,8.597326088
16157,12.54754306
16158,5.847740451
16159,11.24250172
16160,9.565090479
16161,11.91224785
16162,10.1548445
16163,9.248894464
16164,11.20076202
16165,8.750684764
16166,10.27432606
16167,10.78064959
16168,17.6096512
16169,10.83420722
16170,10.24298572
16171,10.48661551
16172,17.62826653
16173,7.005825728
16174,6.937587182
16175,11.92717188
16176,10.61764459
16177,15.68536457
16178,9.708854903
16179,11.28316883
16180,12.29016961
16181,7.458545347
16182,9.689768176
16183,9.58199197
16184,6.676871608
16185,12.07313253
16186,12.57674798
16187,11.82297197
16188,11.25245098
16189,10.91563639
16190,6.645581354
16191,5.542747097
16192,6.118012689
16193,11.24894074
16194,9.453071685
16195,8.92372098
16196,9.85942533
16197,13.93362228
16198,8.981030543
16199,9.576691641
16200,13.66521421
16201,14.44828171
16202,11.49404275
16203,8.30524144
16204,9.680610223
16205,9.788123302
16206,13.35300832
16207,13.28435876
16208,10.31879764
16209,11.54428068
16210,11.3117038
16211,7.330857918
16212,10.24595357
16213,11.77886458
16214,11.20679934
16215,10.30529127
16216,9.912104931
16217,11.88128172
16218,7.704065291
16219,14.79699182
16220,9.84763377
16221,13.94789678
16222,7.121111492
16223,14.0721652
16224,9.000298563
16225,11.40209685
16226,8.486747678
16227,9.463582231
16228,6.034099647
16229,11.16406322
16230,10.82011716
16231,11.72316998
16232,9.775892577
16233,8.616430721
16234,11.26186394
16235,9.629230647
16236,7.771430653
16237,10.19312035
16238,16.52616178
16239,10.77190868
16240,9.115067757
16241,6.219739666
16242,6.628064378
16243,10.78792937
16244,8.775181405
16245,11.02315583
16246,10.56976161
16247,7.044616344
16248,9.105909488
16249,9.333026053
16250,9.582352918
16251,10.32907957
16252,8.471835777
16253,7.785279812
16254,7.118304546
16255,8.689875948
16256,6.64136249
16257,10.21656179
16258,6.389898485
16259,8.735128229
16260,12.43164929
16261,9.560842571
16262,12.95344032
16263,10.93051259
16264,10.73950604
16265,11.25282303
16266,11.20502599
16267,6.099658302
16268,8.518833337
16269,5.934581101
16270,6.584243804
16271,6.151482326
16272,11.40792835
16273,8.801076631
16274,8.280758304
16275,7.922636444
16276,8.087950839
16277,7.974120949
16278,15.21729967
16279,12.3213186
16280,11.55573772
16281,11.29992124
16282,8.343097103
16283,7.63709345
16284,11.76624718
16285,9.789543341
16286,7.058823322
16287,6.761152671
16288,8.682521813
16289,10.46348065
16290,9.501663408
16291,7.427328412
16292,12.62953103
16293,9.098455351
16294,11.95429863
16295,9.64614033
16296,7.244488935
16297,9.164771129
16298,13.52663603
16299,12.57238715
16300,9.846156978
16301,10.99146685
16302,7.679793775
16303,6.883718204
16304,7.163296056
16305,13.08398356
16306,10.33481684
16307,11.17673455
16308,11.60952956
16309,10.65590485
16310,8.939511355
16311,9.405979145
16312,8.651411555
16313,10.17118769
16314,10.82448861
16315,3.982013557
16316,10.03340903
16317,11.42114899
16318,11.11976967
16319,14.92861612
16320,10.78687092
16321,5.886007436
16322,11.18383027
16323,11.29914492
16324,10.77053269
16325,7.802547971
16326,11.079327
16327,11.08556582
16328,13.74807229
16329,8.298750428
16330,7.697226045
16331,10.60736181
16332,11.65019003
16333,8.910198778
16334,8.405026812
16335,8.326848116
16336,12.73504785
16337,12.72329849
16338,12.44872473
16339,5.137389268
16340,8.165918536
16341,15.29643765
16342,11.24062374
16343,14.06210971
16344,5.171535258
16345,9.660425807
16346,8.768595767
16347,9.217241516
16348,7.564719935
16349,8.58438044
16350,12.42349988
16351,10.73299488
16352,13.37062976
16353,15.6689364
16354,8.689811624
16355,8.793823513
16356,13.67337515
16357,14.05539996
16358,10.2347597
16359,12.6283171
16360,9.662046456
16361,10.99959495
16362,11.3634667
16363,6.27895976
16364,11.19441883
16365,9.647654356
16366,11.91090639
16367,14.88229193
16368,8.173264736
16369,5.531771617
16370,6.338828461
16371,6.824060203
16372,11.02814643
16373,12.4587433
16374,4.991466173
16375,6.963159882
16376,10.89675627
16377,4.610442893
16378,11.43680275
16379,15.55594715
16380,15.99156047
16381,7.692946386
16382,7.7905222
16383,10.00119971
16384,10.81862256
16385,10.90730562
16386,4.828268816
16387,12.33714418
16388,11.33288167
16389,10.28753717
16390,10.73074929
16391,8.515927055
16392,6.852831732
16393,9.081702557
16394,7.717551645
16395,9.125212796
16396,11.19588884
16397,9.924295123
16398,14.0350098
16399,10.56743976
16400,11.3331207
16401,11.14171633
16402,9.993479468
16403,11.35957945
16404,10.75103128
16405,10.0430738
16406,12.30153446
16407,11.03716105
16408,10.63142399
16409,13.75301115
16410,4.412167324
16411,12.08597136
16412,17.04970986
16413,7.182682773
16414,6.970970323
16415,11.34711073
16416,9.676389064
16417,7.615526717
16418,13.92183267
16419,10.82195823
16420,12.77937327
16421,8.166871485
16422,8.950392579
16423,11.56643753
16424,8.221285564
16425,10.77113236
16426,9.871445828
16427,15.36326223
16428,8.120794508
16429,10.45790472
16430,9.23992271
16431,10.05414606
16432,14.85365666
16433,13.06565063
16434,21.58100828
16435,12.81594059
16436,8.087849633
16437,11.88211795
16438,7.992413203
16439,8.662058678
16440,14.31142808
16441,7.995994099
16442,17.88313492
16443,10.41062343
16444,5.43683048
16445,10.64283955
16446,14.92844859
16447,10.82809757
16448,10.66274855
16449,8.721902945
16450,11.41490729
16451,9.104104328
16452,8.375424452
16453,11.41254027
16454,11.73252831
16455,12.71373861
16456,14.24745284
16457,6.618251653
16458,6.016362731
16459,6.56091094
16460,11.15521204
16461,8.364880726
16462,13.82685718
16463,11.91774676
16464,12.52795358
16465,10.3424776
16466,8.245777111
16467,12.4751583
16468,8.647126935
16469,13.35864628
16470,7.448408574
16471,13.38132512
16472,8.798248915
16473,8.549988595
16474,9.208559576
16475,12.44670724
16476,10.56392803
16477,13.90826658
16478,10.51624591
16479,12.09707373
16480,12.11493498
16481,7.351337145
16482,9.303808212
16483,7.486968818
16484,11.91041781
16485,16.54523542
16486,7.261431743
16487,10.63487203
16488,9.979245838
16489,9.420720599
16490,12.22122029
16491,8.199419255
16492,6.955902253
16493,8.226250724
16494,8.654623596
16495,6.795226944
16496,15.03301668
16497,12.05286394
16498,10.10113182
16499,11.54442727
16500,9.482395533
16501,12.45392958
16502,9.831042774
16503,8.843299484
16504,9.420944379
16505,9.114826231
16506,11.46693718
16507,10.13140847
16508,8.609693672
16509,11.57835346
16510,7.456136725
16511,12.67104851
16512,7.392597985
16513,11.75901407
16514,6.764082518
16515,8.915426005
16516,8.08292346
16517,9.836713333
16518,13.04187447
16519,8.011942445
16520,10.43530321
16521,20.57348917
16522,8.449830863
16523,5.94933539
16524,11.2980834
16525,10.55950356
16526,9.425644892
16527,14.23907379
16528,9.819533605
16529,7.211442025
16530,7.851516904
16531,14.42253523
16532,11.16408102
16533,9.482307322
16534,8.168071931
16535,7.137480295
16536,11.38570442
16537,9.280023529
16538,12.65622314
16539,6.675214912
16540,7.111524804
16541,11.21239873
16542,6.895903935
16543,9.704606441
16544,10.95810811
16545,10.71246767
16546,6.355580677
16547,8.299006829
16548,14.5251011
16549,10.61945116
16550,10.51882534
16551,15.02124115
16552,8.12882523
16553,15.04787639
16554,13.19830726
16555,7.09922679
16556,8.730552062
16557,11.46011588
16558,9.063155576
16559,8.516566978
16560,11.64376853
16561,6.923437527
16562,5.570528065
16563,9.533553824
16564,9.530810863
16565,9.902095266
16566,6.394245523
16567,9.906201428
16568,11.39540605
16569,9.159918495
16570,10.30638826
16571,12.5571925
16572,12.79918323
16573,10.83233389
16574,12.86576613
16575,4.753070864
16576,11.31529894
16577,7.616501917
16578,17.41076488
16579,10.97314429
16580,8.80545402
16581,7.894278691
16582,7.89469845
16583,13.60921718
16584,7.882687815
16585,8.117071362
16586,8.358946105
16587,5.770351413
16588,7.297742821
16589,10.13549307
16590,10.2647291
16591,12.18950099
16592,11.00097545
16593,7.570375886
16594,11.78299844
16595,6.414113523
16596,8.887141329
16597,8.146932406
16598,13.64892296
16599,10.28000029
16600,11.05756199
16601,10.17133394
16602,5.927667305
16603,8.111158889
16604,12.73397927
16605,16.5624864
16606,6.923648642
16607,9.033412621
16608,10.67901124
16609,5.637376857
16610,4.805111469
16611,9.193247987
16612,11.6158121
16613,10.55639415
16614,9.108317385
16615,15.09555003
16616,5.492300321
16617,10.04928888
16618,11.91498065
16619,10.50859072
16620,11.78362532
16621,8.428453488
16622,9.891204297
16623,12.2617489
16624,9.129900326
16625,10.609132
16626,9.704962149
16627,13.1917739
16628,11.39009826
16629,13.77915356
16630,13.34979628
16631,9.945553236
16632,9.333404492
16633,12.05511025
16634,6.934132585
16635,10.89213325
16636,7.861408729
16637,5.903473874
16638,10.05647152
16639,9.305057426
16640,11.63385693
16641,12.72393165
16642,12.69706305
16643,10.24693971
16644,13.75543196
16645,9.711889493
16646,9.526446899
16647,6.539009234
16648,10.15935041
16649,12.00410131
16650,15.42600845
16651,9.23628917
16652,14.34522594
16653,6.95305632
16654,10.80808606
16655,12.82217148
16656,9.493023394
16657,6.297477784
16658,12.45922086
16659,11.68401933
16660,9.473432519
16661,9.352672877
16662,8.454810369
16663,7.856779333
16664,12.85778887
16665,7.071465554
16666,12.74892814
16667,10.47447496
16668,14.42984663
16669,7.443181766
16670,7.006787783
16671,8.925617049
16672,6.674251063
16673,10.77020237
16674,8.948647057
16675,11.88784541
16676,7.15143167
16677,10.07367879
16678,7.248466832
16679,9.221194077
16680,14.87514067
16681,10.49952061
16682,11.69968296
16683,11.51702297
16684,5.555729012
16685,11.22804484
16686,8.128930787
16687,8.41397567
16688,10.28622624
16689,13.10734574
16690,9.915133051
16691,10.27558456
16692,6.939938996
16693,7.450924103
16694,12.07686356
16695,7.097029447
16696,7.818507527
16697,8.595044045
16698,12.35520612
16699,6.956537215
16700,9.082331081
16701,10.40710408
16702,11.82965146
16703,10.43346225
16704,17.16900096
16705,5.643377397
16706,11.86313597
16707,8.667425514
16708,8.119146222
16709,12.87836341
16710,10.89103568
16711,10.93402105
16712,12.79980115
16713,9.657447575
16714,10.85005251
16715,12.77237379
16716,10.81004894
16717,12.38791583
16718,12.50557507
16719,3.659550066
16720,5.618334729
16721,7.975618751
16722,11.04678301
16723,10.44718323
16724,8.385517163
16725,12.07976397
16726,11.86581897
16727,12.91636104
16728,6.700436127
16729,11.9589643
16730,6.144622557
16731,9.44526279
16732,9.951828399
16733,5.902804744
16734,8.992666018
16735,12.50250934
16736,13.73601982
16737,12.17720314
16738,10.2154948
16739,7.971424522
16740,10.07799471
16741,9.430229501
16742,5.519770538
16743,12.13908325
16744,10.92092494
16745,8.98320157
16746,7.180029738
16747,8.230514012
16748,6.44708825
16749,11.77593795
16750,7.1274831
16751,6.02890011
16752,11.14716851
16753,9.676242754
16754,8.610085428
16755,10.25574271
16756,13.93643328
16757,9.156109955
16758,13.17807811
16759,5.866986323
16760,11.40501854
16761,7.754681468
16762,9.764894396
16763,13.89985153
16764,8.352698859
16765,4.723695278
16766,8.433715102
16767,7.869040799
16768,6.893645945
16769,12.88858618
16770,8.098853669
16771,11.88707989
16772,10.52588228
16773,8.806538149
16774,5.958096036
16775,11.34775951
16776,10.45097214
16777,11.51826866
16778,9.485544675
16779,9.264906831
16780,11.76582621
16781,7.545567594
16782,6.72147026
16783,14.34225696
16784,13.59416791
16785,9.977718781
16786,11.90324725
16787,9.348140986
16788,11.74281224
16789,10.61322742
16790,12.04971059
16791,14.75911755
16792,10.03639135
16793,11.09501692
16794,10.94819321
16795,8.660799542
16796,11.64114237
16797,13.61487456
16798,7.648546823
16799,11.16745185
16800,10.07346986
16801,10.02919642
16802,9.345684546
16803,9.331114263
16804,10.92897965
16805,9.669263113
16806,11.41757344
16807,9.636419443
16808,6.80135582
16809,13.74322442
16810,7.80578824
16811,11.7987733
16812,12.16876861
16813,10.48087881
16814,6.621280654
16815,12.19696881
16816,13.11656011
16817,6.64619081
16818,14.72976859
16819,9.082071436
16820,8.838252507
16821,8.226011693
16822,9.984862411
16823,6.618741279
16824,11.85833655
16825,12.02055823
16826,7.714393442
16827,15.71815913
16828,10.46401925
16829,10.11767149
16830,6.412464841
16831,10.91369472
16832,11.41521294
16833,9.971006557
16834,10.6303002
16835,12.35270318
16836,10.5566682
16837,8.079944479
16838,10.9991626
16839,15.13247002
16840,5.58860957
16841,12.46600114
16842,13.63447867
16843,7.934150879
16844,11.36279984
16845,10.21893221
16846,9.355980439
16847,12.08801978
16848,7.28298068
16849,10.33842832
16850,12.11696101
16851,10.07293821
16852,9.75556577
16853,6.709579394
16854,5.580702706
16855,7.003531653
16856,11.52005516
16857,13.91360896
16858,10.49303853
16859,11.07667296
16860,11.58355527
16861,7.225829902
16862,13.03641946
16863,10.60401328
16864,11.52691162
16865,14.27192119
16866,11.17005956
16867,11.59441815
16868,13.24565635
16869,8.900543706
16870,10.40627611
16871,10.57972923
16872,10.49373101
16873,10.39531238
16874,11.32004209
16875,7.109604531
16876,10.0039467
16877,10.7727573
16878,6.126148968
16879,9.210608928
16880,6.893606001
16881,9.746695119
16882,8.059827863
16883,8.589509061
16884,8.719734016
16885,7.1077423
16886,8.447745858
16887,9.121783145
16888,12.17256704
16889,6.152494134
16890,6.780187265
16891,6.453124814
16892,8.639715993
16893,11.08291426
16894,9.635360005
16895,7.598190693
16896,5.577632806
16897,8.978203058
16898,7.660653459
16899,10.64999207
16900,5.937699915
16901,8.501693846
16902,10.92770804
16903,11.1007261
16904,8.459858355
16905,6.684385761
16906,9.25268788
16907,15.90393552
16908,6.750877128
16909,12.09456375
16910,11.31003937
16911,6.455536235
16912,11.68223407
16913,10.40627647
16914,10.85796018
16915,10.3098453
16916,13.49664152
16917,11.89917419
16918,6.323222629
16919,10.27443703
16920,6.738571404
16921,11.7378091
16922,5.882892145
16923,12.30804114
16924,6.892971039
16925,10.8480204
16926,6.748524809
16927,10.12245953
16928,8.664855556
16929,8.608494346
16930,9.601771338
16931,11.47808176
16932,12.73563995
16933,6.93191293
16934,12.86335305
16935,11.70236153
16936,14.50818056
16937,12.61019238
16938,7.49135869
16939,11.41877453
16940,10.71193442
16941,6.407003013
16942,12.26723852
16943,8.353449501
16944,10.40852318
16945,11.44061561
16946,14.2025277
16947,6.074814406
16948,6.865240775
16949,7.411514497
16950,10.42133956
16951,11.87173999
16952,10.45377011
16953,4.753070864
16954,11.75611951
16955,11.66447347
16956,11.17441865
16957,5.790567525
16958,7.139735237
16959,11.50619485
16960,8.40565774
16961,14.87060908
16962,4.7357363
16963,14.58290048
16964,6.714369847
16965,13.48554792
16966,10.82671278
16967,8.272017894
16968,10.52169024
16969,11.33574927
16970,10.95408273
16971,11.22200007
16972,9.202877667
16973,7.144498418
16974,9.46847084
16975,11.08891014
16976,9.064626027
16977,11.35706336
16978,12.35857024
16979,9.547294389
16980,9.568185352
16981,9.608460123
16982,11.8460838
16983,9.053876656
16984,13.10887715
16985,8.795261328
16986,6.439095232
16987,5.847158267
16988,10.19596322
16989,9.526731386
16990,12.24191252
16991,10.95424151
16992,11.17588346
16993,6.93666456
16994,10.54021805
16995,5.718891873
16996,11.3798355
16997,11.40870421
16998,8.514496968
16999,9.816846117
17000,11.45174026
17001,7.376769329
17002,7.090389289
17003,9.982445044
17004,9.192025126
17005,6.826572393
17006,10.98301246
17007,8.156523743
17008,8.57807315
17009,10.41940801
17010,12.15572001
17011,12.34993744
17012,12.55477631
17013,7.761033881
17014,9.251937744
17015,11.18522826
17016,10.34023749
17017,16.4770788
17018,6.633804871
17019,11.34954279
17020,5.401495253
17021,10.26684765
17022,7.047070684
17023,12.10187882
17024,11.18304037
17025,11.43352417
17026,7.466054843
17027,9.853816795
17028,13.02341795
17029,5.878140516
17030,19.41525952
17031,9.670586907
17032,5.693685404
17033,12.01978217
17034,5.953385634
17035,13.59399623
17036,11.27531122
17037,9.52357473
17038,8.574352834
17039,8.026773954
17040,8.277549986
17041,11.76077879
17042,11.90248086
17043,12.83984471
17044,12.97025998
17045,8.397847024
17046,5.430300535
17047,10.14365105
17048,10.7962073
17049,8.794576253
17050,10.8021066
17051,11.38283018
17052,10.85026473
17053,7.85029832
17054,9.403042652
17055,9.744238872
17056,7.07125363
17057,13.45629126
17058,9.930478551
17059,11.27788344
17060,10.01285424
17061,7.384284765
17062,12.65134852
17063,6.995823068
17064,10.57192843
17065,11.91116274
17066,6.963245872
17067,9.029512838
17068,10.25234206
17069,10.19449342
17070,12.444362
17071,12.22482454
17072,11.12825103
17073,11.10532856
17074,13.36036189
17075,12.73530097
17076,9.446938743
17077,8.940894378
17078,12.85833677
17079,9.134671358
17080,9.628252083
17081,6.660820286
17082,9.238319352
17083,14.24563308
17084,11.00454618
17085,7.113919477
17086,12.2651509
17087,11.50484577
17088,12.73609332
17089,12.78266712
17090,11.73734209
17091,7.00637551
17092,6.625761313
17093,10.12250468
17094,11.17758604
17095,12.62308029
17096,8.904758707
17097,9.954955234
17098,7.173515296
17099,12.46080331
17100,10.21305968
17101,15.53622868
17102,7.656008197
17103,10.39317243
17104,8.167977871
17105,12.37519043
17106,9.877659278
17107,9.397333923
17108,10.39606649
17109,8.489342913
17110,8.626972086
17111,12.68122766
17112,14.43555224
17113,7.057333391
17114,6.029601332
17115,12.55493837
17116,15.16309059
17117,10.79353011
17118,14.00847578
17119,8.527160117
17120,14.43998995
17121,10.86672668
17122,8.753447652
17123,12.71366107
17124,17.87362464
17125,10.59424454
17126,6.257273502
17127,11.59395436
17128,6.916801216
17129,10.29379572
17130,9.534991524
17131,13.69707266
17132,8.255965762
17133,7.844420829
17134,8.566764888
17135,9.975020395
17136,10.22459236
17137,8.71473918
17138,7.575956004
17139,9.65922547
17140,13.73681107
17141,10.29998523
17142,10.12125874
17143,6.096635732
17144,13.36676992
17145,7.525897874
17146,12.33844193
17147,12.66779336
17148,9.414320453
17149,7.908375567
17150,8.639997315
17151,10.67419311
17152,11.35144939
17153,8.687987262
17154,9.27561278
17155,9.651336097
17156,10.28078619
17157,9.537648344
17158,12.80109818
17159,9.816727865
17160,11.71149456
17161,9.209727059
17162,14.86807318
17163,9.433601612
17164,11.04174967
17165,7.015347916
17166,8.065938616
17167,13.85057218
17168,5.63778583
17169,11.83621731
17170,13.59195367
17171,11.87716165
17172,10.1559269
17173,8.742947842
17174,10.98487099
17175,12.43320637
17176,8.169084444
17177,11.70069329
17178,5.56786292
17179,16.3534912
17180,10.0716893
17181,8.862829565
17182,12.95336162
17183,11.33988343
17184,8.850218835
17185,6.869105574
17186,12.28952377
17187,9.288849563
17188,10.53598119
17189,6.486730244
17190,11.75060844
17191,7.63131686
17192,9.344161262
17193,6.513140695
17194,7.473670706
17195,5.76800375
17196,12.64231748
17197,11.38949917
17198,13.60277264
17199,9.430211706
17200,5.792628035
17201,6.009032111
17202,12.04943997
17203,10.88657231
17204,8.540979619
17205,9.406059841
17206,8.936186215
17207,10.44193328
17208,8.862114388
17209,10.85010708
17210,7.188172208
17211,8.843039424
17212,7.719076104
17213,8.372828817
17214,14.68405229
17215,8.039014789
17216,9.559026475
17217,13.18840372
17218,8.598774391
17219,13.4495946
17220,10.34212811
17221,10.20827679
17222,6.066235667
17223,8.832757633
17224,10.18647599
17225,11.73079478
17226,5.655775843
17227,12.20416175
17228,8.386806125
17229,13.95161894
17230,10.81032152
17231,9.246022106
17232,7.825565538
17233,11.84581361
17234,12.04393944
17235,16.61791164
17236,12.7915585
17237,9.683138752
17238,8.724366444
17239,7.327772954
17240,12.93142012
17241,8.643191865
17242,9.103434078
17243,9.038621851
17244,11.75236475
17245,9.789680881
17246,13.32997878
17247,10.36709693
17248,12.6436454
17249,13.71177984
17250,7.764227792
17251,10.07999711
17252,9.20062054
17253,12.67371024
17254,11.76447169
17255,8.072578773
17256,13.70035062
17257,8.53786064
17258,9.23080397
17259,10.47537648
17260,10.02715332
17261,9.954841048
17262,10.42020181
17263,6.22259345
17264,12.56022938
17265,7.451825303
17266,13.62639857
17267,6.807146852
17268,6.037429101
17269,11.12609617
17270,13.75517191
17271,14.55360425
17272,13.51542374
17273,9.915006442
17274,8.024076353
17275,11.88235746
17276,12.31052034
17277,6.34282497
17278,8.690724095
17279,8.20898497
17280,11.63414112
17281,12.68167806
17282,9.507530923
17283,9.98411135
17284,6.584476414
17285,7.526656694
17286,9.735222581
17287,10.8255213
17288,14.53948607
17289,11.56748696
17290,6.689092152
17291,14.4103319
17292,7.664946763
17293,6.653416347
17294,5.669021176
17295,11.65380344
17296,13.72483475
17297,8.618896918
17298,9.65819729
17299,14.25162996
17300,13.63942827
17301,11.77821851
17302,4.716715187
17303,9.48717407
17304,9.84148036
17305,11.79519344
17306,8.92633315
17307,8.913258874
17308,10.5451859
17309,10.44860698
17310,11.49421372
17311,10.30177929
17312,5.985247489
17313,13.22085002
17314,13.57480314
17315,12.53560919
17316,12.63649694
17317,10.02608394
17318,11.3548363
17319,12.3557374
17320,10.82701787
17321,9.191428865
17322,11.9008914
17323,11.95750863
17324,7.692193031
17325,12.58176014
17326,8.583755149
17327,11.11320381
17328,11.30225138
17329,7.158407105
17330,5.835117245
17331,11.61649247
17332,10.70970689
17333,9.684709453
17334,11.16913823
17335,12.62229215
17336,9.312165611
17337,14.53155939
17338,9.556281115
17339,6.855477146
17340,9.812521391
17341,15.84845332
17342,10.8938795
17343,13.26204214
17344,12.60927348
17345,7.203918884
17346,7.756777265
17347,13.01650124
17348,7.473510441
17349,7.84940171
17350,13.12817288
17351,5.553895186
17352,12.08400582
17353,11.27940449
17354,6.323260497
17355,17.75309492
17356,6.584150249
17357,9.958353865
17358,7.548399254
17359,12.66903956
17360,11.42863203
17361,6.273223923
17362,9.547755574
17363,12.67538611
17364,10.11358641
17365,7.638518492
17366,11.87139145
17367,13.40228635
17368,6.099349956
17369,12.15389382
17370,8.664311574
17371,12.69574015
17372,9.408510568
17373,7.941190029
17374,10.53985561
17375,8.800979674
17376,8.980285283
17377,9.464474106
17378,10.46616906
17379,6.653996122
17380,11.2234155
17381,7.202931154
17382,11.00667788
17383,6.623590286
17384,11.26299296
17385,10.14043696
17386,10.46273052
17387,6.417436082
17388,11.29453608
17389,6.212503679
17390,10.55961904
17391,10.58274224
17392,11.53047303
17393,11.12720404
17394,5.832760446
17395,10.40784133
17396,9.555111391
17397,8.955395626
17398,10.97562839
17399,8.456890445
17400,11.6663399
17401,6.142901676
17402,10.77093829
17403,9.761645472
17404,10.46213947
17405,8.63012732
17406,7.746052532
17407,8.970356824
17408,10.44091303
17409,10.0128783
17410,7.692377969
17411,10.46146073
17412,7.57204142
17413,6.555630069
17414,7.549665656
17415,5.945254011
17416,12.26169711
17417,12.62640726
17418,11.86199442
17419,11.40461496
17420,6.302560522
17421,6.867150622
17422,6.544827361
17423,9.809636502
17424,9.103694879
17425,4.690536063
17426,10.49465237
17427,10.81437222
17428,10.93249968
17429,12.07535757
17430,9.910074894
17431,9.297378444
17432,12.00489491
17433,14.7751992
17434,10.32103013
17435,10.80586839
17436,12.00158247
17437,7.851606654
17438,9.061432456
17439,12.8196289
17440,11.67895028
17441,11.3094041
17442,9.658744187
17443,9.450355199
17444,8.651097859
17445,10.81759863
17446,10.58229991
17447,16.86524146
17448,11.52726421
17449,16.30163545
17450,7.294134872
17451,7.4855213
17452,11.52281308
17453,11.05267724
17454,6.677588874
17455,11.42474791
17456,7.768184134
17457,13.34420179
17458,8.868485156
17459,11.6864684
17460,11.60401798
17461,6.64856734
17462,14.59167122
17463,9.255976444
17464,7.879590971
17465,11.93970926
17466,9.762192673
17467,9.510468002
17468,9.167936381
17469,7.371187402
17470,12.55416301
17471,8.56189839
17472,8.168026443
17473,6.741190666
17474,6.208863639
17475,7.504682777
17476,10.54405875
17477,5.522614559
17478,20.21884489
17479,7.999932054
17480,12.76682499
17481,8.86052919
17482,14.64559266
17483,8.792666758
17484,9.409563243
17485,9.689970428
17486,10.81366059
17487,8.194720404
17488,9.381348215
17489,10.35732125
17490,11.10857626
17491,8.233672933
17492,9.768899937
17493,12.07137655
17494,13.42947777
17495,9.95953674
17496,14.01724593
17497,6.219521474
17498,7.761626272
17499,9.837938135
17500,17.5286418
17501,10.92732315
17502,8.356745908
17503,13.01756792
17504,11.3155373
17505,10.56810214
17506,9.244573748
17507,15.01582776
17508,15.01606059
17509,11.68045488
17510,11.50967826
17511,11.88118721
17512,9.80426305
17513,10.93446674
17514,13.76037077
17515,10.15912932
17516,12.39304703
17517,11.05004125
17518,7.02869415
17519,9.020759088
17520,7.563733544
17521,15.30433394
17522,12.05252079
17523,8.584426574
17524,12.9462051
17525,12.49089632
17526,11.06015031
17527,10.01121521
17528,8.639997315
17529,7.752200592
17530,10.20395607
17531,9.595434838
17532,11.87012574
17533,5.780269531
17534,13.24301751
17535,7.685587046
17536,7.369702128
17537,11.41646086
17538,17.04180269
17539,6.918526753
17540,6.757177658
17541,6.507492924
17542,13.80633227
17543,15.59115638
17544,10.99798941
17545,8.827147478
17546,11.34749016
17547,6.522114549
17548,13.971987
17549,11.39787241
17550,8.284693879
17551,9.503903718
17552,12.52184743
17553,13.62781996
17554,11.17467864
17555,5.219566682
17556,9.804202342
17557,10.47613816
17558,8.786288759
17559,10.82004583
17560,11.66660506
17561,11.01640515
17562,7.633704468
17563,9.19869443
17564,15.24481122
17565,16.75705934
17566,14.86150854
17567,11.22002217
17568,8.014121651
17569,8.437372213
17570,7.952766445
17571,6.416602031
17572,15.15726767
17573,7.366450143
17574,5.015528005
17575,11.29982162
17576,9.960083521
17577,10.63196043
17578,12.10164054
17579,10.98657438
17580,10.39102305
17581,10.99466209
17582,8.783436886
17583,8.020913384
17584,11.8849108
17585,8.295066434
17586,12.23926165
17587,4.922143619
17588,5.75413629
17589,10.19563677
17590,11.46375562
17591,7.695878309
17592,9.333779408
17593,10.61535725
17594,16.07182714
17595,7.529752893
17596,7.869226712
17597,9.506198603
17598,4.750848015
17599,11.15231867
17600,6.883101044
17601,11.68776078
17602,9.700633417
17603,10.67277192
17604,7.851128039
17605,6.911594784
17606,9.718622505
17607,7.783760765
17608,10.76490291
17609,11.94632846
17610,11.24475747
17611,6.766571026
17612,12.38408211
17613,12.93180036
17614,11.30639627
17615,6.053299636
17616,5.734890417
17617,7.176713369
17618,8.063525338
17619,11.33666276
17620,7.696633654
17621,13.45275014
17622,8.093943199
17623,9.380097771
17624,10.11593437
17625,11.58768937
17626,8.237494748
17627,6.878111192
17628,8.977381363
17629,8.48078396
17630,11.7324438
17631,9.649422946
17632,10.6345215
17633,10.06611967
17634,11.18720882
17635,11.60663996
17636,8.773442612
17637,9.128577792
17638,7.085385793
17639,4.599506236
17640,15.65330237
17641,12.19354131
17642,10.42074851
17643,9.808921294
17644,7.83249565
17645,12.16490672
17646,7.426283557
17647,11.9065313
17648,8.404835294
17649,13.8638143
17650,8.324801575
17651,7.09448222
17652,5.858894643
17653,6.374505532
17654,6.172946228
17655,10.77086817
17656,11.46813648
17657,6.8616888
17658,4.635999891
17659,8.45786772
17660,8.246647624
17661,12.93821892
17662,9.558951244
17663,11.68490586
17664,10.60245557
17665,11.14236413
17666,8.665084886
17667,10.53561589
17668,6.487830117
17669,10.78279245
17670,5.797106782
17671,11.16980718
17672,6.679854235
17673,10.87486755
17674,12.43250481
17675,15.95795994
17676,7.631515949
17677,8.547463266
17678,10.35072286
17679,11.77367559
17680,11.21639404
17681,14.03494383
17682,9.551265398
17683,6.566122027
17684,14.85604827
17685,12.84439403
17686,12.5874777
17687,11.63571559
17688,8.172108548
17689,10.73279976
17690,6.102371569
17691,10.18511325
17692,6.307890812
17693,9.668254526
17694,10.07689579
17695,11.49769688
17696,7.86326805
17697,10.56076561
17698,9.883135069
17699,9.99260189
17700,9.720919799
17701,10.67707439
17702,14.71159855
17703,8.324217954
17704,11.5767693
17705,7.009770415
17706,11.76875922
17707,10.70471199
17708,11.43965608
17709,10.43466107
17710,10.23339122
17711,14.3989486
17712,10.30269354
17713,9.905735111
17714,14.70056491
17715,7.348636877
17716,11.19153195
17717,11.84506414
17718,9.016338334
17719,14.41515876
17720,6.937679903
17721,11.71404002
17722,10.16771927
17723,7.737737126
17724,9.205729235
17725,9.514406717
17726,12.98781709
17727,11.39347405
17728,7.330190888
17729,7.019335764
17730,12.48635196
17731,5.764716478
17732,7.571043732
17733,12.9164271
17734,14.43550308
17735,11.60981988
17736,9.890637669
17737,9.916125152
17738,10.09940404
17739,9.745646478
17740,8.493815689
17741,8.397905488
17742,10.02732631
17743,9.405490797
17744,12.06336201
17745,11.44618106
17746,13.5536174
17747,7.671304727
17748,6.130013768
17749,14.54157161
17750,10.71917439
17751,9.131639172
17752,13.652814
17753,4.789961887
17754,9.804792455
17755,10.03501612
17756,8.34352944
17757,14.74799965
17758,7.161641598
17759,12.23773842
17760,11.31535217
17761,12.22777119
17762,12.31886554
17763,7.689027688
17764,10.2026163
17765,11.09674277
17766,13.65770371
17767,6.063793042
17768,6.83550278
17769,10.21897215
17770,6.992668461
17771,8.297886433
17772,11.60100181
17773,10.08078892
17774,10.38449929
17775,7.919869272
17776,11.71948484
17777,7.67588342
17778,5.569681178
17779,7.577858902
17780,15.2460756
17781,6.924615358
17782,11.73084328
17783,12.31762528
17784,13.36265804
17785,9.178876488
17786,6.082411804
17787,15.94104809
17788,10.83893008
17789,6.051380476
17790,7.295963075
17791,11.22335787
17792,8.455246243
17793,10.55002512
17794,10.64520531
17795,11.37902763
17796,6.134102999
17797,10.18099877
17798,5.949428112
17799,11.37399044
17800,19.59762093
17801,10.04393613
17802,10.37962344
17803,10.23308285
17804,9.421824009
17805,10.10833535
17806,13.02670968
17807,7.85163518
17808,10.89389907
17809,6.555902787
17810,10.30215452
17811,12.13013428
17812,9.006581937
17813,10.55077107
17814,10.97452498
17815,18.05778364
17816,5.57586043
17817,6.79434589
17818,11.10851443
17819,11.9032519
17820,12.87191237
17821,12.31868874
17822,12.4975681
17823,7.036626685
17824,12.79248709
17825,10.4042311
17826,10.4184052
17827,8.221207589
17828,6.722174873
17829,8.200130623
17830,11.43619683
17831,10.4858686
17832,6.797747708
17833,12.54995295
17834,11.53388688
17835,11.97239216
17836,10.17103717
17837,11.97993571
17838,8.239314765
17839,9.72936574
17840,11.67043872
17841,10.11129794
17842,6.480874249
17843,11.24173589
17844,12.67001618
17845,6.389171756
17846,10.9057489
17847,7.208171125
17848,13.69286378
17849,16.89800172
17850,12.18471233
17851,11.888578
17852,13.96650155
17853,11.36367862
17854,11.89087927
17855,12.38403112
17856,6.840523768
17857,11.16391281
17858,12.97668272
17859,11.80345358
17860,13.36990648
17861,14.29273085
17862,12.54068279
17863,6.834687334
17864,15.24312361
17865,9.674399999
17866,11.44977329
17867,8.267537612
17868,7.786489589
17869,10.48333192
17870,9.395225096
17871,9.274338401
17872,9.765885492
17873,9.943586258
17874,10.76339811
17875,10.44697417
17876,6.914339816
17877,9.056902804
17878,9.100411509
17879,12.38658076
17880,11.81437258
17881,7.65509202
17882,7.416227954
17883,10.09695741
17884,10.13026983
17885,6.157166504
17886,13.65070217
17887,8.433629056
17888,6.732732249
17889,12.76161231
17890,7.932351244
17891,10.8313484
17892,10.90672671
17893,8.524658774
17894,9.438726874
17895,5.674122051
17896,12.78114161
17897,8.993724019
17898,9.027506622
17899,13.23169957
17900,11.08824455
17901,7.093905976
17902,11.38533231
17903,9.357741263
17904,8.159825275
17905,9.53915469
17906,9.769141682
17907,10.84033234
17908,7.311602429
17909,10.85940742
17910,11.17887061
17911,10.41060569
17912,11.77205617
17913,7.655264956
17914,8.764014377
17915,10.01718152
17916,8.450508404
17917,9.179548479
17918,11.27712726
17919,9.118712813
17920,12.36023047
17921,13.79476752
17922,10.47167449
17923,12.88756316
17924,6.635128384
17925,12.69597699
17926,10.12828839
17927,10.54207992
17928,9.788346492
17929,6.500460055
17930,12.18413491
17931,12.71726633
17932,12.11853087
17933,15.39319629
17934,7.789821344
17935,6.160327842
17936,7.366657411
17937,7.553231842
17938,13.06283596
17939,11.73134973
17940,9.057217432
17941,10.04779766
17942,14.11058172
17943,10.66170288
17944,16.44778798
17945,9.532084128
17946,10.51137123
17947,9.252030466
17948,8.535278905
17949,9.323057566
17950,8.900426605
17951,10.4432249
17952,11.32687323
17953,7.17752094
17954,10.8639328
17955,13.28662603
17956,5.093709866
17957,8.572524862
17958,8.918839211
17959,13.38919106
17960,8.279915362
17961,8.354596992
17962,10.05156913
17963,6.942934458
17964,5.75413629
17965,7.910307646
17966,4.795294416
17967,7.265923325
17968,6.165739467
17969,6.651403182
17970,4.634710709
17971,11.39527804
17972,10.11550091
17973,9.704613446
17974,9.92825015
17975,13.12094037
17976,12.98286699
17977,14.38688482
17978,7.839649633
17979,11.20397706
17980,6.285710436
17981,9.748242022
17982,8.894401817
17983,12.70539996
17984,7.097082226
17985,9.494589785
17986,9.666279081
17987,11.1702182
17988,13.35072627
17989,10.64499705
17990,9.459189815
17991,8.934906674
17992,11.08707987
17993,8.874958512
17994,9.646413212
17995,10.12234542
17996,13.99935166
17997,10.92524339
17998,9.164582625
17999,7.595869181
18000,12.92404395
18001,13.16746586
18002,11.70064869
18003,5.441494671
18004,10.91631942
18005,10.01952347
18006,9.820720425
18007,10.81525507
18008,11.19382782
18009,9.788821019
18010,6.736877795
18011,11.52810737
18012,16.40673348
18013,9.332165826
18014,11.28807993
18015,9.884216331
18016,11.04669013
18017,7.953907381
18018,11.39067257
18019,10.43357322
18020,13.35784622
18021,12.28283549
18022,10.92231178
18023,13.42761638
18024,7.065601708
18025,8.733852169
18026,7.973375774
18027,9.410339555
18028,14.60350892
18029,7.066850113
18030,4.332251911
18031,6.051163896
18032,6.134553473
18033,10.84156562
18034,10.90240384
18035,11.21679344
18036,10.72195022
18037,11.46356149
18038,7.193828158
18039,11.58496699
18040,11.13130266
18041,7.510750872
18042,9.02117705
18043,7.779566117
18044,8.572279185
18045,11.82697445
18046,7.76952848
18047,10.06461251
18048,8.011280679
18049,6.863105035
18050,7.05337587
18051,10.94435086
18052,10.15723998
18053,7.843481221
18054,5.222690153
18055,10.49910477
18056,8.044179848
18057,10.07772437
18058,9.701998615
18059,13.80083347
18060,12.11668198
18061,7.304450358
18062,5.971387252
18063,6.985491047
18064,10.21631668
18065,14.68536746
18066,10.30991582
18067,23.52492528
18068,9.256963785
18069,6.820678384
18070,9.347499019
18071,5.753201501
18072,10.52327188
18073,10.11567785
18074,9.731285709
18075,14.86963864
18076,9.92089832
18077,9.239946702
18078,11.16911818
18079,9.258865056
18080,11.24795312
18081,10.64976184
18082,9.296262084
18083,11.93366976
18084,11.61770689
18085,6.247977511
18086,9.60247206
18087,13.46973569
18088,7.465698228
18089,10.78550807
18090,7.190633608
18091,8.903049706
18092,10.5958773
18093,7.28824101
18094,11.89318853
18095,10.7030181
18096,11.20081368
18097,7.752144837
18098,11.67207877
18099,13.44908344
18100,10.80494311
18101,9.849330263
18102,9.670504508
18103,10.45252104
18104,16.8092821
18105,11.71118541
18106,9.47759356
18107,7.503095066
18108,7.009355556
18109,7.104872686
18110,12.15365149
18111,11.29154915
18112,11.02251119
18113,12.62228128
18114,9.920836679
18115,10.53381754
18116,10.63108602
18117,12.52854087
18118,11.72017804
18119,11.09774303
18120,11.6809936
18121,12.67507117
18122,9.689211608
18123,10.41815017
18124,13.02856373
18125,5.496567144
18126,12.51360484
18127,11.53968833
18128,12.27033067
18129,6.765644899
18130,9.660567102
18131,7.877962666
18132,11.36262833
18133,10.40317112
18134,14.93203907
18135,9.396940402
18136,14.46606594
18137,5.900141785
18138,9.993108338
18139,5.56207896
18140,10.8692859
18141,8.037936917
18142,8.900993853
18143,8.370081631
18144,12.20426234
18145,10.2077924
18146,8.960845787
18147,8.011702183
18148,8.004192687
18149,13.44651108
18150,13.14500839
18151,10.10502311
18152,10.70301365
18153,9.760169113
18154,8.776690361
18155,7.384992718
18156,13.12408629
18157,10.5434392
18158,5.465187527
18159,7.72726081
18160,11.34921569
18161,10.18112008
18162,10.22342012
18163,15.75820572
18164,8.591949332
18165,9.49170355
18166,11.47403116
18167,14.42816164
18168,6.283220972
18169,11.77539969
18170,9.955587703
18171,11.35185195
18172,8.297127613
18173,9.73998197
18174,9.702085444
18175,14.09285808
18176,11.26496346
18177,13.39740222
18178,9.448483236
18179,10.9063404
18180,10.77571941
18181,14.36766958
18182,9.756934145
18183,10.28284661
18184,11.76252575
18185,7.503972584
18186,13.01179209
18187,6.072593631
18188,9.386700086
18189,11.04588837
18190,9.294179713
18191,10.39416532
18192,8.448262123
18193,14.12513271
18194,11.65995528
18195,6.833195059
18196,9.782641572
18197,9.081322566
18198,11.61023633
18199,11.24017385
18200,9.417662743
18201,4.59119702
18202,10.38274772
18203,10.56264452
18204,8.87284792
18205,11.67928555
18206,8.428063387
18207,9.108997672
18208,10.10016945
18209,7.963434783
18210,9.047329554
18211,6.7262129
18212,6.881821502
18213,8.360703824
18214,12.56086379
18215,9.492644365
18216,8.927842668
18217,9.240104672
18218,7.081547473
18219,8.24822766
18220,7.221603022
18221,8.201299646
18222,5.47980978
18223,8.709059572
18224,6.006366966
18225,10.48605726
18226,8.691212443
18227,10.79817618
18228,13.86857431
18229,10.53769344
18230,7.645926605
18231,7.441607195
18232,6.224245995
18233,11.37643419
18234,11.35381328
18235,10.72617679
18236,9.712254115
18237,13.22341698
18238,10.2409135
18239,9.859842117
18240,10.06023512
18241,8.795223127
18242,10.25170981
18243,7.625034127
18244,11.27948226
18245,13.39748231
18246,14.87380333
18247,12.32212549
18248,8.394706787
18249,8.353520075
18250,7.532762791
18251,7.892240493
18252,6.679501466
18253,11.30757306
18254,8.299618919
18255,9.572066359
18256,4.236207365
18257,10.19779705
18258,10.03134909
18259,13.23740799
18260,8.198709427
18261,12.64961065
18262,10.18678385
18263,14.37119042
18264,8.021728525
18265,8.345798655
18266,11.24019076
18267,10.99929061
18268,12.02985095
18269,12.41266843
18270,12.67294236
18271,7.139598544
18272,10.17940813
18273,11.95289268
18274,8.988519384
18275,14.30394471
18276,6.003560813
18277,10.06676761
18278,8.686259138
18279,8.448785893
18280,17.52037628
18281,10.96723775
18282,10.41070659
18283,8.516383087
18284,7.252977982
18285,12.95011044
18286,6.036052182
18287,8.019451941
18288,13.74648086
18289,8.886632999
18290,9.327788485
18291,11.48233232
18292,6.110767895
18293,7.132734746
18294,11.91193533
18295,12.50053194
18296,12.23585469
18297,9.140168972
18298,10.32492204
18299,15.46231633
18300,6.398150266
18301,7.291112303
18302,7.7080391
18303,11.73608847
18304,9.424104367
18305,12.85647642
18306,9.989277838
18307,4.69826405
18308,12.46141762
18309,10.76776634
18310,7.702486064
18311,8.386338853
18312,10.38183838
18313,7.0906256
18314,6.147790791
18315,8.372090232
18316,9.888694311
18317,9.993312083
18318,10.97180681
18319,8.588039086
18320,6.540493804
18321,11.13722598
18322,10.54777107
18323,12.70440042
18324,9.707926333
18325,8.150471545
18326,13.16341239
18327,8.417486418
18328,10.90321642
18329,12.10626173
18330,8.7751693
18331,14.60550017
18332,7.83330658
18333,8.145120625
18334,11.21662934
18335,10.79927928
18336,6.585396456
18337,10.85262523
18338,11.7196122
18339,12.27006627
18340,7.033825351
18341,6.896611079
18342,11.85142577
18343,11.9839978
18344,8.111952692
18345,10.76925219
18346,6.134862775
18347,8.183738558
18348,11.40769557
18349,10.60113626
18350,11.10316138
18351,14.86397338
18352,8.2098901
18353,7.302807452
18354,5.10082183
18355,8.668296624
18356,10.25530639
18357,10.27750845
18358,9.560556854
18359,12.18749777
18360,16.41805444
18361,11.25344176
18362,6.692981175
18363,10.00976766
18364,9.946323275
18365,8.968465497
18366,5.806270735
18367,10.46641918
18368,9.453192238
18369,9.370388151
18370,9.826994979
18371,10.39872381
18372,8.892925349
18373,9.38950274
18374,8.097807694
18375,10.79299526
18376,5.040681531
18377,11.15981017
18378,7.053693351
18379,10.15761198
18380,7.028936401
18381,10.92217385
18382,11.02982836
18383,11.76988618
18384,15.25561007
18385,8.378203784
18386,8.119101294
18387,7.843358173
18388,10.84696116
18389,11.83354255
18390,6.991119561
18391,11.73371023
18392,6.008243669
18393,7.353487004
18394,9.653392938
18395,11.38320588
18396,9.539479438
18397,8.575081023
18398,11.04819032
18399,11.19069053
18400,14.2675887
18401,10.29566818
18402,10.92241473
18403,9.617360462
18404,13.3249463
18405,10.39013877
18406,9.532900383
18407,10.98289569
18408,10.80885153
18409,8.591281827
18410,6.987016539
18411,10.82827031
18412,13.84096659
18413,9.721971076
18414,8.864616425
18415,10.55710336
18416,6.494346253
18417,9.745024351
18418,9.042256488
18419,11.31745728
18420,11.12076241
18421,13.62140549
18422,9.371993864
18423,6.42720646
18424,7.816421207
18425,11.87610665
18426,12.20943385
18427,11.09161201
18428,9.680915934
18429,7.135521192
18430,7.508773468
18431,16.91822652
18432,11.24688811
18433,7.660817261
18434,11.77349052
18435,8.80091902
18436,8.256898001
18437,13.65913926
18438,7.117612296
18439,10.18620668
18440,11.64589835
18441,8.349045984
18442,6.401935807
18443,9.620777191
18444,4.966100723
18445,9.797178358
18446,11.0315521
18447,10.91837993
18448,11.64685304
18449,11.10970064
18450,6.388935445
18451,8.671508969
18452,10.43332825
18453,12.40741792
18454,9.179514507
18455,9.656094039
18456,10.79026354
18457,7.051919692
18458,7.991821348
18459,13.05453737
18460,6.871858785
18461,13.20580505
18462,10.47794762
18463,9.779026559
18464,7.284507128
18465,9.136768384
18466,13.10490042
18467,12.04916616
18468,11.58183489
18469,9.819317275
18470,8.920187671
18471,6.561337404
18472,10.59201657
18473,8.602736989
18474,10.89986721
18475,4.653374398
18476,7.363167527
18477,10.52794755
18478,8.667304237
18479,10.59777401
18480,11.94012913
18481,13.82272723
18482,8.970167766
18483,6.964795728
18484,12.02623658
18485,11.52499223
18486,14.98166301
18487,9.702011451
18488,13.3707465
18489,9.371974249
18490,11.01941514
18491,11.98772628
18492,14.3809999
18493,8.252890414
18494,11.35595224
18495,7.291112303
18496,10.19784115
18497,11.5880424
18498,18.29921881
18499,8.993451296
18500,12.83478527
18501,11.85248557
18502,8.186446444
18503,9.489075854
18504,9.579191391
18505,13.72640962
18506,7.322862179
18507,8.753789538
18508,9.518297784
18509,12.42210813
18510,8.711242365
18511,8.124263974
18512,14.27160724
18513,9.382400835
18514,12.07485409
18515,9.261762812
18516,10.37167274
18517,13.6975764
18518,12.95057778
18519,6.853817223
18520,7.844748737
18521,11.72019599
18522,9.240648654
18523,9.146148047
18524,7.897706807
18525,10.79909676
18526,5.218555994
18527,9.845445251
18528,5.978367343
18529,4.130556242
18530,9.724834159
18531,9.265708509
18532,13.54213897
18533,7.253824869
18534,11.04427304
18535,11.38563404
18536,11.85682059
18537,9.731151875
18538,10.73733595
18539,6.269465654
18540,8.381557876
18541,11.29976854
18542,9.300314793
18543,8.644430739
18544,13.7390453
18545,10.54655883
18546,11.24062684
18547,12.3803311
18548,10.66432461
18549,10.16537161
18550,6.179837462
18551,7.662637923
18552,9.372572013
18553,9.614003572
18554,11.65421127
18555,9.621818833
18556,13.96507793
18557,8.731574775
18558,10.16568091
18559,10.35735939
18560,9.195269874
18561,11.88721692
18562,13.67627938
18563,10.57399951
18564,8.817005271
18565,8.816972837
18566,8.771757524
18567,8.409183538
18568,9.459605307
18569,11.06545939
18570,10.12068102
18571,14.29678518
18572,11.78328906
18573,10.93146693
18574,11.270948
18575,7.620154489
18576,6.058143987
18577,9.781280125
18578,11.83637615
18579,5.672089793
18580,8.62360606
18581,10.1684115
18582,9.23969943
18583,5.976355462
18584,13.95572692
18585,7.308268155
18586,9.461325798
18587,8.702914257
18588,9.906738994
18589,8.564617998
18590,6.538117749
18591,5.980450304
18592,10.64811159
18593,7.108805767
18594,7.536214169
18595,11.63915183
18596,5.768308396
18597,7.44938605
18598,8.634120634
18599,8.184425574
18600,12.43800759
18601,7.359991278
18602,11.55692662
18603,10.63841484
18604,9.588698496
18605,13.36999283
18606,8.972100156
18607,10.06336879
18608,8.382516741
18609,6.535187901
18610,8.159431389
18611,6.423701324
18612,7.916847123
18613,12.09978699
18614,14.18862254
18615,8.239623275
18616,11.21798882
18617,10.57288012
18618,10.04737826
18619,11.10763127
18620,10.4152961
18621,10.61398448
18622,9.36071571
18623,14.61799803
18624,12.44074348
18625,9.939500368
18626,6.90715598
18627,12.13450005
18628,6.962929511
18629,5.939782876
18630,12.8442578
18631,9.901749143
18632,10.33957046
18633,13.68803801
18634,10.4534834
18635,9.749556181
18636,6.665268871
18637,11.67394198
18638,9.85765509
18639,11.81368019
18640,11.02463681
18641,10.43945472
18642,15.2481492
18643,9.506145015
18644,6.710441027
18645,8.141448436
18646,12.21116434
18647,6.791817438
18648,9.439500576
18649,10.95609957
18650,8.579378478
18651,7.633130463
18652,12.8573878
18653,10.85412105
18654,10.99099474
18655,11.54485031
18656,12.51276367
18657,13.08347164
18658,10.96589063
18659,11.48710983
18660,10.29328677
18661,10.05694289
18662,11.05009198
18663,9.976094651
18664,12.13613907
18665,11.86645859
18666,13.74686491
18667,9.637166153
18668,6.583059224
18669,8.607822635
18670,9.674664702
18671,10.21450593
18672,11.40527554
18673,13.39508088
18674,6.855860241
18675,8.671819336
18676,9.180451059
18677,7.936181766
18678,9.238300686
18679,12.08047629
18680,7.205375062
18681,10.10780853
18682,10.69271571
18683,11.39548851
18684,15.71728693
18685,5.782802803
18686,12.57817394
18687,14.28300461
18688,10.62994797
18689,8.650749484
18690,8.588373249
18691,11.31501689
18692,9.466850659
18693,9.707948785
18694,9.666258011
18695,10.66781612
18696,6.658376377
18697,6.432915816
18698,13.36757215
18699,8.814405374
18700,8.94331029
18701,9.681732493
18702,11.55952471
18703,8.418091778
18704,6.360298139
18705,13.15453529
18706,9.515761239
18707,10.0010492
18708,11.30138801
18709,11.05908697
18710,12.94370791
18711,11.20200014
18712,11.34729648
18713,10.21531883
18714,12.58293829
18715,6.537945932
18716,10.73339622
18717,8.529379267
18718,9.207154435
18719,12.04570721
18720,13.06106379
18721,9.318683054
18722,12.13508052
18723,11.77344989
18724,13.34507994
18725,7.301697147
18726,13.34305264
18727,11.00684979
18728,7.34192934
18729,10.93128067
18730,10.68955173
18731,9.302404088
18732,11.53441592
18733,12.52948866
18734,9.349517222
18735,10.32359257
18736,9.646946853
18737,10.19936389
18738,8.886862415
18739,8.873598415
18740,7.025947835
18741,9.409206068
18742,11.48423673
18743,10.46466327
18744,12.24538395
18745,7.145338245
18746,8.581297638
18747,14.35826623
18748,5.681869142
18749,10.74930961
18750,11.81875311
18751,13.10892701
18752,7.337670562
18753,12.82723608
18754,7.615443935
18755,7.711350028
18756,7.194543007
18757,10.35321955
18758,10.24471193
18759,5.980450304
18760,10.63511473
18761,7.615469283
18762,8.063426426
18763,14.4037418
18764,7.020858506
18765,11.23569075
18766,10.78653129
18767,10.65805838
18768,14.00196689
18769,8.888910393
18770,14.8452246
18771,10.64857277
18772,8.999198039
18773,8.627059823
18774,8.168133535
18775,10.01435693
18776,11.46155877
18777,8.220785671
18778,10.17513268
18779,11.56989912
18780,9.971274742
18781,7.80067453
18782,9.890553553
18783,10.63529874
18784,5.56786292
18785,6.601235854
18786,13.19780899
18787,7.010405377
18788,10.35487977
18789,11.2801302
18790,11.44489816
18791,8.38261203
18792,12.02542888
18793,10.99265045
18794,15.32295783
18795,7.639330091
18796,10.11350796
18797,10.46437214
18798,11.17544537
18799,8.989987953
18800,6.411135552
18801,12.11279378
18802,7.648741256
18803,11.76558297
18804,10.64263805
18805,6.165158397
18806,12.33292195
18807,4.796451888
18808,11.3650159
18809,13.6431256
18810,7.43805522
18811,10.66740715
18812,12.38966704
18813,9.176105786
18814,9.693388624
18815,8.589575571
18816,9.275732938
18817,12.88108184
18818,7.194536112
18819,10.94356073
18820,9.952384608
18821,10.70651239
18822,11.26549494
18823,10.34704882
18824,8.326733509
18825,8.967560755
18826,8.692361481
18827,8.578782284
18828,11.71258866
18829,11.51214928
18830,11.34823292
18831,7.216100751
18832,7.127891532
18833,8.845352756
18834,9.730596203
18835,11.47160039
18836,9.817283624
18837,7.622232958
18838,8.318623467
18839,14.88323297
18840,7.413025388
18841,8.267301552
18842,11.44253943
18843,10.43038461
18844,12.47617365
18845,10.71550834
18846,8.875689196
18847,8.044169252
18848,10.35580282
18849,9.327320543
18850,12.76125984
18851,5.615153014
18852,9.406157828
18853,9.046257367
18854,10.67057447
18855,7.027185193
18856,10.85716929
18857,6.733404915
18858,13.27740572
18859,9.408728509
18860,5.452034916
18861,7.671516651
18862,9.426612783
18863,9.747333191
18864,8.596046547
18865,8.896332943
18866,11.69953631
18867,9.685243514
18868,12.44532753
18869,13.11664027
18870,10.04634154
18871,11.82102204
18872,8.458452398
18873,9.102515934
18874,6.929424422
18875,11.06836352
18876,9.750412014
18877,7.223231016
18878,11.43604841
18879,11.05011745
18880,13.61468867
18881,11.96384784
18882,10.91170356
18883,7.703489047
18884,7.418151934
18885,6.952884339
18886,9.616873885
18887,9.722707786
18888,11.20728057
18889,7.967645298
18890,8.115023384
18891,7.551665676
18892,13.06753129
18893,11.02018629
18894,10.61635895
18895,5.982898869
18896,12.71462754
18897,8.859835448
18898,6.597808693
18899,6.784303286
18900,7.43699641
18901,8.630921428
18902,9.676244233
18903,7.619192428
18904,11.37820621
18905,7.705574248
18906,14.22068319
18907,11.29891358
18908,10.83235634
18909,10.18799747
18910,12.51999439
18911,11.23349722
18912,9.260518698
18913,8.162500036
18914,9.914871123
18915,16.43521766
18916,12.96891159
18917,13.06970584
18918,8.982890365
18919,14.33548426
18920,10.31241692
18921,9.438767177
18922,9.48131488
18923,10.64005985
18924,4.762981923
18925,9.736587157
18926,11.14055964
18927,12.63543456
18928,9.179751207
18929,8.01032706
18930,6.013960377
18931,9.460334275
18932,11.83192753
18933,11.73479068
18934,6.073167636
18935,10.53924601
18936,6.634215074
18937,9.712069804
18938,9.738264789
18939,9.594571143
18940,11.65668679
18941,9.323985818
18942,10.0290856
18943,10.78614318
18944,8.495511623
18945,12.41809982
18946,11.02857914
18947,7.212849271
18948,9.390395113
18949,9.347408286
18950,9.365043491
18951,9.965524384
18952,9.998750442
18953,14.20005524
18954,7.218262971
18955,10.14810473
18956,12.56790151
18957,8.533106922
18958,10.28545023
18959,7.782454256
18960,7.718290176
18961,10.28289948
18962,8.774546022
18963,8.944000357
18964,10.99873906
18965,10.86775413
18966,12.3501606
18967,10.59131091
18968,4.541768618
18969,7.873095358
18970,11.80283492
18971,5.885200657
18972,7.181809588
18973,4.280041102
18974,12.93907082
18975,7.355247828
18976,7.732783768
18977,9.639322866
18978,8.001216251
18979,5.616039844
18980,9.477898845
18981,9.993385571
18982,11.7250275
18983,10.36538552
18984,12.22908751
18985,9.39559835
18986,7.641507763
18987,13.72441908
18988,10.69850457
18989,8.359838743
18990,14.21513999
18991,10.36754116
18992,10.54528313
18993,10.64363131
18994,10.24531626
18995,8.58265869
18996,13.74503847
18997,12.14452165
18998,4.77756344
18999,14.98391398
19000,10.62098576
19001,6.672556662
19002,9.959109046
19003,11.02837089
19004,11.8072253
19005,9.990471055
19006,13.22311744
19007,12.5185732
19008,9.584906674
19009,12.23737834
19010,9.804290462
19011,11.32453832
19012,8.392158216
19013,11.72654111
19014,14.06027836
19015,12.10574858
19016,6.541095719
19017,11.86948979
19018,9.430837154
19019,10.22593301
19020,6.630609693
19021,8.591631004
19022,8.857227372
19023,10.99386408
19024,6.803911239
19025,12.78214831
19026,8.872054981
19027,12.07338394
19028,9.113017284
19029,13.05289539
19030,10.61687546
19031,14.77501964
19032,8.965029505
19033,12.85454249
19034,13.18067293
19035,10.07756175
19036,11.51888905
19037,13.371132
19038,11.0284161
19039,7.349247288
19040,10.03628078
19041,10.63355639
19042,9.995000535
19043,13.12412624
19044,12.36216583
19045,13.97627478
19046,12.3832834
19047,10.28475753
19048,8.401646934
19049,10.82345598
19050,7.567700626
19051,11.5983835
19052,10.29932476
19053,9.058034387
19054,11.44113793
19055,10.60436139
19056,12.14789365
19057,12.83932186
19058,6.850217126
19059,10.40405038
19060,12.27095877
19061,16.79021659
19062,9.42547397
19063,6.775421199
19064,10.18696929
19065,10.95331678
19066,9.1656244
19067,5.987563389
19068,6.454559715
19069,8.882718275
19070,12.2854538
19071,11.09889997
19072,8.468142958
19073,6.09059525
19074,7.1962841
19075,7.201589522
19076,7.386941079
19077,14.98796825
19078,11.70080386
19079,10.92073706
19080,11.01239143
19081,7.943619983
19082,13.59363063
19083,6.893011792
19084,6.594831843
19085,7.375210478
19086,15.77540443
19087,9.439678448
19088,7.932968715
19089,10.05573888
19090,6.865950968
19091,6.867684684
19092,12.33033705
19093,10.3012951
19094,11.59621376
19095,14.87398442
19096,12.58085181
19097,13.69050875
19098,13.18935151
19099,10.08442272
19100,13.45562942
19101,10.14992907
19102,9.620032394
19103,8.854799713
19104,10.37024258
19105,9.883509302
19106,10.63469216
19107,6.905686967
19108,13.88335054
19109,11.51404713
19110,7.9658248
19111,14.78847987
19112,10.66947697
19113,10.38566789
19114,7.068142995
19115,13.06180462
19116,10.00224067
19117,7.539883727
19118,10.94952132
19119,13.14835024
19120,11.7831798
19121,7.674799267
19122,10.80643457
19123,8.721625343
19124,7.566374393
19125,10.47158096
19126,9.61723627
19127,13.16419746
19128,11.58402693
19129,13.331393
19130,11.29152794
19131,11.43672158
19132,11.14861183
19133,11.57206481
19134,8.301963785
19135,11.91204461
19136,7.48009894
19137,8.210869652
19138,9.564330674
19139,10.0810952
19140,12.3416486
19141,7.243085535
19142,9.852337276
19143,8.553196243
19144,10.47374877
19145,7.64501685
19146,11.62461913
19147,12.99837514
19148,10.50975125
19149,20.51887432
19150,9.96267265
19151,13.79553872
19152,9.946825376
19153,8.357484242
19154,11.40113356
19155,8.449517532
19156,11.63886663
19157,8.283445596
19158,9.888951547
19159,10.10772671
19160,7.001289382
19161,11.89773265
19162,11.74342971
19163,5.901467768
19164,11.19720733
19165,11.87439608
19166,5.720440773
19167,8.410291604
19168,13.40504007
19169,10.19575138
19170,9.446171481
19171,5.848984705
19172,9.272546435
19173,12.16359175
19174,10.73554802
19175,9.891814258
19176,7.677093342
19177,8.277402082
19178,12.97872837
19179,10.89712683
19180,8.601942254
19181,11.42070989
19182,11.91435332
19183,7.665772635
19184,7.935593917
19185,13.45393122
19186,12.83489976
19187,15.71965332
19188,6.220864554
19189,11.77772955
19190,5.029434452
19191,8.325052005
19192,9.789617986
19193,7.31029455
19194,10.66464402
19195,12.14346787
19196,12.69710285
19197,9.784422463
19198,11.10976364
19199,12.16300491
19200,12.63068692
19201,6.964046711
19202,12.2777075
19203,9.560146566
19204,8.469855239
19205,11.50451965
19206,13.43035661
19207,7.688651007
19208,13.38837083
19209,13.65589957
19210,7.502475824
19211,13.88278585
19212,4.373053452
19213,10.75010081
19214,12.15606942
19215,14.0750424
19216,9.718359792
19217,12.93037481
19218,10.64807711
19219,11.99471113
19220,7.573583899
19221,9.642190872
19222,8.541209741
19223,5.699910703
19224,8.687912336
19225,11.21724426
19226,11.40810608
19227,11.2917689
19228,13.43983972
19229,11.49048388
19230,8.03717086
19231,6.684269357
19232,7.32352425
19233,12.02582111
19234,6.746663084
19235,9.499856701
19236,9.661890834
19237,5.590171305
19238,16.41518233
19239,8.87440895
19240,12.2800337
19241,6.187751385
19242,11.08768016
19243,13.40192111
19244,8.812918425
19245,13.5666237
19246,5.627988144
19247,5.813198048
19248,7.285433901
19249,9.628990193
19250,7.964110109
19251,9.197382145
19252,9.072495661
19253,12.10449129
19254,9.241012803
19255,9.473384055
19256,11.50792433
19257,12.06212533
19258,7.358891404
19259,9.064117332
19260,9.50898438
19261,6.769593596
19262,11.327279
19263,10.82702605
19264,8.917471489
19265,9.874470139
19266,8.314329438
19267,11.34789585
19268,20.62655019
19269,6.091522023
19270,11.49767222
19271,12.96441828
19272,11.16942451
19273,10.59136192
19274,7.659240779
19275,11.76504524
19276,16.40544407
19277,10.33509404
19278,6.541048716
19279,10.04248041
19280,10.46524515
19281,12.68121452
19282,11.98184447
19283,10.72272602
19284,18.45270447
19285,10.87698079
19286,5.693685404
19287,6.522242558
19288,9.056235718
19289,6.555730496
19290,8.397683473
19291,9.652836065
19292,7.415068406
19293,12.2332117
19294,10.8891765
19295,15.00997495
19296,12.03416079
19297,8.557255116
19298,10.55089928
19299,10.23133065
19300,11.73226733
19301,8.881201808
19302,8.473091016
19303,12.98811703
19304,12.30116039
19305,11.1411731
19306,10.79459823
19307,8.457151752
19308,9.548939479
19309,12.87395894
19310,13.60522487
19311,11.00644238
19312,6.885726245
19313,9.544694499
19314,6.576075433
19315,14.28305273
19316,11.72443282
19317,9.195527486
19318,8.854652588
19319,6.45478913
19320,11.00388826
19321,11.75184848
19322,7.621293185
19323,7.229417164
19324,6.428298464
19325,12.3000268
19326,13.47236529
19327,6.919995766
19328,6.994706659
19329,10.16959557
19330,12.87546238
19331,13.81395229
19332,6.056012904
19333,8.588430934
19334,13.68917175
19335,10.83026941
19336,12.60037051
19337,14.39343747
19338,7.308677238
19339,8.89080172
19340,10.38335521
19341,7.490295782
19342,9.313493391
19343,7.697319576
19344,11.6166954
19345,15.1048308
19346,6.465198147
19347,13.23542302
19348,14.15187157
19349,11.612511
19350,6.102371569
19351,9.742028889
19352,12.07070274
19353,11.43103039
19354,10.12049623
19355,10.95069514
19356,9.254948312
19357,8.521001242
19358,10.4569377
19359,14.20522639
19360,7.083962826
19361,11.31972987
19362,7.352282693
19363,9.289458744
19364,9.217864817
19365,12.93600028
19366,12.48030651
19367,11.21591051
19368,11.17412085
19369,11.62384604
19370,11.14583244
19371,9.945740609
19372,11.49850944
19373,10.7168202
19374,8.953217533
19375,12.55264057
19376,13.06212577
19377,12.78332573
19378,9.226617843
19379,9.415767101
19380,11.51460766
19381,12.8407025
19382,6.324286095
19383,6.371717035
19384,7.489832242
19385,13.2838693
19386,10.63653511
19387,7.2548755
19388,9.884568795
19389,6.562344502
19390,15.86360764
19391,9.272231198
19392,13.49152781
19393,9.847807346
19394,11.46898387
19395,12.50591486
19396,12.96873432
19397,10.1317252
19398,9.421194427
19399,10.07034655
19400,10.22749781
19401,7.13763944
19402,12.29039265
19403,6.706385964
19404,10.43801872
19405,6.483264096
19406,10.38962542
19407,11.59343359
19408,11.79246288
19409,11.96427598
19410,13.70343068
19411,10.26162729
19412,12.77960524
19413,10.70816264
19414,13.01790609
19415,9.368557319
19416,6.58403188
19417,9.772618876
19418,8.102246498
19419,6.875498826
19420,11.13606851
19421,11.12436251
19422,12.17347248
19423,8.91125656
19424,13.46442779
19425,10.46220172
19426,5.421421697
19427,11.69549473
19428,9.674623584
19429,8.932540794
19430,6.260482324
19431,9.735251556
19432,9.801162397
19433,11.63992522
19434,11.04715827
19435,10.29472812
19436,11.19013867
19437,11.82651097
19438,10.7893069
19439,12.35487823
19440,3.823409277
19441,7.1060479
19442,10.74068418
19443,11.02906359
19444,10.29305582
19445,10.7833197
19446,8.884867477
19447,14.45724708
19448,10.40593648
19449,12.85611787
19450,9.113020083
19451,8.414456394
19452,10.449018
19453,7.705667274
19454,8.512193483
19455,10.19478425
19456,9.864958407
19457,10.78683122
19458,10.75324101
19459,7.170130646
19460,4.885873768
19461,6.894127227
19462,11.81917856
19463,9.121027733
19464,11.83207437
19465,12.80067836
19466,9.929954379
19467,5.355632945
19468,5.421277427
19469,10.56501395
19470,9.519682883
19471,9.205380775
19472,12.49240606
19473,11.59177
19474,8.600089336
19475,6.100902556
19476,12.64405095
19477,10.42513423
19478,6.857904379
19479,10.44029407
19480,8.724446214
19481,7.824658387
19482,13.36784106
19483,10.22046561
19484,8.998682589
19485,10.70045796
19486,10.63639898
19487,10.46974199
19488,7.791990399
19489,13.14203989
19490,6.695663306
19491,13.78215664
19492,11.99134171
19493,8.684882312
19494,11.33101896
19495,7.329604048
19496,9.207386097
19497,9.847775424
19498,7.474151179
19499,9.578128198
19500,12.08561731
19501,15.20268151
19502,4.535992838
19503,10.33921632
19504,8.325603442
19505,10.83780503
19506,8.636710043
19507,6.227734596
19508,9.381414419
19509,9.16962862
19510,13.33783831
19511,15.35257822
19512,14.82124162
19513,9.359784585
19514,11.90780122
19515,8.474562362
19516,11.97671643
19517,14.62093258
19518,10.30396024
19519,12.17432643
19520,11.50495552
19521,9.480100953
19522,9.775871081
19523,10.86429569
19524,9.72773368
19525,11.02339387
19526,4.613241987
19527,6.677056906
19528,10.46733262
19529,12.0125233
19530,9.853176343
19531,9.143906811
19532,7.113489808
19533,12.84592222
19534,9.348083192
19535,10.38495818
19536,7.597163018
19537,5.941872733
19538,11.25909172
19539,11.09329584
19540,8.090607439
19541,10.17718817
19542,13.36723637
19543,4.78556207
19544,12.82705108
19545,8.799828142
19546,11.03834773
19547,8.004283584
19548,6.491004919
19549,12.94640368
19550,10.59832556
19551,13.02536452
19552,10.6061572
19553,8.089976061
19554,9.617262866
19555,12.33757167
19556,12.2597261
19557,7.902215882
19558,7.713112841
19559,6.976447087
19560,6.059917647
19561,8.177544395
19562,9.286260768
19563,9.053932654
19564,11.30618424
19565,11.77804754
19566,13.60883357
19567,7.827006355
19568,10.78391472
19569,11.59482365
19570,8.743965371
19571,10.42882885
19572,12.56642318
19573,9.628318147
19574,11.39957549
19575,5.397857452
19576,12.60863883
19577,8.626593001
19578,5.782493337
19579,13.30082861
19580,10.13666804
19581,6.822262912
19582,9.840482362
19583,10.81359596
19584,11.97439845
19585,10.33783362
19586,8.820542303
19587,8.866336022
19588,14.73623163
19589,8.066442264
19590,11.51100562
19591,12.72331623
19592,4.950320834
19593,10.95085364
19594,10.79611407
19595,7.673740456
19596,6.438878652
19597,7.54119906
19598,8.288040574
19599,7.993561254
19600,12.5112225
19601,13.65321663
19602,12.82615517
19603,13.10025687
19604,9.762995283
19605,12.66892704
19606,10.58898899
19607,11.53083368
19608,6.810659839
19609,6.95795345
19610,10.21905531
19611,13.88673006
19612,15.11596523
19613,10.65897652
19614,11.82023656
19615,13.12420098
19616,10.47959419
19617,13.14434632
19618,9.710737788
19619,12.59537523
19620,12.58894665
19621,10.74516788
19622,10.78537555
19623,10.39262343
19624,12.66570959
19625,11.03285415
19626,8.243533673
19627,10.92258982
19628,12.72162766
19629,7.820882463
19630,7.561837736
19631,10.66274359
19632,7.103380515
19633,8.807294171
19634,8.555733744
19635,10.11141568
19636,12.63579045
19637,5.920629726
19638,10.1865867
19639,12.11012027
19640,9.989361931
19641,10.89347252
19642,8.317841774
19643,8.398153204
19644,8.006546541
19645,3.960239233
19646,9.10044301
19647,11.17837197
19648,9.484979982
19649,12.392178
19650,10.87725802
19651,11.69040476
19652,10.04127931
19653,6.970105495
19654,11.40803421
19655,6.383084435
19656,8.100485169
19657,11.58308237
19658,6.788831453
19659,14.3616339
19660,10.10378413
19661,11.34654559
19662,9.351762219
19663,4.835301058
19664,17.06457887
19665,6.49838175
19666,10.47354595
19667,9.351733269
19668,7.018131453
19669,9.78693535
19670,9.972273622
19671,10.99703071
19672,7.586683732
19673,8.144298014
19674,7.253312955
19675,6.509491343
19676,9.434686972
19677,10.03181408
19678,8.662608184
19679,13.90775424
19680,14.25623226
19681,9.370079561
19682,6.818436114
19683,12.25908971
19684,12.11639017
19685,11.13925314
19686,10.34894614
19687,5.734532993
19688,5.628259743
19689,10.45247644
19690,10.54449807
19691,9.734803461
19692,10.13592615
19693,6.689680258
19694,9.464463735
19695,5.913644979
19696,11.06172776
19697,10.72261153
19698,7.520811131
19699,5.562436385
19700,12.44584256
19701,9.843425045
19702,13.66044138
19703,11.29950297
19704,10.60722983
19705,8.16300506
19706,11.16899931
19707,10.889643
19708,10.63193621
19709,10.19259175
19710,8.589350507
19711,6.091522023
19712,8.53475914
19713,12.35147077
19714,9.597807402
19715,9.396343526
19716,10.99610573
19717,12.19319846
19718,9.387819191
19719,9.532728403
19720,8.842211794
19721,6.017785861
19722,10.90247416
19723,13.36904036
19724,8.937921927
19725,15.84063405
19726,9.193083881
19727,11.88786761
19728,10.60830142
19729,11.79105048
19730,15.89527449
19731,7.927779355
19732,7.371080495
19733,6.910443252
19734,11.60272095
19735,6.077972044
19736,7.813198824
19737,6.750929907
19738,10.62086367
19739,10.53451683
19740,8.489413183
19741,9.350444477
19742,9.111614608
19743,6.646918166
19744,10.12344777
19745,16.0721748
19746,7.276927361
19747,5.224469588
19748,8.923197405
19749,10.09768876
19750,11.28031598
19751,12.86327065
19752,10.33457013
19753,10.75181622
19754,9.999570093
19755,9.124496772
19756,12.44926286
19757,8.025545202
19758,8.360261134
19759,13.16685287
19760,9.53100398
19761,4.033479993
19762,6.125791543
19763,7.181814244
19764,9.904846291
19765,14.1973389
19766,10.55994354
19767,7.338044973
19768,11.61923727
19769,6.619310628
19770,11.30013439
19771,9.012825744
19772,11.41970447
19773,6.670037018
19774,11.6013358
19775,11.0198167
19776,11.70371439
19777,6.566651433
19778,10.76064078
19779,9.529310567
19780,8.46217675
19781,12.75484092
19782,10.02029507
19783,4.192152391
19784,7.332007466
19785,10.55870014
19786,5.891385849
19787,9.109863791
19788,10.93073061
19789,13.60906305
19790,7.63032913
19791,10.68075462
19792,8.292653521
19793,12.81025282
19794,12.88700497
19795,10.42271983
19796,10.37004351
19797,10.11433368
19798,11.21811298
19799,10.54002331
19800,13.42780744
19801,12.38131531
19802,9.797984973
19803,8.477642694
19804,8.605657524
19805,6.514511047
19806,7.671066176
19807,13.43741719
19808,22.35881124
19809,6.344908887
19810,11.34392504
19811,5.83111384
19812,13.69732759
19813,7.473357071
19814,15.45481129
19815,8.589575066
19816,13.53227915
19817,9.788652258
19818,11.84105062
19819,7.980431095
19820,9.018787344
19821,6.252509037
19822,11.8986276
19823,8.789763653
19824,8.584416452
19825,15.9202738
19826,10.09309583
19827,7.517991966
19828,12.6858657
19829,10.87093745
19830,10.8715883
19831,7.281741386
19832,7.653519993
19833,8.922389025
19834,11.67265838
19835,5.369763824
19836,10.72349786
19837,13.23050344
19838,8.604049602
19839,11.48779757
19840,14.37732314
19841,6.25294572
19842,9.040092301
19843,6.257658034
19844,10.3267225
19845,12.03449672
19846,11.12617115
19847,5.76800375
19848,11.49637519
19849,7.32369623
19850,9.757256415
19851,6.765730244
19852,12.31865222
19853,11.88761445
19854,9.825340321
19855,6.143616525
19856,10.12525672
19857,7.833830604
19858,11.19082821
19859,15.76337845
19860,6.152277553
19861,11.12715468
19862,10.55672318
19863,8.218789351
19864,9.188438978
19865,7.066836486
19866,10.18749088
19867,7.315121192
19868,8.200434964
19869,9.769878501
19870,12.92781071
19871,9.068916359
19872,12.55758582
19873,11.280778
19874,10.96021941
19875,10.74247563
19876,13.93640731
19877,11.76947488
19878,9.542003738
19879,10.54391522
19880,10.4001261
19881,6.053299636
19882,7.711358207
19883,10.77446187
19884,6.923406391
19885,10.36335262
19886,6.342891066
19887,12.01989258
19888,8.072004769
19889,11.37484584
19890,6.351803152
19891,8.909352093
19892,12.32604772
19893,6.789368874
19894,7.716905382
19895,9.019011799
19896,13.74146405
19897,12.27709788
19898,5.310557193
19899,8.712964619
19900,12.88114869
19901,10.95004574
19902,8.94049082
19903,9.29889317
19904,13.94351102
19905,6.722348101
19906,11.80078843
19907,7.481395973
19908,14.1062009
19909,6.642876102
19910,13.19096151
19911,12.41222387
19912,9.185146386
19913,7.493180472
19914,7.71828552
19915,7.447131108
19916,12.99186744
19917,7.573491177
19918,11.45170156
19919,8.129160203
19920,12.67439899
19921,11.51535165
19922,14.15638883
19923,9.735711319
19924,5.018683567
19925,13.89939027
19926,10.46150498
19927,11.54582215
19928,9.537145419
19929,14.65627519
19930,12.39347554
19931,6.76128326
19932,6.666079496
19933,12.74997019
19934,8.948101194
19935,8.493826845
19936,11.00642924
19937,6.604079711
19938,11.30016988
19939,6.443851517
19940,7.142805929
19941,8.632809956
19942,9.923661756
19943,7.263077393
19944,9.650211673
19945,11.77551026
19946,7.029374826
19947,10.57014644
19948,12.56046694
19949,13.30985654
19950,9.689366213
19951,7.905193852
19952,6.731095911
19953,7.228547825
19954,12.97827246
19955,7.885013331
19956,12.72593911
19957,5.492035618
19958,11.58900395
19959,12.67561568
19960,9.833613262
19961,10.1123824
19962,11.6962644
19963,6.556448454
19964,9.379444697
19965,9.322114476
19966,12.63984502
19967,12.06342732
19968,4.332251911
19969,11.73854541
19970,6.254375418
19971,11.37278192
19972,8.628883066
19973,11.49230782
19974,9.546384748
19975,10.87538407
19976,11.75626904
19977,7.016529775
19978,10.56856497
19979,5.608742272
19980,10.1307678
19981,7.38711113
19982,6.622385976
19983,11.24037299
19984,7.231865729
19985,7.014328421
19986,6.099441722
19987,10.93864535
19988,10.94734167
19989,8.962362881
19990,9.972057188
19991,7.794956185
19992,12.7183157
19993,15.00117824
19994,8.100079622
19995,7.02069922
19996,8.818975188
19997,12.86646338
19998,8.901114346
19999,12.29401198
20000,11.2462879
20001,13.21462794
20002,11.64315747
20003,10.97633864
20004,10.43552674
20005,12.02561109
20006,5.739646702
20007,8.597621117
20008,11.47782073
20009,10.37849721
20010,10.7064546
20011,10.5150823
20012,8.66965585
20013,13.81775899
20014,9.447782411
20015,11.40466577
20016,10.61391315
20017,7.094110841
20018,8.05801426
20019,10.71847864
20020,8.818197977
20021,11.72718555
20022,15.67586119
20023,7.13458736
20024,10.83729356
20025,12.75999412
20026,11.76802465
20027,12.16462613
20028,12.32276511
20029,10.12537976
20030,6.990213001
20031,10.18713806
20032,12.43552738
20033,8.098291953
20034,6.10512478
20035,6.516326561
20036,12.56650211
20037,11.91116432
20038,11.07367135
20039,10.46526359
20040,7.512630089
20041,9.427348787
20042,9.464950447
20043,8.84363933
20044,9.015322936
20045,8.013640368
20046,15.35847612
20047,7.573942133
20048,7.053826016
20049,9.511254373
20050,12.22384108
20051,8.582803071
20052,10.55034697
20053,7.929867861
20054,8.059352441
20055,7.57279878
20056,6.823245178
20057,6.415849004
20058,10.76368066
20059,11.29004606
20060,7.787582877
20061,-0.157248457
20062,11.84809453
20063,6.690058223
20064,8.290963777
20065,10.17561856
20066,9.659844798
20067,9.884570865
20068,10.23510243
20069,10.51309483
20070,5.465902376
20071,17.91829306
20072,12.12949033
20073,11.36682003
20074,6.200498449
20075,11.69873368
20076,8.2568797
20077,5.748533118
20078,10.27750803
20079,13.86045992
20080,9.059091688
20081,6.668428444
20082,9.88695491
20083,4.557105092
20084,12.37516877
20085,13.4985685
20086,9.964195228
20087,8.285531216
20088,12.07414886
20089,10.41040324
20090,12.58714272
20091,12.02749868
20092,6.856020988
20093,10.15859481
20094,8.023002236
20095,11.50452747
20096,11.76205102
20097,10.91902952
20098,5.665416423
20099,9.365296168
20100,11.800572
20101,11.42617671
20102,8.902938715
20103,10.31019311
20104,5.668623809
20105,10.19523016
20106,11.1342949
20107,9.509829027
20108,8.188702373
20109,7.896105129
20110,10.59526807
20111,8.124404222
20112,7.042130697
20113,9.538062216
20114,11.31563882
20115,11.13152563
20116,11.38488329
20117,7.012271758
20118,7.028689494
20119,11.76031012
20120,8.96944853
20121,10.59064562
20122,11.32266401
20123,11.70714551
20124,13.33327699
20125,7.252055865
20126,6.506247714
20127,7.855182615
20128,7.096586032
20129,13.50771597
20130,13.09215061
20131,5.76777899
20132,14.18030727
20133,9.56361507
20134,10.81258208
20135,8.89048962
20136,11.02605064
20137,4.380119534
20138,5.35331015
20139,11.65025354
20140,11.46704865
20141,10.88145022
20142,13.11631592
20143,10.45983205
20144,10.10609936
20145,13.64170441
20146,11.73574085
20147,7.108545574
20148,6.629624038
20149,8.607496104
20150,14.96093484
20151,10.49711918
20152,10.91664125
20153,11.60827129
20154,9.247460288
20155,7.883555947
20156,14.4221334
20157,10.56234063
20158,12.3983292
20159,13.27670792
20160,11.75519641
20161,13.11644444
20162,5.781242187
20163,11.91766335
20164,4.963969639
20165,11.09786367
20166,10.59965794
20167,9.907918444
20168,11.93427807
20169,9.92728767
20170,13.96179773
20171,10.99922326
20172,12.86108031
20173,10.2505862
20174,11.37497831
20175,10.8288835
20176,16.3449182
20177,11.46057922
20178,6.717406371
20179,12.66210559
20180,9.105649442
20181,6.310339541
20182,7.385073888
20183,11.98256377
20184,12.01025696
20185,9.063890715
20186,11.58911155
20187,12.18793379
20188,5.068727993
20189,7.356716841
20190,8.859074716
20191,10.30903191
20192,7.87832827
20193,10.68775691
20194,10.27606954
20195,8.735018278
20196,8.932357007
20197,7.496925345
20198,18.54309614
20199,7.986466617
20200,11.188931
20201,7.740372669
20202,8.872861565
20203,8.911565411
20204,10.07374906
20205,10.63362828
20206,13.37879662
20207,13.02948424
20208,13.9391913
20209,12.57598526
20210,9.826407634
20211,12.20350097
20212,7.471931214
20213,10.92955514
20214,10.17883413
20215,8.845569336
20216,9.333328902
20217,7.369331868
20218,13.70749004
20219,8.186146454
20220,11.49237996
20221,7.623441761
20222,11.35395914
20223,6.110767895
20224,4.097488792
20225,9.100504535
20226,7.060099437
20227,10.49513074
20228,12.82413747
20229,10.86239035
20230,11.75358655
20231,13.76157063
20232,10.41734675
20233,5.628887809
20234,6.552133344
20235,6.741593973
20236,11.26915772
20237,9.893647226
20238,8.485204969
20239,11.01015765
20240,10.04273227
20241,12.97120009
20242,11.35378747
20243,11.75585512
20244,10.43961594
20245,9.005599251
20246,15.59408147
20247,10.73981985
20248,10.38341265
20249,9.219556751
20250,9.479099601
20251,12.7086053
20252,4.429507992
20253,10.60596021
20254,9.645967301
20255,13.85993027
20256,11.62062612
20257,7.525522958
20258,10.08438774
20259,10.17299342
20260,11.9024849
20261,7.916713648
20262,8.308527842
20263,8.379061516
20264,4.570262523
20265,10.11812362
20266,9.325899901
20267,6.971258148
20268,13.22262332
20269,10.84478999
20270,9.465477586
20271,4.37198791
20272,12.32983362
20273,8.753039291
20274,11.12376253
20275,12.70603769
20276,4.105720689
20277,6.468427175
20278,11.39820416
20279,10.89684854
20280,8.208345351
20281,7.541780124
20282,9.074370002
20283,4.829248531
20284,8.1426865
20285,5.924900577
20286,10.12393541
20287,8.171891968
20288,6.923531369
20289,12.08212531
20290,8.87238214
20291,7.33815053
20292,12.47499372
20293,9.820398232
20294,5.932723854
20295,7.718911183
20296,8.689563366
20297,9.721472161
20298,11.16930464
20299,9.307310944
20300,7.565681996
20301,12.96877347
20302,10.94402401
20303,10.03215996
20304,12.64536608
20305,14.15044542
20306,9.990681238
20307,11.86157454
20308,7.540422444
20309,18.31117946
20310,11.17614816
20311,5.163000164
20312,10.17609814
20313,10.63586343
20314,11.22564779
20315,7.610187115
20316,6.812441514
20317,9.701767458
20318,13.31579612
20319,8.68508549
20320,12.67361763
20321,7.233087531
20322,6.176319655
20323,9.383731756
20324,12.44260807
20325,5.653552038
20326,10.14977253
20327,8.212564052
20328,13.15869227
20329,10.66600602
20330,9.179792222
20331,9.311917688
20332,6.45722486
20333,11.22188936
20334,8.523829379
20335,9.775813281
20336,13.40037703
20337,5.581020351
20338,9.585764615
20339,11.82870812
20340,9.185795171
20341,9.718348186
20342,6.685590071
20343,10.88046255
20344,11.04813507
20345,8.058402011
20346,10.95967802
20347,7.477144231
20348,13.22214254
20349,9.101747497
20350,11.01564689
20351,10.78327925
20352,5.646678349
20353,6.637278079
20354,8.373941616
20355,6.33005722
20356,9.592364262
20357,7.769855273
20358,9.485707667
20359,10.26655186
20360,11.64250973
20361,11.47356722
20362,6.338047998
20363,9.363739308
20364,7.032051692
20365,11.84035147
20366,10.8638337
20367,6.688704407
20368,9.851345194
20369,6.62447246
20370,10.83855051
20371,13.76085449
20372,5.978367343
20373,6.142498369
20374,7.54704511
20375,11.63970046
20376,9.320769102
20377,9.636286024
20378,8.255575936
20379,9.680448296
20380,10.51121636
20381,7.905926497
20382,12.22865946
20383,8.787622564
20384,6.716026708
20385,6.979190518
20386,9.13299165
20387,11.13335636
20388,9.817936832
20389,10.04125395
20390,8.240885751
20391,10.97083657
20392,10.15365371
20393,13.20965553
20394,9.276929794
20395,6.021390614
20396,8.964431819
20397,11.59522107
20398,7.667982168
20399,11.73494066
20400,4.708037295
20401,10.86749966
20402,14.92218335
20403,7.6982709
20404,13.08785316
20405,7.252673336
20406,15.07175054
20407,10.0943458
20408,10.86176352
20409,12.42178204
20410,7.740871747
20411,13.21335494
20412,11.79448325
20413,8.941216515
20414,12.75398212
20415,7.113866698
20416,8.702976652
20417,10.24506018
20418,11.91834979
20419,12.44406074
20420,10.45211535
20421,11.16985696
20422,11.63404905
20423,7.353539782
20424,5.604885651
20425,10.52744432
20426,10.78844624
20427,9.919619083
20428,9.376612219
20429,5.423586103
20430,8.188996392
20431,13.94863264
20432,11.58789173
20433,7.47606216
20434,7.799472459
20435,10.92841372
20436,6.764687154
20437,10.5030936
20438,9.762096282
20439,11.21207169
20440,9.336124405
20441,11.30254078
20442,9.688703418
20443,10.79615873
20444,13.55563622
20445,8.589955921
20446,9.978230944
20447,9.878956256
20448,10.33984298
20449,8.57154253
20450,17.13740104
20451,8.881890054
20452,6.620867707
20453,6.706380188
20454,11.25164905
20455,9.355291578
20456,8.779116054
20457,10.67999942
20458,7.210718188
20459,5.915251313
20460,12.39956925
20461,10.97098142
20462,6.788482044
20463,6.845010695
20464,7.221741791
20465,9.344582876
20466,10.99728754
20467,15.79944653
20468,9.169843601
20469,10.82609222
20470,8.950454852
20471,8.529203135
20472,10.13274867
20473,13.14983644
20474,13.02954361
20475,7.013529657
20476,6.459406482
20477,8.767217673
20478,6.497759622
20479,9.382715152
20480,11.33514494
20481,10.55411583
20482,10.10314468
20483,7.4446426
20484,8.445727732
20485,11.03776456
20486,9.654294344
20487,11.84403641
20488,11.89730315
20489,13.34804622
20490,9.981803325
20491,10.40734925
20492,9.157127337
20493,18.833699
20494,11.33782771
20495,11.99480052
20496,6.75187722
20497,4.50479177
20498,15.4411955
20499,6.585021753
20500,14.82894064
20501,15.89597532
20502,7.163249053
20503,12.32059523
20504,13.15349749
20505,9.025506292
20506,6.270241297
20507,13.8097251
20508,11.43750254
20509,6.863590469
20510,11.6309457
20511,7.290048836
20512,14.65230785
20513,6.249221601
20514,9.9359526
20515,5.655378475
20516,8.440567183
20517,10.49317937
20518,6.092413508
20519,6.873665492
20520,10.92668819
20521,7.857132546
20522,12.73871852
20523,6.147750683
20524,11.47115666
20525,12.23080021
20526,7.314631894
20527,11.23732093
20528,6.840680874
20529,9.281478392
20530,6.751724015
20531,9.050960064
20532,8.002672429
20533,9.748929039
20534,9.290239567
20535,9.199420422
20536,10.16565058
20537,8.95658362
20538,12.14665755
20539,10.4179747
20540,7.712912828
20541,11.81781
20542,9.35332614
20543,6.174367447
20544,7.113337293
20545,7.702393343
20546,11.67846975
20547,11.37943228
20548,6.590159473
20549,10.36673424
20550,9.240135303
20551,11.40327793
20552,7.311656018
20553,12.25078481
20554,6.031918024
20555,10.90205429
20556,11.59621407
20557,7.786947914
20558,10.63867909
20559,9.937996372
20560,11.86759728
20561,10.88036481
20562,12.3232289
20563,7.18859059
20564,5.939384225
20565,12.59490409
20566,10.70552001
20567,9.587326209
20568,9.128916375
20569,12.72848788
20570,12.50843384
20571,5.819158644
20572,6.741682039
20573,7.472104638
20574,7.88017352
20575,13.31979229
20576,13.82465325
20577,11.29942885
20578,12.11127534
20579,10.20481754
20580,12.64467332
20581,13.42501715
20582,6.07671961
20583,9.511956497
20584,7.415192824
20585,11.60947689
20586,11.15727404
20587,7.664028797
20588,11.45357668
20589,10.00923119
20590,10.84751618
20591,9.462879852
20592,8.910143597
20593,12.57412804
20594,14.02327778
20595,13.70321139
20596,7.356001992
20597,7.423789109
20598,16.67328473
20599,10.82927273
20600,16.28228667
20601,6.309202773
20602,11.26105525
20603,10.50839183
20604,10.49329003
20605,12.11637689
20606,8.977925173
20607,12.56492204
20608,8.409783214
20609,14.17766928
20610,13.36072944
20611,14.05872941
20612,7.273877356
20613,11.0887794
20614,10.03803725
20615,12.6187517
20616,6.974525998
20617,12.174076
20618,11.75234359
20619,10.78785108
20620,7.564473534
20621,10.90518743
20622,9.868698565
20623,10.19811964
20624,10.83264319
20625,10.01803348
20626,8.352427966
20627,12.39749287
20628,9.659787364
20629,5.702042743
20630,8.491724153
20631,4.81649154
20632,16.17045722
20633,7.992321656
20634,13.52411562
20635,6.891718769
20636,17.42200126
20637,13.90008689
20638,9.793015776
20639,7.406415557
20640,5.636145164
20641,7.658328752
20642,7.685905337
20643,13.61115091
20644,8.413164017
20645,8.871848383
20646,11.00843217
20647,7.396245572
20648,6.785810003
20649,14.92377571
20650,10.03908682
20651,11.92708259
20652,10.39551928
20653,11.99049023
20654,7.990165376
20655,11.36431574
20656,10.36631249
20657,12.7501137
20658,10.82714445
20659,6.44210031
20660,11.24072918
20661,10.7020017
20662,9.813268363
20663,9.456167246
20664,9.276205592
20665,15.10468396
20666,7.332273989
20667,11.91831134
20668,9.932351515
20669,10.57846432
20670,11.30978899
20671,12.35578205
20672,11.88118625
20673,10.94685299
20674,8.745036688
20675,9.488541878
20676,9.859141395
20677,11.56026381
20678,9.236593816
20679,9.612571775
20680,6.331134149
20681,11.31286481
20682,11.63974864
20683,6.408026993
20684,13.06750418
20685,11.06145243
20686,11.39509395
20687,11.87986772
20688,10.61338988
20689,8.250839217
20690,10.16586702
20691,5.39780933
20692,9.884714296
20693,14.29412433
20694,12.36204729
20695,9.58607335
20696,10.37633586
20697,12.21149108
20698,10.71290564
20699,10.25748529
20700,6.743190996
20701,11.30993608
20702,8.797128842
20703,12.43500269
20704,12.3540138
20705,11.63164763
20706,9.596378798
20707,12.1600319
20708,10.81049765
20709,7.603707236
20710,13.07836755
20711,11.30540843
20712,5.959121471
20713,8.260597465
20714,12.73799616
20715,10.72474307
20716,11.29253653
20717,9.449965286
20718,15.21537134
20719,15.87250679
20720,12.34493587
20721,14.28806456
20722,6.529046517
20723,5.571150192
20724,11.88002636
20725,6.229663067
20726,10.2833578
20727,8.720846172
20728,12.14983481
20729,6.640785126
20730,11.03149187
20731,12.22902927
20732,10.37715733
20733,8.519088727
20734,7.396739995
20735,7.099557899
20736,11.81334603
20737,13.47887893
20738,10.21723669
20739,13.08491
20740,9.40463138
20741,11.12136576
20742,11.53862613
20743,12.7419654
20744,10.52508352
20745,8.288986373
20746,11.80122024
20747,10.51690393
20748,12.38768418
20749,10.59065967
20750,9.065762982
20751,10.56113637
20752,11.86270332
20753,10.6893307
20754,13.87922477
20755,10.98923953
20756,9.763480089
20757,11.14877097
20758,7.651781316
20759,6.25294572
20760,10.7323175
20761,8.590197052
20762,9.935266903
20763,10.61759394
20764,12.60898807
20765,12.39449435
20766,6.09801668
20767,7.568034315
20768,15.45612637
20769,15.45261434
20770,7.832425015
20771,6.895371481
20772,9.97180162
20773,5.779734186
20774,11.11856106
20775,11.12789985
20776,10.94459583
20777,11.45991679
20778,11.59831278
20779,12.446059
20780,7.918262548
20781,6.44018709
20782,7.26183729
20783,11.25483552
20784,10.88417286
20785,10.68507417
20786,11.11897365
20787,12.26549599
20788,12.82339725
20789,7.406797363
20790,7.410999862
20791,8.868168399
20792,9.85705477
20793,14.44061629
20794,8.697803827
20795,12.06852721
20796,6.187650484
20797,13.43910795
20798,13.74649886
20799,12.29612782
20800,11.7209582
20801,9.087610374
20802,17.95896466
20803,13.63730072
20804,9.596613174
20805,11.759186
20806,12.79924147
20807,7.519272322
20808,10.32818686
20809,11.76745939
20810,9.831994185
20811,5.909069986
20812,11.85616555
20813,10.95452085
20814,8.171997866
20815,7.438999485
20816,9.483873123
20817,6.998616222
20818,11.12493973
20819,8.690078402
20820,10.73339
20821,13.56731997
20822,12.94929712
20823,7.67557973
20824,10.78706112
20825,6.073432338
20826,7.173095781
20827,12.41419936
20828,11.87990858
20829,14.38870159
20830,7.111113487
20831,10.74550286
20832,8.356139811
20833,9.465624907
20834,8.933325913
20835,8.645088878
20836,11.74827406
20837,8.333845699
20838,6.970669378
20839,8.628285885
20840,8.557207298
20841,10.41736003
20842,10.82286177
20843,8.538432533
20844,8.702319238
20845,9.85181812
20846,6.06710293
20847,9.752299921
20848,8.113007474
20849,13.02041801
20850,10.50385399
20851,11.82973088
20852,9.254988146
20853,12.40824261
20854,7.529992089
20855,7.622178895
20856,6.152129813
20857,13.83975757
20858,6.586693488
20859,14.33412819
20860,8.212536524
20861,6.673900534
20862,6.675274586
20863,13.39243937
20864,9.466908094
20865,13.98304797
20866,9.964764576
20867,12.11732289
20868,10.88945292
20869,11.04640779
20870,7.772528597
20871,6.259131704
20872,11.20151053
20873,7.321829849
20874,14.55727834
20875,7.063981254
20876,6.937595989
20877,10.99698051
20878,11.72404299
20879,4.904280934
20880,8.690750417
20881,12.24670438
20882,7.853345026
20883,13.88205791
20884,8.566524682
20885,10.95297982
20886,10.69730637
20887,11.97312724
20888,9.339821065
20889,12.57460885
20890,9.343318277
20891,11.64483073
20892,9.927823015
20893,7.124407588
20894,9.033316315
20895,7.418954848
20896,10.87028309
20897,9.058822329
20898,7.743811071
20899,10.40643159
20900,9.544240684
20901,11.96855799
20902,11.27756148
20903,7.859589978
20904,10.80682816
20905,11.46495636
20906,11.26336451
20907,13.49349879
20908,9.209833066
20909,11.11867816
20910,9.424148064
20911,10.83784956
20912,10.32752939
20913,12.01254996
20914,10.17913059
20915,10.13321568
20916,11.94372422
20917,10.98801772
20918,14.5195242
20919,7.224684309
20920,4.690536063
20921,7.229457271
20922,6.317136263
20923,11.51857331
20924,12.73806222
20925,10.46150084
20926,11.73831134
20927,12.77280179
20928,11.3875308
20929,6.057658554
20930,11.9755593
20931,13.36600966
20932,12.19063106
20933,6.178105985
20934,4.852099321
20935,14.07163952
20936,8.112522041
20937,6.907597319
20938,8.619255322
20939,10.43592312
20940,12.83921005
20941,7.141773599
20942,10.98269705
20943,10.84010392
20944,8.053464433
20945,5.848402521
20946,7.789082698
20947,10.52285971
20948,10.94133692
20949,6.748476686
20950,11.63994865
20951,10.68756696
20952,7.543681378
20953,10.53340882
20954,8.721625343
20955,11.72348281
20956,11.67251739
20957,8.255225243
20958,12.3832202
20959,12.31682031
20960,11.57020258
20961,12.04905668
20962,9.855488519
20963,8.645952477
20964,9.25069251
20965,15.28687451
20966,9.917541953
20967,8.621160161
20968,15.40164054
20969,6.502921455
20970,12.8064811
20971,11.93204563
20972,7.121111492
20973,9.922386304
20974,5.952234102
20975,10.71089242
20976,9.197630344
20977,8.71105084
20978,7.670951958
20979,5.634081406
20980,6.726054564
20981,9.244179101
20982,13.0721203
20983,10.64434511
20984,10.9446733
20985,7.859815547
20986,10.3104605
20987,12.50901236
20988,11.39337492
20989,10.74695842
20990,10.09200285
20991,12.12352123
20992,11.29471049
20993,9.886826901
20994,8.171062573
20995,15.74268411
20996,7.848038418
20997,6.856832897
20998,5.295539485
20999,14.29718684
21000,9.949794693
21001,10.87865301
21002,10.09431093
21003,9.084743647
21004,9.305100893
21005,9.744024089
21006,11.11949259
21007,9.854552275
21008,8.009145201
21009,9.829483487
21010,7.992444705
21011,9.478714487
21012,9.98518542
21013,10.56494789
21014,10.74576756
21015,17.29002752
21016,11.45167916
21017,9.830087355
21018,11.85475408
21019,11.93166689
21020,11.49322907
21021,8.697023206
21022,11.11606288
21023,6.493767118
21024,10.42577433
21025,7.531981519
21026,8.788040976
21027,9.949806237
21028,5.751687725
21029,12.21715317
21030,5.662749039
21031,6.760754019
21032,8.791004121
21033,7.742776719
21034,7.533278551
21035,7.729074297
21036,9.660050587
21037,8.934822844
21038,9.099291058
21039,8.820978177
21040,4.58897417
21041,14.67451999
21042,12.45285889
21043,12.5075395
21044,11.49427774
21045,6.934848718
21046,9.712867669
21047,11.90422265
21048,11.63792041
21049,11.68387078
21050,10.59571791
21051,11.19462238
21052,11.93224758
21053,12.25585297
21054,7.779207992
21055,8.998190242
21056,9.014368503
21057,12.45203753
21058,10.77685071
21059,7.326367145
21060,5.030950305
21061,7.90182194
21062,12.01088261
21063,6.554466821
21064,8.587948696
21065,8.031244882
21066,12.19093396
21067,11.59827012
21068,10.96123382
21069,8.597991543
21070,11.01839197
21071,9.525650934
21072,8.608238389
21073,16.04132592
21074,10.96957482
21075,10.44811783
21076,10.10713547
21077,12.61514235
21078,7.744776186
21079,11.55815388
21080,11.22504853
21081,10.70088436
21082,6.788839468
21083,11.40850221
21084,8.936543391
21085,7.140092661
21086,8.914911293
21087,12.3073101
21088,11.13839228
21089,10.09832451
21090,7.352704606
21091,11.67261619
21092,12.34872667
21093,7.448849745
21094,11.2003592
21095,11.33325679
21096,8.83681093
21097,10.42009284
21098,11.36409333
21099,12.34419291
21100,10.76124025
21101,14.71329294
21102,9.635744538
21103,13.28153447
21104,8.926469425
21105,10.98990661
21106,12.01711257
21107,7.474932452
21108,9.130422026
21109,11.15766992
21110,10.92749029
21111,6.126148968
21112,9.643997134
21113,11.74455947
21114,10.29508084
21115,10.27933918
21116,8.422230592
21117,9.491352378
21118,8.955895879
21119,10.63079034
21120,6.027427397
21121,11.12131794
21122,11.11899674
21123,7.603474448
21124,12.5947545
21125,8.030010548
21126,7.15146641
21127,9.697467205
21128,11.93941745
21129,11.25166055
21130,11.77130231
21131,10.52442383
21132,12.0261046
21133,11.8887934
21134,10.87788592
21135,10.58506963
21136,11.18640975
21137,13.21772159
21138,14.55530584
21139,9.323602527
21140,8.941121639
21141,8.488509616
21142,9.673555911
21143,8.544654782
21144,9.485127017
21145,10.5768026
21146,6.728079281
21147,9.467001175
21148,5.942891272
21149,9.682169013
21150,9.985475793
21151,11.74722461
21152,11.14428795
21153,12.0119955
21154,11.97379718
21155,9.571273736
21156,9.086379943
21157,10.16969969
21158,11.27733209
21159,10.624741
21160,13.48423038
21161,11.64626426
21162,11.31811325
21163,11.31830867
21164,9.030787419
21165,8.633280697
21166,12.60037968
21167,10.87011127
21168,9.718826305
21169,11.24371631
21170,9.626023262
21171,7.231693748
21172,8.390309332
21173,10.60331623
21174,11.84622994
21175,7.421123964
21176,11.558896
21177,12.37115667
21178,7.708110879
21179,11.53491004
21180,8.328105206
21181,7.674375419
21182,10.1906692
21183,5.734532993
21184,7.785756439
21185,9.625348356
21186,9.442359344
21187,8.420772175
21188,10.1306048
21189,11.3914851
21190,8.363270868
21191,7.830853359
21192,10.27314465
21193,8.934532945
21194,8.867558383
21195,10.06547218
21196,6.088146685
21197,11.27855389
21198,11.48754595
21199,10.83284996
21200,11.41379572
21201,5.852894104
21202,15.26857439
21203,5.879239269
21204,4.205702755
21205,12.11509413
21206,5.598797046
21207,10.30675241
21208,11.26576706
21209,8.888261421
21210,7.508923929
21211,12.30271761
21212,10.87583328
21213,12.34235576
21214,6.902576332
21215,10.59718605
21216,12.7582065
21217,10.22657504
21218,6.690951948
21219,8.379267554
21220,12.18176157
21221,15.27115494
21222,8.257579551
21223,8.175952333
21224,6.184106525
21225,10.25358452
21226,10.01732753
21227,10.0394066
21228,8.777039546
21229,7.966230347
21230,10.28862668
21231,11.31793315
21232,4.543237632
21233,10.24821107
21234,6.608301936
21235,9.009827951
21236,12.76578349
21237,6.707063901
21238,9.284667172
21239,5.641821437
21240,8.606217092
21241,8.872689584
21242,15.93607216
21243,10.36822279
21244,6.315750837
21245,9.598020475
21246,7.11745396
21247,8.975860082
21248,6.612204439
21249,12.52134896
21250,6.502763119
21251,6.967466977
21252,12.60731511
21253,5.75413629
21254,15.85256399
21255,10.80821755
21256,9.105736838
21257,14.42370555
21258,6.913942448
21259,7.970093158
21260,14.73607249
21261,10.98519845
21262,9.209498398
21263,4.288381754
21264,11.05642359
21265,9.49501011
21266,14.7851975
21267,8.337659242
21268,10.48637441
21269,9.53790884
21270,13.17126504
21271,10.02031752
21272,6.948343501
21273,10.18412832
21274,5.504301399
21275,6.755898116
21276,9.234430415
21277,8.759558081
21278,6.355270256
21279,7.948405365
21280,11.51626931
21281,10.88840938
21282,8.354710741
21283,13.50576583
21284,11.43413166
21285,7.452562299
21286,6.883736006
21287,11.42231513
21288,8.066774656
21289,8.677112769
21290,9.048529295
21291,8.497881258
21292,6.696797043
21293,11.39347355
21294,10.58623692
21295,5.76653602
21296,8.00855844
21297,11.28077352
21298,8.590620736
21299,12.23156491
21300,10.15803973
21301,12.17032073
21302,6.386206622
21303,9.93123608
21304,17.67602611
21305,10.10212757
21306,13.04262351
21307,13.44382348
21308,10.44567254
21309,8.622466943
21310,10.15427701
21311,6.928617807
21312,9.782665308
21313,5.579949661
21314,10.64610016
21315,10.88088315
21316,13.89865639
21317,10.08800182
21318,8.789212605
21319,10.68421332
21320,6.603717631
21321,10.57837022
21322,17.33130752
21323,11.01621147
21324,13.36833642
21325,11.25393922
21326,14.30662754
21327,8.455908617
21328,16.09870673
21329,7.191043811
21330,11.67495597
21331,12.39375193
21332,8.479948789
21333,12.89750689
21334,11.85815865
21335,6.991119561
21336,12.58227307
21337,12.7103668
21338,10.53316236
21339,9.961884429
21340,11.03224321
21341,6.5709136
21342,7.632809787
21343,5.4007873
21344,12.2858576
21345,9.115954586
21346,8.376920343
21347,15.92253165
21348,9.477605385
21349,10.66346345
21350,11.53962191
21351,10.63072405
21352,11.4376708
21353,13.45142937
21354,11.06752501
21355,7.139464759
21356,4.067321666
21357,9.450093715
21358,12.30385922
21359,11.21275988
21360,9.866373048
21361,11.11761148
21362,11.66392738
21363,11.02152332
21364,8.652686135
21365,16.9530165
21366,11.79406803
21367,8.077710279
21368,7.41632084
21369,10.43010343
21370,10.32915177
21371,8.7467188
21372,12.45000834
21373,11.15548707
21374,7.539742882
21375,10.75265938
21376,11.37545097
21377,11.53208289
21378,10.61994508
21379,9.888377397
21380,11.82871714
21381,10.72089141
21382,10.01610031
21383,12.69787916
21384,7.446548924
21385,11.17234402
21386,11.32234945
21387,9.85461467
21388,11.1482812
21389,10.2116126
21390,7.771279687
21391,11.94424079
21392,4.724317405
21393,13.48507334
21394,10.15752744
21395,6.831152042
21396,6.496959903
21397,8.489695596
21398,13.78402143
21399,9.850255125
21400,8.512728269
21401,10.50354307
21402,8.867510985
21403,9.61837353
21404,12.2080312
21405,9.015393511
21406,12.37317483
21407,8.346296808
21408,5.512345913
21409,10.65065108
21410,13.42209748
21411,6.688612641
21412,8.902501131
21413,11.08914341
21414,8.586451291
21415,10.19774857
21416,7.298992059
21417,8.234027894
21418,8.230922979
21419,14.37548888
21420,11.94920129
21421,10.82451142
21422,12.67789196
21423,10.73544691
21424,10.07073977
21425,6.295666257
21426,9.318209733
21427,6.648839747
21428,7.749837117
21429,10.23372334
21430,9.03620348
21431,11.11869689
21432,12.88604919
21433,12.66595695
21434,12.62731039
21435,9.405848642
21436,8.776359484
21437,11.06749715
21438,13.15086764
21439,10.75222146
21440,10.29753809
21441,10.6276309
21442,11.02707335
21443,9.617306765
21444,7.56099679
21445,12.01732578
21446,11.69570452
21447,8.40320242
21448,6.725722483
21449,5.276293612
21450,4.814937656
21451,10.00056054
21452,10.02010094
21453,5.682478433
21454,13.92155558
21455,12.03495504
21456,8.946289777
21457,9.957430962
21458,8.917004612
21459,7.202403032
21460,13.02027618
21461,11.54342723
21462,13.33204554
21463,7.592759501
21464,10.0476294
21465,8.688605037
21466,7.709713367
21467,13.02871374
21468,19.74271712
21469,6.740160247
21470,11.97902643
21471,9.338969218
21472,8.582725983
21473,8.105240025
21474,8.68847793
21475,5.805291184
21476,8.281323197
21477,10.98188551
21478,13.05862657
21479,11.11427244
21480,10.02004004
21481,9.188362579
21482,11.92752883
21483,13.37787435
21484,12.38488488
21485,11.17289985
21486,11.71258032
21487,12.92577863
21488,7.203473394
21489,8.551713968
21490,9.543233665
21491,7.594767232
21492,11.94176077
21493,9.518141437
21494,13.43477792
21495,10.54220551
21496,11.66796484
21497,11.92308958
21498,11.80925037
21499,10.85261599
21500,6.745946951
21501,9.526612994
21502,7.59421826
21503,6.78330866
21504,10.89514626
21505,12.94806355
21506,10.20235216
21507,7.655116711
21508,10.82110876
21509,6.351796256
21510,6.605238139
21511,13.78858698
21512,5.56207896
21513,8.190472247
21514,7.458417338
21515,6.812896644
21516,10.66806895
21517,9.399923838
21518,6.512959402
21519,12.15157492
21520,11.72255107
21521,5.888712525
21522,9.114932092
21523,14.65428961
21524,14.53588354
21525,11.17704896
21526,9.816717944
21527,9.875630838
21528,9.14656419
21529,11.84456537
21530,8.027434199
21531,11.74152804
21532,13.86428943
21533,11.6070184
21534,13.89483208
21535,10.47085793
21536,12.42438399
21537,8.034690489
21538,13.26631219
21539,8.888291064
21540,6.904442713
21541,13.40849472
21542,10.35288923
21543,7.881726059
21544,14.28506214
21545,11.88266409
21546,10.43384524
21547,8.783155392
21548,11.90230268
21549,12.20496006
21550,14.40347869
21551,6.40487031
21552,11.07524246
21553,10.64542976
21554,9.159329251
21555,9.60812577
21556,12.95595614
21557,6.16824081
21558,11.67611732
21559,11.20577483
21560,8.932968793
21561,11.76847555
21562,11.12924726
21563,12.49388346
21564,8.069331688
21565,9.423348267
21566,7.807901023
21567,11.25804297
21568,10.84448543
21569,12.93886753
21570,13.37097095
21571,12.34232846
21572,12.14316769
21573,6.214599476
21574,11.35493404
21575,5.77328801
21576,10.2373666
21577,9.391398493
21578,10.46148702
21579,9.000339231
21580,12.46787351
21581,11.98462136
21582,11.98967719
21583,9.165577593
21584,8.895946654
21585,13.09846894
21586,9.606535194
21587,9.861084443
21588,11.45914549
21589,9.767227988
21590,11.55136756
21591,4.533459403
21592,6.860304006
21593,11.72074977
21594,7.690515312
21595,12.37100298
21596,10.95104311
21597,10.12092106
21598,10.88930922
21599,11.06833294
21600,6.890126062
21601,9.618372921
21602,11.65339159
21603,10.36976589
21604,12.37034126
21605,11.75997274
21606,14.37899104
21607,10.21111311
21608,12.07353034
21609,12.00159951
21610,12.72107754
21611,12.77797503
21612,9.868717231
21613,9.593114283
21614,8.754195985
21615,11.44970498
21616,8.426301126
21617,11.51202413
21618,7.477407315
21619,11.47958601
21620,12.74729998
21621,11.51243935
21622,11.37058763
21623,10.38007066
21624,11.14748929
21625,11.28765946
21626,7.893439984
21627,9.224476388
21628,7.536536944
21629,5.577556278
21630,10.66143694
21631,10.68100495
21632,6.563265499
21633,11.48751639
21634,15.04410798
21635,10.18051104
21636,12.47407575
21637,6.962877688
21638,10.88462673
21639,8.082149083
21640,8.159713223
21641,7.163646585
21642,10.79216797
21643,7.703902299
21644,8.895754405
21645,6.172481335
21646,7.616867217
21647,9.626734296
21648,9.413140833
21649,11.39887907
21650,15.15477078
21651,9.010688464
21652,9.35553128
21653,16.18186126
21654,5.857602431
21655,5.157225831
21656,10.84885812
21657,12.18257788
21658,12.10584284
21659,5.508881048
21660,12.90252441
21661,9.433776711
21662,10.0933082
21663,7.131798046
21664,10.06043295
21665,7.037267112
21666,12.08708483
21667,7.523400705
21668,7.799592617
21669,7.852498499
21670,10.33201204
21671,7.656433389
21672,12.15694688
21673,8.916917166
21674,7.862271008
21675,13.90829251
21676,7.805948024
21677,10.06632372
21678,5.558169561
21679,9.494402047
21680,11.61700083
21681,9.732975703
21682,11.14883231
21683,8.063485395
21684,14.98299073
21685,6.502868676
21686,4.687426383
21687,6.857269417
21688,7.340899085
21689,11.34034319
21690,13.92500477
21691,10.98347793
21692,9.31176713
21693,9.687324066
21694,11.06377058
21695,7.911585928
21696,5.492882504
21697,5.586261906
21698,9.216304767
21699,11.98270319
21700,10.56272342
21701,6.624041242
21702,15.69453034
21703,8.803035527
21704,7.432238213
21705,10.56475712
21706,14.30692346
21707,6.927673215
21708,12.0653051
21709,9.498082957
21710,13.02937016
21711,8.451892127
21712,13.87982537
21713,12.28034796
21714,11.71810905
21715,7.464817485
21716,9.694227635
21717,6.970757444
21718,10.78903804
21719,11.62294906
21720,6.977058478
21721,8.233314225
21722,9.082431775
21723,10.75305149
21724,8.964207985
21725,9.174311557
21726,8.328648883
21727,3.811040746
21728,7.350650688
21729,6.94986177
21730,5.47034118
21731,10.45721473
21732,11.78393394
21733,13.89075833
21734,10.72117898
21735,11.30440974
21736,9.092884185
21737,12.68050463
21738,8.101809754
21739,8.18384958
21740,12.11887898
21741,12.23036234
21742,12.26801989
21743,9.584921452
21744,10.32809363
21745,10.41892177
21746,7.252373347
21747,8.974555703
21748,7.778363741
21749,12.74085395
21750,10.08040036
21751,11.14481735
21752,4.58897417
21753,8.307954708
21754,10.46406359
21755,9.538688999
21756,19.4662991
21757,11.46363497
21758,10.44794702
21759,12.19169278
21760,8.541403303
21761,12.10275168
21762,9.288882751
21763,7.738451975
21764,9.605578094
21765,6.766258201
21766,8.397359096
21767,13.46925934
21768,7.718391077
21769,7.489832242
21770,8.35914635
21771,11.57003141
21772,12.09721457
21773,9.355866702
21774,8.376955501
21775,13.4871068
21776,6.022899571
21777,11.78727419
21778,8.293865287
21779,4.456356411
21780,5.506788952
21781,12.10345428
21782,6.25641378
21783,12.8088798
21784,10.51220994
21785,9.20136602
21786,8.208892248
21787,11.47860329
21788,13.00165403
21789,12.07376898
21790,6.877735467
21791,11.31288115
21792,8.722588633
21793,5.150198245
21794,11.07515388
21795,8.699566027
21796,10.91193597
21797,9.800645462
21798,10.96846255
21799,11.04804684
21800,10.16040841
21801,11.24219452
21802,8.788245445
21803,4.467722035
21804,5.672837853
21805,12.67460198
21806,15.06724996
21807,9.242795683
21808,8.223572908
21809,8.591741637
21810,7.662525306
21811,11.28829636
21812,11.01947887
21813,9.314834395
21814,11.41391059
21815,9.141012251
21816,8.935092118
21817,9.716037302
21818,10.37198173
21819,8.878835624
21820,11.98543266
21821,10.55447791
21822,11.03117253
21823,9.3738603
21824,6.001650624
21825,12.79295228
21826,12.54674237
21827,8.910194627
21828,7.464052578
21829,8.805430589
21830,10.03085569
21831,10.83048599
21832,11.82569071
21833,10.48556074
21834,10.1035095
21835,9.489040567
21836,11.45604734
21837,9.136327045
21838,8.19072877
21839,19.06383005
21840,11.23993171
21841,9.598821314
21842,12.27183181
21843,9.140174049
21844,9.567237315
21845,13.02747321
21846,7.274544411
21847,10.77898149
21848,9.393802964
21849,11.89091952
21850,10.02390862
21851,9.925768792
21852,12.15197551
21853,11.3249974
21854,13.88014268
21855,13.35799352
21856,8.377733347
21857,6.778651992
21858,11.42296463
21859,5.668041625
21860,6.012438585
21861,10.51407555
21862,6.996485138
21863,10.53904193
21864,10.40990463
21865,10.6283411
21866,9.726865066
21867,11.76530995
21868,13.73858232
21869,13.76844928
21870,8.931301921
21871,12.01260821
21872,11.36965304
21873,6.139653228
21874,11.46565759
21875,12.92327919
21876,6.058368583
21877,6.390163188
21878,10.7294834
21879,7.162673929
21880,13.38453231
21881,11.50312121
21882,12.72016504
21883,12.49886885
21884,12.74522669
21885,6.857421977
21886,5.841817886
21887,9.448667444
21888,8.528786742
21889,9.15990463
21890,11.10399543
21891,11.91541899
21892,6.914358591
21893,9.409809139
21894,11.85270134
21895,9.645482045
21896,10.20414653
21897,12.2796055
21898,9.501600508
21899,10.2168469
21900,4.648934638
21901,12.72258023
21902,11.1162134
21903,8.729432031
21904,9.893313683
21905,7.140029036
21906,11.92779967
21907,7.847132021
21908,8.531149287
21909,9.00174221
21910,14.12883117
21911,9.718586262
21912,6.722608147
21913,15.67056712
21914,9.018267043
21915,9.693598054
21916,6.333373588
21917,11.73134507
21918,9.732940416
21919,7.155641059
21920,13.16801766
21921,9.289821184
21922,7.846869394
21923,16.49544398
21924,6.202430006
21925,9.633989094
21926,11.00862159
21927,10.84664684
21928,8.842802669
21929,4.645467534
21930,8.540869241
21931,8.423925972
21932,8.770498158
21933,9.765475667
21934,8.642984482
21935,9.674381838
21936,10.831809
21937,7.491354034
21938,10.45613428
21939,7.872850945
21940,10.50596596
21941,6.714833948
21942,9.069981226
21943,9.695179774
21944,8.282505988
21945,9.348185834
21946,9.071467566
21947,9.445941341
21948,8.282126112
21949,13.63624319
21950,7.009770415
21951,9.021031245
21952,5.081351199
21953,7.974946401
21954,12.56202017
21955,12.76514312
21956,4.154819074
21957,11.38281347
21958,14.05148686
21959,12.73270514
21960,6.626508582
21961,7.691163591
21962,10.99489576
21963,7.399107139
21964,4.714579119
21965,11.27537397
21966,10.45483228
21967,10.13026983
21968,7.156315801
21969,14.973169
21970,10.04718103
21971,9.896393992
21972,9.06262216
21973,6.782157128
21974,12.80307017
21975,11.98630651
21976,10.74923071
21977,7.372244224
21978,10.3583121
21979,12.15468748
21980,10.60871709
21981,8.273538152
21982,10.76385228
21983,11.09086594
21984,15.2025192
21985,13.82869814
21986,8.190202888
21987,11.21701423
21988,11.43471063
21989,10.3019498
21990,10.49593946
21991,10.42276586
21992,6.107749982
21993,4.630932064
21994,7.290582898
21995,12.20765618
21996,13.81484197
21997,12.72182978
21998,10.25544227
21999,10.80350518
22000,10.77167559
22001,9.429673743
22002,11.42525952
22003,9.72061776
22004,8.283984806
22005,11.84342681
22006,9.076917479
22007,9.442760435
22008,11.0692501
22009,12.39076549
22010,6.503588181
22011,10.02690154
22012,8.964349639
22013,11.09904998
22014,9.361486746
22015,9.486577005
22016,6.884596209
22017,7.922913276
22018,11.11747657
22019,10.62531531
22020,8.194425112
22021,11.96045546
22022,6.509403277
22023,8.360706624
22024,11.22324735
22025,11.12938909
22026,8.352427966
22027,9.041656167
22028,7.471173209
22029,7.781886983
22030,11.5769935
22031,11.74305082
22032,12.96546841
22033,10.93356381
22034,10.70143442
22035,12.03750134
22036,8.974856508
22037,8.232685148
22038,11.27568644
22039,10.07133409
22040,12.66799195
22041,13.31811953
22042,11.95915966
22043,9.738817353
22044,11.83477396
22045,8.277532191
22046,8.384986156
22047,11.67722084
22048,12.02073165
22049,7.441977455
22050,9.899317418
22051,11.51818351
22052,12.59614109
22053,15.52183627
22054,11.91854005
22055,11.28750736
22056,11.45803322
22057,7.115775907
22058,11.17680062
22059,12.35106876
22060,12.56540016
22061,8.257157238
22062,7.471685123
22063,10.96819244
22064,11.4581093
22065,7.973763525
22066,8.119314984
22067,9.731404102
22068,11.05698462
22069,10.86812168
22070,13.55341497
22071,10.38749577
22072,10.69311624
22073,6.414106627
22074,10.29805564
22075,6.003071515
22076,8.434699193
22077,7.190991033
22078,6.38330791
22079,14.76401437
22080,13.60059819
22081,10.68961785
22082,10.26770805
22083,12.27990723
22084,12.12191538
22085,6.609060756
22086,9.486966857
22087,8.91325218
22088,6.066729785
22089,10.01363871
22090,9.778871138
22091,6.296419138
22092,11.61737434
22093,10.38763406
22094,8.50205601
22095,10.10146693
22096,6.347714877
22097,17.01118723
22098,10.86729822
22099,8.893475769
22100,8.577497727
22101,9.244518171
22102,9.288842808
22103,10.90154414
22104,12.89068372
22105,10.77704613
22106,8.849878902
22107,14.04972579
22108,7.965549752
22109,8.303470579
22110,8.559554962
22111,12.69555073
22112,9.981777958
22113,16.16104088
22114,16.19410538
22115,11.77159764
22116,8.843195886
22117,11.54895414
22118,13.45794603
22119,5.347276563
22120,9.358819306
22121,8.657755508
22122,9.4380074
22123,5.338602699
22124,10.0896648
22125,7.931368156
22126,9.302341523
22127,11.58841325
22128,10.25178375
22129,1.602510307
22130,10.11924236
22131,11.39183658
22132,7.736556497
22133,8.281287405
22134,13.67602633
22135,8.300992535
22136,10.10734636
22137,7.070984271
22138,8.513138557
22139,7.258791794
22140,11.22698578
22141,9.856893356
22142,5.782758039
22143,11.23083331
22144,13.74211328
22145,11.54135291
22146,10.91988106
22147,8.359104946
22148,11.35630209
22149,8.562134196
22150,6.91211825
22151,5.840946613
22152,9.966507154
22153,10.07003373
22154,8.936321374
22155,9.270894783
22156,8.651209186
22157,11.40527207
22158,10.83944199
22159,7.214000804
22160,9.667896535
22161,13.69831232
22162,12.89804595
22163,6.871806007
22164,12.50221288
22165,13.15790741
22166,7.295450206
22167,11.35028681
22168,8.953458615
22169,6.569404643
22170,8.197342125
22171,11.2598742
22172,11.62084026
22173,8.799616777
22174,5.932048621
22175,9.617041588
22176,11.55645179
22177,15.21233197
22178,11.1346385
22179,5.214823232
22180,5.464698065
22181,7.364279116
22182,6.521313546
22183,11.14777798
22184,8.461314138
22185,6.692530219
22186,13.03829559
22187,10.02051631
22188,7.397345135
22189,10.85269812
22190,8.327110834
22191,7.651169949
22192,9.529010272
22193,11.840613
22194,11.86008824
22195,11.23595074
22196,11.65085094
22197,11.21480259
22198,10.35468198
22199,10.44100973
22200,8.315808793
22201,10.38550733
22202,6.800823056
22203,5.960048244
22204,6.371222917
22205,8.84800041
22206,9.073024341
22207,7.514183809
22208,14.29657289
22209,11.46807905
22210,12.29001422
22211,11.79348161
22212,8.607941259
22213,9.480959865
22214,9.643968578
22215,7.043103851
22216,9.992225177
22217,7.017780924
22218,7.330232906
22219,9.482338318
22220,8.901299223
22221,8.459856194
22222,10.95777134
22223,15.83966647
22224,13.91311114
22225,8.073460947
22226,11.15646095
22227,15.42002223
22228,8.78415056
22229,12.70593203
22230,10.82448104
22231,12.2497217
22232,12.42555598
22233,14.61783157
22234,6.946411202
22235,10.39225452
22236,10.60807221
22237,10.91290097
22238,9.523120555
22239,11.61014554
22240,7.385407067
22241,10.17023519
22242,11.34250962
22243,9.934654428
22244,9.964756251
22245,16.40832579
22246,12.00721516
22247,12.44423721
22248,8.168256163
22249,7.992167471
22250,9.444225725
22251,12.0689875
22252,6.970810222
22253,13.70614508
22254,9.386175642
22255,11.37875505
22256,7.397340626
22257,11.85294435
22258,10.32604114
22259,7.872368483
22260,10.15070887
22261,7.051915035
22262,9.959876004
22263,6.734971307
22264,13.22618942
22265,12.73042811
22266,5.557057972
22267,7.815441655
22268,5.559088155
22269,12.36291131
22270,10.89283854
22271,7.174992489
22272,11.35202565
22273,6.928524757
22274,8.399825153
22275,12.36624721
22276,9.861342444
22277,9.123676731
22278,10.62004251
22279,11.88300899
22280,10.92921745
22281,7.77748114
22282,8.870688579
22283,6.315030048
22284,11.81551125
22285,10.29585864
22286,6.871806007
22287,9.374548491
22288,11.11770756
22289,11.94078204
22290,8.322179592
22291,9.88458188
22292,12.37795245
22293,10.20645823
22294,15.84380063
22295,11.18102879
22296,11.87890673
22297,14.09993636
22298,12.59618823
22299,7.973904369
22300,12.16741162
22301,9.447733216
22302,7.354010469
22303,13.80182782
22304,13.33595097
22305,6.750853447
22306,11.03805172
22307,15.76247708
22308,9.724575342
22309,9.516995202
22310,12.46933782
22311,10.1521719
22312,11.28370289
22313,11.84104019
22314,7.858010752
22315,13.93079836
22316,13.88830847
22317,6.863515238
22318,11.4676557
22319,10.27092623
22320,9.217572843
22321,11.32420652
22322,12.40643236
22323,7.819681371
22324,7.147332799
22325,11.47235276
22326,9.859299931
22327,12.81160319
22328,9.088749352
22329,11.50737421
22330,9.302613152
22331,15.98091868
22332,9.697654796
22333,7.233326563
22334,8.218824638
22335,8.853090688
22336,11.3442125
22337,10.50373689
22338,5.901772414
22339,10.33335359
22340,8.550814163
22341,13.45461063
22342,13.09215047
22343,8.116347159
22344,12.14829869
22345,9.533770026
22346,9.497104414
22347,12.41898598
22348,11.38999364
22349,11.78600617
22350,8.186796414
22351,7.24362071
22352,8.718582484
22353,15.47857665
22354,11.2124427
22355,6.985335097
22356,13.44446696
22357,6.577054984
22358,9.398386543
22359,13.66064675
22360,13.19483983
22361,11.60852751
22362,7.134034687
22363,12.19806614
22364,7.359157227
22365,12.19041764
22366,7.579434282
22367,10.97712109
22368,8.349909856
22369,9.475550876
22370,8.01060962
22371,5.497189271
22372,9.118257955
22373,9.791622803
22374,9.786292124
22375,13.0091721
22376,10.13598675
22377,13.95400399
22378,9.969931485
22379,8.808548966
22380,7.622091949
22381,9.506016751
22382,9.461383371
22383,12.77275397
22384,18.59707432
22385,7.892827473
22386,11.26172581
22387,8.323600787
22388,11.02611625
22389,9.696990883
22390,14.49903377
22391,10.09954261
22392,8.902050169
22393,6.109363266
22394,10.34369941
22395,10.06951752
22396,11.61073914
22397,11.32057149
22398,13.68635113
22399,6.300376659
22400,9.898257847
22401,10.60880485
22402,9.35317159
22403,11.61407403
22404,10.27021466
22405,8.281714734
22406,11.72729447
22407,7.128444351
22408,10.49716882
22409,12.01079455
22410,11.11512069
22411,9.205593655
22412,9.480463454
22413,13.60288617
22414,11.15174001
22415,11.59999801
22416,9.943732934
22417,13.75371302
22418,10.4352386
22419,9.435866591
22420,10.97317839
22421,11.81151314
22422,13.84321687
22423,12.3790079
22424,11.05794172
22425,10.30859558
22426,11.11484077
22427,9.744838293
22428,10.08968515
22429,10.80151517
22430,10.62141874
22431,10.73358172
22432,5.700308071
22433,11.38355971
22434,8.910698057
22435,9.636049183
22436,8.088754258
22437,8.738869676
22438,5.599817825
22439,8.571856852
22440,7.10729793
22441,15.11739178
22442,6.308530734
22443,8.413631959
22444,7.795567465
22445,12.54354192
22446,11.60269062
22447,11.41882136
22448,12.66889993
22449,13.30235872
22450,9.214086342
22451,7.363167527
22452,5.825159183
22453,7.246216547
22454,12.08303908
22455,10.90193539
22456,10.44680838
22457,5.377319203
22458,10.6684713
22459,7.673986858
22460,10.06062721
22461,8.32874836
22462,7.442017398
22463,10.51768614
22464,10.79577992
22465,10.1651693
22466,6.78834535
22467,12.54410211
22468,8.154548269
22469,14.19056067
22470,10.82774925
22471,12.72432636
22472,9.440033578
22473,8.235992205
22474,11.85200305
22475,9.612599607
22476,12.23916397
22477,11.53388606
22478,5.732441852
22479,9.499952112
22480,9.593316968
22481,9.451246762
22482,12.9040526
22483,9.810606382
22484,17.25252822
22485,4.814540289
22486,13.38591565
22487,12.02803269
22488,9.627238419
22489,7.51577186
22490,11.72062819
22491,9.841747776
22492,11.14264596
22493,7.348012169
22494,8.758759402
22495,6.534812985
22496,14.54575353
22497,9.358700524
22498,10.69333907
22499,11.00355774
22500,12.14518459
22501,10.99876443
22502,11.76009534
22503,5.766799439
22504,7.559694291
22505,9.046996712
22506,10.85596161
22507,9.480313663
22508,6.722348101
22509,9.307289916
22510,16.42869282
22511,9.094141976
22512,14.16485071
22513,5.624488948
22514,10.35373612
22515,12.39158665
22516,12.04862837
22517,6.642959512
22518,12.00454685
22519,11.50922776
22520,7.996107197
22521,7.051578529
22522,7.904575729
22523,11.17905655
22524,13.74468991
22525,9.382261483
22526,11.87795296
22527,5.222068026
22528,10.93292265
22529,9.472539665
22530,6.507848437
22531,8.763837624
22532,8.151681796
22533,7.49126194
22534,9.024750722
22535,6.812876914
22536,6.9133731
22537,9.559035671
22538,10.85910278
22539,8.403441926
22540,9.678422661
22541,7.975414135
22542,8.271911527
22543,11.45956904
22544,7.580735971
22545,9.460620145
22546,8.825127332
22547,7.078069195
22548,13.39541392
22549,12.87458956
22550,9.680545978
22551,12.79272752
22552,9.845858363
22553,8.578327847
22554,8.062117282
22555,11.43768835
22556,11.67243392
22557,9.819321681
22558,10.5923329
22559,10.30789531
22560,11.08685194
22561,10.37832175
22562,9.105380168
22563,7.927762284
22564,8.242203135
22565,6.517892325
22566,12.8989034
22567,14.01714136
22568,8.667087236
22569,5.355805554
22570,9.981743092
22571,8.399047885
22572,12.77601413
22573,6.533452274
22574,10.04626631
22575,9.589249178
22576,6.721454539
22577,13.72220261
22578,6.699329522
22579,7.589885013
22580,11.65256517
22581,6.606382776
22582,11.64830826
22583,7.104848245
22584,8.383199826
22585,11.6669838
22586,8.075451186
22587,7.897925376
22588,7.790096331
22589,11.80112371
22590,8.681035508
22591,13.66494835
22592,10.87631457
22593,5.047524928
22594,12.5810491
22595,10.10855611
22596,13.08155248
22597,8.887026216
22598,8.115573002
22599,7.829569162
22600,9.468335539
22601,11.18976841
22602,10.3948025
22603,12.08815601
22604,11.19243776
22605,12.02760679
22606,11.23571881
22607,10.40958589
22608,9.883191516
22609,7.947012812
22610,9.599098791
22611,10.07622473
22612,11.25920314
22613,9.880861648
22614,11.70695035
22615,10.45895484
22616,12.70935896
22617,10.60820839
22618,14.36212787
22619,5.454740004
22620,14.89589499
22621,11.43920226
22622,6.915340382
22623,7.816415016
22624,12.4251617
22625,7.457429912
22626,8.98261473
22627,9.136075178
22628,12.60442075
22629,12.0803919
22630,9.929408832
22631,6.683856355
22632,7.670365119
22633,7.547821727
22634,12.93055846
22635,11.09438593
22636,11.85862199
22637,11.99278337
22638,9.179876302
22639,9.546918359
22640,11.80714763
22641,6.835145355
22642,7.160200021
22643,12.38556351
22644,9.774574048
22645,6.518249749
22646,11.87657128
22647,6.522114549
22648,9.160584551
22649,11.55758454
22650,13.93184366
22651,6.648837818
22652,10.80897586
22653,10.98958764
22654,6.587798974
22655,8.509494281
22656,8.528792932
22657,9.787091446
22658,5.730358891
22659,14.57652582
22660,7.284887813
22661,8.005120269
22662,8.998729373
22663,6.637598591
22664,12.02812126
22665,6.076992328
22666,6.71323227
22667,4.930149473
22668,11.23762275
22669,11.41645877
22670,9.913747058
22671,8.955489522
22672,6.922307638
22673,6.446874087
22674,7.591215258
22675,7.130394647
22676,7.233824832
22677,8.233934277
22678,11.16264233
22679,6.520963017
22680,10.61284764
22681,6.637990715
22682,7.472971309
22683,15.42033357
22684,7.658986167
22685,12.0098752
22686,11.78708278
22687,10.2885914
22688,11.25642308
22689,12.50600515
22690,7.180300631
22691,6.779498878
22692,10.84283166
22693,10.85323744
22694,8.622922859
22695,11.91584013
22696,13.76559421
22697,9.245175633
22698,11.40148683
22699,10.98175714
22700,9.184829264
22701,9.659628504
22702,12.83534796
22703,11.20792024
22704,8.195558849
22705,12.02887849
22706,5.010056707
22707,9.542885607
22708,10.09707726
22709,10.78667466
22710,14.23964267
22711,6.973599225
22712,10.70878161
22713,11.76174018
22714,9.150738511
22715,12.42306251
22716,6.283685719
22717,4.569106171
22718,8.110536457
22719,10.90406698
22720,8.9220943
22721,9.827697096
22722,6.675281481
22723,7.489054974
22724,10.70176157
22725,12.03997573
22726,10.28652157
22727,11.57878987
22728,10.53283129
22729,12.27070769
22730,10.04844546
22731,11.07601375
22732,9.771772295
22733,5.294024588
22734,7.239556822
22735,8.574990541
22736,14.7546047
22737,11.06373866
22738,7.15722911
22739,11.19839494
22740,10.88007771
22741,8.816433815
22742,10.42669597
22743,10.9493543
22744,9.232016966
22745,18.61546019
22746,6.270908023
22747,6.690161541
22748,12.8776051
22749,9.449674712
22750,11.79592062
22751,9.027796614
22752,9.600756949
22753,12.81210642
22754,9.593166452
22755,10.94236459
22756,8.949066249
22757,11.77510886
22758,9.856484575
22759,7.515246934
22760,8.179194678
22761,7.871997414
22762,16.00863142
22763,16.44582014
22764,11.78092856
22765,11.05009198
22766,15.2498454
22767,9.528550875
22768,10.95425194
22769,10.0591492
22770,16.1622323
22771,8.705985758
22772,10.60847806
22773,6.816000384
22774,10.10872021
22775,8.35448816
22776,10.05473489
22777,6.019252799
22778,8.137092427
22779,10.71294138
22780,16.22154418
22781,11.86267075
22782,7.64552891
22783,7.16604461
22784,10.06902979
22785,11.83813683
22786,11.11084776
22787,11.37420573
22788,12.45122097
22789,8.904352929
22790,7.701275978
22791,6.239170982
22792,13.08145158
22793,11.492408
22794,11.10274697
22795,8.365480401
22796,7.274526919
22797,10.57491557
22798,8.992272802
22799,12.1590873
22800,6.85776449
22801,10.60726921
22802,13.42380006
22803,10.61622967
22804,13.32605883
22805,8.807247386
22806,11.8029057
22807,4.670357477
22808,12.43789431
22809,9.202495551
22810,10.73623755
22811,8.715294792
22812,7.976900093
22813,13.84577175
22814,10.71111816
22815,11.59264766
22816,16.34696112
22817,10.36636428
22818,14.56868291
22819,7.703873744
22820,11.62695216
22821,12.80138886
22822,4.332251911
22823,11.33750964
22824,7.821093966
22825,10.11430694
22826,12.73492751
22827,9.003278695
22828,11.88625136
22829,8.521229787
22830,12.73465533
22831,12.83442344
22832,9.077767487
22833,10.76040766
22834,10.59416144
22835,11.43349238
22836,6.93955912
22837,9.713796937
22838,10.98194997
22839,11.12731963
22840,10.65315113
22841,7.445511938
22842,4.974588651
22843,9.794348151
22844,8.218899869
22845,8.696283411
22846,10.55720898
22847,9.764386572
22848,14.44146362
22849,11.60957814
22850,11.3517653
22851,7.852781868
22852,13.45226297
22853,7.842988223
22854,7.918763305
22855,10.31747815
22856,5.010990375
22857,10.74032098
22858,8.630122749
22859,11.18964262
22860,10.7245719
22861,4.830227127
22862,10.15826362
22863,11.46226723
22864,11.55357869
22865,9.403506505
22866,10.35388291
22867,13.25531493
22868,5.6734611
22869,14.66294418
22870,5.729776707
22871,8.568659521
22872,11.46446166
22873,7.74618623
22874,10.61717085
22875,6.528247753
22876,7.334241131
22877,9.116544647
22878,11.78687299
22879,6.451917527
22880,7.10663474
22881,12.00180642
22882,4.904941884
22883,7.397959557
22884,7.892288452
22885,11.09947719
22886,11.70781983
22887,8.084967908
22888,4.635724264
22889,9.217289334
22890,4.717509923
22891,6.592116664
22892,9.96731873
22893,7.516931244
22894,16.53593012
22895,7.745178958
22896,8.190185397
22897,10.75912341
22898,8.167758315
22899,10.19245682
22900,11.12299906
22901,11.6750108
22902,12.04807702
22903,10.68285979
22904,11.5658188
22905,11.36157736
22906,11.53709441
22907,10.35044776
22908,10.14851365
22909,8.141296745
22910,9.898833623
22911,6.62046216
22912,12.88422776
22913,7.086026221
22914,11.50406446
22915,8.672000738
22916,13.17301769
22917,16.41346692
22918,7.805893797
22919,13.79895425
22920,10.34676167
22921,9.242702711
22922,9.610304722
22923,10.58016095
22924,10.51877405
22925,6.629008642
22926,11.23463541
22927,12.45357791
22928,9.993567619
22929,10.56921471
22930,6.770115941
22931,10.64929104
22932,8.119891447
22933,4.90005277
22934,5.734532993
22935,11.53019872
22936,9.496597291
22937,13.60950874
22938,9.247861745
22939,7.554867432
22940,10.7120092
22941,9.435834415
22942,6.549629366
22943,6.758704106
22944,10.48830868
22945,10.99949907
22946,6.111289121
22947,10.07771725
22948,9.62087715
22949,8.772159317
22950,8.79201784
22951,11.43796603
22952,11.07869204
22953,16.00041941
22954,10.01044094
22955,6.770079357
22956,11.98958139
22957,5.715644545
22958,9.363885198
22959,11.07315949
22960,9.36222533
22961,13.3476025
22962,12.45696147
22963,9.711029599
22964,7.938921132
22965,8.321456564
22966,14.38035067
22967,11.32180271
22968,14.71349077
22969,11.58306656
22970,10.4025179
22971,9.076873142
22972,10.67401121
22973,9.503296588
22974,12.94546873
22975,9.705377172
22976,11.97435277
22977,11.29781726
22978,9.16206158
22979,14.26674167
22980,10.98248984
22981,12.88672911
22982,7.300435401
22983,10.42590712
22984,7.910964976
22985,11.83074617
22986,6.187751385
22987,6.971503429
22988,8.997443496
22989,7.698266506
22990,11.64271361
22991,9.559259371
22992,8.805199408
22993,9.379687568
22994,4.795294416
22995,12.50797066
22996,8.594549305
22997,6.538740995
22998,10.81949044
22999,10.86959311
23000,11.09975608
23001,11.64847767
23002,11.54355262
23003,11.16840875
23004,9.226837083
23005,9.014805946
23006,8.148224783
23007,8.670537269
23008,12.71923877
23009,8.752600022
23010,11.83108274
23011,7.97227702
23012,7.846776672
23013,6.027702859
23014,7.572728206
23015,5.379807711
23016,10.73651825
23017,9.980674604
23018,10.75023669
23019,9.159318515
23020,12.92354743
23021,9.44125686
23022,5.929268192
23023,7.224976284
23024,8.082777291
23025,13.5467541
23026,6.661601558
23027,9.985752522
23028,9.300490309
23029,11.99078991
23030,8.065007187
23031,7.437730844
23032,12.02982855
23033,10.77698864
23034,8.603539367
23035,6.847885724
23036,9.221664295
23037,9.45852881
23038,11.36889789
23039,13.30244349
23040,9.660195272
23041,13.95757822
23042,11.52179678
23043,10.95005959
23044,10.07026811
23045,11.32802448
23046,10.35055124
23047,7.901781997
23048,6.102371569
23049,7.074037977
23050,10.16592316
23051,7.204060538
23052,6.86887392
23053,9.7803778
23054,6.234149994
23055,11.00540041
23056,7.075917193
23057,12.13560269
23058,13.72132593
23059,9.80314672
23060,12.26915798
23061,9.645568683
23062,7.264149666
23063,12.45201173
23064,11.49604226
23065,8.676269795
23066,10.82658155
23067,7.857207837
23068,11.90429286
23069,9.411111942
23070,6.488676839
23071,11.62174206
23072,13.55222779
23073,11.27221466
23074,5.621907554
23075,6.830384414
23076,11.89570742
23077,10.77981554
23078,11.99864043
23079,12.00180642
23080,7.445279327
23081,11.1121008
23082,11.24042949
23083,9.834769543
23084,7.877825017
23085,12.59958929
23086,9.931920602
23087,7.290335376
23088,12.43694475
23089,9.947380428
23090,10.54758956
23091,9.832399311
23092,7.125237939
23093,10.98439201
23094,12.70537261
23095,16.882422
23096,13.58946465
23097,12.02912281
23098,10.23459472
23099,9.704202883
23100,14.69091031
23101,11.50978704
23102,11.44739628
23103,10.42744796
23104,6.67541543
23105,13.56995413
23106,16.75531166
23107,7.084635656
23108,7.780495694
23109,9.904437044
23110,13.14996004
23111,10.55239465
23112,12.05154364
23113,12.05101505
23114,7.178443562
23115,9.940608738
23116,6.919152403
23117,11.16723061
23118,8.305020204
23119,12.69593203
23120,10.61286843
23121,9.498297965
23122,8.099854071
23123,11.82913632
23124,10.48168024
23125,10.36700811
23126,4.916851033
23127,10.32534544
23128,10.84316048
23129,12.63083669
23130,11.10318108
23131,11.20909838
23132,13.91059651
23133,10.44922079
23134,13.16789255
23135,11.50091955
23136,9.943139959
23137,7.920333483
23138,9.821652103
23139,12.22304523
23140,8.549440159
23141,6.858759762
23142,6.742307866
23143,10.30184297
23144,9.422681541
23145,10.31026834
23146,9.676597256
23147,13.45018195
23148,6.874934133
23149,7.053958053
23150,10.95225704
23151,10.20493773
23152,8.229485102
23153,11.22306749
23154,9.352849514
23155,10.55708562
23156,9.740155303
23157,5.434258057
23158,9.894652594
23159,11.32290948
23160,13.29346543
23161,12.34830288
23162,11.07142157
23163,10.20383723
23164,9.631089153
23165,9.673160285
23166,14.27804985
23167,10.76277629
23168,6.531490426
23169,5.725568128
23170,6.113256403
23171,11.66785377
23172,6.850607763
23173,9.285622587
23174,14.51228872
23175,11.96336286
23176,8.703166551
23177,6.586784135
23178,10.37116351
23179,11.39134742
23180,13.03387478
23181,8.134508289
23182,12.98778161
23183,12.33278066
23184,12.60944293
23185,14.08969005
23186,11.85541491
23187,6.859058632
23188,7.702895148
23189,8.573743542
23190,8.254596925
23191,6.61148365
23192,7.839624601
23193,11.06665988
23194,7.33852048
23195,5.789023281
23196,10.07675413
23197,10.15226928
23198,14.88746834
23199,11.80538507
23200,11.12165706
23201,7.473145957
23202,13.35508632
23203,9.477123403
23204,11.92042443
23205,10.24707095
23206,9.326063758
23207,9.547959623
23208,10.67955839
23209,9.95540619
23210,7.943373076
23211,11.53826001
23212,12.99513563
23213,10.29472812
23214,10.66473607
23215,12.56655615
23216,7.887933562
23217,10.17061607
23218,13.49460811
23219,12.09542026
23220,7.745128954
23221,10.07169438
23222,5.805873368
23223,12.1185413
23224,12.67735033
23225,4.332251911
23226,9.827073677
23227,11.98532834
23228,6.163484525
23229,11.23392205
23230,9.077775666
23231,5.972948987
23232,4.279495338
23233,8.297127613
23234,11.81056296
23235,11.16811383
23236,6.637929717
23237,5.838709162
23238,10.43919245
23239,10.22517599
23240,6.260860764
23241,12.06693819
23242,10.35168253
23243,12.95463666
23244,10.98168656
23245,11.81419112
23246,11.98017765
23247,11.58552306
23248,11.90363259
23249,11.16618464
23250,10.91161566
23251,6.727859506
23252,8.61720878
23253,8.366749688
23254,6.778709755
23255,9.922516807
23256,6.750076289
23257,12.62513068
23258,12.31599358
23259,11.20486263
23260,13.24449512
23261,12.85088352
23262,13.38841009
23263,6.327436674
23264,10.64248826
23265,9.206823332
23266,11.36717751
23267,13.46803484
23268,5.053218911
23269,10.5927614
23270,8.256027707
23271,17.15909231
23272,10.35846157
23273,8.449343386
23274,15.8431339
23275,12.57566301
23276,6.655852077
23277,8.855686847
23278,9.732985375
23279,11.39503256
23280,12.24680528
23281,6.711635247
23282,10.78026621
23283,11.71273386
23284,11.33408935
23285,10.07516027
23286,10.15170724
23287,10.95856807
23288,8.898674022
23289,9.490638095
23290,6.789368874
23291,9.980242741
23292,11.95360654
23293,10.67042669
23294,17.08642814
23295,11.53491884
23296,10.71737523
23297,11.04375552
23298,10.84137082
23299,10.31976306
23300,9.837273989
23301,10.01574365
23302,11.46799291
23303,7.455333306
23304,5.634041462
23305,10.61148704
23306,13.8296898
23307,13.49206582
23308,8.673803349
23309,11.08510233
23310,11.05722433
23311,10.21544789
23312,8.983489145
23313,5.095523141
23314,5.562701087
23315,10.3661444
23316,10.01441051
23317,11.11637218
23318,4.398081209
23319,7.956865316
23320,8.806472956
23321,8.752282657
23322,9.651183204
23323,8.964772678
23324,9.847891102
23325,7.181032971
23326,6.389441115
23327,10.30598868
23328,13.26024138
23329,6.702427486
23330,5.937599014
23331,9.145358333
23332,6.76255607
23333,9.263150096
23334,12.28048415
23335,7.397781965
23336,10.09026913
23337,9.049445277
23338,9.380830105
23339,9.432784129
23340,7.674874497
23341,10.055286
23342,7.982861864
23343,11.73707752
23344,8.937518651
23345,6.74223182
23346,16.26436085
23347,9.931313386
23348,9.10079926
23349,9.435376119
23350,10.60146479
23351,7.242984634
23352,11.6576514
23353,9.846337546
23354,10.14433458
23355,9.270610065
23356,9.682198275
23357,12.56400074
23358,11.27442971
23359,9.335580175
23360,9.648782962
23361,12.90533536
23362,12.61230547
23363,6.644075757
23364,11.85368646
23365,6.689187929
23366,9.248200649
23367,8.009148786
23368,7.968027688
23369,8.512705817
23370,5.220559069
23371,7.458617327
23372,7.162110046
23373,11.03582394
23374,11.44300109
23375,8.236853364
23376,8.066627166
23377,9.703321069
23378,13.34924789
23379,9.988488386
23380,9.88012651
23381,10.74823331
23382,10.45924987
23383,12.12565508
23384,7.810025041
23385,10.24600625
23386,6.688145003
23387,10.55135346
23388,10.38325336
23389,12.3250985
23390,8.864826924
23391,10.3085564
23392,11.22490935
23393,10.90882792
23394,7.458729689
23395,12.81257809
23396,6.814123407
23397,8.309685205
23398,10.42108348
23399,8.825127332
23400,7.75618255
23401,10.40752117
23402,8.950581572
23403,11.49222324
23404,8.58601398
23405,6.71937013
23406,12.09005448
23407,9.449281751
23408,8.045183786
23409,13.60152639
23410,10.20332142
23411,11.62094411
23412,6.976669917
23413,6.270908023
23414,14.22125204
23415,11.35890112
23416,12.15848177
23417,9.06120486
23418,6.228771582
23419,8.847874476
23420,10.60951089
23421,12.49139221
23422,11.06232326
23423,8.783436886
23424,9.301795605
23425,13.81364764
23426,12.13814235
23427,6.836256944
23428,12.484883
23429,7.268520604
23430,11.11068882
23431,7.698126191
23432,12.59052302
23433,10.90620272
23434,7.870563688
23435,8.422423041
23436,12.92886213
23437,12.39665695
23438,8.469996504
23439,10.89653161
23440,15.79178606
23441,13.0635223
23442,9.840699246
23443,10.42249605
23444,11.93312158
23445,15.07025549
23446,9.973598633
23447,10.45996943
23448,12.4635554
23449,9.166826837
23450,10.15579869
23451,9.78584801
23452,16.3210959
23453,13.86634642
23454,10.30929614
23455,6.927862687
23456,13.84815168
23457,7.444007637
23458,4.116734665
23459,9.734930771
23460,11.76977039
23461,8.921585605
23462,10.65239281
23463,10.9930557
23464,5.770351413
23465,8.023422298
23466,12.66755382
23467,6.460386362
23468,10.6532758
23469,9.857562734
23470,12.33893632
23471,13.02791528
23472,9.468293917
23473,6.420471486
23474,9.269468421
23475,14.47235414
23476,11.00148897
23477,8.724649447
23478,10.25597484
23479,9.486242032
23480,6.838083382
23481,10.01307417
23482,9.995151806
23483,11.359214
23484,10.33021524
23485,12.13387783
23486,12.33244594
23487,11.50739666
23488,12.59403475
23489,9.360662481
23490,10.5855359
23491,6.855477146
23492,13.19046745
23493,19.49310284
23494,12.17234367
23495,12.16780084
23496,8.60307599
23497,5.51528282
23498,10.56893246
23499,9.038473436
23500,6.961915628
23501,7.270093727
23502,9.936232689
23503,11.41561622
23504,9.076854701
23505,9.923828922
23506,8.993487149
23507,11.41219503
23508,8.467100086
23509,13.16071978
23510,7.490101905
23511,9.792389474
23512,8.643062147
23513,13.57527991
23514,13.41824773
23515,9.715525692
23516,12.09145926
23517,10.43583133
23518,9.865535096
23519,10.84857884
23520,10.30385724
23521,10.29610736
23522,7.177652978
23523,8.282866321
23524,6.378552745
23525,8.365823816
23526,10.49396959
23527,10.27806895
23528,10.47557526
23529,13.27740107
23530,8.494743581
23531,9.822841837
23532,13.55555727
23533,9.944256349
23534,9.217937862
23535,10.089235
23536,10.88174094
23537,4.255453237
23538,11.94550729
23539,10.2814935
23540,11.41722804
23541,14.15271179
23542,11.71265075
23543,11.19040803
23544,12.27804909
23545,10.00085507
23546,15.31446542
23547,12.81139572
23548,6.912262794
23549,8.561743535
23550,6.510780196
23551,7.919242909
23552,10.44298935
23553,9.95886301
23554,9.459901882
23555,11.06807785
23556,12.53225005
23557,9.868514358
23558,8.676932956
23559,11.71686188
23560,8.716406801
23561,7.043191916
23562,7.425347564
23563,10.02284137
23564,9.561094439
23565,10.92940244
23566,11.02207066
23567,5.839648771
23568,10.01552248
23569,13.68695582
23570,8.816999245
23571,7.043929722
23572,5.937122387
23573,10.3904199
23574,10.12953713
23575,9.897855636
23576,9.578964829
23577,9.028785154
23578,7.461473259
23579,9.865327316
23580,8.1546348
23581,13.15786071
23582,10.17490347
23583,10.56240658
23584,10.74968048
23585,4.930149473
23586,4.429323176
23587,6.486111312
23588,9.307990072
23589,12.37382361
23590,13.96643932
23591,6.575694326
23592,6.939997715
23593,12.13459938
23594,11.98953102
23595,9.293743419
23596,12.96433001
23597,10.37229088
23598,6.824083885
23599,11.93061978
23600,13.29183247
23601,7.836971007
23602,13.60284172
23603,6.865911024
23604,10.48477352
23605,8.227484132
23606,9.527669573
23607,11.6062068
23608,9.415353033
23609,7.960739087
23610,11.31098363
23611,12.75696833
23612,6.741682039
23613,9.974191467
23614,7.711662853
23615,10.54750278
23616,12.6812453
23617,10.85631968
23618,7.875440946
23619,7.28778958
23620,10.09241702
23621,11.18491543
23622,12.01507866
23623,10.9024003
23624,8.163430028
23625,7.481630349
23626,10.04762195
23627,10.80877226
23628,8.589775134
23629,9.610276585
23630,13.55975674
23631,10.94618593
23632,11.88264338
23633,10.17130608
23634,11.29040177
23635,6.418909751
23636,11.27068883
23637,17.19870787
23638,12.54471907
23639,10.10251157
23640,11.18051718
23641,12.39353644
23642,7.642987623
23643,10.71707493
23644,8.123721137
23645,13.32240446
23646,9.739882188
23647,13.58441194
23648,6.619368062
23649,9.227018734
23650,10.52122228
23651,11.37146978
23652,10.00836636
23653,12.30849165
23654,7.820303498
23655,12.67821936
23656,10.8935524
23657,10.60857083
23658,7.67875991
23659,10.76785395
23660,12.7701031
23661,10.06056779
23662,7.101384336
23663,8.107805698
23664,11.53180535
23665,8.472052357
23666,7.260094767
23667,10.27062537
23668,4.737556799
23669,12.37053535
23670,14.609232
23671,14.92932631
23672,7.26569472
23673,6.034349325
23674,11.97810395
23675,7.363661645
23676,13.79122967
23677,8.453679273
23678,10.89474595
23679,9.660157623
23680,6.110145768
23681,14.20004384
23682,13.9345659
23683,10.23861365
23684,5.983997623
23685,6.709045333
23686,9.64030594
23687,6.684244916
23688,12.24967358
23689,12.5876684
23690,6.106903095
23691,9.564532896
23692,13.06120867
23693,10.07055753
23694,13.17211653
23695,8.251677924
23696,10.06498617
23697,10.22979925
23698,7.11079135
23699,10.09710658
23700,7.715771341
23701,12.53324066
23702,12.99182319
23703,9.48798506
23704,11.00952269
23705,6.823691173
23706,10.03926346
23707,5.416473019
23708,9.680625097
23709,9.374689087
23710,10.28243723
23711,9.591795785
23712,10.64245064
23713,7.32428307
23714,10.79920727
23715,11.31259784
23716,6.775236711
23717,11.12884703
23718,8.902755401
23719,6.439030902
23720,9.932501976
23721,9.86951401
23722,14.00995752
23723,9.640936697
23724,12.07121937
23725,7.191530054
23726,7.359686632
23727,10.82681909
23728,8.437593869
23729,5.509719755
23730,10.27327347
23731,10.03337531
23732,7.31880728
23733,5.715644545
23734,9.976844951
23735,12.39799273
23736,10.14183616
23737,13.58398043
23738,14.57474238
23739,11.54396748
23740,9.177294098
23741,6.778970757
23742,13.97170797
23743,5.427006204
23744,11.95223225
23745,10.33422187
23746,7.917147113
23747,13.4478439
23748,11.3690659
23749,11.98355795
23750,7.3251699
23751,9.120995532
23752,6.586442239
23753,11.55847568
23754,12.40262071
23755,10.78089283
23756,8.76724887
23757,10.94229531
23758,10.92232978
23759,7.120489364
23760,9.414543838
23761,10.42185658
23762,12.2714208
23763,7.795880914
23764,11.2672048
23765,13.73838789
23766,12.06283204
23767,9.530599412
23768,17.19613626
23769,5.985691232
23770,8.912281319
23771,8.945468646
23772,10.68622937
23773,5.610886191
23774,4.525592482
23775,14.83483451
23776,11.37523836
23777,11.21264967
23778,10.56698401
23779,13.19388895
23780,10.17902428
23781,11.31334444
23782,10.10758466
23783,9.026115048
23784,12.11927605
23785,7.18248097
23786,11.3447196
23787,15.7016647
23788,7.063646756
23789,13.71834395
23790,7.474701502
23791,9.307669488
23792,11.26622205
23793,7.622832469
23794,14.49960312
23795,9.324870181
23796,10.22254904
23797,13.57776702
23798,10.7347717
23799,10.45301997
23800,11.29168422
23801,11.67526609
23802,9.010513872
23803,12.44687658
23804,9.331927604
23805,6.63083508
23806,9.979629804
23807,10.56426802
23808,9.600368388
23809,6.865950968
23810,11.28327613
23811,10.53272716
23812,10.72746917
23813,10.15497344
23814,12.3405386
23815,11.38240456
23816,11.09582432
23817,7.75417421
23818,11.86224034
23819,9.826090962
23820,12.07586923
23821,8.997293485
23822,9.757524508
23823,6.180864016
23824,12.22669811
23825,7.438906763
23826,8.298151136
23827,13.79966961
23828,11.70109592
23829,5.646347187
23830,12.76708795
23831,15.65949623
23832,6.413173914
23833,11.73920986
23834,11.26113625
23835,8.081571884
23836,11.64266386
23837,10.27503701
23838,8.044139905
23839,8.286352992
23840,10.04739186
23841,9.159583218
23842,21.66536009
23843,8.105052792
23844,6.654515101
23845,14.48716566
23846,7.263964222
23847,12.41801957
23848,11.39163458
23849,12.57103826
23850,11.29725738
23851,7.331021019
23852,11.96543298
23853,6.642262154
23854,8.508588195
23855,7.824248184
23856,7.007634675
23857,10.56343283
23858,10.51759653
23859,12.27130655
23860,11.64661888
23861,11.81666859
23862,11.86269668
23863,10.54155998
23864,8.211433534
23865,10.0319938
23866,11.27552314
23867,6.641009721
23868,10.77567423
23869,9.282690577
23870,9.948541273
23871,7.741582445
23872,6.766160823
23873,12.72574705
23874,11.3433165
23875,10.71854876
23876,6.063482457
23877,14.20066355
23878,11.36527985
23879,9.473905226
23880,8.319936761
23881,10.39009852
23882,9.112183622
23883,11.72305797
23884,14.50159394
23885,11.80933107
23886,10.33037419
23887,9.217372889
23888,12.16903256
23889,5.588702292
23890,11.27781402
23891,12.56415591
23892,8.354176844
23893,9.188297269
23894,4.411326542
23895,10.37664986
23896,6.360187926
23897,9.107867867
23898,10.45701293
23899,11.40522425
23900,12.07364512
23901,7.605998644
23902,9.920960032
23903,10.32082891
23904,15.42063961
23905,10.36279193
23906,6.124542633
23907,7.032347026
23908,7.48076101
23909,10.93987483
23910,11.3662483
23911,12.53153619
23912,16.08130412
23913,9.488285355
23914,11.77252727
23915,11.35085633
23916,15.86832796
23917,12.74056458
23918,4.650402532
23919,11.04165617
23920,8.104419514
23921,6.628736557
23922,10.93405317
23923,7.766734206
23924,7.476732409
23925,7.384874381
23926,10.56496538
23927,10.1635908
23928,11.72462517
23929,9.240713258
23930,12.67545699
23931,8.029628657
23932,8.376957035
23933,9.208992424
23934,8.825538345
23935,12.23528168
23936,11.65269423
23937,7.333747013
23938,9.434081161
23939,11.61980511
23940,10.28167498
23941,11.77028873
23942,7.81980201
23943,13.33676646
23944,10.21271478
23945,6.338603702
23946,9.212697604
23947,14.0979938
23948,10.60118091
23949,8.932903599
23950,12.15937449
23951,9.827572147
23952,7.028481106
23953,13.60734855
23954,7.164976993
23955,7.944033235
23956,10.43985354
23957,7.955761906
23958,8.838549302
23959,10.91922603
23960,11.55299345
23961,7.253560166
23962,5.403187742
23963,9.026812406
23964,11.49952929
23965,15.14157377
23966,7.365828016
23967,8.770694782
23968,10.92940115
23969,11.6179308
23970,10.60900349
23971,11.95632304
23972,10.84461349
23973,11.88238185
23974,9.825759574
23975,7.494076918
23976,10.80730851
23977,11.30442409
23978,13.04882892
23979,9.788737409
23980,13.37169393
23981,11.96794245
23982,6.131518068
23983,9.990252429
23984,13.21615464
23985,7.084824149
23986,6.519763362
23987,12.60723611
23988,7.609786224
23989,5.146810072
23990,6.982851245
23991,8.354076898
23992,14.10981328
23993,11.78478072
23994,6.284055978
23995,6.54369525
23996,4.943566458
23997,10.20683765
23998,16.879382
23999,6.704028045
24000,12.17133562
24001,9.205084656
24002,13.41438096
24003,11.01805261
24004,7.777075844
24005,7.776332439
24006,9.384136713
24007,11.11134976
24008,11.03469883
24009,9.310610996
24010,8.421223605
24011,11.68702477
24012,11.77115179
24013,7.805182143
24014,12.06745878
24015,10.00130572
24016,9.77647106
24017,7.6207686
24018,9.782065328
24019,6.396831737
24020,6.286147119
24021,11.11831881
24022,13.01416957
24023,10.07141302
24024,11.47042175
24025,12.61766659
24026,13.49529616
24027,12.86971522
24028,6.679501466
24029,9.222438026
24030,13.57037768
24031,10.68082831
24032,12.79348589
24033,10.0520068
24034,16.20976966
24035,7.033825351
24036,7.979239533
24037,8.555058418
24038,10.43559726
24039,7.259089544
24040,7.177833765
24041,11.24219819
24042,6.044228405
24043,14.26438168
24044,11.44712543
24045,12.20641624
24046,10.67136902
24047,8.943405338
24048,10.04916937
24049,7.761132659
24050,6.867732806
24051,15.63194848
24052,6.669366768
24053,10.89474853
24054,12.01971953
24055,10.82418898
24056,8.889226699
24057,7.205445637
24058,12.50926769
24059,10.52190769
24060,7.710748916
24061,10.26494795
24062,7.555285089
24063,11.92084458
24064,10.87820806
24065,8.897582973
24066,11.97157481
24067,9.306978746
24068,8.092885532
24069,9.162278269
24070,10.91091068
24071,15.87037986
24072,10.1386612
24073,11.91451221
24074,15.02021816
24075,12.20689702
24076,10.26770923
24077,9.269472407
24078,11.55778814
24079,7.975577127
24080,12.38205193
24081,9.737757301
24082,9.580596384
24083,10.50666674
24084,13.86696498
24085,9.190324592
24086,11.6630001
24087,5.954277283
24088,11.35060626
24089,8.134772991
24090,9.908429603
24091,10.52300651
24092,5.701552325
24093,8.497095834
24094,8.694787594
24095,5.010990375
24096,11.81718837
24097,5.047570976
24098,4.789691244
24099,10.31631
24100,11.82302946
24101,10.38454699
24102,10.92528013
24103,11.27264812
24104,5.137575039
24105,13.18676916
24106,7.397948961
24107,9.747327865
24108,11.29661424
24109,10.91131301
24110,12.23751832
24111,11.49652354
24112,11.4457543
24113,9.187604422
24114,7.565928738
24115,13.68032353
24116,10.05917201
24117,9.71957148
24118,12.16004519
24119,9.567765911
24120,9.461304472
24121,8.634731915
24122,11.18384212
24123,11.1134115
24124,11.5511783
24125,8.330125949
24126,10.24062168
24127,11.24587823
24128,6.531189481
24129,9.670362171
24130,14.10143054
24131,12.15105805
24132,14.26268535
24133,14.45602732
24134,6.844958872
24135,10.03961909
24136,8.609072501
24137,5.655775843
24138,5.47821628
24139,13.09978346
24140,12.34758688
24141,12.32598181
24142,9.515692873
24143,6.829005091
24144,11.77369338
24145,6.807061818
24146,10.01292227
24147,5.017837801
24148,8.810531463
24149,13.81635589
24150,10.67954541
24151,6.462250504
24152,7.595869509
24153,12.70626705
24154,11.69422113
24155,10.54386621
24156,11.94495569
24157,11.60011994
24158,7.660287795
24159,6.660608362
24160,11.98703966
24161,6.543271402
24162,9.345996871
24163,8.993071565
24164,11.73387254
24165,15.66913319
24166,10.11029448
24167,9.730253744
24168,8.592195307
24169,12.65114651
24170,9.017982306
24171,12.22278053
24172,9.609554282
24173,8.737682856
24174,8.938386844
24175,11.27378827
24176,8.314678275
24177,10.09548671
24178,9.892643349
24179,9.645021644
24180,10.67159048
24181,9.459613918
24182,8.214385834
24183,6.078056586
24184,10.96773059
24185,12.01849898
24186,9.795765823
24187,11.59703789
24188,11.96080005
24189,6.781418038
24190,7.198276579
24191,9.779882191
24192,6.705271344
24193,10.58189406
24194,11.02182821
24195,7.925688939
24196,20.2784513
24197,5.982898869
24198,12.561244
24199,7.076261783
24200,9.104046589
24201,10.78997269
24202,9.056819759
24203,7.218990655
24204,8.481170592
24205,12.05571105
24206,5.572129743
24207,6.96218033
24208,12.35047758
24209,7.566228892
24210,8.336533179
24211,10.35539584
24212,3.915977976
24213,12.44324161
24214,11.14801185
24215,10.8028178
24216,13.89071102
24217,5.306600955
24218,10.89662918
24219,13.15543961
24220,6.344692307
24221,11.44381143
24222,10.70575598
24223,9.452219418
24224,9.295102669
24225,12.41691151
24226,12.30830734
24227,10.72963585
24228,13.64519107
24229,15.10832646
24230,10.04024326
24231,9.43667533
24232,16.11994638
24233,6.93808545
24234,9.256169584
24235,13.20751612
24236,7.009730471
24237,10.12507302
24238,12.53093988
24239,6.369437706
24240,4.681334077
24241,10.28086857
24242,11.82320313
24243,11.31258582
24244,10.89869773
24245,10.76526034
24246,11.99725839
24247,11.13543718
24248,10.32767426
24249,13.43488474
24250,6.783897739
24251,9.880707463
24252,12.84943231
24253,8.42360535
24254,15.12361562
24255,9.338060241
24256,7.289849023
24257,5.624038474
24258,11.54368083
24259,10.20298756
24260,8.980862769
24261,10.04104107
24262,9.543636857
24263,10.40876288
24264,10.85830432
24265,10.53092206
24266,8.881196427
24267,13.94910073
24268,12.10581419
24269,9.765466909
24270,10.44283186
24271,10.99404859
24272,6.897820046
24273,10.61603988
24274,9.812823847
24275,10.61048212
24276,10.74680019
24277,10.71781606
24278,7.212632691
24279,6.051745916
24280,6.272377037
24281,6.319217941
24282,7.083214766
24283,10.97415447
24284,12.64326706
24285,9.378475802
24286,7.993089284
24287,6.234732987
24288,9.964305496
24289,8.721281741
24290,17.1240212
24291,10.60709761
24292,9.749714967
24293,11.56454203
24294,10.20982103
24295,9.096104382
24296,8.108832417
24297,13.14498258
24298,6.879738541
24299,5.620836073
24300,12.77031477
24301,10.54354251
24302,10.61899771
24303,9.763080794
24304,12.25459683
24305,11.2455368
24306,11.60941419
24307,10.46985196
24308,11.6156271
24309,7.915139078
24310,11.63631186
24311,11.3121926
24312,10.41597493
24313,11.33797562
24314,10.04176475
24315,8.062210509
24316,11.1791468
24317,6.183101467
24318,11.09760243
24319,8.029257278
24320,6.113255448
24321,6.174550815
24322,8.141818696
24323,8.318041283
24324,4.012598438
24325,9.602997229
24326,10.53487473
24327,10.35979042
24328,6.813192155
24329,9.978679709
24330,9.210055027
24331,10.47020969
24332,8.93624365
24333,12.33731745
24334,10.23390743
24335,6.948891026
24336,11.78839786
24337,10.52772372
24338,7.813438581
24339,10.70547976
24340,11.56265463
24341,8.937331557
24342,10.52820699
24343,12.09180589
24344,14.37322556
24345,12.64833091
24346,9.15988347
24347,10.07790197
24348,7.011068257
24349,7.719049301
24350,10.12592276
24351,11.55767918
24352,13.50724782
24353,7.345377832
24354,6.258729352
24355,11.74143947
24356,5.898630642
24357,12.06409928
24358,6.611589207
24359,13.30482142
24360,11.49798541
24361,12.07505427
24362,8.165155565
24363,11.91303187
24364,8.309410465
24365,6.535095179
24366,7.563581239
24367,11.94192023
24368,10.72390938
24369,11.37456766
24370,4.801692323
24371,11.94096635
24372,12.28759628
24373,13.66955898
24374,10.55914184
24375,11.5407518
24376,7.284330491
24377,11.93609086
24378,9.90957693
24379,7.182965776
24380,10.86568575
24381,9.685182726
24382,9.11981969
24383,7.57702566
24384,10.30329262
24385,10.50230798
24386,10.7346944
24387,10.79344607
24388,8.848918887
24389,9.287464354
24390,9.689745529
24391,11.56940093
24392,7.97146046
24393,6.923688585
24394,11.54726017
24395,7.408193873
24396,8.039918386
24397,7.727647191
24398,11.8494673
24399,11.41891905
24400,10.65642061
24401,17.4649667
24402,7.626009528
24403,12.38608023
24404,10.12863732
24405,7.29026558
24406,14.09258506
24407,9.546213492
24408,8.838371491
24409,6.589087199
24410,13.25941168
24411,11.50992074
24412,8.161844307
24413,11.91837174
24414,10.31346606
24415,12.60220886
24416,8.446859028
24417,10.71389388
24418,11.92328524
24419,12.4175386
24420,14.03101347
24421,8.686104114
24422,11.41777073
24423,9.837762199
24424,12.69894356
24425,12.22322782
24426,12.5288375
24427,10.73445918
24428,12.71913509
24429,12.80999342
24430,9.969212492
24431,6.395401711
24432,8.001763147
24433,11.26358401
24434,9.840628063
24435,5.184997335
24436,10.18020651
24437,11.25095194
24438,8.869329244
24439,11.97866449
24440,13.08025671
24441,9.077486018
24442,6.985741149
24443,8.955162004
24444,9.227243914
24445,5.734890417
24446,7.809665875
24447,8.624791649
24448,11.17356245
24449,11.32352379
24450,7.026885203
24451,7.797457528
24452,12.29949534
24453,10.31105407
24454,9.865612121
24455,9.767799691
24456,11.83991237
24457,7.317660404
24458,11.890916
24459,14.27684108
24460,6.838745453
24461,6.570865642
24462,7.350094174
24463,14.6913733
24464,9.856179929
24465,11.18225429
24466,13.3577134
24467,11.95492337
24468,6.697948575
24469,9.117310588
24470,10.04480517
24471,10.8062051
24472,8.240500859
24473,9.677782792
24474,10.98761173
24475,9.682267005
24476,10.73500496
24477,8.152632535
24478,8.24844424
24479,7.935479048
24480,7.949748531
24481,12.87206829
24482,8.131596237
24483,8.35329066
24484,11.05789825
24485,7.917499577
24486,7.104578886
24487,20.59474403
24488,8.200198428
24489,15.99742738
24490,16.21080243
24491,13.31650135
24492,11.12626207
24493,9.726501787
24494,8.077635049
24495,11.75278313
24496,12.40722732
24497,11.82692613
24498,10.80084373
24499,12.33238601
24500,9.619927086
24501,14.02010568
24502,8.553769261
24503,13.58882493
24504,7.739305051
24505,12.11152802
24506,6.705820152
24507,5.662663212
24508,7.426283557
24509,4.367634141
24510,9.956337473
24511,7.186240213
24512,7.02268742
24513,10.64914008
24514,12.21394819
24515,7.850995373
24516,8.486167029
24517,7.647149053
24518,10.46390481
24519,8.885552547
24520,14.77659795
24521,11.83676916
24522,4.953252757
24523,10.11006364
24524,7.584441151
24525,8.165326736
24526,9.450037827
24527,8.246114068
24528,13.59411979
24529,7.859303633
24530,9.747856461
24531,7.051028206
24532,9.561937601
24533,10.33318954
24534,10.22026453
24535,5.682173787
24536,6.896324734
24537,9.886624898
24538,8.776697816
24539,6.786478969
24540,10.85710497
24541,9.988498027
24542,10.40832042
24543,11.29156485
24544,8.493376115
24545,6.731007845
24546,9.906703707
24547,9.341669535
24548,8.115227129
24549,6.352113738
24550,13.50078977
24551,10.63938606
24552,10.50411819
24553,10.94712456
24554,10.44278804
24555,7.33727684
24556,8.432858903
24557,11.13820752
24558,9.412218716
24559,12.41875995
24560,10.12787903
24561,14.82296222
24562,12.6531574
24563,7.521670184
24564,8.247199177
24565,9.418762484
24566,11.91661532
24567,7.186816931
24568,10.97685986
24569,10.96236531
24570,11.23581781
24571,15.02232533
24572,11.30148471
24573,10.37985731
24574,7.49128842
24575,11.67546694
24576,12.99636747
24577,9.567432026
24578,10.17900974
24579,11.75770226
24580,11.72130712
24581,12.92946547
24582,9.552088821
24583,9.52446162
24584,10.8865911
24585,6.937656222
24586,4.809207759
24587,10.77460796
24588,12.77191961
24589,12.47272599
24590,8.877725569
24591,9.870374182
24592,12.01543981
24593,9.59386913
24594,9.854675628
24595,11.40433772
24596,5.946895632
24597,12.77874092
24598,9.300936608
24599,19.03756389
24600,8.258150434
24601,12.4217395
24602,4.6779528
24603,10.89907166
24604,11.34166174
24605,8.869941754
24606,7.571154755
24607,6.59731844
24608,7.51865308
24609,12.82633596
24610,7.394495338
24611,10.44432366
24612,8.035181126
24613,10.26178392
24614,6.468868514
24615,8.215152895
24616,10.04025192
24617,11.8937046
24618,13.17437531
24619,8.503511233
24620,9.916614005
24621,9.563202091
24622,12.2870095
24623,11.77221445
24624,8.363908629
24625,12.55975993
24626,10.31068667
24627,12.41964728
24628,8.239531345
24629,11.24829196
24630,11.0336479
24631,11.12668722
24632,16.26643859
24633,7.491236451
24634,5.673724683
24635,5.918141217
24636,10.62108347
24637,7.374546479
24638,11.30110066
24639,9.171634977
24640,10.94567437
24641,13.16802282
24642,11.84629475
24643,9.862331434
24644,8.794535633
24645,12.27538409
24646,7.435922202
24647,12.87124738
24648,13.43503444
24649,12.99867302
24650,9.873586224
24651,11.57909917
24652,14.23803236
24653,9.980171319
24654,10.87615226
24655,6.988395862
24656,7.318017828
24657,8.633709621
24658,8.867263774
24659,9.751857626
24660,11.41522127
24661,7.726316242
24662,14.06276911
24663,15.80767936
24664,9.126103916
24665,5.984407826
24666,8.455777559
24667,10.85173059
24668,4.724046763
24669,11.0091603
24670,4.07001953
24671,9.004027394
24672,12.28302916
24673,10.6902853
24674,6.643088026
24675,7.286678155
24676,13.43464489
24677,11.26116187
24678,8.916225494
24679,12.2207728
24680,7.801541939
24681,10.29230568
24682,8.930586744
24683,13.35080646
24684,8.714180143
24685,7.365828016
24686,6.70589459
24687,12.04018474
24688,6.496290609
24689,11.06170049
24690,10.10141867
24691,8.278635905
24692,14.30175841
24693,11.28856653
24694,6.167883386
24695,13.73483927
24696,9.622872429
24697,8.971906954
24698,10.02362761
24699,11.07797366
24700,9.679487618
24701,13.46154607
24702,11.8373199
24703,6.675314529
24704,6.42771628
24705,10.39872697
24706,12.3237323
24707,9.431508957
24708,8.947681678
24709,12.64924355
24710,5.663642764
24711,8.303944407
24712,7.804104722
24713,9.254061265
24714,7.157448471
24715,8.597478083
24716,6.808919392
24717,7.864513588
24718,12.83993773
24719,9.952153901
24720,10.1347386
24721,12.38289529
24722,9.088338309
24723,12.22313014
24724,12.20145349
24725,7.698053905
24726,11.95678479
24727,10.1325148
24728,12.0830213
24729,8.213894296
24730,9.917185648
24731,9.898070755
24732,8.769545744
24733,8.481860688
24734,10.62373569
24735,10.40680302
24736,13.81632486
24737,11.79575783
24738,11.07979965
24739,10.00592096
24740,10.82337318
24741,12.57309863
24742,12.88578069
24743,9.943153244
24744,4.51199068
24745,10.98764701
24746,6.840249753
24747,13.40636358
24748,12.33955379
24749,7.222852096
24750,12.1797144
24751,12.83949174
24752,11.65803016
24753,8.975468545
24754,13.78819376
24755,10.77993393
24756,12.96575929
24757,8.813753341
24758,8.839299018
24759,4.413854993
24760,11.49124715
24761,4.116734665
24762,13.38093737
24763,11.93620705
24764,7.897097516
24765,5.989872229
24766,14.01937836
24767,7.070444775
24768,5.693685404
24769,8.32955492
24770,10.26975634
24771,11.25824584
24772,11.65023611
24773,9.4081199
24774,7.371462951
24775,6.818824674
24776,9.852475262
24777,10.54850815
24778,10.87585109
24779,7.439172421
24780,10.70638184
24781,9.843619422
24782,11.37496533
24783,12.76937818
24784,12.81061496
24785,9.399384091
24786,8.663832088
24787,10.81787332
24788,10.02284633
24789,9.806285186
24790,7.584334948
24791,10.10730936
24792,10.59104052
24793,6.260064416
24794,6.569722125
24795,9.557394165
24796,8.645410595
24797,10.24453139
24798,7.860193007
24799,12.10191906
24800,7.202761576
24801,8.462787162
24802,12.11935629
24803,11.38914596
24804,4.879568583
24805,6.646452518
24806,7.567888169
24807,11.98584078
24808,9.02592092
24809,11.55149355
24810,11.97067595
24811,11.01881386
24812,10.14845621
24813,9.868501046
24814,13.52969369
24815,12.23942401
24816,10.44759711
24817,10.70551033
24818,9.211745076
24819,12.32524754
24820,11.718488
24821,5.055218121
24822,6.863462459
24823,11.3417062
24824,10.9273071
24825,6.347621199
24826,9.710904809
24827,17.92507155
24828,11.01366472
24829,10.9907667
24830,10.62084251
24831,7.050406079
24832,10.37222017
24833,14.23284291
24834,11.72361342
24835,14.89090048
24836,8.738944906
24837,11.37769312
24838,6.254503427
24839,9.63874496
24840,13.32900963
24841,9.199548632
24842,8.94893743
24843,6.580115585
24844,9.171318869
24845,6.083390399
24846,10.10176146
24847,8.737113508
24848,7.793751874
24849,8.384982797
24850,6.56914812
24851,10.11294213
24852,9.454400062
24853,13.16790684
24854,6.787595214
24855,6.099296221
24856,7.077108669
24857,9.95888714
24858,6.875239899
24859,9.352527261
24860,7.251605719
24861,6.116463789
24862,6.055337998
24863,6.640785126
24864,7.93942839
24865,11.0027284
24866,10.0230133
24867,4.440080001
24868,8.178253468
24869,12.201559
24870,5.650481346
24871,9.625817108
24872,8.916275053
24873,4.627465916
24874,10.09781758
24875,13.05159003
24876,8.816823612
24877,10.06012769
24878,10.61150559
24879,10.47627349
24880,9.586936857
24881,12.85188727
24882,11.16510884
24883,6.135529829
24884,10.85830432
24885,9.988824169
24886,12.75408611
24887,11.97805966
24888,10.13752716
24889,13.31704404
24890,12.27483975
24891,9.058549386
24892,7.539120755
24893,6.213751798
24894,9.428602121
24895,10.47289257
24896,7.775388175
24897,10.79121198
24898,11.47769401
24899,13.38189006
24900,12.81612505
24901,9.359687207
24902,13.10643405
24903,7.859298977
24904,8.078162214
24905,9.141646488
24906,11.67557202
24907,6.47482911
24908,13.8936336
24909,11.14800064
24910,10.60007341
24911,11.42777835
24912,11.42600941
24913,4.768849633
24914,12.84074877
24915,11.82130919
24916,11.18391368
24917,12.84278868
24918,10.19379912
24919,7.790623747
24920,13.37872138
24921,8.864683415
24922,9.394141867
24923,6.242440763
24924,7.54542818
24925,14.48592606
24926,9.137558348
24927,11.57400572
24928,12.6767444
24929,10.5361453
24930,11.99629182
24931,8.78467234
24932,10.42757462
24933,11.32882196
24934,8.755834631
24935,8.139471032
24936,12.20724819
24937,12.55420967
24938,8.479329158
24939,9.577318729
24940,5.002944742
24941,12.50781202
24942,9.209663489
24943,14.7387517
24944,11.61289879
24945,11.01358613
24946,8.918004344
24947,13.00063249
24948,6.970621255
24949,4.704449406
24950,5.616033904
24951,10.24705172
24952,9.773626565
24953,9.143989496
24954,10.53385431
24955,11.38449119
24956,13.16283609
24957,10.56573376
24958,7.081538642
24959,11.24020765
24960,10.38169745
24961,12.16981699
24962,11.00399382
24963,11.48535217
24964,10.68353841
24965,12.26483342
24966,8.907850895
24967,10.2430542
24968,12.5698402
24969,8.119661277
24970,9.192025126
24971,9.337341303
24972,8.232822601
24973,9.241234422
24974,16.00791582
24975,8.349234226
24976,10.18889464
24977,7.671909868
24978,8.664209863
24979,9.725448132
24980,12.14521536
24981,10.81067895
24982,9.112767913
24983,8.031581029
24984,10.82646136
24985,7.766957907
24986,7.455298018
24987,6.688885523
24988,11.20162348
24989,8.88953967
24990,13.05285178
24991,6.60012219
24992,7.18882289
24993,11.8482858
24994,7.445555886
24995,12.32890086
24996,7.636987083
24997,8.64942059
24998,12.91525814
24999,10.79589749
