"season","team","conference","games","time_of_poss_total","pass_comps","pass_atts","net_pass_yds","pass_TDs","interceptions","rush_atts","rush_yds","rush_TDs","total_yds","fumbles_lost","turnovers","first_downs","third_downs","third_down_convs","fourth_down_convs","fourth_downs","penalties","penalty_yds","kick_returns","kick_return_yds","kick_return_TDs","punt_returns","punt_return_yds","punt_return_TDs","passes_intercepted","passes_intercepted_yds","passes_intercepted_TDs"
1990,"Air Force","Western Athletic",12,NA,NA,NA,NA,NA,NA,NA,NA,NA,NA,NA,NA,NA,NA,NA,NA,NA,NA,NA,NA,NA,NA,NA,NA,NA,NA,NA,NA
1990,"Akron","FBS Independents",11,NA,NA,NA,NA,NA,NA,NA,NA,NA,NA,NA,NA,NA,NA,NA,NA,NA,NA,NA,NA,NA,NA,NA,NA,NA,NA,NA,NA
1990,"Alabama","SEC",12,NA,NA,NA,NA,NA,NA,NA,NA,NA,NA,NA,NA,NA,NA,NA,NA,NA,NA,NA,NA,NA,NA,NA,NA,NA,NA,NA,NA
1990,"Arizona","Pac-10",12,NA,NA,NA,NA,NA,NA,NA,NA,NA,NA,NA,NA,NA,NA,NA,NA,NA,NA,NA,NA,NA,NA,NA,NA,NA,NA,NA,NA
1990,"Arizona State","Pac-10",11,NA,NA,NA,NA,NA,NA,NA,NA,NA,NA,NA,NA,NA,NA,NA,NA,NA,NA,NA,NA,NA,NA,NA,NA,NA,NA,NA,NA
1990,"Arkansas","Southwest",11,NA,NA,NA,NA,NA,NA,NA,NA,NA,NA,NA,NA,NA,NA,NA,NA,NA,NA,NA,NA,NA,NA,NA,NA,NA,NA,NA,NA
1990,"Arkansas State","FBS Independents",11,NA,NA,NA,NA,NA,NA,NA,NA,NA,NA,NA,NA,NA,NA,NA,NA,NA,NA,NA,NA,NA,NA,NA,NA,NA,NA,NA,NA
1990,"Army","FBS Independents",11,NA,NA,NA,NA,NA,NA,NA,NA,NA,NA,NA,NA,NA,NA,NA,NA,NA,NA,NA,NA,NA,NA,NA,NA,NA,NA,NA,NA
1990,"Auburn","SEC",12,NA,NA,NA,NA,NA,NA,NA,NA,NA,NA,NA,NA,NA,NA,NA,NA,NA,NA,NA,NA,NA,NA,NA,NA,NA,NA,NA,NA
1990,"Ball State","Mid-American",11,NA,NA,NA,NA,NA,NA,NA,NA,NA,NA,NA,NA,NA,NA,NA,NA,NA,NA,NA,NA,NA,NA,NA,NA,NA,NA,NA,NA
1990,"Baylor","Southwest",11,NA,NA,NA,NA,NA,NA,NA,NA,NA,NA,NA,NA,NA,NA,NA,NA,NA,NA,NA,NA,NA,NA,NA,NA,NA,NA,NA,NA
1990,"Boston College","FBS Independents",11,NA,NA,NA,NA,NA,NA,NA,NA,NA,NA,NA,NA,NA,NA,NA,NA,NA,NA,NA,NA,NA,NA,NA,NA,NA,NA,NA,NA
1990,"Bowling Green","Mid-American",10,NA,NA,NA,NA,NA,NA,NA,NA,NA,NA,NA,NA,NA,NA,NA,NA,NA,NA,NA,NA,NA,NA,NA,NA,NA,NA,NA,NA
1990,"BYU","Western Athletic",13,NA,NA,NA,NA,NA,NA,NA,NA,NA,NA,NA,NA,NA,NA,NA,NA,NA,NA,NA,NA,NA,NA,NA,NA,NA,NA,NA,NA
1990,"California","Pac-10",12,NA,NA,NA,NA,NA,NA,NA,NA,NA,NA,NA,NA,NA,NA,NA,NA,NA,NA,NA,NA,NA,NA,NA,NA,NA,NA,NA,NA
1990,"Cal State Fullerton","Big West",12,NA,NA,NA,NA,NA,NA,NA,NA,NA,NA,NA,NA,NA,NA,NA,NA,NA,NA,NA,NA,NA,NA,NA,NA,NA,NA,NA,NA
1990,"Central Michigan","Mid-American",12,NA,NA,NA,NA,NA,NA,NA,NA,NA,NA,NA,NA,NA,NA,NA,NA,NA,NA,NA,NA,NA,NA,NA,NA,NA,NA,NA,NA
1990,"Cincinnati","FBS Independents",11,NA,NA,NA,NA,NA,NA,NA,NA,NA,NA,NA,NA,NA,NA,NA,NA,NA,NA,NA,NA,NA,NA,NA,NA,NA,NA,NA,NA
1990,"Clemson","ACC",12,NA,NA,NA,NA,NA,NA,NA,NA,NA,NA,NA,NA,NA,NA,NA,NA,NA,NA,NA,NA,NA,NA,NA,NA,NA,NA,NA,NA
1990,"Colorado","Big 8",13,NA,NA,NA,NA,NA,NA,NA,NA,NA,NA,NA,NA,NA,NA,NA,NA,NA,NA,NA,NA,NA,NA,NA,NA,NA,NA,NA,NA
1990,"Colorado State","Western Athletic",13,NA,NA,NA,NA,NA,NA,NA,NA,NA,NA,NA,NA,NA,NA,NA,NA,NA,NA,NA,NA,NA,NA,NA,NA,NA,NA,NA,NA
1990,"Duke","ACC",11,NA,NA,NA,NA,NA,NA,NA,NA,NA,NA,NA,NA,NA,NA,NA,NA,NA,NA,NA,NA,NA,NA,NA,NA,NA,NA,NA,NA
1990,"East Carolina","FBS Independents",11,NA,NA,NA,NA,NA,NA,NA,NA,NA,NA,NA,NA,NA,NA,NA,NA,NA,NA,NA,NA,NA,NA,NA,NA,NA,NA,NA,NA
1990,"Eastern Michigan","Mid-American",11,NA,NA,NA,NA,NA,NA,NA,NA,NA,NA,NA,NA,NA,NA,NA,NA,NA,NA,NA,NA,NA,NA,NA,NA,NA,NA,NA,NA
1990,"Florida","SEC",11,NA,NA,NA,NA,NA,NA,NA,NA,NA,NA,NA,NA,NA,NA,NA,NA,NA,NA,NA,NA,NA,NA,NA,NA,NA,NA,NA,NA
1990,"Florida State","FBS Independents",12,NA,NA,NA,NA,NA,NA,NA,NA,NA,NA,NA,NA,NA,NA,NA,NA,NA,NA,NA,NA,NA,NA,NA,NA,NA,NA,NA,NA
1990,"Fresno State","Big West",11,NA,NA,NA,NA,NA,NA,NA,NA,NA,NA,NA,NA,NA,NA,NA,NA,NA,NA,NA,NA,NA,NA,NA,NA,NA,NA,NA,NA
1990,"Georgia","SEC",11,NA,NA,NA,NA,NA,NA,NA,NA,NA,NA,NA,NA,NA,NA,NA,NA,NA,NA,NA,NA,NA,NA,NA,NA,NA,NA,NA,NA
1990,"Georgia Tech","ACC",12,NA,NA,NA,NA,NA,NA,NA,NA,NA,NA,NA,NA,NA,NA,NA,NA,NA,NA,NA,NA,NA,NA,NA,NA,NA,NA,NA,NA
1990,"Hawai'i","Western Athletic",12,NA,NA,NA,NA,NA,NA,NA,NA,NA,NA,NA,NA,NA,NA,NA,NA,NA,NA,NA,NA,NA,NA,NA,NA,NA,NA,NA,NA
1990,"Houston","Southwest",11,NA,NA,NA,NA,NA,NA,NA,NA,NA,NA,NA,NA,NA,NA,NA,NA,NA,NA,NA,NA,NA,NA,NA,NA,NA,NA,NA,NA
1990,"Illinois","Big Ten",12,NA,NA,NA,NA,NA,NA,NA,NA,NA,NA,NA,NA,NA,NA,NA,NA,NA,NA,NA,NA,NA,NA,NA,NA,NA,NA,NA,NA
1990,"Indiana","Big Ten",12,NA,NA,NA,NA,NA,NA,NA,NA,NA,NA,NA,NA,NA,NA,NA,NA,NA,NA,NA,NA,NA,NA,NA,NA,NA,NA,NA,NA
1990,"Iowa","Big Ten",12,NA,NA,NA,NA,NA,NA,NA,NA,NA,NA,NA,NA,NA,NA,NA,NA,NA,NA,NA,NA,NA,NA,NA,NA,NA,NA,NA,NA
1990,"Iowa State","Big 8",11,NA,NA,NA,NA,NA,NA,NA,NA,NA,NA,NA,NA,NA,NA,NA,NA,NA,NA,NA,NA,NA,NA,NA,NA,NA,NA,NA,NA
1990,"Kansas","Big 8",11,NA,NA,NA,NA,NA,NA,NA,NA,NA,NA,NA,NA,NA,NA,NA,NA,NA,NA,NA,NA,NA,NA,NA,NA,NA,NA,NA,NA
1990,"Kansas State","Big 8",11,NA,NA,NA,NA,NA,NA,NA,NA,NA,NA,NA,NA,NA,NA,NA,NA,NA,NA,NA,NA,NA,NA,NA,NA,NA,NA,NA,NA
1990,"Kent State","Mid-American",11,NA,NA,NA,NA,NA,NA,NA,NA,NA,NA,NA,NA,NA,NA,NA,NA,NA,NA,NA,NA,NA,NA,NA,NA,NA,NA,NA,NA
1990,"Kentucky","SEC",11,NA,NA,NA,NA,NA,NA,NA,NA,NA,NA,NA,NA,NA,NA,NA,NA,NA,NA,NA,NA,NA,NA,NA,NA,NA,NA,NA,NA
1990,"Long Beach State","Big West",11,NA,NA,NA,NA,NA,NA,NA,NA,NA,NA,NA,NA,NA,NA,NA,NA,NA,NA,NA,NA,NA,NA,NA,NA,NA,NA,NA,NA
1990,"Louisiana","FBS Independents",11,NA,NA,NA,NA,NA,NA,NA,NA,NA,NA,NA,NA,NA,NA,NA,NA,NA,NA,NA,NA,NA,NA,NA,NA,NA,NA,NA,NA
1990,"Louisiana Tech","FBS Independents",12,NA,NA,NA,NA,NA,NA,NA,NA,NA,NA,NA,NA,NA,NA,NA,NA,NA,NA,NA,NA,NA,NA,NA,NA,NA,NA,NA,NA
1990,"Louisville","FBS Independents",12,NA,NA,NA,NA,NA,NA,NA,NA,NA,NA,NA,NA,NA,NA,NA,NA,NA,NA,NA,NA,NA,NA,NA,NA,NA,NA,NA,NA
1990,"LSU","SEC",11,NA,NA,NA,NA,NA,NA,NA,NA,NA,NA,NA,NA,NA,NA,NA,NA,NA,NA,NA,NA,NA,NA,NA,NA,NA,NA,NA,NA
1990,"Maryland","ACC",12,NA,NA,NA,NA,NA,NA,NA,NA,NA,NA,NA,NA,NA,NA,NA,NA,NA,NA,NA,NA,NA,NA,NA,NA,NA,NA,NA,NA
1990,"Memphis","FBS Independents",11,NA,NA,NA,NA,NA,NA,NA,NA,NA,NA,NA,NA,NA,NA,NA,NA,NA,NA,NA,NA,NA,NA,NA,NA,NA,NA,NA,NA
1990,"Miami","FBS Independents",12,NA,NA,NA,NA,NA,NA,NA,NA,NA,NA,NA,NA,NA,NA,NA,NA,NA,NA,NA,NA,NA,NA,NA,NA,NA,NA,NA,NA
1990,"Miami (OH)","Mid-American",11,NA,NA,NA,NA,NA,NA,NA,NA,NA,NA,NA,NA,NA,NA,NA,NA,NA,NA,NA,NA,NA,NA,NA,NA,NA,NA,NA,NA
1990,"Michigan","Big Ten",12,NA,NA,NA,NA,NA,NA,NA,NA,NA,NA,NA,NA,NA,NA,NA,NA,NA,NA,NA,NA,NA,NA,NA,NA,NA,NA,NA,NA
1990,"Michigan State","Big Ten",12,NA,NA,NA,NA,NA,NA,NA,NA,NA,NA,NA,NA,NA,NA,NA,NA,NA,NA,NA,NA,NA,NA,NA,NA,NA,NA,NA,NA
1990,"Minnesota","Big Ten",11,NA,NA,NA,NA,NA,NA,NA,NA,NA,NA,NA,NA,NA,NA,NA,NA,NA,NA,NA,NA,NA,NA,NA,NA,NA,NA,NA,NA
1990,"Mississippi State","SEC",11,NA,NA,NA,NA,NA,NA,NA,NA,NA,NA,NA,NA,NA,NA,NA,NA,NA,NA,NA,NA,NA,NA,NA,NA,NA,NA,NA,NA
1990,"Missouri","Big 8",11,NA,NA,NA,NA,NA,NA,NA,NA,NA,NA,NA,NA,NA,NA,NA,NA,NA,NA,NA,NA,NA,NA,NA,NA,NA,NA,NA,NA
1990,"Navy","FBS Independents",11,NA,NA,NA,NA,NA,NA,NA,NA,NA,NA,NA,NA,NA,NA,NA,NA,NA,NA,NA,NA,NA,NA,NA,NA,NA,NA,NA,NA
1990,"NC State","ACC",12,NA,NA,NA,NA,NA,NA,NA,NA,NA,NA,NA,NA,NA,NA,NA,NA,NA,NA,NA,NA,NA,NA,NA,NA,NA,NA,NA,NA
1990,"Nebraska","Big 8",12,NA,NA,NA,NA,NA,NA,NA,NA,NA,NA,NA,NA,NA,NA,NA,NA,NA,NA,NA,NA,NA,NA,NA,NA,NA,NA,NA,NA
1990,"New Mexico","Western Athletic",12,NA,NA,NA,NA,NA,NA,NA,NA,NA,NA,NA,NA,NA,NA,NA,NA,NA,NA,NA,NA,NA,NA,NA,NA,NA,NA,NA,NA
1990,"New Mexico State","Big West",11,NA,NA,NA,NA,NA,NA,NA,NA,NA,NA,NA,NA,NA,NA,NA,NA,NA,NA,NA,NA,NA,NA,NA,NA,NA,NA,NA,NA
1990,"North Carolina","ACC",11,NA,NA,NA,NA,NA,NA,NA,NA,NA,NA,NA,NA,NA,NA,NA,NA,NA,NA,NA,NA,NA,NA,NA,NA,NA,NA,NA,NA
1990,"Northern Illinois","FBS Independents",11,NA,NA,NA,NA,NA,NA,NA,NA,NA,NA,NA,NA,NA,NA,NA,NA,NA,NA,NA,NA,NA,NA,NA,NA,NA,NA,NA,NA
1990,"Northwestern","Big Ten",11,NA,NA,NA,NA,NA,NA,NA,NA,NA,NA,NA,NA,NA,NA,NA,NA,NA,NA,NA,NA,NA,NA,NA,NA,NA,NA,NA,NA
1990,"Notre Dame","FBS Independents",12,NA,NA,NA,NA,NA,NA,NA,NA,NA,NA,NA,NA,NA,NA,NA,NA,NA,NA,NA,NA,NA,NA,NA,NA,NA,NA,NA,NA
1990,"Ohio","Mid-American",11,NA,NA,NA,NA,NA,NA,NA,NA,NA,NA,NA,NA,NA,NA,NA,NA,NA,NA,NA,NA,NA,NA,NA,NA,NA,NA,NA,NA
1990,"Ohio State","Big Ten",12,NA,NA,NA,NA,NA,NA,NA,NA,NA,NA,NA,NA,NA,NA,NA,NA,NA,NA,NA,NA,NA,NA,NA,NA,NA,NA,NA,NA
1990,"Oklahoma","Big 8",11,NA,NA,NA,NA,NA,NA,NA,NA,NA,NA,NA,NA,NA,NA,NA,NA,NA,NA,NA,NA,NA,NA,NA,NA,NA,NA,NA,NA
1990,"Oklahoma State","Big 8",11,NA,NA,NA,NA,NA,NA,NA,NA,NA,NA,NA,NA,NA,NA,NA,NA,NA,NA,NA,NA,NA,NA,NA,NA,NA,NA,NA,NA
1990,"Ole Miss","SEC",12,NA,NA,NA,NA,NA,NA,NA,NA,NA,NA,NA,NA,NA,NA,NA,NA,NA,NA,NA,NA,NA,NA,NA,NA,NA,NA,NA,NA
1990,"Oregon","Pac-10",12,NA,NA,NA,NA,NA,NA,NA,NA,NA,NA,NA,NA,NA,NA,NA,NA,NA,NA,NA,NA,NA,NA,NA,NA,NA,NA,NA,NA
1990,"Oregon State","Pac-10",11,NA,NA,NA,NA,NA,NA,NA,NA,NA,NA,NA,NA,NA,NA,NA,NA,NA,NA,NA,NA,NA,NA,NA,NA,NA,NA,NA,NA
1990,"Pacific","Big West",11,NA,NA,NA,NA,NA,NA,NA,NA,NA,NA,NA,NA,NA,NA,NA,NA,NA,NA,NA,NA,NA,NA,NA,NA,NA,NA,NA,NA
1990,"Penn State","FBS Independents",12,NA,NA,NA,NA,NA,NA,NA,NA,NA,NA,NA,NA,NA,NA,NA,NA,NA,NA,NA,NA,NA,NA,NA,NA,NA,NA,NA,NA
1990,"Pittsburgh","FBS Independents",11,NA,NA,NA,NA,NA,NA,NA,NA,NA,NA,NA,NA,NA,NA,NA,NA,NA,NA,NA,NA,NA,NA,NA,NA,NA,NA,NA,NA
1990,"Purdue","Big Ten",11,NA,NA,NA,NA,NA,NA,NA,NA,NA,NA,NA,NA,NA,NA,NA,NA,NA,NA,NA,NA,NA,NA,NA,NA,NA,NA,NA,NA
1990,"Rice","Southwest",11,NA,NA,NA,NA,NA,NA,NA,NA,NA,NA,NA,NA,NA,NA,NA,NA,NA,NA,NA,NA,NA,NA,NA,NA,NA,NA,NA,NA
1990,"Rutgers","FBS Independents",11,NA,NA,NA,NA,NA,NA,NA,NA,NA,NA,NA,NA,NA,NA,NA,NA,NA,NA,NA,NA,NA,NA,NA,NA,NA,NA,NA,NA
1990,"San Diego State","Western Athletic",11,NA,NA,NA,NA,NA,NA,NA,NA,NA,NA,NA,NA,NA,NA,NA,NA,NA,NA,NA,NA,NA,NA,NA,NA,NA,NA,NA,NA
1990,"San José State","Big West",12,NA,NA,NA,NA,NA,NA,NA,NA,NA,NA,NA,NA,NA,NA,NA,NA,NA,NA,NA,NA,NA,NA,NA,NA,NA,NA,NA,NA
1990,"SMU","Southwest",11,NA,NA,NA,NA,NA,NA,NA,NA,NA,NA,NA,NA,NA,NA,NA,NA,NA,NA,NA,NA,NA,NA,NA,NA,NA,NA,NA,NA
1990,"South Carolina","FBS Independents",11,NA,NA,NA,NA,NA,NA,NA,NA,NA,NA,NA,NA,NA,NA,NA,NA,NA,NA,NA,NA,NA,NA,NA,NA,NA,NA,NA,NA
1990,"Southern Miss","FBS Independents",12,NA,NA,NA,NA,NA,NA,NA,NA,NA,NA,NA,NA,NA,NA,NA,NA,NA,NA,NA,NA,NA,NA,NA,NA,NA,NA,NA,NA
1990,"Stanford","Pac-10",11,NA,NA,NA,NA,NA,NA,NA,NA,NA,NA,NA,NA,NA,NA,NA,NA,NA,NA,NA,NA,NA,NA,NA,NA,NA,NA,NA,NA
1990,"Syracuse","FBS Independents",13,NA,NA,NA,NA,NA,NA,NA,NA,NA,NA,NA,NA,NA,NA,NA,NA,NA,NA,NA,NA,NA,NA,NA,NA,NA,NA,NA,NA
1990,"TCU","Southwest",11,NA,NA,NA,NA,NA,NA,NA,NA,NA,NA,NA,NA,NA,NA,NA,NA,NA,NA,NA,NA,NA,NA,NA,NA,NA,NA,NA,NA
1990,"Temple","FBS Independents",11,NA,NA,NA,NA,NA,NA,NA,NA,NA,NA,NA,NA,NA,NA,NA,NA,NA,NA,NA,NA,NA,NA,NA,NA,NA,NA,NA,NA
1990,"Tennessee","SEC",13,NA,NA,NA,NA,NA,NA,NA,NA,NA,NA,NA,NA,NA,NA,NA,NA,NA,NA,NA,NA,NA,NA,NA,NA,NA,NA,NA,NA
1990,"Texas","Southwest",12,NA,NA,NA,NA,NA,NA,NA,NA,NA,NA,NA,NA,NA,NA,NA,NA,NA,NA,NA,NA,NA,NA,NA,NA,NA,NA,NA,NA
1990,"Texas A&M","Southwest",13,NA,NA,NA,NA,NA,NA,NA,NA,NA,NA,NA,NA,NA,NA,NA,NA,NA,NA,NA,NA,NA,NA,NA,NA,NA,NA,NA,NA
1990,"Texas Tech","Southwest",11,NA,NA,NA,NA,NA,NA,NA,NA,NA,NA,NA,NA,NA,NA,NA,NA,NA,NA,NA,NA,NA,NA,NA,NA,NA,NA,NA,NA
1990,"Toledo","Mid-American",11,NA,NA,NA,NA,NA,NA,NA,NA,NA,NA,NA,NA,NA,NA,NA,NA,NA,NA,NA,NA,NA,NA,NA,NA,NA,NA,NA,NA
1990,"Tulane","FBS Independents",11,NA,NA,NA,NA,NA,NA,NA,NA,NA,NA,NA,NA,NA,NA,NA,NA,NA,NA,NA,NA,NA,NA,NA,NA,NA,NA,NA,NA
1990,"Tulsa","FBS Independents",11,NA,NA,NA,NA,NA,NA,NA,NA,NA,NA,NA,NA,NA,NA,NA,NA,NA,NA,NA,NA,NA,NA,NA,NA,NA,NA,NA,NA
1990,"UCLA","Pac-10",11,NA,NA,NA,NA,NA,NA,NA,NA,NA,NA,NA,NA,NA,NA,NA,NA,NA,NA,NA,NA,NA,NA,NA,NA,NA,NA,NA,NA
1990,"UNLV","Big West",11,NA,NA,NA,NA,NA,NA,NA,NA,NA,NA,NA,NA,NA,NA,NA,NA,NA,NA,NA,NA,NA,NA,NA,NA,NA,NA,NA,NA
1990,"USC","Pac-10",13,NA,NA,NA,NA,NA,NA,NA,NA,NA,NA,NA,NA,NA,NA,NA,NA,NA,NA,NA,NA,NA,NA,NA,NA,NA,NA,NA,NA
1990,"Utah","Western Athletic",11,NA,NA,NA,NA,NA,NA,NA,NA,NA,NA,NA,NA,NA,NA,NA,NA,NA,NA,NA,NA,NA,NA,NA,NA,NA,NA,NA,NA
1990,"Utah State","Big West",11,NA,NA,NA,NA,NA,NA,NA,NA,NA,NA,NA,NA,NA,NA,NA,NA,NA,NA,NA,NA,NA,NA,NA,NA,NA,NA,NA,NA
1990,"UTEP","Western Athletic",11,NA,NA,NA,NA,NA,NA,NA,NA,NA,NA,NA,NA,NA,NA,NA,NA,NA,NA,NA,NA,NA,NA,NA,NA,NA,NA,NA,NA
1990,"Vanderbilt","SEC",11,NA,NA,NA,NA,NA,NA,NA,NA,NA,NA,NA,NA,NA,NA,NA,NA,NA,NA,NA,NA,NA,NA,NA,NA,NA,NA,NA,NA
1990,"Virginia","ACC",12,NA,NA,NA,NA,NA,NA,NA,NA,NA,NA,NA,NA,NA,NA,NA,NA,NA,NA,NA,NA,NA,NA,NA,NA,NA,NA,NA,NA
1990,"Virginia Tech","FBS Independents",11,NA,NA,NA,NA,NA,NA,NA,NA,NA,NA,NA,NA,NA,NA,NA,NA,NA,NA,NA,NA,NA,NA,NA,NA,NA,NA,NA,NA
1990,"Wake Forest","ACC",11,NA,NA,NA,NA,NA,NA,NA,NA,NA,NA,NA,NA,NA,NA,NA,NA,NA,NA,NA,NA,NA,NA,NA,NA,NA,NA,NA,NA
1990,"Washington","Pac-10",12,NA,NA,NA,NA,NA,NA,NA,NA,NA,NA,NA,NA,NA,NA,NA,NA,NA,NA,NA,NA,NA,NA,NA,NA,NA,NA,NA,NA
1990,"Washington State","Pac-10",11,NA,NA,NA,NA,NA,NA,NA,NA,NA,NA,NA,NA,NA,NA,NA,NA,NA,NA,NA,NA,NA,NA,NA,NA,NA,NA,NA,NA
1990,"Western Michigan","Mid-American",11,NA,NA,NA,NA,NA,NA,NA,NA,NA,NA,NA,NA,NA,NA,NA,NA,NA,NA,NA,NA,NA,NA,NA,NA,NA,NA,NA,NA
1990,"West Virginia","FBS Independents",11,NA,NA,NA,NA,NA,NA,NA,NA,NA,NA,NA,NA,NA,NA,NA,NA,NA,NA,NA,NA,NA,NA,NA,NA,NA,NA,NA,NA
1990,"Wisconsin","Big Ten",11,NA,NA,NA,NA,NA,NA,NA,NA,NA,NA,NA,NA,NA,NA,NA,NA,NA,NA,NA,NA,NA,NA,NA,NA,NA,NA,NA,NA
1990,"Wyoming","Western Athletic",13,NA,NA,NA,NA,NA,NA,NA,NA,NA,NA,NA,NA,NA,NA,NA,NA,NA,NA,NA,NA,NA,NA,NA,NA,NA,NA,NA,NA
1991,"Air Force","Western Athletic",13,NA,NA,NA,NA,NA,NA,NA,NA,NA,NA,NA,NA,NA,NA,NA,NA,NA,NA,NA,NA,NA,NA,NA,NA,NA,NA,NA,NA
1991,"Akron","FBS Independents",11,NA,NA,NA,NA,NA,NA,NA,NA,NA,NA,NA,NA,NA,NA,NA,NA,NA,NA,NA,NA,NA,NA,NA,NA,NA,NA,NA,NA
1991,"Alabama","SEC",12,NA,NA,NA,NA,NA,NA,NA,NA,NA,NA,NA,NA,NA,NA,NA,NA,NA,NA,NA,NA,NA,NA,NA,NA,NA,NA,NA,NA
1991,"Arizona","Pac-10",11,NA,NA,NA,NA,NA,NA,NA,NA,NA,NA,NA,NA,NA,NA,NA,NA,NA,NA,NA,NA,NA,NA,NA,NA,NA,NA,NA,NA
1991,"Arizona State","Pac-10",11,NA,NA,NA,NA,NA,NA,NA,NA,NA,NA,NA,NA,NA,NA,NA,NA,NA,NA,NA,NA,NA,NA,NA,NA,NA,NA,NA,NA
1991,"Arkansas","Southwest",12,NA,NA,NA,NA,NA,NA,NA,NA,NA,NA,NA,NA,NA,NA,NA,NA,NA,NA,NA,NA,NA,NA,NA,NA,NA,NA,NA,NA
1991,"Arkansas State","FBS Independents",11,NA,NA,NA,NA,NA,NA,NA,NA,NA,NA,NA,NA,NA,NA,NA,NA,NA,NA,NA,NA,NA,NA,NA,NA,NA,NA,NA,NA
1991,"Army","FBS Independents",11,NA,NA,NA,NA,NA,NA,NA,NA,NA,NA,NA,NA,NA,NA,NA,NA,NA,NA,NA,NA,NA,NA,NA,NA,NA,NA,NA,NA
1991,"Auburn","SEC",11,NA,NA,NA,NA,NA,NA,NA,NA,NA,NA,NA,NA,NA,NA,NA,NA,NA,NA,NA,NA,NA,NA,NA,NA,NA,NA,NA,NA
1991,"Ball State","Mid-American",11,NA,NA,NA,NA,NA,NA,NA,NA,NA,NA,NA,NA,NA,NA,NA,NA,NA,NA,NA,NA,NA,NA,NA,NA,NA,NA,NA,NA
1991,"Baylor","Southwest",12,NA,NA,NA,NA,NA,NA,NA,NA,NA,NA,NA,NA,NA,NA,NA,NA,NA,NA,NA,NA,NA,NA,NA,NA,NA,NA,NA,NA
1991,"Boston College","Big East",11,NA,NA,NA,NA,NA,NA,NA,NA,NA,NA,NA,NA,NA,NA,NA,NA,NA,NA,NA,NA,NA,NA,NA,NA,NA,NA,NA,NA
1991,"Bowling Green","Mid-American",12,NA,NA,NA,NA,NA,NA,NA,NA,NA,NA,NA,NA,NA,NA,NA,NA,NA,NA,NA,NA,NA,NA,NA,NA,NA,NA,NA,NA
1991,"BYU","Western Athletic",13,NA,NA,NA,NA,NA,NA,NA,NA,NA,NA,NA,NA,NA,NA,NA,NA,NA,NA,NA,NA,NA,NA,NA,NA,NA,NA,NA,NA
1991,"California","Pac-10",12,NA,NA,NA,NA,NA,NA,NA,NA,NA,NA,NA,NA,NA,NA,NA,NA,NA,NA,NA,NA,NA,NA,NA,NA,NA,NA,NA,NA
1991,"Cal State Fullerton","Big West",11,NA,NA,NA,NA,NA,NA,NA,NA,NA,NA,NA,NA,NA,NA,NA,NA,NA,NA,NA,NA,NA,NA,NA,NA,NA,NA,NA,NA
1991,"Central Michigan","Mid-American",11,NA,NA,NA,NA,NA,NA,NA,NA,NA,NA,NA,NA,NA,NA,NA,NA,NA,NA,NA,NA,NA,NA,NA,NA,NA,NA,NA,NA
1991,"Cincinnati","FBS Independents",11,NA,NA,NA,NA,NA,NA,NA,NA,NA,NA,NA,NA,NA,NA,NA,NA,NA,NA,NA,NA,NA,NA,NA,NA,NA,NA,NA,NA
1991,"Clemson","ACC",12,NA,NA,NA,NA,NA,NA,NA,NA,NA,NA,NA,NA,NA,NA,NA,NA,NA,NA,NA,NA,NA,NA,NA,NA,NA,NA,NA,NA
1991,"Colorado","Big 8",12,NA,NA,NA,NA,NA,NA,NA,NA,NA,NA,NA,NA,NA,NA,NA,NA,NA,NA,NA,NA,NA,NA,NA,NA,NA,NA,NA,NA
1991,"Colorado State","Western Athletic",11,NA,NA,NA,NA,NA,NA,NA,NA,NA,NA,NA,NA,NA,NA,NA,NA,NA,NA,NA,NA,NA,NA,NA,NA,NA,NA,NA,NA
1991,"Duke","ACC",11,NA,NA,NA,NA,NA,NA,NA,NA,NA,NA,NA,NA,NA,NA,NA,NA,NA,NA,NA,NA,NA,NA,NA,NA,NA,NA,NA,NA
1991,"East Carolina","FBS Independents",12,NA,NA,NA,NA,NA,NA,NA,NA,NA,NA,NA,NA,NA,NA,NA,NA,NA,NA,NA,NA,NA,NA,NA,NA,NA,NA,NA,NA
1991,"Eastern Michigan","Mid-American",11,NA,NA,NA,NA,NA,NA,NA,NA,NA,NA,NA,NA,NA,NA,NA,NA,NA,NA,NA,NA,NA,NA,NA,NA,NA,NA,NA,NA
1991,"Florida","SEC",12,NA,NA,NA,NA,NA,NA,NA,NA,NA,NA,NA,NA,NA,NA,NA,NA,NA,NA,NA,NA,NA,NA,NA,NA,NA,NA,NA,NA
1991,"Florida State","FBS Independents",13,NA,NA,NA,NA,NA,NA,NA,NA,NA,NA,NA,NA,NA,NA,NA,NA,NA,NA,NA,NA,NA,NA,NA,NA,NA,NA,NA,NA
1991,"Fresno State","Big West",12,NA,NA,NA,NA,NA,NA,NA,NA,NA,NA,NA,NA,NA,NA,NA,NA,NA,NA,NA,NA,NA,NA,NA,NA,NA,NA,NA,NA
1991,"Georgia","SEC",12,NA,NA,NA,NA,NA,NA,NA,NA,NA,NA,NA,NA,NA,NA,NA,NA,NA,NA,NA,NA,NA,NA,NA,NA,NA,NA,NA,NA
1991,"Georgia Tech","ACC",13,NA,NA,NA,NA,NA,NA,NA,NA,NA,NA,NA,NA,NA,NA,NA,NA,NA,NA,NA,NA,NA,NA,NA,NA,NA,NA,NA,NA
1991,"Hawai'i","Western Athletic",12,NA,NA,NA,NA,NA,NA,NA,NA,NA,NA,NA,NA,NA,NA,NA,NA,NA,NA,NA,NA,NA,NA,NA,NA,NA,NA,NA,NA
1991,"Houston","Southwest",11,NA,NA,NA,NA,NA,NA,NA,NA,NA,NA,NA,NA,NA,NA,NA,NA,NA,NA,NA,NA,NA,NA,NA,NA,NA,NA,NA,NA
1991,"Illinois","Big Ten",12,NA,NA,NA,NA,NA,NA,NA,NA,NA,NA,NA,NA,NA,NA,NA,NA,NA,NA,NA,NA,NA,NA,NA,NA,NA,NA,NA,NA
1991,"Indiana","Big Ten",12,NA,NA,NA,NA,NA,NA,NA,NA,NA,NA,NA,NA,NA,NA,NA,NA,NA,NA,NA,NA,NA,NA,NA,NA,NA,NA,NA,NA
1991,"Iowa","Big Ten",12,NA,NA,NA,NA,NA,NA,NA,NA,NA,NA,NA,NA,NA,NA,NA,NA,NA,NA,NA,NA,NA,NA,NA,NA,NA,NA,NA,NA
1991,"Iowa State","Big 8",11,NA,NA,NA,NA,NA,NA,NA,NA,NA,NA,NA,NA,NA,NA,NA,NA,NA,NA,NA,NA,NA,NA,NA,NA,NA,NA,NA,NA
1991,"Kansas","Big 8",11,NA,NA,NA,NA,NA,NA,NA,NA,NA,NA,NA,NA,NA,NA,NA,NA,NA,NA,NA,NA,NA,NA,NA,NA,NA,NA,NA,NA
1991,"Kansas State","Big 8",11,NA,NA,NA,NA,NA,NA,NA,NA,NA,NA,NA,NA,NA,NA,NA,NA,NA,NA,NA,NA,NA,NA,NA,NA,NA,NA,NA,NA
1991,"Kent State","Mid-American",11,NA,NA,NA,NA,NA,NA,NA,NA,NA,NA,NA,NA,NA,NA,NA,NA,NA,NA,NA,NA,NA,NA,NA,NA,NA,NA,NA,NA
1991,"Kentucky","SEC",11,NA,NA,NA,NA,NA,NA,NA,NA,NA,NA,NA,NA,NA,NA,NA,NA,NA,NA,NA,NA,NA,NA,NA,NA,NA,NA,NA,NA
1991,"Long Beach State","Big West",11,NA,NA,NA,NA,NA,NA,NA,NA,NA,NA,NA,NA,NA,NA,NA,NA,NA,NA,NA,NA,NA,NA,NA,NA,NA,NA,NA,NA
1991,"Louisiana","FBS Independents",11,NA,NA,NA,NA,NA,NA,NA,NA,NA,NA,NA,NA,NA,NA,NA,NA,NA,NA,NA,NA,NA,NA,NA,NA,NA,NA,NA,NA
1991,"Louisiana Tech","FBS Independents",11,NA,NA,NA,NA,NA,NA,NA,NA,NA,NA,NA,NA,NA,NA,NA,NA,NA,NA,NA,NA,NA,NA,NA,NA,NA,NA,NA,NA
1991,"Louisville","FBS Independents",11,NA,NA,NA,NA,NA,NA,NA,NA,NA,NA,NA,NA,NA,NA,NA,NA,NA,NA,NA,NA,NA,NA,NA,NA,NA,NA,NA,NA
1991,"LSU","SEC",11,NA,NA,NA,NA,NA,NA,NA,NA,NA,NA,NA,NA,NA,NA,NA,NA,NA,NA,NA,NA,NA,NA,NA,NA,NA,NA,NA,NA
1991,"Maryland","ACC",11,NA,NA,NA,NA,NA,NA,NA,NA,NA,NA,NA,NA,NA,NA,NA,NA,NA,NA,NA,NA,NA,NA,NA,NA,NA,NA,NA,NA
1991,"Memphis","FBS Independents",11,NA,NA,NA,NA,NA,NA,NA,NA,NA,NA,NA,NA,NA,NA,NA,NA,NA,NA,NA,NA,NA,NA,NA,NA,NA,NA,NA,NA
1991,"Miami","Big East",12,NA,NA,NA,NA,NA,NA,NA,NA,NA,NA,NA,NA,NA,NA,NA,NA,NA,NA,NA,NA,NA,NA,NA,NA,NA,NA,NA,NA
1991,"Miami (OH)","Mid-American",11,NA,NA,NA,NA,NA,NA,NA,NA,NA,NA,NA,NA,NA,NA,NA,NA,NA,NA,NA,NA,NA,NA,NA,NA,NA,NA,NA,NA
1991,"Michigan","Big Ten",12,NA,NA,NA,NA,NA,NA,NA,NA,NA,NA,NA,NA,NA,NA,NA,NA,NA,NA,NA,NA,NA,NA,NA,NA,NA,NA,NA,NA
1991,"Michigan State","Big Ten",11,NA,NA,NA,NA,NA,NA,NA,NA,NA,NA,NA,NA,NA,NA,NA,NA,NA,NA,NA,NA,NA,NA,NA,NA,NA,NA,NA,NA
1991,"Minnesota","Big Ten",11,NA,NA,NA,NA,NA,NA,NA,NA,NA,NA,NA,NA,NA,NA,NA,NA,NA,NA,NA,NA,NA,NA,NA,NA,NA,NA,NA,NA
1991,"Mississippi State","SEC",12,NA,NA,NA,NA,NA,NA,NA,NA,NA,NA,NA,NA,NA,NA,NA,NA,NA,NA,NA,NA,NA,NA,NA,NA,NA,NA,NA,NA
1991,"Missouri","Big 8",11,NA,NA,NA,NA,NA,NA,NA,NA,NA,NA,NA,NA,NA,NA,NA,NA,NA,NA,NA,NA,NA,NA,NA,NA,NA,NA,NA,NA
1991,"Navy","FBS Independents",11,NA,NA,NA,NA,NA,NA,NA,NA,NA,NA,NA,NA,NA,NA,NA,NA,NA,NA,NA,NA,NA,NA,NA,NA,NA,NA,NA,NA
1991,"NC State","ACC",12,NA,NA,NA,NA,NA,NA,NA,NA,NA,NA,NA,NA,NA,NA,NA,NA,NA,NA,NA,NA,NA,NA,NA,NA,NA,NA,NA,NA
1991,"Nebraska","Big 8",12,NA,NA,NA,NA,NA,NA,NA,NA,NA,NA,NA,NA,NA,NA,NA,NA,NA,NA,NA,NA,NA,NA,NA,NA,NA,NA,NA,NA
1991,"New Mexico","Western Athletic",12,NA,NA,NA,NA,NA,NA,NA,NA,NA,NA,NA,NA,NA,NA,NA,NA,NA,NA,NA,NA,NA,NA,NA,NA,NA,NA,NA,NA
1991,"New Mexico State","Big West",11,NA,NA,NA,NA,NA,NA,NA,NA,NA,NA,NA,NA,NA,NA,NA,NA,NA,NA,NA,NA,NA,NA,NA,NA,NA,NA,NA,NA
1991,"North Carolina","ACC",11,NA,NA,NA,NA,NA,NA,NA,NA,NA,NA,NA,NA,NA,NA,NA,NA,NA,NA,NA,NA,NA,NA,NA,NA,NA,NA,NA,NA
1991,"Northern Illinois","FBS Independents",11,NA,NA,NA,NA,NA,NA,NA,NA,NA,NA,NA,NA,NA,NA,NA,NA,NA,NA,NA,NA,NA,NA,NA,NA,NA,NA,NA,NA
1991,"Northwestern","Big Ten",11,NA,NA,NA,NA,NA,NA,NA,NA,NA,NA,NA,NA,NA,NA,NA,NA,NA,NA,NA,NA,NA,NA,NA,NA,NA,NA,NA,NA
1991,"Notre Dame","FBS Independents",13,NA,NA,NA,NA,NA,NA,NA,NA,NA,NA,NA,NA,NA,NA,NA,NA,NA,NA,NA,NA,NA,NA,NA,NA,NA,NA,NA,NA
1991,"Ohio","Mid-American",11,NA,NA,NA,NA,NA,NA,NA,NA,NA,NA,NA,NA,NA,NA,NA,NA,NA,NA,NA,NA,NA,NA,NA,NA,NA,NA,NA,NA
1991,"Ohio State","Big Ten",12,NA,NA,NA,NA,NA,NA,NA,NA,NA,NA,NA,NA,NA,NA,NA,NA,NA,NA,NA,NA,NA,NA,NA,NA,NA,NA,NA,NA
1991,"Oklahoma","Big 8",12,NA,NA,NA,NA,NA,NA,NA,NA,NA,NA,NA,NA,NA,NA,NA,NA,NA,NA,NA,NA,NA,NA,NA,NA,NA,NA,NA,NA
1991,"Oklahoma State","Big 8",11,NA,NA,NA,NA,NA,NA,NA,NA,NA,NA,NA,NA,NA,NA,NA,NA,NA,NA,NA,NA,NA,NA,NA,NA,NA,NA,NA,NA
1991,"Ole Miss","SEC",11,NA,NA,NA,NA,NA,NA,NA,NA,NA,NA,NA,NA,NA,NA,NA,NA,NA,NA,NA,NA,NA,NA,NA,NA,NA,NA,NA,NA
1991,"Oregon","Pac-10",11,NA,NA,NA,NA,NA,NA,NA,NA,NA,NA,NA,NA,NA,NA,NA,NA,NA,NA,NA,NA,NA,NA,NA,NA,NA,NA,NA,NA
1991,"Oregon State","Pac-10",11,NA,NA,NA,NA,NA,NA,NA,NA,NA,NA,NA,NA,NA,NA,NA,NA,NA,NA,NA,NA,NA,NA,NA,NA,NA,NA,NA,NA
1991,"Pacific","Big West",12,NA,NA,NA,NA,NA,NA,NA,NA,NA,NA,NA,NA,NA,NA,NA,NA,NA,NA,NA,NA,NA,NA,NA,NA,NA,NA,NA,NA
1991,"Penn State","FBS Independents",13,NA,NA,NA,NA,NA,NA,NA,NA,NA,NA,NA,NA,NA,NA,NA,NA,NA,NA,NA,NA,NA,NA,NA,NA,NA,NA,NA,NA
1991,"Pittsburgh","Big East",11,NA,NA,NA,NA,NA,NA,NA,NA,NA,NA,NA,NA,NA,NA,NA,NA,NA,NA,NA,NA,NA,NA,NA,NA,NA,NA,NA,NA
1991,"Purdue","Big Ten",11,NA,NA,NA,NA,NA,NA,NA,NA,NA,NA,NA,NA,NA,NA,NA,NA,NA,NA,NA,NA,NA,NA,NA,NA,NA,NA,NA,NA
1991,"Rice","Southwest",11,NA,NA,NA,NA,NA,NA,NA,NA,NA,NA,NA,NA,NA,NA,NA,NA,NA,NA,NA,NA,NA,NA,NA,NA,NA,NA,NA,NA
1991,"Rutgers","Big East",11,NA,NA,NA,NA,NA,NA,NA,NA,NA,NA,NA,NA,NA,NA,NA,NA,NA,NA,NA,NA,NA,NA,NA,NA,NA,NA,NA,NA
1991,"San Diego State","Western Athletic",13,NA,NA,NA,NA,NA,NA,NA,NA,NA,NA,NA,NA,NA,NA,NA,NA,NA,NA,NA,NA,NA,NA,NA,NA,NA,NA,NA,NA
1991,"San José State","Big West",11,NA,NA,NA,NA,NA,NA,NA,NA,NA,NA,NA,NA,NA,NA,NA,NA,NA,NA,NA,NA,NA,NA,NA,NA,NA,NA,NA,NA
1991,"SMU","Southwest",11,NA,NA,NA,NA,NA,NA,NA,NA,NA,NA,NA,NA,NA,NA,NA,NA,NA,NA,NA,NA,NA,NA,NA,NA,NA,NA,NA,NA
1991,"South Carolina","FBS Independents",11,NA,NA,NA,NA,NA,NA,NA,NA,NA,NA,NA,NA,NA,NA,NA,NA,NA,NA,NA,NA,NA,NA,NA,NA,NA,NA,NA,NA
1991,"Southern Miss","FBS Independents",11,NA,NA,NA,NA,NA,NA,NA,NA,NA,NA,NA,NA,NA,NA,NA,NA,NA,NA,NA,NA,NA,NA,NA,NA,NA,NA,NA,NA
1991,"Stanford","Pac-10",12,NA,NA,NA,NA,NA,NA,NA,NA,NA,NA,NA,NA,NA,NA,NA,NA,NA,NA,NA,NA,NA,NA,NA,NA,NA,NA,NA,NA
1991,"Syracuse","Big East",12,NA,NA,NA,NA,NA,NA,NA,NA,NA,NA,NA,NA,NA,NA,NA,NA,NA,NA,NA,NA,NA,NA,NA,NA,NA,NA,NA,NA
1991,"TCU","Southwest",11,NA,NA,NA,NA,NA,NA,NA,NA,NA,NA,NA,NA,NA,NA,NA,NA,NA,NA,NA,NA,NA,NA,NA,NA,NA,NA,NA,NA
1991,"Temple","Big East",11,NA,NA,NA,NA,NA,NA,NA,NA,NA,NA,NA,NA,NA,NA,NA,NA,NA,NA,NA,NA,NA,NA,NA,NA,NA,NA,NA,NA
1991,"Tennessee","SEC",12,NA,NA,NA,NA,NA,NA,NA,NA,NA,NA,NA,NA,NA,NA,NA,NA,NA,NA,NA,NA,NA,NA,NA,NA,NA,NA,NA,NA
1991,"Texas","Southwest",11,NA,NA,NA,NA,NA,NA,NA,NA,NA,NA,NA,NA,NA,NA,NA,NA,NA,NA,NA,NA,NA,NA,NA,NA,NA,NA,NA,NA
1991,"Texas A&M","Southwest",12,NA,NA,NA,NA,NA,NA,NA,NA,NA,NA,NA,NA,NA,NA,NA,NA,NA,NA,NA,NA,NA,NA,NA,NA,NA,NA,NA,NA
1991,"Texas Tech","Southwest",11,NA,NA,NA,NA,NA,NA,NA,NA,NA,NA,NA,NA,NA,NA,NA,NA,NA,NA,NA,NA,NA,NA,NA,NA,NA,NA,NA,NA
1991,"Toledo","Mid-American",11,NA,NA,NA,NA,NA,NA,NA,NA,NA,NA,NA,NA,NA,NA,NA,NA,NA,NA,NA,NA,NA,NA,NA,NA,NA,NA,NA,NA
1991,"Tulane","FBS Independents",11,NA,NA,NA,NA,NA,NA,NA,NA,NA,NA,NA,NA,NA,NA,NA,NA,NA,NA,NA,NA,NA,NA,NA,NA,NA,NA,NA,NA
1991,"Tulsa","FBS Independents",12,NA,NA,NA,NA,NA,NA,NA,NA,NA,NA,NA,NA,NA,NA,NA,NA,NA,NA,NA,NA,NA,NA,NA,NA,NA,NA,NA,NA
1991,"UCLA","Pac-10",12,NA,NA,NA,NA,NA,NA,NA,NA,NA,NA,NA,NA,NA,NA,NA,NA,NA,NA,NA,NA,NA,NA,NA,NA,NA,NA,NA,NA
1991,"UNLV","Big West",11,NA,NA,NA,NA,NA,NA,NA,NA,NA,NA,NA,NA,NA,NA,NA,NA,NA,NA,NA,NA,NA,NA,NA,NA,NA,NA,NA,NA
1991,"USC","Pac-10",11,NA,NA,NA,NA,NA,NA,NA,NA,NA,NA,NA,NA,NA,NA,NA,NA,NA,NA,NA,NA,NA,NA,NA,NA,NA,NA,NA,NA
1991,"Utah","Western Athletic",12,NA,NA,NA,NA,NA,NA,NA,NA,NA,NA,NA,NA,NA,NA,NA,NA,NA,NA,NA,NA,NA,NA,NA,NA,NA,NA,NA,NA
1991,"Utah State","Big West",11,NA,NA,NA,NA,NA,NA,NA,NA,NA,NA,NA,NA,NA,NA,NA,NA,NA,NA,NA,NA,NA,NA,NA,NA,NA,NA,NA,NA
1991,"UTEP","Western Athletic",12,NA,NA,NA,NA,NA,NA,NA,NA,NA,NA,NA,NA,NA,NA,NA,NA,NA,NA,NA,NA,NA,NA,NA,NA,NA,NA,NA,NA
1991,"Vanderbilt","SEC",11,NA,NA,NA,NA,NA,NA,NA,NA,NA,NA,NA,NA,NA,NA,NA,NA,NA,NA,NA,NA,NA,NA,NA,NA,NA,NA,NA,NA
1991,"Virginia","ACC",12,NA,NA,NA,NA,NA,NA,NA,NA,NA,NA,NA,NA,NA,NA,NA,NA,NA,NA,NA,NA,NA,NA,NA,NA,NA,NA,NA,NA
1991,"Virginia Tech","Big East",11,NA,NA,NA,NA,NA,NA,NA,NA,NA,NA,NA,NA,NA,NA,NA,NA,NA,NA,NA,NA,NA,NA,NA,NA,NA,NA,NA,NA
1991,"Wake Forest","ACC",11,NA,NA,NA,NA,NA,NA,NA,NA,NA,NA,NA,NA,NA,NA,NA,NA,NA,NA,NA,NA,NA,NA,NA,NA,NA,NA,NA,NA
1991,"Washington","Pac-10",12,NA,NA,NA,NA,NA,NA,NA,NA,NA,NA,NA,NA,NA,NA,NA,NA,NA,NA,NA,NA,NA,NA,NA,NA,NA,NA,NA,NA
1991,"Washington State","Pac-10",11,NA,NA,NA,NA,NA,NA,NA,NA,NA,NA,NA,NA,NA,NA,NA,NA,NA,NA,NA,NA,NA,NA,NA,NA,NA,NA,NA,NA
1991,"Western Michigan","Mid-American",11,NA,NA,NA,NA,NA,NA,NA,NA,NA,NA,NA,NA,NA,NA,NA,NA,NA,NA,NA,NA,NA,NA,NA,NA,NA,NA,NA,NA
1991,"West Virginia","Big East",11,NA,NA,NA,NA,NA,NA,NA,NA,NA,NA,NA,NA,NA,NA,NA,NA,NA,NA,NA,NA,NA,NA,NA,NA,NA,NA,NA,NA
1991,"Wisconsin","Big Ten",11,NA,NA,NA,NA,NA,NA,NA,NA,NA,NA,NA,NA,NA,NA,NA,NA,NA,NA,NA,NA,NA,NA,NA,NA,NA,NA,NA,NA
1991,"Wyoming","Western Athletic",11,NA,NA,NA,NA,NA,NA,NA,NA,NA,NA,NA,NA,NA,NA,NA,NA,NA,NA,NA,NA,NA,NA,NA,NA,NA,NA,NA,NA
1992,"Air Force","Western Athletic",12,NA,NA,NA,NA,NA,NA,NA,NA,NA,NA,NA,NA,NA,NA,NA,NA,NA,NA,NA,NA,NA,NA,NA,NA,NA,NA,NA,NA
1992,"Akron","Mid-American",11,NA,NA,NA,NA,NA,NA,NA,NA,NA,NA,NA,NA,NA,NA,NA,NA,NA,NA,NA,NA,NA,NA,NA,NA,NA,NA,NA,NA
1992,"Alabama","SEC",13,NA,NA,NA,NA,NA,NA,NA,NA,NA,NA,NA,NA,NA,NA,NA,NA,NA,NA,NA,NA,NA,NA,NA,NA,NA,NA,NA,NA
1992,"Arizona","Pac-10",12,NA,NA,NA,NA,NA,NA,NA,NA,NA,NA,NA,NA,NA,NA,NA,NA,NA,NA,NA,NA,NA,NA,NA,NA,NA,NA,NA,NA
1992,"Arizona State","Pac-10",11,NA,NA,NA,NA,NA,NA,NA,NA,NA,NA,NA,NA,NA,NA,NA,NA,NA,NA,NA,NA,NA,NA,NA,NA,NA,NA,NA,NA
1992,"Arkansas","SEC",11,NA,NA,NA,NA,NA,NA,NA,NA,NA,NA,NA,NA,NA,NA,NA,NA,NA,NA,NA,NA,NA,NA,NA,NA,NA,NA,NA,NA
1992,"Arkansas State","FBS Independents",11,NA,NA,NA,NA,NA,NA,NA,NA,NA,NA,NA,NA,NA,NA,NA,NA,NA,NA,NA,NA,NA,NA,NA,NA,NA,NA,NA,NA
1992,"Army","FBS Independents",11,NA,NA,NA,NA,NA,NA,NA,NA,NA,NA,NA,NA,NA,NA,NA,NA,NA,NA,NA,NA,NA,NA,NA,NA,NA,NA,NA,NA
1992,"Auburn","SEC",11,NA,NA,NA,NA,NA,NA,NA,NA,NA,NA,NA,NA,NA,NA,NA,NA,NA,NA,NA,NA,NA,NA,NA,NA,NA,NA,NA,NA
1992,"Ball State","Mid-American",11,NA,NA,NA,NA,NA,NA,NA,NA,NA,NA,NA,NA,NA,NA,NA,NA,NA,NA,NA,NA,NA,NA,NA,NA,NA,NA,NA,NA
1992,"Baylor","Southwest",12,NA,NA,NA,NA,NA,NA,NA,NA,NA,NA,NA,NA,NA,NA,NA,NA,NA,NA,NA,NA,NA,NA,NA,NA,NA,NA,NA,NA
1992,"Boston College","Big East",12,NA,NA,NA,NA,NA,NA,NA,NA,NA,NA,NA,NA,NA,NA,NA,NA,NA,NA,NA,NA,NA,NA,NA,NA,NA,NA,NA,NA
1992,"Bowling Green","Mid-American",12,NA,NA,NA,NA,NA,NA,NA,NA,NA,NA,NA,NA,NA,NA,NA,NA,NA,NA,NA,NA,NA,NA,NA,NA,NA,NA,NA,NA
1992,"BYU","Western Athletic",13,NA,NA,NA,NA,NA,NA,NA,NA,NA,NA,NA,NA,NA,NA,NA,NA,NA,NA,NA,NA,NA,NA,NA,NA,NA,NA,NA,NA
1992,"California","Pac-10",11,NA,NA,NA,NA,NA,NA,NA,NA,NA,NA,NA,NA,NA,NA,NA,NA,NA,NA,NA,NA,NA,NA,NA,NA,NA,NA,NA,NA
1992,"Cal State Fullerton","Big West",11,NA,NA,NA,NA,NA,NA,NA,NA,NA,NA,NA,NA,NA,NA,NA,NA,NA,NA,NA,NA,NA,NA,NA,NA,NA,NA,NA,NA
1992,"Central Michigan","Mid-American",11,NA,NA,NA,NA,NA,NA,NA,NA,NA,NA,NA,NA,NA,NA,NA,NA,NA,NA,NA,NA,NA,NA,NA,NA,NA,NA,NA,NA
1992,"Cincinnati","FBS Independents",11,NA,NA,NA,NA,NA,NA,NA,NA,NA,NA,NA,NA,NA,NA,NA,NA,NA,NA,NA,NA,NA,NA,NA,NA,NA,NA,NA,NA
1992,"Clemson","ACC",11,NA,NA,NA,NA,NA,NA,NA,NA,NA,NA,NA,NA,NA,NA,NA,NA,NA,NA,NA,NA,NA,NA,NA,NA,NA,NA,NA,NA
1992,"Colorado","Big 8",12,NA,NA,NA,NA,NA,NA,NA,NA,NA,NA,NA,NA,NA,NA,NA,NA,NA,NA,NA,NA,NA,NA,NA,NA,NA,NA,NA,NA
1992,"Colorado State","Western Athletic",12,NA,NA,NA,NA,NA,NA,NA,NA,NA,NA,NA,NA,NA,NA,NA,NA,NA,NA,NA,NA,NA,NA,NA,NA,NA,NA,NA,NA
1992,"Duke","ACC",11,NA,NA,NA,NA,NA,NA,NA,NA,NA,NA,NA,NA,NA,NA,NA,NA,NA,NA,NA,NA,NA,NA,NA,NA,NA,NA,NA,NA
1992,"East Carolina","FBS Independents",11,NA,NA,NA,NA,NA,NA,NA,NA,NA,NA,NA,NA,NA,NA,NA,NA,NA,NA,NA,NA,NA,NA,NA,NA,NA,NA,NA,NA
1992,"Eastern Michigan","Mid-American",11,NA,NA,NA,NA,NA,NA,NA,NA,NA,NA,NA,NA,NA,NA,NA,NA,NA,NA,NA,NA,NA,NA,NA,NA,NA,NA,NA,NA
1992,"Florida","SEC",13,NA,NA,NA,NA,NA,NA,NA,NA,NA,NA,NA,NA,NA,NA,NA,NA,NA,NA,NA,NA,NA,NA,NA,NA,NA,NA,NA,NA
1992,"Florida State","ACC",12,NA,NA,NA,NA,NA,NA,NA,NA,NA,NA,NA,NA,NA,NA,NA,NA,NA,NA,NA,NA,NA,NA,NA,NA,NA,NA,NA,NA
1992,"Fresno State","Western Athletic",13,NA,NA,NA,NA,NA,NA,NA,NA,NA,NA,NA,NA,NA,NA,NA,NA,NA,NA,NA,NA,NA,NA,NA,NA,NA,NA,NA,NA
1992,"Georgia","SEC",12,NA,NA,NA,NA,NA,NA,NA,NA,NA,NA,NA,NA,NA,NA,NA,NA,NA,NA,NA,NA,NA,NA,NA,NA,NA,NA,NA,NA
1992,"Georgia Tech","ACC",11,NA,NA,NA,NA,NA,NA,NA,NA,NA,NA,NA,NA,NA,NA,NA,NA,NA,NA,NA,NA,NA,NA,NA,NA,NA,NA,NA,NA
1992,"Hawai'i","Western Athletic",13,NA,NA,NA,NA,NA,NA,NA,NA,NA,NA,NA,NA,NA,NA,NA,NA,NA,NA,NA,NA,NA,NA,NA,NA,NA,NA,NA,NA
1992,"Houston","Southwest",11,NA,NA,NA,NA,NA,NA,NA,NA,NA,NA,NA,NA,NA,NA,NA,NA,NA,NA,NA,NA,NA,NA,NA,NA,NA,NA,NA,NA
1992,"Illinois","Big Ten",12,NA,NA,NA,NA,NA,NA,NA,NA,NA,NA,NA,NA,NA,NA,NA,NA,NA,NA,NA,NA,NA,NA,NA,NA,NA,NA,NA,NA
1992,"Indiana","Big Ten",11,NA,NA,NA,NA,NA,NA,NA,NA,NA,NA,NA,NA,NA,NA,NA,NA,NA,NA,NA,NA,NA,NA,NA,NA,NA,NA,NA,NA
1992,"Iowa","Big Ten",12,NA,NA,NA,NA,NA,NA,NA,NA,NA,NA,NA,NA,NA,NA,NA,NA,NA,NA,NA,NA,NA,NA,NA,NA,NA,NA,NA,NA
1992,"Iowa State","Big 8",11,NA,NA,NA,NA,NA,NA,NA,NA,NA,NA,NA,NA,NA,NA,NA,NA,NA,NA,NA,NA,NA,NA,NA,NA,NA,NA,NA,NA
1992,"Kansas","Big 8",12,NA,NA,NA,NA,NA,NA,NA,NA,NA,NA,NA,NA,NA,NA,NA,NA,NA,NA,NA,NA,NA,NA,NA,NA,NA,NA,NA,NA
1992,"Kansas State","Big 8",11,NA,NA,NA,NA,NA,NA,NA,NA,NA,NA,NA,NA,NA,NA,NA,NA,NA,NA,NA,NA,NA,NA,NA,NA,NA,NA,NA,NA
1992,"Kent State","Mid-American",11,NA,NA,NA,NA,NA,NA,NA,NA,NA,NA,NA,NA,NA,NA,NA,NA,NA,NA,NA,NA,NA,NA,NA,NA,NA,NA,NA,NA
1992,"Kentucky","SEC",11,NA,NA,NA,NA,NA,NA,NA,NA,NA,NA,NA,NA,NA,NA,NA,NA,NA,NA,NA,NA,NA,NA,NA,NA,NA,NA,NA,NA
1992,"Louisiana","FBS Independents",11,NA,NA,NA,NA,NA,NA,NA,NA,NA,NA,NA,NA,NA,NA,NA,NA,NA,NA,NA,NA,NA,NA,NA,NA,NA,NA,NA,NA
1992,"Louisiana Tech","FBS Independents",11,NA,NA,NA,NA,NA,NA,NA,NA,NA,NA,NA,NA,NA,NA,NA,NA,NA,NA,NA,NA,NA,NA,NA,NA,NA,NA,NA,NA
1992,"Louisville","FBS Independents",11,NA,NA,NA,NA,NA,NA,NA,NA,NA,NA,NA,NA,NA,NA,NA,NA,NA,NA,NA,NA,NA,NA,NA,NA,NA,NA,NA,NA
1992,"LSU","SEC",11,NA,NA,NA,NA,NA,NA,NA,NA,NA,NA,NA,NA,NA,NA,NA,NA,NA,NA,NA,NA,NA,NA,NA,NA,NA,NA,NA,NA
1992,"Maryland","ACC",11,NA,NA,NA,NA,NA,NA,NA,NA,NA,NA,NA,NA,NA,NA,NA,NA,NA,NA,NA,NA,NA,NA,NA,NA,NA,NA,NA,NA
1992,"Memphis","FBS Independents",11,NA,NA,NA,NA,NA,NA,NA,NA,NA,NA,NA,NA,NA,NA,NA,NA,NA,NA,NA,NA,NA,NA,NA,NA,NA,NA,NA,NA
1992,"Miami","Big East",12,NA,NA,NA,NA,NA,NA,NA,NA,NA,NA,NA,NA,NA,NA,NA,NA,NA,NA,NA,NA,NA,NA,NA,NA,NA,NA,NA,NA
1992,"Miami (OH)","Mid-American",11,NA,NA,NA,NA,NA,NA,NA,NA,NA,NA,NA,NA,NA,NA,NA,NA,NA,NA,NA,NA,NA,NA,NA,NA,NA,NA,NA,NA
1992,"Michigan","Big Ten",12,NA,NA,NA,NA,NA,NA,NA,NA,NA,NA,NA,NA,NA,NA,NA,NA,NA,NA,NA,NA,NA,NA,NA,NA,NA,NA,NA,NA
1992,"Michigan State","Big Ten",11,NA,NA,NA,NA,NA,NA,NA,NA,NA,NA,NA,NA,NA,NA,NA,NA,NA,NA,NA,NA,NA,NA,NA,NA,NA,NA,NA,NA
1992,"Minnesota","Big Ten",11,NA,NA,NA,NA,NA,NA,NA,NA,NA,NA,NA,NA,NA,NA,NA,NA,NA,NA,NA,NA,NA,NA,NA,NA,NA,NA,NA,NA
1992,"Mississippi State","SEC",12,NA,NA,NA,NA,NA,NA,NA,NA,NA,NA,NA,NA,NA,NA,NA,NA,NA,NA,NA,NA,NA,NA,NA,NA,NA,NA,NA,NA
1992,"Missouri","Big 8",11,NA,NA,NA,NA,NA,NA,NA,NA,NA,NA,NA,NA,NA,NA,NA,NA,NA,NA,NA,NA,NA,NA,NA,NA,NA,NA,NA,NA
1992,"Navy","FBS Independents",11,NA,NA,NA,NA,NA,NA,NA,NA,NA,NA,NA,NA,NA,NA,NA,NA,NA,NA,NA,NA,NA,NA,NA,NA,NA,NA,NA,NA
1992,"NC State","ACC",13,NA,NA,NA,NA,NA,NA,NA,NA,NA,NA,NA,NA,NA,NA,NA,NA,NA,NA,NA,NA,NA,NA,NA,NA,NA,NA,NA,NA
1992,"Nebraska","Big 8",12,NA,NA,NA,NA,NA,NA,NA,NA,NA,NA,NA,NA,NA,NA,NA,NA,NA,NA,NA,NA,NA,NA,NA,NA,NA,NA,NA,NA
1992,"Nevada","Big West",12,NA,NA,NA,NA,NA,NA,NA,NA,NA,NA,NA,NA,NA,NA,NA,NA,NA,NA,NA,NA,NA,NA,NA,NA,NA,NA,NA,NA
1992,"New Mexico","Western Athletic",11,NA,NA,NA,NA,NA,NA,NA,NA,NA,NA,NA,NA,NA,NA,NA,NA,NA,NA,NA,NA,NA,NA,NA,NA,NA,NA,NA,NA
1992,"New Mexico State","Big West",11,NA,NA,NA,NA,NA,NA,NA,NA,NA,NA,NA,NA,NA,NA,NA,NA,NA,NA,NA,NA,NA,NA,NA,NA,NA,NA,NA,NA
1992,"North Carolina","ACC",12,NA,NA,NA,NA,NA,NA,NA,NA,NA,NA,NA,NA,NA,NA,NA,NA,NA,NA,NA,NA,NA,NA,NA,NA,NA,NA,NA,NA
1992,"Northern Illinois","FBS Independents",11,NA,NA,NA,NA,NA,NA,NA,NA,NA,NA,NA,NA,NA,NA,NA,NA,NA,NA,NA,NA,NA,NA,NA,NA,NA,NA,NA,NA
1992,"Northwestern","Big Ten",11,NA,NA,NA,NA,NA,NA,NA,NA,NA,NA,NA,NA,NA,NA,NA,NA,NA,NA,NA,NA,NA,NA,NA,NA,NA,NA,NA,NA
1992,"Notre Dame","FBS Independents",12,NA,NA,NA,NA,NA,NA,NA,NA,NA,NA,NA,NA,NA,NA,NA,NA,NA,NA,NA,NA,NA,NA,NA,NA,NA,NA,NA,NA
1992,"Ohio","Mid-American",11,NA,NA,NA,NA,NA,NA,NA,NA,NA,NA,NA,NA,NA,NA,NA,NA,NA,NA,NA,NA,NA,NA,NA,NA,NA,NA,NA,NA
1992,"Ohio State","Big Ten",12,NA,NA,NA,NA,NA,NA,NA,NA,NA,NA,NA,NA,NA,NA,NA,NA,NA,NA,NA,NA,NA,NA,NA,NA,NA,NA,NA,NA
1992,"Oklahoma","Big 8",11,NA,NA,NA,NA,NA,NA,NA,NA,NA,NA,NA,NA,NA,NA,NA,NA,NA,NA,NA,NA,NA,NA,NA,NA,NA,NA,NA,NA
1992,"Oklahoma State","Big 8",11,NA,NA,NA,NA,NA,NA,NA,NA,NA,NA,NA,NA,NA,NA,NA,NA,NA,NA,NA,NA,NA,NA,NA,NA,NA,NA,NA,NA
1992,"Ole Miss","SEC",12,NA,NA,NA,NA,NA,NA,NA,NA,NA,NA,NA,NA,NA,NA,NA,NA,NA,NA,NA,NA,NA,NA,NA,NA,NA,NA,NA,NA
1992,"Oregon","Pac-10",12,NA,NA,NA,NA,NA,NA,NA,NA,NA,NA,NA,NA,NA,NA,NA,NA,NA,NA,NA,NA,NA,NA,NA,NA,NA,NA,NA,NA
1992,"Oregon State","Pac-10",11,NA,NA,NA,NA,NA,NA,NA,NA,NA,NA,NA,NA,NA,NA,NA,NA,NA,NA,NA,NA,NA,NA,NA,NA,NA,NA,NA,NA
1992,"Pacific","Big West",11,NA,NA,NA,NA,NA,NA,NA,NA,NA,NA,NA,NA,NA,NA,NA,NA,NA,NA,NA,NA,NA,NA,NA,NA,NA,NA,NA,NA
1992,"Penn State","FBS Independents",12,NA,NA,NA,NA,NA,NA,NA,NA,NA,NA,NA,NA,NA,NA,NA,NA,NA,NA,NA,NA,NA,NA,NA,NA,NA,NA,NA,NA
1992,"Pittsburgh","Big East",12,NA,NA,NA,NA,NA,NA,NA,NA,NA,NA,NA,NA,NA,NA,NA,NA,NA,NA,NA,NA,NA,NA,NA,NA,NA,NA,NA,NA
1992,"Purdue","Big Ten",11,NA,NA,NA,NA,NA,NA,NA,NA,NA,NA,NA,NA,NA,NA,NA,NA,NA,NA,NA,NA,NA,NA,NA,NA,NA,NA,NA,NA
1992,"Rice","Southwest",11,NA,NA,NA,NA,NA,NA,NA,NA,NA,NA,NA,NA,NA,NA,NA,NA,NA,NA,NA,NA,NA,NA,NA,NA,NA,NA,NA,NA
1992,"Rutgers","Big East",11,NA,NA,NA,NA,NA,NA,NA,NA,NA,NA,NA,NA,NA,NA,NA,NA,NA,NA,NA,NA,NA,NA,NA,NA,NA,NA,NA,NA
1992,"San Diego State","Western Athletic",11,NA,NA,NA,NA,NA,NA,NA,NA,NA,NA,NA,NA,NA,NA,NA,NA,NA,NA,NA,NA,NA,NA,NA,NA,NA,NA,NA,NA
1992,"San José State","Big West",11,NA,NA,NA,NA,NA,NA,NA,NA,NA,NA,NA,NA,NA,NA,NA,NA,NA,NA,NA,NA,NA,NA,NA,NA,NA,NA,NA,NA
1992,"SMU","Southwest",11,NA,NA,NA,NA,NA,NA,NA,NA,NA,NA,NA,NA,NA,NA,NA,NA,NA,NA,NA,NA,NA,NA,NA,NA,NA,NA,NA,NA
1992,"South Carolina","SEC",11,NA,NA,NA,NA,NA,NA,NA,NA,NA,NA,NA,NA,NA,NA,NA,NA,NA,NA,NA,NA,NA,NA,NA,NA,NA,NA,NA,NA
1992,"Southern Miss","FBS Independents",11,NA,NA,NA,NA,NA,NA,NA,NA,NA,NA,NA,NA,NA,NA,NA,NA,NA,NA,NA,NA,NA,NA,NA,NA,NA,NA,NA,NA
1992,"Stanford","Pac-10",13,NA,NA,NA,NA,NA,NA,NA,NA,NA,NA,NA,NA,NA,NA,NA,NA,NA,NA,NA,NA,NA,NA,NA,NA,NA,NA,NA,NA
1992,"Syracuse","Big East",12,NA,NA,NA,NA,NA,NA,NA,NA,NA,NA,NA,NA,NA,NA,NA,NA,NA,NA,NA,NA,NA,NA,NA,NA,NA,NA,NA,NA
1992,"TCU","Southwest",11,NA,NA,NA,NA,NA,NA,NA,NA,NA,NA,NA,NA,NA,NA,NA,NA,NA,NA,NA,NA,NA,NA,NA,NA,NA,NA,NA,NA
1992,"Temple","Big East",11,NA,NA,NA,NA,NA,NA,NA,NA,NA,NA,NA,NA,NA,NA,NA,NA,NA,NA,NA,NA,NA,NA,NA,NA,NA,NA,NA,NA
1992,"Tennessee","SEC",12,NA,NA,NA,NA,NA,NA,NA,NA,NA,NA,NA,NA,NA,NA,NA,NA,NA,NA,NA,NA,NA,NA,NA,NA,NA,NA,NA,NA
1992,"Texas","Southwest",11,NA,NA,NA,NA,NA,NA,NA,NA,NA,NA,NA,NA,NA,NA,NA,NA,NA,NA,NA,NA,NA,NA,NA,NA,NA,NA,NA,NA
1992,"Texas A&M","Southwest",13,NA,NA,NA,NA,NA,NA,NA,NA,NA,NA,NA,NA,NA,NA,NA,NA,NA,NA,NA,NA,NA,NA,NA,NA,NA,NA,NA,NA
1992,"Texas Tech","Southwest",11,NA,NA,NA,NA,NA,NA,NA,NA,NA,NA,NA,NA,NA,NA,NA,NA,NA,NA,NA,NA,NA,NA,NA,NA,NA,NA,NA,NA
1992,"Toledo","Mid-American",11,NA,NA,NA,NA,NA,NA,NA,NA,NA,NA,NA,NA,NA,NA,NA,NA,NA,NA,NA,NA,NA,NA,NA,NA,NA,NA,NA,NA
1992,"Tulane","FBS Independents",11,NA,NA,NA,NA,NA,NA,NA,NA,NA,NA,NA,NA,NA,NA,NA,NA,NA,NA,NA,NA,NA,NA,NA,NA,NA,NA,NA,NA
1992,"Tulsa","FBS Independents",11,NA,NA,NA,NA,NA,NA,NA,NA,NA,NA,NA,NA,NA,NA,NA,NA,NA,NA,NA,NA,NA,NA,NA,NA,NA,NA,NA,NA
1992,"UCLA","Pac-10",11,NA,NA,NA,NA,NA,NA,NA,NA,NA,NA,NA,NA,NA,NA,NA,NA,NA,NA,NA,NA,NA,NA,NA,NA,NA,NA,NA,NA
1992,"UNLV","Big West",11,NA,NA,NA,NA,NA,NA,NA,NA,NA,NA,NA,NA,NA,NA,NA,NA,NA,NA,NA,NA,NA,NA,NA,NA,NA,NA,NA,NA
1992,"USC","Pac-10",12,NA,NA,NA,NA,NA,NA,NA,NA,NA,NA,NA,NA,NA,NA,NA,NA,NA,NA,NA,NA,NA,NA,NA,NA,NA,NA,NA,NA
1992,"Utah","Western Athletic",12,NA,NA,NA,NA,NA,NA,NA,NA,NA,NA,NA,NA,NA,NA,NA,NA,NA,NA,NA,NA,NA,NA,NA,NA,NA,NA,NA,NA
1992,"Utah State","Big West",11,NA,NA,NA,NA,NA,NA,NA,NA,NA,NA,NA,NA,NA,NA,NA,NA,NA,NA,NA,NA,NA,NA,NA,NA,NA,NA,NA,NA
1992,"UTEP","Western Athletic",11,NA,NA,NA,NA,NA,NA,NA,NA,NA,NA,NA,NA,NA,NA,NA,NA,NA,NA,NA,NA,NA,NA,NA,NA,NA,NA,NA,NA
1992,"Vanderbilt","SEC",11,NA,NA,NA,NA,NA,NA,NA,NA,NA,NA,NA,NA,NA,NA,NA,NA,NA,NA,NA,NA,NA,NA,NA,NA,NA,NA,NA,NA
1992,"Virginia","ACC",11,NA,NA,NA,NA,NA,NA,NA,NA,NA,NA,NA,NA,NA,NA,NA,NA,NA,NA,NA,NA,NA,NA,NA,NA,NA,NA,NA,NA
1992,"Virginia Tech","Big East",11,NA,NA,NA,NA,NA,NA,NA,NA,NA,NA,NA,NA,NA,NA,NA,NA,NA,NA,NA,NA,NA,NA,NA,NA,NA,NA,NA,NA
1992,"Wake Forest","ACC",12,NA,NA,NA,NA,NA,NA,NA,NA,NA,NA,NA,NA,NA,NA,NA,NA,NA,NA,NA,NA,NA,NA,NA,NA,NA,NA,NA,NA
1992,"Washington","Pac-10",12,NA,NA,NA,NA,NA,NA,NA,NA,NA,NA,NA,NA,NA,NA,NA,NA,NA,NA,NA,NA,NA,NA,NA,NA,NA,NA,NA,NA
1992,"Washington State","Pac-10",12,NA,NA,NA,NA,NA,NA,NA,NA,NA,NA,NA,NA,NA,NA,NA,NA,NA,NA,NA,NA,NA,NA,NA,NA,NA,NA,NA,NA
1992,"Western Michigan","Mid-American",11,NA,NA,NA,NA,NA,NA,NA,NA,NA,NA,NA,NA,NA,NA,NA,NA,NA,NA,NA,NA,NA,NA,NA,NA,NA,NA,NA,NA
1992,"West Virginia","Big East",11,NA,NA,NA,NA,NA,NA,NA,NA,NA,NA,NA,NA,NA,NA,NA,NA,NA,NA,NA,NA,NA,NA,NA,NA,NA,NA,NA,NA
1992,"Wisconsin","Big Ten",11,NA,NA,NA,NA,NA,NA,NA,NA,NA,NA,NA,NA,NA,NA,NA,NA,NA,NA,NA,NA,NA,NA,NA,NA,NA,NA,NA,NA
1992,"Wyoming","Western Athletic",12,NA,NA,NA,NA,NA,NA,NA,NA,NA,NA,NA,NA,NA,NA,NA,NA,NA,NA,NA,NA,NA,NA,NA,NA,NA,NA,NA,NA
1993,"Air Force","Western Athletic",12,NA,NA,NA,NA,NA,NA,NA,NA,NA,NA,NA,NA,NA,NA,NA,NA,NA,NA,NA,NA,NA,NA,NA,NA,NA,NA,NA,NA
1993,"Akron","Mid-American",11,NA,NA,NA,NA,NA,NA,NA,NA,NA,NA,NA,NA,NA,NA,NA,NA,NA,NA,NA,NA,NA,NA,NA,NA,NA,NA,NA,NA
1993,"Alabama","SEC",13,NA,NA,NA,NA,NA,NA,NA,NA,NA,NA,NA,NA,NA,NA,NA,NA,NA,NA,NA,NA,NA,NA,NA,NA,NA,NA,NA,NA
1993,"Arizona","Pac-10",12,NA,NA,NA,NA,NA,NA,NA,NA,NA,NA,NA,NA,NA,NA,NA,NA,NA,NA,NA,NA,NA,NA,NA,NA,NA,NA,NA,NA
1993,"Arizona State","Pac-10",11,NA,NA,NA,NA,NA,NA,NA,NA,NA,NA,NA,NA,NA,NA,NA,NA,NA,NA,NA,NA,NA,NA,NA,NA,NA,NA,NA,NA
1993,"Arkansas","SEC",11,NA,NA,NA,NA,NA,NA,NA,NA,NA,NA,NA,NA,NA,NA,NA,NA,NA,NA,NA,NA,NA,NA,NA,NA,NA,NA,NA,NA
1993,"Arkansas State","Big West",11,NA,NA,NA,NA,NA,NA,NA,NA,NA,NA,NA,NA,NA,NA,NA,NA,NA,NA,NA,NA,NA,NA,NA,NA,NA,NA,NA,NA
1993,"Army","FBS Independents",11,NA,NA,NA,NA,NA,NA,NA,NA,NA,NA,NA,NA,NA,NA,NA,NA,NA,NA,NA,NA,NA,NA,NA,NA,NA,NA,NA,NA
1993,"Auburn","SEC",11,NA,NA,NA,NA,NA,NA,NA,NA,NA,NA,NA,NA,NA,NA,NA,NA,NA,NA,NA,NA,NA,NA,NA,NA,NA,NA,NA,NA
1993,"Ball State","Mid-American",12,NA,NA,NA,NA,NA,NA,NA,NA,NA,NA,NA,NA,NA,NA,NA,NA,NA,NA,NA,NA,NA,NA,NA,NA,NA,NA,NA,NA
1993,"Baylor","Southwest",11,NA,NA,NA,NA,NA,NA,NA,NA,NA,NA,NA,NA,NA,NA,NA,NA,NA,NA,NA,NA,NA,NA,NA,NA,NA,NA,NA,NA
1993,"Boston College","Big East",12,NA,NA,NA,NA,NA,NA,NA,NA,NA,NA,NA,NA,NA,NA,NA,NA,NA,NA,NA,NA,NA,NA,NA,NA,NA,NA,NA,NA
1993,"Bowling Green","Mid-American",11,NA,NA,NA,NA,NA,NA,NA,NA,NA,NA,NA,NA,NA,NA,NA,NA,NA,NA,NA,NA,NA,NA,NA,NA,NA,NA,NA,NA
1993,"BYU","Western Athletic",12,NA,NA,NA,NA,NA,NA,NA,NA,NA,NA,NA,NA,NA,NA,NA,NA,NA,NA,NA,NA,NA,NA,NA,NA,NA,NA,NA,NA
1993,"California","Pac-10",13,NA,NA,NA,NA,NA,NA,NA,NA,NA,NA,NA,NA,NA,NA,NA,NA,NA,NA,NA,NA,NA,NA,NA,NA,NA,NA,NA,NA
1993,"Central Michigan","Mid-American",11,NA,NA,NA,NA,NA,NA,NA,NA,NA,NA,NA,NA,NA,NA,NA,NA,NA,NA,NA,NA,NA,NA,NA,NA,NA,NA,NA,NA
1993,"Cincinnati","FBS Independents",11,NA,NA,NA,NA,NA,NA,NA,NA,NA,NA,NA,NA,NA,NA,NA,NA,NA,NA,NA,NA,NA,NA,NA,NA,NA,NA,NA,NA
1993,"Clemson","ACC",12,NA,NA,NA,NA,NA,NA,NA,NA,NA,NA,NA,NA,NA,NA,NA,NA,NA,NA,NA,NA,NA,NA,NA,NA,NA,NA,NA,NA
1993,"Colorado","Big 8",12,NA,NA,NA,NA,NA,NA,NA,NA,NA,NA,NA,NA,NA,NA,NA,NA,NA,NA,NA,NA,NA,NA,NA,NA,NA,NA,NA,NA
1993,"Colorado State","Western Athletic",11,NA,NA,NA,NA,NA,NA,NA,NA,NA,NA,NA,NA,NA,NA,NA,NA,NA,NA,NA,NA,NA,NA,NA,NA,NA,NA,NA,NA
1993,"Duke","ACC",11,NA,NA,NA,NA,NA,NA,NA,NA,NA,NA,NA,NA,NA,NA,NA,NA,NA,NA,NA,NA,NA,NA,NA,NA,NA,NA,NA,NA
1993,"East Carolina","FBS Independents",11,NA,NA,NA,NA,NA,NA,NA,NA,NA,NA,NA,NA,NA,NA,NA,NA,NA,NA,NA,NA,NA,NA,NA,NA,NA,NA,NA,NA
1993,"Eastern Michigan","Mid-American",11,NA,NA,NA,NA,NA,NA,NA,NA,NA,NA,NA,NA,NA,NA,NA,NA,NA,NA,NA,NA,NA,NA,NA,NA,NA,NA,NA,NA
1993,"Florida","SEC",13,NA,NA,NA,NA,NA,NA,NA,NA,NA,NA,NA,NA,NA,NA,NA,NA,NA,NA,NA,NA,NA,NA,NA,NA,NA,NA,NA,NA
1993,"Florida State","ACC",13,NA,NA,NA,NA,NA,NA,NA,NA,NA,NA,NA,NA,NA,NA,NA,NA,NA,NA,NA,NA,NA,NA,NA,NA,NA,NA,NA,NA
1993,"Fresno State","Western Athletic",12,NA,NA,NA,NA,NA,NA,NA,NA,NA,NA,NA,NA,NA,NA,NA,NA,NA,NA,NA,NA,NA,NA,NA,NA,NA,NA,NA,NA
1993,"Georgia","SEC",11,NA,NA,NA,NA,NA,NA,NA,NA,NA,NA,NA,NA,NA,NA,NA,NA,NA,NA,NA,NA,NA,NA,NA,NA,NA,NA,NA,NA
1993,"Georgia Tech","ACC",11,NA,NA,NA,NA,NA,NA,NA,NA,NA,NA,NA,NA,NA,NA,NA,NA,NA,NA,NA,NA,NA,NA,NA,NA,NA,NA,NA,NA
1993,"Hawai'i","Western Athletic",12,NA,NA,NA,NA,NA,NA,NA,NA,NA,NA,NA,NA,NA,NA,NA,NA,NA,NA,NA,NA,NA,NA,NA,NA,NA,NA,NA,NA
1993,"Houston","Southwest",11,NA,NA,NA,NA,NA,NA,NA,NA,NA,NA,NA,NA,NA,NA,NA,NA,NA,NA,NA,NA,NA,NA,NA,NA,NA,NA,NA,NA
1993,"Illinois","Big Ten",11,NA,NA,NA,NA,NA,NA,NA,NA,NA,NA,NA,NA,NA,NA,NA,NA,NA,NA,NA,NA,NA,NA,NA,NA,NA,NA,NA,NA
1993,"Indiana","Big Ten",12,NA,NA,NA,NA,NA,NA,NA,NA,NA,NA,NA,NA,NA,NA,NA,NA,NA,NA,NA,NA,NA,NA,NA,NA,NA,NA,NA,NA
1993,"Iowa","Big Ten",12,NA,NA,NA,NA,NA,NA,NA,NA,NA,NA,NA,NA,NA,NA,NA,NA,NA,NA,NA,NA,NA,NA,NA,NA,NA,NA,NA,NA
1993,"Iowa State","Big 8",11,NA,NA,NA,NA,NA,NA,NA,NA,NA,NA,NA,NA,NA,NA,NA,NA,NA,NA,NA,NA,NA,NA,NA,NA,NA,NA,NA,NA
1993,"Kansas","Big 8",12,NA,NA,NA,NA,NA,NA,NA,NA,NA,NA,NA,NA,NA,NA,NA,NA,NA,NA,NA,NA,NA,NA,NA,NA,NA,NA,NA,NA
1993,"Kansas State","Big 8",12,NA,NA,NA,NA,NA,NA,NA,NA,NA,NA,NA,NA,NA,NA,NA,NA,NA,NA,NA,NA,NA,NA,NA,NA,NA,NA,NA,NA
1993,"Kent State","Mid-American",11,NA,NA,NA,NA,NA,NA,NA,NA,NA,NA,NA,NA,NA,NA,NA,NA,NA,NA,NA,NA,NA,NA,NA,NA,NA,NA,NA,NA
1993,"Kentucky","SEC",12,NA,NA,NA,NA,NA,NA,NA,NA,NA,NA,NA,NA,NA,NA,NA,NA,NA,NA,NA,NA,NA,NA,NA,NA,NA,NA,NA,NA
1993,"Louisiana","Big West",11,NA,NA,NA,NA,NA,NA,NA,NA,NA,NA,NA,NA,NA,NA,NA,NA,NA,NA,NA,NA,NA,NA,NA,NA,NA,NA,NA,NA
1993,"Louisiana Tech","Big West",11,NA,NA,NA,NA,NA,NA,NA,NA,NA,NA,NA,NA,NA,NA,NA,NA,NA,NA,NA,NA,NA,NA,NA,NA,NA,NA,NA,NA
1993,"Louisville","FBS Independents",12,NA,NA,NA,NA,NA,NA,NA,NA,NA,NA,NA,NA,NA,NA,NA,NA,NA,NA,NA,NA,NA,NA,NA,NA,NA,NA,NA,NA
1993,"LSU","SEC",11,NA,NA,NA,NA,NA,NA,NA,NA,NA,NA,NA,NA,NA,NA,NA,NA,NA,NA,NA,NA,NA,NA,NA,NA,NA,NA,NA,NA
1993,"Maryland","ACC",11,NA,NA,NA,NA,NA,NA,NA,NA,NA,NA,NA,NA,NA,NA,NA,NA,NA,NA,NA,NA,NA,NA,NA,NA,NA,NA,NA,NA
1993,"Memphis","FBS Independents",11,NA,NA,NA,NA,NA,NA,NA,NA,NA,NA,NA,NA,NA,NA,NA,NA,NA,NA,NA,NA,NA,NA,NA,NA,NA,NA,NA,NA
1993,"Miami","Big East",12,NA,NA,NA,NA,NA,NA,NA,NA,NA,NA,NA,NA,NA,NA,NA,NA,NA,NA,NA,NA,NA,NA,NA,NA,NA,NA,NA,NA
1993,"Miami (OH)","Mid-American",11,NA,NA,NA,NA,NA,NA,NA,NA,NA,NA,NA,NA,NA,NA,NA,NA,NA,NA,NA,NA,NA,NA,NA,NA,NA,NA,NA,NA
1993,"Michigan","Big Ten",12,NA,NA,NA,NA,NA,NA,NA,NA,NA,NA,NA,NA,NA,NA,NA,NA,NA,NA,NA,NA,NA,NA,NA,NA,NA,NA,NA,NA
1993,"Michigan State","Big Ten",12,NA,NA,NA,NA,NA,NA,NA,NA,NA,NA,NA,NA,NA,NA,NA,NA,NA,NA,NA,NA,NA,NA,NA,NA,NA,NA,NA,NA
1993,"Minnesota","Big Ten",11,NA,NA,NA,NA,NA,NA,NA,NA,NA,NA,NA,NA,NA,NA,NA,NA,NA,NA,NA,NA,NA,NA,NA,NA,NA,NA,NA,NA
1993,"Mississippi State","SEC",11,NA,NA,NA,NA,NA,NA,NA,NA,NA,NA,NA,NA,NA,NA,NA,NA,NA,NA,NA,NA,NA,NA,NA,NA,NA,NA,NA,NA
1993,"Missouri","Big 8",11,NA,NA,NA,NA,NA,NA,NA,NA,NA,NA,NA,NA,NA,NA,NA,NA,NA,NA,NA,NA,NA,NA,NA,NA,NA,NA,NA,NA
1993,"Navy","FBS Independents",11,NA,NA,NA,NA,NA,NA,NA,NA,NA,NA,NA,NA,NA,NA,NA,NA,NA,NA,NA,NA,NA,NA,NA,NA,NA,NA,NA,NA
1993,"NC State","ACC",12,NA,NA,NA,NA,NA,NA,NA,NA,NA,NA,NA,NA,NA,NA,NA,NA,NA,NA,NA,NA,NA,NA,NA,NA,NA,NA,NA,NA
1993,"Nebraska","Big 8",12,NA,NA,NA,NA,NA,NA,NA,NA,NA,NA,NA,NA,NA,NA,NA,NA,NA,NA,NA,NA,NA,NA,NA,NA,NA,NA,NA,NA
1993,"Nevada","Big West",11,NA,NA,NA,NA,NA,NA,NA,NA,NA,NA,NA,NA,NA,NA,NA,NA,NA,NA,NA,NA,NA,NA,NA,NA,NA,NA,NA,NA
1993,"New Mexico","Western Athletic",11,NA,NA,NA,NA,NA,NA,NA,NA,NA,NA,NA,NA,NA,NA,NA,NA,NA,NA,NA,NA,NA,NA,NA,NA,NA,NA,NA,NA
1993,"New Mexico State","Big West",11,NA,NA,NA,NA,NA,NA,NA,NA,NA,NA,NA,NA,NA,NA,NA,NA,NA,NA,NA,NA,NA,NA,NA,NA,NA,NA,NA,NA
1993,"North Carolina","ACC",13,NA,NA,NA,NA,NA,NA,NA,NA,NA,NA,NA,NA,NA,NA,NA,NA,NA,NA,NA,NA,NA,NA,NA,NA,NA,NA,NA,NA
1993,"Northern Illinois","Big West",11,NA,NA,NA,NA,NA,NA,NA,NA,NA,NA,NA,NA,NA,NA,NA,NA,NA,NA,NA,NA,NA,NA,NA,NA,NA,NA,NA,NA
1993,"Northwestern","Big Ten",11,NA,NA,NA,NA,NA,NA,NA,NA,NA,NA,NA,NA,NA,NA,NA,NA,NA,NA,NA,NA,NA,NA,NA,NA,NA,NA,NA,NA
1993,"Notre Dame","FBS Independents",12,NA,NA,NA,NA,NA,NA,NA,NA,NA,NA,NA,NA,NA,NA,NA,NA,NA,NA,NA,NA,NA,NA,NA,NA,NA,NA,NA,NA
1993,"Ohio","Mid-American",11,NA,NA,NA,NA,NA,NA,NA,NA,NA,NA,NA,NA,NA,NA,NA,NA,NA,NA,NA,NA,NA,NA,NA,NA,NA,NA,NA,NA
1993,"Ohio State","Big Ten",12,NA,NA,NA,NA,NA,NA,NA,NA,NA,NA,NA,NA,NA,NA,NA,NA,NA,NA,NA,NA,NA,NA,NA,NA,NA,NA,NA,NA
1993,"Oklahoma","Big 8",12,NA,NA,NA,NA,NA,NA,NA,NA,NA,NA,NA,NA,NA,NA,NA,NA,NA,NA,NA,NA,NA,NA,NA,NA,NA,NA,NA,NA
1993,"Oklahoma State","Big 8",11,NA,NA,NA,NA,NA,NA,NA,NA,NA,NA,NA,NA,NA,NA,NA,NA,NA,NA,NA,NA,NA,NA,NA,NA,NA,NA,NA,NA
1993,"Ole Miss","SEC",11,NA,NA,NA,NA,NA,NA,NA,NA,NA,NA,NA,NA,NA,NA,NA,NA,NA,NA,NA,NA,NA,NA,NA,NA,NA,NA,NA,NA
1993,"Oregon","Pac-10",11,NA,NA,NA,NA,NA,NA,NA,NA,NA,NA,NA,NA,NA,NA,NA,NA,NA,NA,NA,NA,NA,NA,NA,NA,NA,NA,NA,NA
1993,"Oregon State","Pac-10",11,NA,NA,NA,NA,NA,NA,NA,NA,NA,NA,NA,NA,NA,NA,NA,NA,NA,NA,NA,NA,NA,NA,NA,NA,NA,NA,NA,NA
1993,"Pacific","Big West",11,NA,NA,NA,NA,NA,NA,NA,NA,NA,NA,NA,NA,NA,NA,NA,NA,NA,NA,NA,NA,NA,NA,NA,NA,NA,NA,NA,NA
1993,"Penn State","Big Ten",12,NA,NA,NA,NA,NA,NA,NA,NA,NA,NA,NA,NA,NA,NA,NA,NA,NA,NA,NA,NA,NA,NA,NA,NA,NA,NA,NA,NA
1993,"Pittsburgh","Big East",11,NA,NA,NA,NA,NA,NA,NA,NA,NA,NA,NA,NA,NA,NA,NA,NA,NA,NA,NA,NA,NA,NA,NA,NA,NA,NA,NA,NA
1993,"Purdue","Big Ten",11,NA,NA,NA,NA,NA,NA,NA,NA,NA,NA,NA,NA,NA,NA,NA,NA,NA,NA,NA,NA,NA,NA,NA,NA,NA,NA,NA,NA
1993,"Rice","Southwest",11,NA,NA,NA,NA,NA,NA,NA,NA,NA,NA,NA,NA,NA,NA,NA,NA,NA,NA,NA,NA,NA,NA,NA,NA,NA,NA,NA,NA
1993,"Rutgers","Big East",11,NA,NA,NA,NA,NA,NA,NA,NA,NA,NA,NA,NA,NA,NA,NA,NA,NA,NA,NA,NA,NA,NA,NA,NA,NA,NA,NA,NA
1993,"San Diego State","Western Athletic",12,NA,NA,NA,NA,NA,NA,NA,NA,NA,NA,NA,NA,NA,NA,NA,NA,NA,NA,NA,NA,NA,NA,NA,NA,NA,NA,NA,NA
1993,"San José State","Big West",11,NA,NA,NA,NA,NA,NA,NA,NA,NA,NA,NA,NA,NA,NA,NA,NA,NA,NA,NA,NA,NA,NA,NA,NA,NA,NA,NA,NA
1993,"SMU","Southwest",11,NA,NA,NA,NA,NA,NA,NA,NA,NA,NA,NA,NA,NA,NA,NA,NA,NA,NA,NA,NA,NA,NA,NA,NA,NA,NA,NA,NA
1993,"South Carolina","SEC",11,NA,NA,NA,NA,NA,NA,NA,NA,NA,NA,NA,NA,NA,NA,NA,NA,NA,NA,NA,NA,NA,NA,NA,NA,NA,NA,NA,NA
1993,"Southern Miss","FBS Independents",11,NA,NA,NA,NA,NA,NA,NA,NA,NA,NA,NA,NA,NA,NA,NA,NA,NA,NA,NA,NA,NA,NA,NA,NA,NA,NA,NA,NA
1993,"Stanford","Pac-10",11,NA,NA,NA,NA,NA,NA,NA,NA,NA,NA,NA,NA,NA,NA,NA,NA,NA,NA,NA,NA,NA,NA,NA,NA,NA,NA,NA,NA
1993,"Syracuse","Big East",11,NA,NA,NA,NA,NA,NA,NA,NA,NA,NA,NA,NA,NA,NA,NA,NA,NA,NA,NA,NA,NA,NA,NA,NA,NA,NA,NA,NA
1993,"TCU","Southwest",11,NA,NA,NA,NA,NA,NA,NA,NA,NA,NA,NA,NA,NA,NA,NA,NA,NA,NA,NA,NA,NA,NA,NA,NA,NA,NA,NA,NA
1993,"Temple","Big East",11,NA,NA,NA,NA,NA,NA,NA,NA,NA,NA,NA,NA,NA,NA,NA,NA,NA,NA,NA,NA,NA,NA,NA,NA,NA,NA,NA,NA
1993,"Tennessee","SEC",12,NA,NA,NA,NA,NA,NA,NA,NA,NA,NA,NA,NA,NA,NA,NA,NA,NA,NA,NA,NA,NA,NA,NA,NA,NA,NA,NA,NA
1993,"Texas","Southwest",11,NA,NA,NA,NA,NA,NA,NA,NA,NA,NA,NA,NA,NA,NA,NA,NA,NA,NA,NA,NA,NA,NA,NA,NA,NA,NA,NA,NA
1993,"Texas A&M","Southwest",12,NA,NA,NA,NA,NA,NA,NA,NA,NA,NA,NA,NA,NA,NA,NA,NA,NA,NA,NA,NA,NA,NA,NA,NA,NA,NA,NA,NA
1993,"Texas Tech","Southwest",12,NA,NA,NA,NA,NA,NA,NA,NA,NA,NA,NA,NA,NA,NA,NA,NA,NA,NA,NA,NA,NA,NA,NA,NA,NA,NA,NA,NA
1993,"Toledo","Mid-American",11,NA,NA,NA,NA,NA,NA,NA,NA,NA,NA,NA,NA,NA,NA,NA,NA,NA,NA,NA,NA,NA,NA,NA,NA,NA,NA,NA,NA
1993,"Tulane","FBS Independents",12,NA,NA,NA,NA,NA,NA,NA,NA,NA,NA,NA,NA,NA,NA,NA,NA,NA,NA,NA,NA,NA,NA,NA,NA,NA,NA,NA,NA
1993,"Tulsa","FBS Independents",11,NA,NA,NA,NA,NA,NA,NA,NA,NA,NA,NA,NA,NA,NA,NA,NA,NA,NA,NA,NA,NA,NA,NA,NA,NA,NA,NA,NA
1993,"UCLA","Pac-10",12,NA,NA,NA,NA,NA,NA,NA,NA,NA,NA,NA,NA,NA,NA,NA,NA,NA,NA,NA,NA,NA,NA,NA,NA,NA,NA,NA,NA
1993,"UNLV","Big West",11,NA,NA,NA,NA,NA,NA,NA,NA,NA,NA,NA,NA,NA,NA,NA,NA,NA,NA,NA,NA,NA,NA,NA,NA,NA,NA,NA,NA
1993,"USC","Pac-10",13,NA,NA,NA,NA,NA,NA,NA,NA,NA,NA,NA,NA,NA,NA,NA,NA,NA,NA,NA,NA,NA,NA,NA,NA,NA,NA,NA,NA
1993,"Utah","Western Athletic",13,NA,NA,NA,NA,NA,NA,NA,NA,NA,NA,NA,NA,NA,NA,NA,NA,NA,NA,NA,NA,NA,NA,NA,NA,NA,NA,NA,NA
1993,"Utah State","Big West",12,NA,NA,NA,NA,NA,NA,NA,NA,NA,NA,NA,NA,NA,NA,NA,NA,NA,NA,NA,NA,NA,NA,NA,NA,NA,NA,NA,NA
1993,"UTEP","Western Athletic",12,NA,NA,NA,NA,NA,NA,NA,NA,NA,NA,NA,NA,NA,NA,NA,NA,NA,NA,NA,NA,NA,NA,NA,NA,NA,NA,NA,NA
1993,"Vanderbilt","SEC",11,NA,NA,NA,NA,NA,NA,NA,NA,NA,NA,NA,NA,NA,NA,NA,NA,NA,NA,NA,NA,NA,NA,NA,NA,NA,NA,NA,NA
1993,"Virginia","ACC",12,NA,NA,NA,NA,NA,NA,NA,NA,NA,NA,NA,NA,NA,NA,NA,NA,NA,NA,NA,NA,NA,NA,NA,NA,NA,NA,NA,NA
1993,"Virginia Tech","Big East",12,NA,NA,NA,NA,NA,NA,NA,NA,NA,NA,NA,NA,NA,NA,NA,NA,NA,NA,NA,NA,NA,NA,NA,NA,NA,NA,NA,NA
1993,"Wake Forest","ACC",11,NA,NA,NA,NA,NA,NA,NA,NA,NA,NA,NA,NA,NA,NA,NA,NA,NA,NA,NA,NA,NA,NA,NA,NA,NA,NA,NA,NA
1993,"Washington","Pac-10",11,NA,NA,NA,NA,NA,NA,NA,NA,NA,NA,NA,NA,NA,NA,NA,NA,NA,NA,NA,NA,NA,NA,NA,NA,NA,NA,NA,NA
1993,"Washington State","Pac-10",11,NA,NA,NA,NA,NA,NA,NA,NA,NA,NA,NA,NA,NA,NA,NA,NA,NA,NA,NA,NA,NA,NA,NA,NA,NA,NA,NA,NA
1993,"Western Michigan","Mid-American",11,NA,NA,NA,NA,NA,NA,NA,NA,NA,NA,NA,NA,NA,NA,NA,NA,NA,NA,NA,NA,NA,NA,NA,NA,NA,NA,NA,NA
1993,"West Virginia","Big East",12,NA,NA,NA,NA,NA,NA,NA,NA,NA,NA,NA,NA,NA,NA,NA,NA,NA,NA,NA,NA,NA,NA,NA,NA,NA,NA,NA,NA
1993,"Wisconsin","Big Ten",12,NA,NA,NA,NA,NA,NA,NA,NA,NA,NA,NA,NA,NA,NA,NA,NA,NA,NA,NA,NA,NA,NA,NA,NA,NA,NA,NA,NA
1993,"Wyoming","Western Athletic",12,NA,NA,NA,NA,NA,NA,NA,NA,NA,NA,NA,NA,NA,NA,NA,NA,NA,NA,NA,NA,NA,NA,NA,NA,NA,NA,NA,NA
1994,"Air Force","Western Athletic",12,NA,NA,NA,NA,NA,NA,NA,NA,NA,NA,NA,NA,NA,NA,NA,NA,NA,NA,NA,NA,NA,NA,NA,NA,NA,NA,NA,NA
1994,"Akron","Mid-American",11,NA,NA,NA,NA,NA,NA,NA,NA,NA,NA,NA,NA,NA,NA,NA,NA,NA,NA,NA,NA,NA,NA,NA,NA,NA,NA,NA,NA
1994,"Alabama","SEC",13,NA,NA,NA,NA,NA,NA,NA,NA,NA,NA,NA,NA,NA,NA,NA,NA,NA,NA,NA,NA,NA,NA,NA,NA,NA,NA,NA,NA
1994,"Arizona","Pac-10",12,NA,NA,NA,NA,NA,NA,NA,NA,NA,NA,NA,NA,NA,NA,NA,NA,NA,NA,NA,NA,NA,NA,NA,NA,NA,NA,NA,NA
1994,"Arizona State","Pac-10",11,NA,NA,NA,NA,NA,NA,NA,NA,NA,NA,NA,NA,NA,NA,NA,NA,NA,NA,NA,NA,NA,NA,NA,NA,NA,NA,NA,NA
1994,"Arkansas","SEC",11,NA,NA,NA,NA,NA,NA,NA,NA,NA,NA,NA,NA,NA,NA,NA,NA,NA,NA,NA,NA,NA,NA,NA,NA,NA,NA,NA,NA
1994,"Arkansas State","Big West",11,NA,NA,NA,NA,NA,NA,NA,NA,NA,NA,NA,NA,NA,NA,NA,NA,NA,NA,NA,NA,NA,NA,NA,NA,NA,NA,NA,NA
1994,"Army","FBS Independents",11,NA,NA,NA,NA,NA,NA,NA,NA,NA,NA,NA,NA,NA,NA,NA,NA,NA,NA,NA,NA,NA,NA,NA,NA,NA,NA,NA,NA
1994,"Auburn","SEC",11,NA,NA,NA,NA,NA,NA,NA,NA,NA,NA,NA,NA,NA,NA,NA,NA,NA,NA,NA,NA,NA,NA,NA,NA,NA,NA,NA,NA
1994,"Ball State","Mid-American",11,NA,NA,NA,NA,NA,NA,NA,NA,NA,NA,NA,NA,NA,NA,NA,NA,NA,NA,NA,NA,NA,NA,NA,NA,NA,NA,NA,NA
1994,"Baylor","Southwest",12,NA,NA,NA,NA,NA,NA,NA,NA,NA,NA,NA,NA,NA,NA,NA,NA,NA,NA,NA,NA,NA,NA,NA,NA,NA,NA,NA,NA
1994,"Boston College","Big East",12,NA,NA,NA,NA,NA,NA,NA,NA,NA,NA,NA,NA,NA,NA,NA,NA,NA,NA,NA,NA,NA,NA,NA,NA,NA,NA,NA,NA
1994,"Bowling Green","Mid-American",11,NA,NA,NA,NA,NA,NA,NA,NA,NA,NA,NA,NA,NA,NA,NA,NA,NA,NA,NA,NA,NA,NA,NA,NA,NA,NA,NA,NA
1994,"BYU","Western Athletic",13,NA,NA,NA,NA,NA,NA,NA,NA,NA,NA,NA,NA,NA,NA,NA,NA,NA,NA,NA,NA,NA,NA,NA,NA,NA,NA,NA,NA
1994,"California","Pac-10",11,NA,NA,NA,NA,NA,NA,NA,NA,NA,NA,NA,NA,NA,NA,NA,NA,NA,NA,NA,NA,NA,NA,NA,NA,NA,NA,NA,NA
1994,"Central Michigan","Mid-American",12,NA,NA,NA,NA,NA,NA,NA,NA,NA,NA,NA,NA,NA,NA,NA,NA,NA,NA,NA,NA,NA,NA,NA,NA,NA,NA,NA,NA
1994,"Cincinnati","FBS Independents",11,NA,NA,NA,NA,NA,NA,NA,NA,NA,NA,NA,NA,NA,NA,NA,NA,NA,NA,NA,NA,NA,NA,NA,NA,NA,NA,NA,NA
1994,"Clemson","ACC",11,NA,NA,NA,NA,NA,NA,NA,NA,NA,NA,NA,NA,NA,NA,NA,NA,NA,NA,NA,NA,NA,NA,NA,NA,NA,NA,NA,NA
1994,"Colorado","Big 8",12,NA,NA,NA,NA,NA,NA,NA,NA,NA,NA,NA,NA,NA,NA,NA,NA,NA,NA,NA,NA,NA,NA,NA,NA,NA,NA,NA,NA
1994,"Colorado State","Western Athletic",12,NA,NA,NA,NA,NA,NA,NA,NA,NA,NA,NA,NA,NA,NA,NA,NA,NA,NA,NA,NA,NA,NA,NA,NA,NA,NA,NA,NA
1994,"Duke","ACC",12,NA,NA,NA,NA,NA,NA,NA,NA,NA,NA,NA,NA,NA,NA,NA,NA,NA,NA,NA,NA,NA,NA,NA,NA,NA,NA,NA,NA
1994,"East Carolina","FBS Independents",12,NA,NA,NA,NA,NA,NA,NA,NA,NA,NA,NA,NA,NA,NA,NA,NA,NA,NA,NA,NA,NA,NA,NA,NA,NA,NA,NA,NA
1994,"Eastern Michigan","Mid-American",11,NA,NA,NA,NA,NA,NA,NA,NA,NA,NA,NA,NA,NA,NA,NA,NA,NA,NA,NA,NA,NA,NA,NA,NA,NA,NA,NA,NA
1994,"Florida","SEC",13,NA,NA,NA,NA,NA,NA,NA,NA,NA,NA,NA,NA,NA,NA,NA,NA,NA,NA,NA,NA,NA,NA,NA,NA,NA,NA,NA,NA
1994,"Florida State","ACC",12,NA,NA,NA,NA,NA,NA,NA,NA,NA,NA,NA,NA,NA,NA,NA,NA,NA,NA,NA,NA,NA,NA,NA,NA,NA,NA,NA,NA
1994,"Fresno State","Western Athletic",13,NA,NA,NA,NA,NA,NA,NA,NA,NA,NA,NA,NA,NA,NA,NA,NA,NA,NA,NA,NA,NA,NA,NA,NA,NA,NA,NA,NA
1994,"Georgia","SEC",11,NA,NA,NA,NA,NA,NA,NA,NA,NA,NA,NA,NA,NA,NA,NA,NA,NA,NA,NA,NA,NA,NA,NA,NA,NA,NA,NA,NA
1994,"Georgia Tech","ACC",11,NA,NA,NA,NA,NA,NA,NA,NA,NA,NA,NA,NA,NA,NA,NA,NA,NA,NA,NA,NA,NA,NA,NA,NA,NA,NA,NA,NA
1994,"Hawai'i","Western Athletic",12,NA,NA,NA,NA,NA,NA,NA,NA,NA,NA,NA,NA,NA,NA,NA,NA,NA,NA,NA,NA,NA,NA,NA,NA,NA,NA,NA,NA
1994,"Houston","Southwest",11,NA,NA,NA,NA,NA,NA,NA,NA,NA,NA,NA,NA,NA,NA,NA,NA,NA,NA,NA,NA,NA,NA,NA,NA,NA,NA,NA,NA
1994,"Illinois","Big Ten",12,NA,NA,NA,NA,NA,NA,NA,NA,NA,NA,NA,NA,NA,NA,NA,NA,NA,NA,NA,NA,NA,NA,NA,NA,NA,NA,NA,NA
1994,"Indiana","Big Ten",11,NA,NA,NA,NA,NA,NA,NA,NA,NA,NA,NA,NA,NA,NA,NA,NA,NA,NA,NA,NA,NA,NA,NA,NA,NA,NA,NA,NA
1994,"Iowa","Big Ten",11,NA,NA,NA,NA,NA,NA,NA,NA,NA,NA,NA,NA,NA,NA,NA,NA,NA,NA,NA,NA,NA,NA,NA,NA,NA,NA,NA,NA
1994,"Iowa State","Big 8",11,NA,NA,NA,NA,NA,NA,NA,NA,NA,NA,NA,NA,NA,NA,NA,NA,NA,NA,NA,NA,NA,NA,NA,NA,NA,NA,NA,NA
1994,"Kansas","Big 8",11,NA,NA,NA,NA,NA,NA,NA,NA,NA,NA,NA,NA,NA,NA,NA,NA,NA,NA,NA,NA,NA,NA,NA,NA,NA,NA,NA,NA
1994,"Kansas State","Big 8",12,NA,NA,NA,NA,NA,NA,NA,NA,NA,NA,NA,NA,NA,NA,NA,NA,NA,NA,NA,NA,NA,NA,NA,NA,NA,NA,NA,NA
1994,"Kent State","Mid-American",11,NA,NA,NA,NA,NA,NA,NA,NA,NA,NA,NA,NA,NA,NA,NA,NA,NA,NA,NA,NA,NA,NA,NA,NA,NA,NA,NA,NA
1994,"Kentucky","SEC",11,NA,NA,NA,NA,NA,NA,NA,NA,NA,NA,NA,NA,NA,NA,NA,NA,NA,NA,NA,NA,NA,NA,NA,NA,NA,NA,NA,NA
1994,"Louisiana","Big West",11,NA,NA,NA,NA,NA,NA,NA,NA,NA,NA,NA,NA,NA,NA,NA,NA,NA,NA,NA,NA,NA,NA,NA,NA,NA,NA,NA,NA
1994,"Louisiana Tech","Big West",11,NA,NA,NA,NA,NA,NA,NA,NA,NA,NA,NA,NA,NA,NA,NA,NA,NA,NA,NA,NA,NA,NA,NA,NA,NA,NA,NA,NA
1994,"Louisville","FBS Independents",11,NA,NA,NA,NA,NA,NA,NA,NA,NA,NA,NA,NA,NA,NA,NA,NA,NA,NA,NA,NA,NA,NA,NA,NA,NA,NA,NA,NA
1994,"LSU","SEC",11,NA,NA,NA,NA,NA,NA,NA,NA,NA,NA,NA,NA,NA,NA,NA,NA,NA,NA,NA,NA,NA,NA,NA,NA,NA,NA,NA,NA
1994,"Maryland","ACC",11,NA,NA,NA,NA,NA,NA,NA,NA,NA,NA,NA,NA,NA,NA,NA,NA,NA,NA,NA,NA,NA,NA,NA,NA,NA,NA,NA,NA
1994,"Memphis","FBS Independents",11,NA,NA,NA,NA,NA,NA,NA,NA,NA,NA,NA,NA,NA,NA,NA,NA,NA,NA,NA,NA,NA,NA,NA,NA,NA,NA,NA,NA
1994,"Miami","Big East",12,NA,NA,NA,NA,NA,NA,NA,NA,NA,NA,NA,NA,NA,NA,NA,NA,NA,NA,NA,NA,NA,NA,NA,NA,NA,NA,NA,NA
1994,"Miami (OH)","Mid-American",11,NA,NA,NA,NA,NA,NA,NA,NA,NA,NA,NA,NA,NA,NA,NA,NA,NA,NA,NA,NA,NA,NA,NA,NA,NA,NA,NA,NA
1994,"Michigan","Big Ten",12,NA,NA,NA,NA,NA,NA,NA,NA,NA,NA,NA,NA,NA,NA,NA,NA,NA,NA,NA,NA,NA,NA,NA,NA,NA,NA,NA,NA
1994,"Michigan State","Big Ten",11,NA,NA,NA,NA,NA,NA,NA,NA,NA,NA,NA,NA,NA,NA,NA,NA,NA,NA,NA,NA,NA,NA,NA,NA,NA,NA,NA,NA
1994,"Minnesota","Big Ten",11,NA,NA,NA,NA,NA,NA,NA,NA,NA,NA,NA,NA,NA,NA,NA,NA,NA,NA,NA,NA,NA,NA,NA,NA,NA,NA,NA,NA
1994,"Mississippi State","SEC",12,NA,NA,NA,NA,NA,NA,NA,NA,NA,NA,NA,NA,NA,NA,NA,NA,NA,NA,NA,NA,NA,NA,NA,NA,NA,NA,NA,NA
1994,"Missouri","Big 8",12,NA,NA,NA,NA,NA,NA,NA,NA,NA,NA,NA,NA,NA,NA,NA,NA,NA,NA,NA,NA,NA,NA,NA,NA,NA,NA,NA,NA
1994,"Navy","FBS Independents",11,NA,NA,NA,NA,NA,NA,NA,NA,NA,NA,NA,NA,NA,NA,NA,NA,NA,NA,NA,NA,NA,NA,NA,NA,NA,NA,NA,NA
1994,"NC State","ACC",12,NA,NA,NA,NA,NA,NA,NA,NA,NA,NA,NA,NA,NA,NA,NA,NA,NA,NA,NA,NA,NA,NA,NA,NA,NA,NA,NA,NA
1994,"Nebraska","Big 8",13,NA,NA,NA,NA,NA,NA,NA,NA,NA,NA,NA,NA,NA,NA,NA,NA,NA,NA,NA,NA,NA,NA,NA,NA,NA,NA,NA,NA
1994,"Nevada","Big West",11,NA,NA,NA,NA,NA,NA,NA,NA,NA,NA,NA,NA,NA,NA,NA,NA,NA,NA,NA,NA,NA,NA,NA,NA,NA,NA,NA,NA
1994,"New Mexico","Western Athletic",12,NA,NA,NA,NA,NA,NA,NA,NA,NA,NA,NA,NA,NA,NA,NA,NA,NA,NA,NA,NA,NA,NA,NA,NA,NA,NA,NA,NA
1994,"New Mexico State","Big West",11,NA,NA,NA,NA,NA,NA,NA,NA,NA,NA,NA,NA,NA,NA,NA,NA,NA,NA,NA,NA,NA,NA,NA,NA,NA,NA,NA,NA
1994,"North Carolina","ACC",12,NA,NA,NA,NA,NA,NA,NA,NA,NA,NA,NA,NA,NA,NA,NA,NA,NA,NA,NA,NA,NA,NA,NA,NA,NA,NA,NA,NA
1994,"Northern Illinois","Big West",11,NA,NA,NA,NA,NA,NA,NA,NA,NA,NA,NA,NA,NA,NA,NA,NA,NA,NA,NA,NA,NA,NA,NA,NA,NA,NA,NA,NA
1994,"Northwestern","Big Ten",11,NA,NA,NA,NA,NA,NA,NA,NA,NA,NA,NA,NA,NA,NA,NA,NA,NA,NA,NA,NA,NA,NA,NA,NA,NA,NA,NA,NA
1994,"Notre Dame","FBS Independents",12,NA,NA,NA,NA,NA,NA,NA,NA,NA,NA,NA,NA,NA,NA,NA,NA,NA,NA,NA,NA,NA,NA,NA,NA,NA,NA,NA,NA
1994,"Ohio","Mid-American",11,NA,NA,NA,NA,NA,NA,NA,NA,NA,NA,NA,NA,NA,NA,NA,NA,NA,NA,NA,NA,NA,NA,NA,NA,NA,NA,NA,NA
1994,"Ohio State","Big Ten",13,NA,NA,NA,NA,NA,NA,NA,NA,NA,NA,NA,NA,NA,NA,NA,NA,NA,NA,NA,NA,NA,NA,NA,NA,NA,NA,NA,NA
1994,"Oklahoma","Big 8",12,NA,NA,NA,NA,NA,NA,NA,NA,NA,NA,NA,NA,NA,NA,NA,NA,NA,NA,NA,NA,NA,NA,NA,NA,NA,NA,NA,NA
1994,"Oklahoma State","Big 8",11,NA,NA,NA,NA,NA,NA,NA,NA,NA,NA,NA,NA,NA,NA,NA,NA,NA,NA,NA,NA,NA,NA,NA,NA,NA,NA,NA,NA
1994,"Ole Miss","SEC",11,NA,NA,NA,NA,NA,NA,NA,NA,NA,NA,NA,NA,NA,NA,NA,NA,NA,NA,NA,NA,NA,NA,NA,NA,NA,NA,NA,NA
1994,"Oregon","Pac-10",13,NA,NA,NA,NA,NA,NA,NA,NA,NA,NA,NA,NA,NA,NA,NA,NA,NA,NA,NA,NA,NA,NA,NA,NA,NA,NA,NA,NA
1994,"Oregon State","Pac-10",11,NA,NA,NA,NA,NA,NA,NA,NA,NA,NA,NA,NA,NA,NA,NA,NA,NA,NA,NA,NA,NA,NA,NA,NA,NA,NA,NA,NA
1994,"Pacific","Big West",11,NA,NA,NA,NA,NA,NA,NA,NA,NA,NA,NA,NA,NA,NA,NA,NA,NA,NA,NA,NA,NA,NA,NA,NA,NA,NA,NA,NA
1994,"Penn State","Big Ten",12,NA,NA,NA,NA,NA,NA,NA,NA,NA,NA,NA,NA,NA,NA,NA,NA,NA,NA,NA,NA,NA,NA,NA,NA,NA,NA,NA,NA
1994,"Pittsburgh","Big East",11,NA,NA,NA,NA,NA,NA,NA,NA,NA,NA,NA,NA,NA,NA,NA,NA,NA,NA,NA,NA,NA,NA,NA,NA,NA,NA,NA,NA
1994,"Purdue","Big Ten",11,NA,NA,NA,NA,NA,NA,NA,NA,NA,NA,NA,NA,NA,NA,NA,NA,NA,NA,NA,NA,NA,NA,NA,NA,NA,NA,NA,NA
1994,"Rice","Southwest",11,NA,NA,NA,NA,NA,NA,NA,NA,NA,NA,NA,NA,NA,NA,NA,NA,NA,NA,NA,NA,NA,NA,NA,NA,NA,NA,NA,NA
1994,"Rutgers","Big East",11,NA,NA,NA,NA,NA,NA,NA,NA,NA,NA,NA,NA,NA,NA,NA,NA,NA,NA,NA,NA,NA,NA,NA,NA,NA,NA,NA,NA
1994,"San Diego State","Western Athletic",11,NA,NA,NA,NA,NA,NA,NA,NA,NA,NA,NA,NA,NA,NA,NA,NA,NA,NA,NA,NA,NA,NA,NA,NA,NA,NA,NA,NA
1994,"San José State","Big West",11,NA,NA,NA,NA,NA,NA,NA,NA,NA,NA,NA,NA,NA,NA,NA,NA,NA,NA,NA,NA,NA,NA,NA,NA,NA,NA,NA,NA
1994,"SMU","Southwest",11,NA,NA,NA,NA,NA,NA,NA,NA,NA,NA,NA,NA,NA,NA,NA,NA,NA,NA,NA,NA,NA,NA,NA,NA,NA,NA,NA,NA
1994,"South Carolina","SEC",12,NA,NA,NA,NA,NA,NA,NA,NA,NA,NA,NA,NA,NA,NA,NA,NA,NA,NA,NA,NA,NA,NA,NA,NA,NA,NA,NA,NA
1994,"Southern Miss","FBS Independents",11,NA,NA,NA,NA,NA,NA,NA,NA,NA,NA,NA,NA,NA,NA,NA,NA,NA,NA,NA,NA,NA,NA,NA,NA,NA,NA,NA,NA
1994,"Stanford","Pac-10",11,NA,NA,NA,NA,NA,NA,NA,NA,NA,NA,NA,NA,NA,NA,NA,NA,NA,NA,NA,NA,NA,NA,NA,NA,NA,NA,NA,NA
1994,"Syracuse","Big East",11,NA,NA,NA,NA,NA,NA,NA,NA,NA,NA,NA,NA,NA,NA,NA,NA,NA,NA,NA,NA,NA,NA,NA,NA,NA,NA,NA,NA
1994,"TCU","Southwest",12,NA,NA,NA,NA,NA,NA,NA,NA,NA,NA,NA,NA,NA,NA,NA,NA,NA,NA,NA,NA,NA,NA,NA,NA,NA,NA,NA,NA
1994,"Temple","Big East",11,NA,NA,NA,NA,NA,NA,NA,NA,NA,NA,NA,NA,NA,NA,NA,NA,NA,NA,NA,NA,NA,NA,NA,NA,NA,NA,NA,NA
1994,"Tennessee","SEC",12,NA,NA,NA,NA,NA,NA,NA,NA,NA,NA,NA,NA,NA,NA,NA,NA,NA,NA,NA,NA,NA,NA,NA,NA,NA,NA,NA,NA
1994,"Texas","Southwest",12,NA,NA,NA,NA,NA,NA,NA,NA,NA,NA,NA,NA,NA,NA,NA,NA,NA,NA,NA,NA,NA,NA,NA,NA,NA,NA,NA,NA
1994,"Texas A&M","Southwest",11,NA,NA,NA,NA,NA,NA,NA,NA,NA,NA,NA,NA,NA,NA,NA,NA,NA,NA,NA,NA,NA,NA,NA,NA,NA,NA,NA,NA
1994,"Texas Tech","Southwest",12,NA,NA,NA,NA,NA,NA,NA,NA,NA,NA,NA,NA,NA,NA,NA,NA,NA,NA,NA,NA,NA,NA,NA,NA,NA,NA,NA,NA
1994,"Toledo","Mid-American",11,NA,NA,NA,NA,NA,NA,NA,NA,NA,NA,NA,NA,NA,NA,NA,NA,NA,NA,NA,NA,NA,NA,NA,NA,NA,NA,NA,NA
1994,"Tulane","FBS Independents",11,NA,NA,NA,NA,NA,NA,NA,NA,NA,NA,NA,NA,NA,NA,NA,NA,NA,NA,NA,NA,NA,NA,NA,NA,NA,NA,NA,NA
1994,"Tulsa","FBS Independents",11,NA,NA,NA,NA,NA,NA,NA,NA,NA,NA,NA,NA,NA,NA,NA,NA,NA,NA,NA,NA,NA,NA,NA,NA,NA,NA,NA,NA
1994,"UCLA","Pac-10",11,NA,NA,NA,NA,NA,NA,NA,NA,NA,NA,NA,NA,NA,NA,NA,NA,NA,NA,NA,NA,NA,NA,NA,NA,NA,NA,NA,NA
1994,"UL Monroe","FBS Independents",11,NA,NA,NA,NA,NA,NA,NA,NA,NA,NA,NA,NA,NA,NA,NA,NA,NA,NA,NA,NA,NA,NA,NA,NA,NA,NA,NA,NA
1994,"UNLV","Big West",12,NA,NA,NA,NA,NA,NA,NA,NA,NA,NA,NA,NA,NA,NA,NA,NA,NA,NA,NA,NA,NA,NA,NA,NA,NA,NA,NA,NA
1994,"USC","Pac-10",12,NA,NA,NA,NA,NA,NA,NA,NA,NA,NA,NA,NA,NA,NA,NA,NA,NA,NA,NA,NA,NA,NA,NA,NA,NA,NA,NA,NA
1994,"Utah","Western Athletic",12,NA,NA,NA,NA,NA,NA,NA,NA,NA,NA,NA,NA,NA,NA,NA,NA,NA,NA,NA,NA,NA,NA,NA,NA,NA,NA,NA,NA
1994,"Utah State","Big West",11,NA,NA,NA,NA,NA,NA,NA,NA,NA,NA,NA,NA,NA,NA,NA,NA,NA,NA,NA,NA,NA,NA,NA,NA,NA,NA,NA,NA
1994,"UTEP","Western Athletic",11,NA,NA,NA,NA,NA,NA,NA,NA,NA,NA,NA,NA,NA,NA,NA,NA,NA,NA,NA,NA,NA,NA,NA,NA,NA,NA,NA,NA
1994,"Vanderbilt","SEC",11,NA,NA,NA,NA,NA,NA,NA,NA,NA,NA,NA,NA,NA,NA,NA,NA,NA,NA,NA,NA,NA,NA,NA,NA,NA,NA,NA,NA
1994,"Virginia","ACC",12,NA,NA,NA,NA,NA,NA,NA,NA,NA,NA,NA,NA,NA,NA,NA,NA,NA,NA,NA,NA,NA,NA,NA,NA,NA,NA,NA,NA
1994,"Virginia Tech","Big East",12,NA,NA,NA,NA,NA,NA,NA,NA,NA,NA,NA,NA,NA,NA,NA,NA,NA,NA,NA,NA,NA,NA,NA,NA,NA,NA,NA,NA
1994,"Wake Forest","ACC",11,NA,NA,NA,NA,NA,NA,NA,NA,NA,NA,NA,NA,NA,NA,NA,NA,NA,NA,NA,NA,NA,NA,NA,NA,NA,NA,NA,NA
1994,"Washington","Pac-10",11,NA,NA,NA,NA,NA,NA,NA,NA,NA,NA,NA,NA,NA,NA,NA,NA,NA,NA,NA,NA,NA,NA,NA,NA,NA,NA,NA,NA
1994,"Washington State","Pac-10",12,NA,NA,NA,NA,NA,NA,NA,NA,NA,NA,NA,NA,NA,NA,NA,NA,NA,NA,NA,NA,NA,NA,NA,NA,NA,NA,NA,NA
1994,"Western Michigan","Mid-American",11,NA,NA,NA,NA,NA,NA,NA,NA,NA,NA,NA,NA,NA,NA,NA,NA,NA,NA,NA,NA,NA,NA,NA,NA,NA,NA,NA,NA
1994,"West Virginia","Big East",13,NA,NA,NA,NA,NA,NA,NA,NA,NA,NA,NA,NA,NA,NA,NA,NA,NA,NA,NA,NA,NA,NA,NA,NA,NA,NA,NA,NA
1994,"Wisconsin","Big Ten",12,NA,NA,NA,NA,NA,NA,NA,NA,NA,NA,NA,NA,NA,NA,NA,NA,NA,NA,NA,NA,NA,NA,NA,NA,NA,NA,NA,NA
1994,"Wyoming","Western Athletic",12,NA,NA,NA,NA,NA,NA,NA,NA,NA,NA,NA,NA,NA,NA,NA,NA,NA,NA,NA,NA,NA,NA,NA,NA,NA,NA,NA,NA
1995,"Air Force","Western Athletic",13,NA,NA,NA,NA,NA,NA,NA,NA,NA,NA,NA,NA,NA,NA,NA,NA,NA,NA,NA,NA,NA,NA,NA,NA,NA,NA,NA,NA
1995,"Akron","Mid-American",11,NA,NA,NA,NA,NA,NA,NA,NA,NA,NA,NA,NA,NA,NA,NA,NA,NA,NA,NA,NA,NA,NA,NA,NA,NA,NA,NA,NA
1995,"Alabama","SEC",11,NA,NA,NA,NA,NA,NA,NA,NA,NA,NA,NA,NA,NA,NA,NA,NA,NA,NA,NA,NA,NA,NA,NA,NA,NA,NA,NA,NA
1995,"Arizona","Pac-10",11,NA,NA,NA,NA,NA,NA,NA,NA,NA,NA,NA,NA,NA,NA,NA,NA,NA,NA,NA,NA,NA,NA,NA,NA,NA,NA,NA,NA
1995,"Arizona State","Pac-10",11,NA,NA,NA,NA,NA,NA,NA,NA,NA,NA,NA,NA,NA,NA,NA,NA,NA,NA,NA,NA,NA,NA,NA,NA,NA,NA,NA,NA
1995,"Arkansas","SEC",13,NA,NA,NA,NA,NA,NA,NA,NA,NA,NA,NA,NA,NA,NA,NA,NA,NA,NA,NA,NA,NA,NA,NA,NA,NA,NA,NA,NA
1995,"Arkansas State","Big West",11,NA,NA,NA,NA,NA,NA,NA,NA,NA,NA,NA,NA,NA,NA,NA,NA,NA,NA,NA,NA,NA,NA,NA,NA,NA,NA,NA,NA
1995,"Army","FBS Independents",11,NA,NA,NA,NA,NA,NA,NA,NA,NA,NA,NA,NA,NA,NA,NA,NA,NA,NA,NA,NA,NA,NA,NA,NA,NA,NA,NA,NA
1995,"Auburn","SEC",12,NA,NA,NA,NA,NA,NA,NA,NA,NA,NA,NA,NA,NA,NA,NA,NA,NA,NA,NA,NA,NA,NA,NA,NA,NA,NA,NA,NA
1995,"Ball State","Mid-American",11,NA,NA,NA,NA,NA,NA,NA,NA,NA,NA,NA,NA,NA,NA,NA,NA,NA,NA,NA,NA,NA,NA,NA,NA,NA,NA,NA,NA
1995,"Baylor","Southwest",11,NA,NA,NA,NA,NA,NA,NA,NA,NA,NA,NA,NA,NA,NA,NA,NA,NA,NA,NA,NA,NA,NA,NA,NA,NA,NA,NA,NA
1995,"Boston College","Big East",12,NA,NA,NA,NA,NA,NA,NA,NA,NA,NA,NA,NA,NA,NA,NA,NA,NA,NA,NA,NA,NA,NA,NA,NA,NA,NA,NA,NA
1995,"Bowling Green","Mid-American",11,NA,NA,NA,NA,NA,NA,NA,NA,NA,NA,NA,NA,NA,NA,NA,NA,NA,NA,NA,NA,NA,NA,NA,NA,NA,NA,NA,NA
1995,"BYU","Western Athletic",11,NA,NA,NA,NA,NA,NA,NA,NA,NA,NA,NA,NA,NA,NA,NA,NA,NA,NA,NA,NA,NA,NA,NA,NA,NA,NA,NA,NA
1995,"California","Pac-10",11,NA,NA,NA,NA,NA,NA,NA,NA,NA,NA,NA,NA,NA,NA,NA,NA,NA,NA,NA,NA,NA,NA,NA,NA,NA,NA,NA,NA
1995,"Central Michigan","Mid-American",11,NA,NA,NA,NA,NA,NA,NA,NA,NA,NA,NA,NA,NA,NA,NA,NA,NA,NA,NA,NA,NA,NA,NA,NA,NA,NA,NA,NA
1995,"Cincinnati","FBS Independents",11,NA,NA,NA,NA,NA,NA,NA,NA,NA,NA,NA,NA,NA,NA,NA,NA,NA,NA,NA,NA,NA,NA,NA,NA,NA,NA,NA,NA
1995,"Clemson","ACC",12,NA,NA,NA,NA,NA,NA,NA,NA,NA,NA,NA,NA,NA,NA,NA,NA,NA,NA,NA,NA,NA,NA,NA,NA,NA,NA,NA,NA
1995,"Colorado","Big 8",12,NA,NA,NA,NA,NA,NA,NA,NA,NA,NA,NA,NA,NA,NA,NA,NA,NA,NA,NA,NA,NA,NA,NA,NA,NA,NA,NA,NA
1995,"Colorado State","Western Athletic",12,NA,NA,NA,NA,NA,NA,NA,NA,NA,NA,NA,NA,NA,NA,NA,NA,NA,NA,NA,NA,NA,NA,NA,NA,NA,NA,NA,NA
1995,"Duke","ACC",11,NA,NA,NA,NA,NA,NA,NA,NA,NA,NA,NA,NA,NA,NA,NA,NA,NA,NA,NA,NA,NA,NA,NA,NA,NA,NA,NA,NA
1995,"East Carolina","FBS Independents",12,NA,NA,NA,NA,NA,NA,NA,NA,NA,NA,NA,NA,NA,NA,NA,NA,NA,NA,NA,NA,NA,NA,NA,NA,NA,NA,NA,NA
1995,"Eastern Michigan","Mid-American",11,NA,NA,NA,NA,NA,NA,NA,NA,NA,NA,NA,NA,NA,NA,NA,NA,NA,NA,NA,NA,NA,NA,NA,NA,NA,NA,NA,NA
1995,"Florida","SEC",13,NA,NA,NA,NA,NA,NA,NA,NA,NA,NA,NA,NA,NA,NA,NA,NA,NA,NA,NA,NA,NA,NA,NA,NA,NA,NA,NA,NA
1995,"Florida State","ACC",12,NA,NA,NA,NA,NA,NA,NA,NA,NA,NA,NA,NA,NA,NA,NA,NA,NA,NA,NA,NA,NA,NA,NA,NA,NA,NA,NA,NA
1995,"Fresno State","Western Athletic",12,NA,NA,NA,NA,NA,NA,NA,NA,NA,NA,NA,NA,NA,NA,NA,NA,NA,NA,NA,NA,NA,NA,NA,NA,NA,NA,NA,NA
1995,"Georgia","SEC",12,NA,NA,NA,NA,NA,NA,NA,NA,NA,NA,NA,NA,NA,NA,NA,NA,NA,NA,NA,NA,NA,NA,NA,NA,NA,NA,NA,NA
1995,"Georgia Tech","ACC",11,NA,NA,NA,NA,NA,NA,NA,NA,NA,NA,NA,NA,NA,NA,NA,NA,NA,NA,NA,NA,NA,NA,NA,NA,NA,NA,NA,NA
1995,"Hawai'i","Western Athletic",12,NA,NA,NA,NA,NA,NA,NA,NA,NA,NA,NA,NA,NA,NA,NA,NA,NA,NA,NA,NA,NA,NA,NA,NA,NA,NA,NA,NA
1995,"Houston","Southwest",11,NA,NA,NA,NA,NA,NA,NA,NA,NA,NA,NA,NA,NA,NA,NA,NA,NA,NA,NA,NA,NA,NA,NA,NA,NA,NA,NA,NA
1995,"Illinois","Big Ten",11,NA,NA,NA,NA,NA,NA,NA,NA,NA,NA,NA,NA,NA,NA,NA,NA,NA,NA,NA,NA,NA,NA,NA,NA,NA,NA,NA,NA
1995,"Indiana","Big Ten",11,NA,NA,NA,NA,NA,NA,NA,NA,NA,NA,NA,NA,NA,NA,NA,NA,NA,NA,NA,NA,NA,NA,NA,NA,NA,NA,NA,NA
1995,"Iowa","Big Ten",12,NA,NA,NA,NA,NA,NA,NA,NA,NA,NA,NA,NA,NA,NA,NA,NA,NA,NA,NA,NA,NA,NA,NA,NA,NA,NA,NA,NA
1995,"Iowa State","Big 8",11,NA,NA,NA,NA,NA,NA,NA,NA,NA,NA,NA,NA,NA,NA,NA,NA,NA,NA,NA,NA,NA,NA,NA,NA,NA,NA,NA,NA
1995,"Kansas","Big 8",12,NA,NA,NA,NA,NA,NA,NA,NA,NA,NA,NA,NA,NA,NA,NA,NA,NA,NA,NA,NA,NA,NA,NA,NA,NA,NA,NA,NA
1995,"Kansas State","Big 8",12,NA,NA,NA,NA,NA,NA,NA,NA,NA,NA,NA,NA,NA,NA,NA,NA,NA,NA,NA,NA,NA,NA,NA,NA,NA,NA,NA,NA
1995,"Kent State","Mid-American",11,NA,NA,NA,NA,NA,NA,NA,NA,NA,NA,NA,NA,NA,NA,NA,NA,NA,NA,NA,NA,NA,NA,NA,NA,NA,NA,NA,NA
1995,"Kentucky","SEC",11,NA,NA,NA,NA,NA,NA,NA,NA,NA,NA,NA,NA,NA,NA,NA,NA,NA,NA,NA,NA,NA,NA,NA,NA,NA,NA,NA,NA
1995,"Louisiana","Big West",11,NA,NA,NA,NA,NA,NA,NA,NA,NA,NA,NA,NA,NA,NA,NA,NA,NA,NA,NA,NA,NA,NA,NA,NA,NA,NA,NA,NA
1995,"Louisiana Tech","Big West",11,NA,NA,NA,NA,NA,NA,NA,NA,NA,NA,NA,NA,NA,NA,NA,NA,NA,NA,NA,NA,NA,NA,NA,NA,NA,NA,NA,NA
1995,"Louisville","FBS Independents",11,NA,NA,NA,NA,NA,NA,NA,NA,NA,NA,NA,NA,NA,NA,NA,NA,NA,NA,NA,NA,NA,NA,NA,NA,NA,NA,NA,NA
1995,"LSU","SEC",12,NA,NA,NA,NA,NA,NA,NA,NA,NA,NA,NA,NA,NA,NA,NA,NA,NA,NA,NA,NA,NA,NA,NA,NA,NA,NA,NA,NA
1995,"Maryland","ACC",11,NA,NA,NA,NA,NA,NA,NA,NA,NA,NA,NA,NA,NA,NA,NA,NA,NA,NA,NA,NA,NA,NA,NA,NA,NA,NA,NA,NA
1995,"Memphis","FBS Independents",11,NA,NA,NA,NA,NA,NA,NA,NA,NA,NA,NA,NA,NA,NA,NA,NA,NA,NA,NA,NA,NA,NA,NA,NA,NA,NA,NA,NA
1995,"Miami","Big East",11,NA,NA,NA,NA,NA,NA,NA,NA,NA,NA,NA,NA,NA,NA,NA,NA,NA,NA,NA,NA,NA,NA,NA,NA,NA,NA,NA,NA
1995,"Miami (OH)","Mid-American",11,NA,NA,NA,NA,NA,NA,NA,NA,NA,NA,NA,NA,NA,NA,NA,NA,NA,NA,NA,NA,NA,NA,NA,NA,NA,NA,NA,NA
1995,"Michigan","Big Ten",13,NA,NA,NA,NA,NA,NA,NA,NA,NA,NA,NA,NA,NA,NA,NA,NA,NA,NA,NA,NA,NA,NA,NA,NA,NA,NA,NA,NA
1995,"Michigan State","Big Ten",12,NA,NA,NA,NA,NA,NA,NA,NA,NA,NA,NA,NA,NA,NA,NA,NA,NA,NA,NA,NA,NA,NA,NA,NA,NA,NA,NA,NA
1995,"Minnesota","Big Ten",11,NA,NA,NA,NA,NA,NA,NA,NA,NA,NA,NA,NA,NA,NA,NA,NA,NA,NA,NA,NA,NA,NA,NA,NA,NA,NA,NA,NA
1995,"Mississippi State","SEC",11,NA,NA,NA,NA,NA,NA,NA,NA,NA,NA,NA,NA,NA,NA,NA,NA,NA,NA,NA,NA,NA,NA,NA,NA,NA,NA,NA,NA
1995,"Missouri","Big 8",11,NA,NA,NA,NA,NA,NA,NA,NA,NA,NA,NA,NA,NA,NA,NA,NA,NA,NA,NA,NA,NA,NA,NA,NA,NA,NA,NA,NA
1995,"Navy","FBS Independents",11,NA,NA,NA,NA,NA,NA,NA,NA,NA,NA,NA,NA,NA,NA,NA,NA,NA,NA,NA,NA,NA,NA,NA,NA,NA,NA,NA,NA
1995,"NC State","ACC",11,NA,NA,NA,NA,NA,NA,NA,NA,NA,NA,NA,NA,NA,NA,NA,NA,NA,NA,NA,NA,NA,NA,NA,NA,NA,NA,NA,NA
1995,"Nebraska","Big 8",12,NA,NA,NA,NA,NA,NA,NA,NA,NA,NA,NA,NA,NA,NA,NA,NA,NA,NA,NA,NA,NA,NA,NA,NA,NA,NA,NA,NA
1995,"Nevada","Big West",12,NA,NA,NA,NA,NA,NA,NA,NA,NA,NA,NA,NA,NA,NA,NA,NA,NA,NA,NA,NA,NA,NA,NA,NA,NA,NA,NA,NA
1995,"New Mexico","Western Athletic",11,NA,NA,NA,NA,NA,NA,NA,NA,NA,NA,NA,NA,NA,NA,NA,NA,NA,NA,NA,NA,NA,NA,NA,NA,NA,NA,NA,NA
1995,"New Mexico State","Big West",11,NA,NA,NA,NA,NA,NA,NA,NA,NA,NA,NA,NA,NA,NA,NA,NA,NA,NA,NA,NA,NA,NA,NA,NA,NA,NA,NA,NA
1995,"North Carolina","ACC",12,NA,NA,NA,NA,NA,NA,NA,NA,NA,NA,NA,NA,NA,NA,NA,NA,NA,NA,NA,NA,NA,NA,NA,NA,NA,NA,NA,NA
1995,"Northern Illinois","Big West",11,NA,NA,NA,NA,NA,NA,NA,NA,NA,NA,NA,NA,NA,NA,NA,NA,NA,NA,NA,NA,NA,NA,NA,NA,NA,NA,NA,NA
1995,"North Texas","FBS Independents",11,NA,NA,NA,NA,NA,NA,NA,NA,NA,NA,NA,NA,NA,NA,NA,NA,NA,NA,NA,NA,NA,NA,NA,NA,NA,NA,NA,NA
1995,"Northwestern","Big Ten",12,NA,NA,NA,NA,NA,NA,NA,NA,NA,NA,NA,NA,NA,NA,NA,NA,NA,NA,NA,NA,NA,NA,NA,NA,NA,NA,NA,NA
1995,"Notre Dame","FBS Independents",12,NA,NA,NA,NA,NA,NA,NA,NA,NA,NA,NA,NA,NA,NA,NA,NA,NA,NA,NA,NA,NA,NA,NA,NA,NA,NA,NA,NA
1995,"Ohio","Mid-American",11,NA,NA,NA,NA,NA,NA,NA,NA,NA,NA,NA,NA,NA,NA,NA,NA,NA,NA,NA,NA,NA,NA,NA,NA,NA,NA,NA,NA
1995,"Ohio State","Big Ten",13,NA,NA,NA,NA,NA,NA,NA,NA,NA,NA,NA,NA,NA,NA,NA,NA,NA,NA,NA,NA,NA,NA,NA,NA,NA,NA,NA,NA
1995,"Oklahoma","Big 8",11,NA,NA,NA,NA,NA,NA,NA,NA,NA,NA,NA,NA,NA,NA,NA,NA,NA,NA,NA,NA,NA,NA,NA,NA,NA,NA,NA,NA
1995,"Oklahoma State","Big 8",12,NA,NA,NA,NA,NA,NA,NA,NA,NA,NA,NA,NA,NA,NA,NA,NA,NA,NA,NA,NA,NA,NA,NA,NA,NA,NA,NA,NA
1995,"Ole Miss","SEC",11,NA,NA,NA,NA,NA,NA,NA,NA,NA,NA,NA,NA,NA,NA,NA,NA,NA,NA,NA,NA,NA,NA,NA,NA,NA,NA,NA,NA
1995,"Oregon","Pac-10",12,NA,NA,NA,NA,NA,NA,NA,NA,NA,NA,NA,NA,NA,NA,NA,NA,NA,NA,NA,NA,NA,NA,NA,NA,NA,NA,NA,NA
1995,"Oregon State","Pac-10",11,NA,NA,NA,NA,NA,NA,NA,NA,NA,NA,NA,NA,NA,NA,NA,NA,NA,NA,NA,NA,NA,NA,NA,NA,NA,NA,NA,NA
1995,"Pacific","Big West",11,NA,NA,NA,NA,NA,NA,NA,NA,NA,NA,NA,NA,NA,NA,NA,NA,NA,NA,NA,NA,NA,NA,NA,NA,NA,NA,NA,NA
1995,"Penn State","Big Ten",12,NA,NA,NA,NA,NA,NA,NA,NA,NA,NA,NA,NA,NA,NA,NA,NA,NA,NA,NA,NA,NA,NA,NA,NA,NA,NA,NA,NA
1995,"Pittsburgh","Big East",11,NA,NA,NA,NA,NA,NA,NA,NA,NA,NA,NA,NA,NA,NA,NA,NA,NA,NA,NA,NA,NA,NA,NA,NA,NA,NA,NA,NA
1995,"Purdue","Big Ten",11,NA,NA,NA,NA,NA,NA,NA,NA,NA,NA,NA,NA,NA,NA,NA,NA,NA,NA,NA,NA,NA,NA,NA,NA,NA,NA,NA,NA
1995,"Rice","Southwest",11,NA,NA,NA,NA,NA,NA,NA,NA,NA,NA,NA,NA,NA,NA,NA,NA,NA,NA,NA,NA,NA,NA,NA,NA,NA,NA,NA,NA
1995,"Rutgers","Big East",11,NA,NA,NA,NA,NA,NA,NA,NA,NA,NA,NA,NA,NA,NA,NA,NA,NA,NA,NA,NA,NA,NA,NA,NA,NA,NA,NA,NA
1995,"San Diego State","Western Athletic",12,NA,NA,NA,NA,NA,NA,NA,NA,NA,NA,NA,NA,NA,NA,NA,NA,NA,NA,NA,NA,NA,NA,NA,NA,NA,NA,NA,NA
1995,"San José State","Big West",11,NA,NA,NA,NA,NA,NA,NA,NA,NA,NA,NA,NA,NA,NA,NA,NA,NA,NA,NA,NA,NA,NA,NA,NA,NA,NA,NA,NA
1995,"SMU","Southwest",11,NA,NA,NA,NA,NA,NA,NA,NA,NA,NA,NA,NA,NA,NA,NA,NA,NA,NA,NA,NA,NA,NA,NA,NA,NA,NA,NA,NA
1995,"South Carolina","SEC",11,NA,NA,NA,NA,NA,NA,NA,NA,NA,NA,NA,NA,NA,NA,NA,NA,NA,NA,NA,NA,NA,NA,NA,NA,NA,NA,NA,NA
1995,"Southern Miss","FBS Independents",11,NA,NA,NA,NA,NA,NA,NA,NA,NA,NA,NA,NA,NA,NA,NA,NA,NA,NA,NA,NA,NA,NA,NA,NA,NA,NA,NA,NA
1995,"Stanford","Pac-10",12,NA,NA,NA,NA,NA,NA,NA,NA,NA,NA,NA,NA,NA,NA,NA,NA,NA,NA,NA,NA,NA,NA,NA,NA,NA,NA,NA,NA
1995,"Syracuse","Big East",12,NA,NA,NA,NA,NA,NA,NA,NA,NA,NA,NA,NA,NA,NA,NA,NA,NA,NA,NA,NA,NA,NA,NA,NA,NA,NA,NA,NA
1995,"TCU","Southwest",11,NA,NA,NA,NA,NA,NA,NA,NA,NA,NA,NA,NA,NA,NA,NA,NA,NA,NA,NA,NA,NA,NA,NA,NA,NA,NA,NA,NA
1995,"Temple","Big East",11,NA,NA,NA,NA,NA,NA,NA,NA,NA,NA,NA,NA,NA,NA,NA,NA,NA,NA,NA,NA,NA,NA,NA,NA,NA,NA,NA,NA
1995,"Tennessee","SEC",12,NA,NA,NA,NA,NA,NA,NA,NA,NA,NA,NA,NA,NA,NA,NA,NA,NA,NA,NA,NA,NA,NA,NA,NA,NA,NA,NA,NA
1995,"Texas","Southwest",13,NA,NA,NA,NA,NA,NA,NA,NA,NA,NA,NA,NA,NA,NA,NA,NA,NA,NA,NA,NA,NA,NA,NA,NA,NA,NA,NA,NA
1995,"Texas A&M","Southwest",12,NA,NA,NA,NA,NA,NA,NA,NA,NA,NA,NA,NA,NA,NA,NA,NA,NA,NA,NA,NA,NA,NA,NA,NA,NA,NA,NA,NA
1995,"Texas Tech","Southwest",12,NA,NA,NA,NA,NA,NA,NA,NA,NA,NA,NA,NA,NA,NA,NA,NA,NA,NA,NA,NA,NA,NA,NA,NA,NA,NA,NA,NA
1995,"Toledo","Mid-American",12,NA,NA,NA,NA,NA,NA,NA,NA,NA,NA,NA,NA,NA,NA,NA,NA,NA,NA,NA,NA,NA,NA,NA,NA,NA,NA,NA,NA
1995,"Tulane","FBS Independents",11,NA,NA,NA,NA,NA,NA,NA,NA,NA,NA,NA,NA,NA,NA,NA,NA,NA,NA,NA,NA,NA,NA,NA,NA,NA,NA,NA,NA
1995,"Tulsa","FBS Independents",11,NA,NA,NA,NA,NA,NA,NA,NA,NA,NA,NA,NA,NA,NA,NA,NA,NA,NA,NA,NA,NA,NA,NA,NA,NA,NA,NA,NA
1995,"UCLA","Pac-10",12,NA,NA,NA,NA,NA,NA,NA,NA,NA,NA,NA,NA,NA,NA,NA,NA,NA,NA,NA,NA,NA,NA,NA,NA,NA,NA,NA,NA
1995,"UL Monroe","FBS Independents",11,NA,NA,NA,NA,NA,NA,NA,NA,NA,NA,NA,NA,NA,NA,NA,NA,NA,NA,NA,NA,NA,NA,NA,NA,NA,NA,NA,NA
1995,"UNLV","Big West",11,NA,NA,NA,NA,NA,NA,NA,NA,NA,NA,NA,NA,NA,NA,NA,NA,NA,NA,NA,NA,NA,NA,NA,NA,NA,NA,NA,NA
1995,"USC","Pac-10",12,NA,NA,NA,NA,NA,NA,NA,NA,NA,NA,NA,NA,NA,NA,NA,NA,NA,NA,NA,NA,NA,NA,NA,NA,NA,NA,NA,NA
1995,"Utah","Western Athletic",11,NA,NA,NA,NA,NA,NA,NA,NA,NA,NA,NA,NA,NA,NA,NA,NA,NA,NA,NA,NA,NA,NA,NA,NA,NA,NA,NA,NA
1995,"Utah State","Big West",11,NA,NA,NA,NA,NA,NA,NA,NA,NA,NA,NA,NA,NA,NA,NA,NA,NA,NA,NA,NA,NA,NA,NA,NA,NA,NA,NA,NA
1995,"UTEP","Western Athletic",12,NA,NA,NA,NA,NA,NA,NA,NA,NA,NA,NA,NA,NA,NA,NA,NA,NA,NA,NA,NA,NA,NA,NA,NA,NA,NA,NA,NA
1995,"Vanderbilt","SEC",11,NA,NA,NA,NA,NA,NA,NA,NA,NA,NA,NA,NA,NA,NA,NA,NA,NA,NA,NA,NA,NA,NA,NA,NA,NA,NA,NA,NA
1995,"Virginia","ACC",13,NA,NA,NA,NA,NA,NA,NA,NA,NA,NA,NA,NA,NA,NA,NA,NA,NA,NA,NA,NA,NA,NA,NA,NA,NA,NA,NA,NA
1995,"Virginia Tech","Big East",12,NA,NA,NA,NA,NA,NA,NA,NA,NA,NA,NA,NA,NA,NA,NA,NA,NA,NA,NA,NA,NA,NA,NA,NA,NA,NA,NA,NA
1995,"Wake Forest","ACC",11,NA,NA,NA,NA,NA,NA,NA,NA,NA,NA,NA,NA,NA,NA,NA,NA,NA,NA,NA,NA,NA,NA,NA,NA,NA,NA,NA,NA
1995,"Washington","Pac-10",12,NA,NA,NA,NA,NA,NA,NA,NA,NA,NA,NA,NA,NA,NA,NA,NA,NA,NA,NA,NA,NA,NA,NA,NA,NA,NA,NA,NA
1995,"Washington State","Pac-10",11,NA,NA,NA,NA,NA,NA,NA,NA,NA,NA,NA,NA,NA,NA,NA,NA,NA,NA,NA,NA,NA,NA,NA,NA,NA,NA,NA,NA
1995,"Western Michigan","Mid-American",11,NA,NA,NA,NA,NA,NA,NA,NA,NA,NA,NA,NA,NA,NA,NA,NA,NA,NA,NA,NA,NA,NA,NA,NA,NA,NA,NA,NA
1995,"West Virginia","Big East",11,NA,NA,NA,NA,NA,NA,NA,NA,NA,NA,NA,NA,NA,NA,NA,NA,NA,NA,NA,NA,NA,NA,NA,NA,NA,NA,NA,NA
1995,"Wisconsin","Big Ten",11,NA,NA,NA,NA,NA,NA,NA,NA,NA,NA,NA,NA,NA,NA,NA,NA,NA,NA,NA,NA,NA,NA,NA,NA,NA,NA,NA,NA
1995,"Wyoming","Western Athletic",11,NA,NA,NA,NA,NA,NA,NA,NA,NA,NA,NA,NA,NA,NA,NA,NA,NA,NA,NA,NA,NA,NA,NA,NA,NA,NA,NA,NA
1996,"Air Force","Western Athletic",11,NA,NA,NA,NA,NA,NA,NA,NA,NA,NA,NA,NA,NA,NA,NA,NA,NA,NA,NA,NA,NA,NA,NA,NA,NA,NA,NA,NA
1996,"Akron","Mid-American",11,NA,NA,NA,NA,NA,NA,NA,NA,NA,NA,NA,NA,NA,NA,NA,NA,NA,NA,NA,NA,NA,NA,NA,NA,NA,NA,NA,NA
1996,"Alabama","SEC",13,NA,NA,NA,NA,NA,NA,NA,NA,NA,NA,NA,NA,NA,NA,NA,NA,NA,NA,NA,NA,NA,NA,NA,NA,NA,NA,NA,NA
1996,"Arizona","Pac-10",11,NA,NA,NA,NA,NA,NA,NA,NA,NA,NA,NA,NA,NA,NA,NA,NA,NA,NA,NA,NA,NA,NA,NA,NA,NA,NA,NA,NA
1996,"Arizona State","Pac-10",12,NA,NA,NA,NA,NA,NA,NA,NA,NA,NA,NA,NA,NA,NA,NA,NA,NA,NA,NA,NA,NA,NA,NA,NA,NA,NA,NA,NA
1996,"Arkansas","SEC",11,NA,NA,NA,NA,NA,NA,NA,NA,NA,NA,NA,NA,NA,NA,NA,NA,NA,NA,NA,NA,NA,NA,NA,NA,NA,NA,NA,NA
1996,"Arkansas State","FBS Independents",11,NA,NA,NA,NA,NA,NA,NA,NA,NA,NA,NA,NA,NA,NA,NA,NA,NA,NA,NA,NA,NA,NA,NA,NA,NA,NA,NA,NA
1996,"Army","FBS Independents",12,NA,NA,NA,NA,NA,NA,NA,NA,NA,NA,NA,NA,NA,NA,NA,NA,NA,NA,NA,NA,NA,NA,NA,NA,NA,NA,NA,NA
1996,"Auburn","SEC",12,NA,NA,NA,NA,NA,NA,NA,NA,NA,NA,NA,NA,NA,NA,NA,NA,NA,NA,NA,NA,NA,NA,NA,NA,NA,NA,NA,NA
1996,"Ball State","Mid-American",12,NA,NA,NA,NA,NA,NA,NA,NA,NA,NA,NA,NA,NA,NA,NA,NA,NA,NA,NA,NA,NA,NA,NA,NA,NA,NA,NA,NA
1996,"Baylor","Big 12",11,NA,NA,NA,NA,NA,NA,NA,NA,NA,NA,NA,NA,NA,NA,NA,NA,NA,NA,NA,NA,NA,NA,NA,NA,NA,NA,NA,NA
1996,"Boise State","Big West",12,NA,NA,NA,NA,NA,NA,NA,NA,NA,NA,NA,NA,NA,NA,NA,NA,NA,NA,NA,NA,NA,NA,NA,NA,NA,NA,NA,NA
1996,"Boston College","Big East",12,NA,NA,NA,NA,NA,NA,NA,NA,NA,NA,NA,NA,NA,NA,NA,NA,NA,NA,NA,NA,NA,NA,NA,NA,NA,NA,NA,NA
1996,"Bowling Green","Mid-American",11,NA,NA,NA,NA,NA,NA,NA,NA,NA,NA,NA,NA,NA,NA,NA,NA,NA,NA,NA,NA,NA,NA,NA,NA,NA,NA,NA,NA
1996,"BYU","Western Athletic",15,NA,NA,NA,NA,NA,NA,NA,NA,NA,NA,NA,NA,NA,NA,NA,NA,NA,NA,NA,NA,NA,NA,NA,NA,NA,NA,NA,NA
1996,"California","Pac-10",12,NA,NA,NA,NA,NA,NA,NA,NA,NA,NA,NA,NA,NA,NA,NA,NA,NA,NA,NA,NA,NA,NA,NA,NA,NA,NA,NA,NA
1996,"Central Michigan","Mid-American",11,NA,NA,NA,NA,NA,NA,NA,NA,NA,NA,NA,NA,NA,NA,NA,NA,NA,NA,NA,NA,NA,NA,NA,NA,NA,NA,NA,NA
1996,"Cincinnati","Conference USA",11,NA,NA,NA,NA,NA,NA,NA,NA,NA,NA,NA,NA,NA,NA,NA,NA,NA,NA,NA,NA,NA,NA,NA,NA,NA,NA,NA,NA
1996,"Clemson","ACC",12,NA,NA,NA,NA,NA,NA,NA,NA,NA,NA,NA,NA,NA,NA,NA,NA,NA,NA,NA,NA,NA,NA,NA,NA,NA,NA,NA,NA
1996,"Colorado","Big 12",12,NA,NA,NA,NA,NA,NA,NA,NA,NA,NA,NA,NA,NA,NA,NA,NA,NA,NA,NA,NA,NA,NA,NA,NA,NA,NA,NA,NA
1996,"Colorado State","Western Athletic",12,NA,NA,NA,NA,NA,NA,NA,NA,NA,NA,NA,NA,NA,NA,NA,NA,NA,NA,NA,NA,NA,NA,NA,NA,NA,NA,NA,NA
1996,"Duke","ACC",11,NA,NA,NA,NA,NA,NA,NA,NA,NA,NA,NA,NA,NA,NA,NA,NA,NA,NA,NA,NA,NA,NA,NA,NA,NA,NA,NA,NA
1996,"East Carolina","FBS Independents",11,NA,NA,NA,NA,NA,NA,NA,NA,NA,NA,NA,NA,NA,NA,NA,NA,NA,NA,NA,NA,NA,NA,NA,NA,NA,NA,NA,NA
1996,"Eastern Michigan","Mid-American",11,NA,NA,NA,NA,NA,NA,NA,NA,NA,NA,NA,NA,NA,NA,NA,NA,NA,NA,NA,NA,NA,NA,NA,NA,NA,NA,NA,NA
1996,"Florida","SEC",13,NA,NA,NA,NA,NA,NA,NA,NA,NA,NA,NA,NA,NA,NA,NA,NA,NA,NA,NA,NA,NA,NA,NA,NA,NA,NA,NA,NA
1996,"Florida State","ACC",12,NA,NA,NA,NA,NA,NA,NA,NA,NA,NA,NA,NA,NA,NA,NA,NA,NA,NA,NA,NA,NA,NA,NA,NA,NA,NA,NA,NA
1996,"Fresno State","Western Athletic",11,NA,NA,NA,NA,NA,NA,NA,NA,NA,NA,NA,NA,NA,NA,NA,NA,NA,NA,NA,NA,NA,NA,NA,NA,NA,NA,NA,NA
1996,"Georgia","SEC",11,NA,NA,NA,NA,NA,NA,NA,NA,NA,NA,NA,NA,NA,NA,NA,NA,NA,NA,NA,NA,NA,NA,NA,NA,NA,NA,NA,NA
1996,"Georgia Tech","ACC",11,NA,NA,NA,NA,NA,NA,NA,NA,NA,NA,NA,NA,NA,NA,NA,NA,NA,NA,NA,NA,NA,NA,NA,NA,NA,NA,NA,NA
1996,"Hawai'i","Western Athletic",12,NA,NA,NA,NA,NA,NA,NA,NA,NA,NA,NA,NA,NA,NA,NA,NA,NA,NA,NA,NA,NA,NA,NA,NA,NA,NA,NA,NA
1996,"Houston","Conference USA",12,NA,NA,NA,NA,NA,NA,NA,NA,NA,NA,NA,NA,NA,NA,NA,NA,NA,NA,NA,NA,NA,NA,NA,NA,NA,NA,NA,NA
1996,"Idaho","Big West",11,NA,NA,NA,NA,NA,NA,NA,NA,NA,NA,NA,NA,NA,NA,NA,NA,NA,NA,NA,NA,NA,NA,NA,NA,NA,NA,NA,NA
1996,"Illinois","Big Ten",11,NA,NA,NA,NA,NA,NA,NA,NA,NA,NA,NA,NA,NA,NA,NA,NA,NA,NA,NA,NA,NA,NA,NA,NA,NA,NA,NA,NA
1996,"Indiana","Big Ten",11,NA,NA,NA,NA,NA,NA,NA,NA,NA,NA,NA,NA,NA,NA,NA,NA,NA,NA,NA,NA,NA,NA,NA,NA,NA,NA,NA,NA
1996,"Iowa","Big Ten",12,NA,NA,NA,NA,NA,NA,NA,NA,NA,NA,NA,NA,NA,NA,NA,NA,NA,NA,NA,NA,NA,NA,NA,NA,NA,NA,NA,NA
1996,"Iowa State","Big 12",11,NA,NA,NA,NA,NA,NA,NA,NA,NA,NA,NA,NA,NA,NA,NA,NA,NA,NA,NA,NA,NA,NA,NA,NA,NA,NA,NA,NA
1996,"Kansas","Big 12",11,NA,NA,NA,NA,NA,NA,NA,NA,NA,NA,NA,NA,NA,NA,NA,NA,NA,NA,NA,NA,NA,NA,NA,NA,NA,NA,NA,NA
1996,"Kansas State","Big 12",12,NA,NA,NA,NA,NA,NA,NA,NA,NA,NA,NA,NA,NA,NA,NA,NA,NA,NA,NA,NA,NA,NA,NA,NA,NA,NA,NA,NA
1996,"Kent State","Mid-American",11,NA,NA,NA,NA,NA,NA,NA,NA,NA,NA,NA,NA,NA,NA,NA,NA,NA,NA,NA,NA,NA,NA,NA,NA,NA,NA,NA,NA
1996,"Kentucky","SEC",11,NA,NA,NA,NA,NA,NA,NA,NA,NA,NA,NA,NA,NA,NA,NA,NA,NA,NA,NA,NA,NA,NA,NA,NA,NA,NA,NA,NA
1996,"Louisiana","FBS Independents",11,NA,NA,NA,NA,NA,NA,NA,NA,NA,NA,NA,NA,NA,NA,NA,NA,NA,NA,NA,NA,NA,NA,NA,NA,NA,NA,NA,NA
1996,"Louisiana Tech","FBS Independents",11,NA,NA,NA,NA,NA,NA,NA,NA,NA,NA,NA,NA,NA,NA,NA,NA,NA,NA,NA,NA,NA,NA,NA,NA,NA,NA,NA,NA
1996,"Louisville","Conference USA",11,NA,NA,NA,NA,NA,NA,NA,NA,NA,NA,NA,NA,NA,NA,NA,NA,NA,NA,NA,NA,NA,NA,NA,NA,NA,NA,NA,NA
1996,"LSU","SEC",12,NA,NA,NA,NA,NA,NA,NA,NA,NA,NA,NA,NA,NA,NA,NA,NA,NA,NA,NA,NA,NA,NA,NA,NA,NA,NA,NA,NA
1996,"Maryland","ACC",11,NA,NA,NA,NA,NA,NA,NA,NA,NA,NA,NA,NA,NA,NA,NA,NA,NA,NA,NA,NA,NA,NA,NA,NA,NA,NA,NA,NA
1996,"Memphis","Conference USA",11,NA,NA,NA,NA,NA,NA,NA,NA,NA,NA,NA,NA,NA,NA,NA,NA,NA,NA,NA,NA,NA,NA,NA,NA,NA,NA,NA,NA
1996,"Miami","Big East",12,NA,NA,NA,NA,NA,NA,NA,NA,NA,NA,NA,NA,NA,NA,NA,NA,NA,NA,NA,NA,NA,NA,NA,NA,NA,NA,NA,NA
1996,"Miami (OH)","Mid-American",11,NA,NA,NA,NA,NA,NA,NA,NA,NA,NA,NA,NA,NA,NA,NA,NA,NA,NA,NA,NA,NA,NA,NA,NA,NA,NA,NA,NA
1996,"Michigan","Big Ten",12,NA,NA,NA,NA,NA,NA,NA,NA,NA,NA,NA,NA,NA,NA,NA,NA,NA,NA,NA,NA,NA,NA,NA,NA,NA,NA,NA,NA
1996,"Michigan State","Big Ten",12,NA,NA,NA,NA,NA,NA,NA,NA,NA,NA,NA,NA,NA,NA,NA,NA,NA,NA,NA,NA,NA,NA,NA,NA,NA,NA,NA,NA
1996,"Minnesota","Big Ten",11,NA,NA,NA,NA,NA,NA,NA,NA,NA,NA,NA,NA,NA,NA,NA,NA,NA,NA,NA,NA,NA,NA,NA,NA,NA,NA,NA,NA
1996,"Mississippi State","SEC",11,NA,NA,NA,NA,NA,NA,NA,NA,NA,NA,NA,NA,NA,NA,NA,NA,NA,NA,NA,NA,NA,NA,NA,NA,NA,NA,NA,NA
1996,"Missouri","Big 12",11,NA,NA,NA,NA,NA,NA,NA,NA,NA,NA,NA,NA,NA,NA,NA,NA,NA,NA,NA,NA,NA,NA,NA,NA,NA,NA,NA,NA
1996,"Navy","FBS Independents",12,NA,NA,NA,NA,NA,NA,NA,NA,NA,NA,NA,NA,NA,NA,NA,NA,NA,NA,NA,NA,NA,NA,NA,NA,NA,NA,NA,NA
1996,"NC State","ACC",11,NA,NA,NA,NA,NA,NA,NA,NA,NA,NA,NA,NA,NA,NA,NA,NA,NA,NA,NA,NA,NA,NA,NA,NA,NA,NA,NA,NA
1996,"Nebraska","Big 12",13,NA,NA,NA,NA,NA,NA,NA,NA,NA,NA,NA,NA,NA,NA,NA,NA,NA,NA,NA,NA,NA,NA,NA,NA,NA,NA,NA,NA
1996,"Nevada","Big West",12,NA,NA,NA,NA,NA,NA,NA,NA,NA,NA,NA,NA,NA,NA,NA,NA,NA,NA,NA,NA,NA,NA,NA,NA,NA,NA,NA,NA
1996,"New Mexico","Western Athletic",11,NA,NA,NA,NA,NA,NA,NA,NA,NA,NA,NA,NA,NA,NA,NA,NA,NA,NA,NA,NA,NA,NA,NA,NA,NA,NA,NA,NA
1996,"New Mexico State","Big West",11,NA,NA,NA,NA,NA,NA,NA,NA,NA,NA,NA,NA,NA,NA,NA,NA,NA,NA,NA,NA,NA,NA,NA,NA,NA,NA,NA,NA
1996,"North Carolina","ACC",12,NA,NA,NA,NA,NA,NA,NA,NA,NA,NA,NA,NA,NA,NA,NA,NA,NA,NA,NA,NA,NA,NA,NA,NA,NA,NA,NA,NA
1996,"Northern Illinois","FBS Independents",11,NA,NA,NA,NA,NA,NA,NA,NA,NA,NA,NA,NA,NA,NA,NA,NA,NA,NA,NA,NA,NA,NA,NA,NA,NA,NA,NA,NA
1996,"North Texas","Big West",11,NA,NA,NA,NA,NA,NA,NA,NA,NA,NA,NA,NA,NA,NA,NA,NA,NA,NA,NA,NA,NA,NA,NA,NA,NA,NA,NA,NA
1996,"Northwestern","Big Ten",12,NA,NA,NA,NA,NA,NA,NA,NA,NA,NA,NA,NA,NA,NA,NA,NA,NA,NA,NA,NA,NA,NA,NA,NA,NA,NA,NA,NA
1996,"Notre Dame","FBS Independents",11,NA,NA,NA,NA,NA,NA,NA,NA,NA,NA,NA,NA,NA,NA,NA,NA,NA,NA,NA,NA,NA,NA,NA,NA,NA,NA,NA,NA
1996,"Ohio","Mid-American",12,NA,NA,NA,NA,NA,NA,NA,NA,NA,NA,NA,NA,NA,NA,NA,NA,NA,NA,NA,NA,NA,NA,NA,NA,NA,NA,NA,NA
1996,"Ohio State","Big Ten",12,NA,NA,NA,NA,NA,NA,NA,NA,NA,NA,NA,NA,NA,NA,NA,NA,NA,NA,NA,NA,NA,NA,NA,NA,NA,NA,NA,NA
1996,"Oklahoma","Big 12",11,NA,NA,NA,NA,NA,NA,NA,NA,NA,NA,NA,NA,NA,NA,NA,NA,NA,NA,NA,NA,NA,NA,NA,NA,NA,NA,NA,NA
1996,"Oklahoma State","Big 12",11,NA,NA,NA,NA,NA,NA,NA,NA,NA,NA,NA,NA,NA,NA,NA,NA,NA,NA,NA,NA,NA,NA,NA,NA,NA,NA,NA,NA
1996,"Ole Miss","SEC",11,NA,NA,NA,NA,NA,NA,NA,NA,NA,NA,NA,NA,NA,NA,NA,NA,NA,NA,NA,NA,NA,NA,NA,NA,NA,NA,NA,NA
1996,"Oregon","Pac-10",11,NA,NA,NA,NA,NA,NA,NA,NA,NA,NA,NA,NA,NA,NA,NA,NA,NA,NA,NA,NA,NA,NA,NA,NA,NA,NA,NA,NA
1996,"Oregon State","Pac-10",11,NA,NA,NA,NA,NA,NA,NA,NA,NA,NA,NA,NA,NA,NA,NA,NA,NA,NA,NA,NA,NA,NA,NA,NA,NA,NA,NA,NA
1996,"Penn State","Big Ten",13,NA,NA,NA,NA,NA,NA,NA,NA,NA,NA,NA,NA,NA,NA,NA,NA,NA,NA,NA,NA,NA,NA,NA,NA,NA,NA,NA,NA
1996,"Pittsburgh","Big East",11,NA,NA,NA,NA,NA,NA,NA,NA,NA,NA,NA,NA,NA,NA,NA,NA,NA,NA,NA,NA,NA,NA,NA,NA,NA,NA,NA,NA
1996,"Purdue","Big Ten",11,NA,NA,NA,NA,NA,NA,NA,NA,NA,NA,NA,NA,NA,NA,NA,NA,NA,NA,NA,NA,NA,NA,NA,NA,NA,NA,NA,NA
1996,"Rice","Western Athletic",11,NA,NA,NA,NA,NA,NA,NA,NA,NA,NA,NA,NA,NA,NA,NA,NA,NA,NA,NA,NA,NA,NA,NA,NA,NA,NA,NA,NA
1996,"Rutgers","Big East",11,NA,NA,NA,NA,NA,NA,NA,NA,NA,NA,NA,NA,NA,NA,NA,NA,NA,NA,NA,NA,NA,NA,NA,NA,NA,NA,NA,NA
1996,"San Diego State","Western Athletic",11,NA,NA,NA,NA,NA,NA,NA,NA,NA,NA,NA,NA,NA,NA,NA,NA,NA,NA,NA,NA,NA,NA,NA,NA,NA,NA,NA,NA
1996,"San José State","Western Athletic",12,NA,NA,NA,NA,NA,NA,NA,NA,NA,NA,NA,NA,NA,NA,NA,NA,NA,NA,NA,NA,NA,NA,NA,NA,NA,NA,NA,NA
1996,"SMU","Western Athletic",11,NA,NA,NA,NA,NA,NA,NA,NA,NA,NA,NA,NA,NA,NA,NA,NA,NA,NA,NA,NA,NA,NA,NA,NA,NA,NA,NA,NA
1996,"South Carolina","SEC",11,NA,NA,NA,NA,NA,NA,NA,NA,NA,NA,NA,NA,NA,NA,NA,NA,NA,NA,NA,NA,NA,NA,NA,NA,NA,NA,NA,NA
1996,"Southern Miss","Conference USA",11,NA,NA,NA,NA,NA,NA,NA,NA,NA,NA,NA,NA,NA,NA,NA,NA,NA,NA,NA,NA,NA,NA,NA,NA,NA,NA,NA,NA
1996,"Stanford","Pac-10",12,NA,NA,NA,NA,NA,NA,NA,NA,NA,NA,NA,NA,NA,NA,NA,NA,NA,NA,NA,NA,NA,NA,NA,NA,NA,NA,NA,NA
1996,"Syracuse","Big East",12,NA,NA,NA,NA,NA,NA,NA,NA,NA,NA,NA,NA,NA,NA,NA,NA,NA,NA,NA,NA,NA,NA,NA,NA,NA,NA,NA,NA
1996,"TCU","Western Athletic",11,NA,NA,NA,NA,NA,NA,NA,NA,NA,NA,NA,NA,NA,NA,NA,NA,NA,NA,NA,NA,NA,NA,NA,NA,NA,NA,NA,NA
1996,"Temple","Big East",11,NA,NA,NA,NA,NA,NA,NA,NA,NA,NA,NA,NA,NA,NA,NA,NA,NA,NA,NA,NA,NA,NA,NA,NA,NA,NA,NA,NA
1996,"Tennessee","SEC",12,NA,NA,NA,NA,NA,NA,NA,NA,NA,NA,NA,NA,NA,NA,NA,NA,NA,NA,NA,NA,NA,NA,NA,NA,NA,NA,NA,NA
1996,"Texas","Big 12",13,NA,NA,NA,NA,NA,NA,NA,NA,NA,NA,NA,NA,NA,NA,NA,NA,NA,NA,NA,NA,NA,NA,NA,NA,NA,NA,NA,NA
1996,"Texas A&M","Big 12",12,NA,NA,NA,NA,NA,NA,NA,NA,NA,NA,NA,NA,NA,NA,NA,NA,NA,NA,NA,NA,NA,NA,NA,NA,NA,NA,NA,NA
1996,"Texas Tech","Big 12",12,NA,NA,NA,NA,NA,NA,NA,NA,NA,NA,NA,NA,NA,NA,NA,NA,NA,NA,NA,NA,NA,NA,NA,NA,NA,NA,NA,NA
1996,"Toledo","Mid-American",11,NA,NA,NA,NA,NA,NA,NA,NA,NA,NA,NA,NA,NA,NA,NA,NA,NA,NA,NA,NA,NA,NA,NA,NA,NA,NA,NA,NA
1996,"Tulane","Conference USA",11,NA,NA,NA,NA,NA,NA,NA,NA,NA,NA,NA,NA,NA,NA,NA,NA,NA,NA,NA,NA,NA,NA,NA,NA,NA,NA,NA,NA
1996,"Tulsa","Western Athletic",11,NA,NA,NA,NA,NA,NA,NA,NA,NA,NA,NA,NA,NA,NA,NA,NA,NA,NA,NA,NA,NA,NA,NA,NA,NA,NA,NA,NA
1996,"UAB","FBS Independents",11,NA,NA,NA,NA,NA,NA,NA,NA,NA,NA,NA,NA,NA,NA,NA,NA,NA,NA,NA,NA,NA,NA,NA,NA,NA,NA,NA,NA
1996,"UCF","FBS Independents",11,NA,NA,NA,NA,NA,NA,NA,NA,NA,NA,NA,NA,NA,NA,NA,NA,NA,NA,NA,NA,NA,NA,NA,NA,NA,NA,NA,NA
1996,"UCLA","Pac-10",11,NA,NA,NA,NA,NA,NA,NA,NA,NA,NA,NA,NA,NA,NA,NA,NA,NA,NA,NA,NA,NA,NA,NA,NA,NA,NA,NA,NA
1996,"UL Monroe","FBS Independents",11,NA,NA,NA,NA,NA,NA,NA,NA,NA,NA,NA,NA,NA,NA,NA,NA,NA,NA,NA,NA,NA,NA,NA,NA,NA,NA,NA,NA
1996,"UNLV","Western Athletic",12,NA,NA,NA,NA,NA,NA,NA,NA,NA,NA,NA,NA,NA,NA,NA,NA,NA,NA,NA,NA,NA,NA,NA,NA,NA,NA,NA,NA
1996,"USC","Pac-10",12,NA,NA,NA,NA,NA,NA,NA,NA,NA,NA,NA,NA,NA,NA,NA,NA,NA,NA,NA,NA,NA,NA,NA,NA,NA,NA,NA,NA
1996,"Utah State","Big West",11,NA,NA,NA,NA,NA,NA,NA,NA,NA,NA,NA,NA,NA,NA,NA,NA,NA,NA,NA,NA,NA,NA,NA,NA,NA,NA,NA,NA
1996,"UTEP","Western Athletic",11,NA,NA,NA,NA,NA,NA,NA,NA,NA,NA,NA,NA,NA,NA,NA,NA,NA,NA,NA,NA,NA,NA,NA,NA,NA,NA,NA,NA
1996,"Vanderbilt","SEC",11,NA,NA,NA,NA,NA,NA,NA,NA,NA,NA,NA,NA,NA,NA,NA,NA,NA,NA,NA,NA,NA,NA,NA,NA,NA,NA,NA,NA
1996,"Virginia","ACC",12,NA,NA,NA,NA,NA,NA,NA,NA,NA,NA,NA,NA,NA,NA,NA,NA,NA,NA,NA,NA,NA,NA,NA,NA,NA,NA,NA,NA
1996,"Virginia Tech","Big East",12,NA,NA,NA,NA,NA,NA,NA,NA,NA,NA,NA,NA,NA,NA,NA,NA,NA,NA,NA,NA,NA,NA,NA,NA,NA,NA,NA,NA
1996,"Wake Forest","ACC",11,NA,NA,NA,NA,NA,NA,NA,NA,NA,NA,NA,NA,NA,NA,NA,NA,NA,NA,NA,NA,NA,NA,NA,NA,NA,NA,NA,NA
1996,"Washington","Pac-10",12,NA,NA,NA,NA,NA,NA,NA,NA,NA,NA,NA,NA,NA,NA,NA,NA,NA,NA,NA,NA,NA,NA,NA,NA,NA,NA,NA,NA
1996,"Washington State","Pac-10",11,NA,NA,NA,NA,NA,NA,NA,NA,NA,NA,NA,NA,NA,NA,NA,NA,NA,NA,NA,NA,NA,NA,NA,NA,NA,NA,NA,NA
1996,"Western Michigan","Mid-American",11,NA,NA,NA,NA,NA,NA,NA,NA,NA,NA,NA,NA,NA,NA,NA,NA,NA,NA,NA,NA,NA,NA,NA,NA,NA,NA,NA,NA
1996,"West Virginia","Big East",12,NA,NA,NA,NA,NA,NA,NA,NA,NA,NA,NA,NA,NA,NA,NA,NA,NA,NA,NA,NA,NA,NA,NA,NA,NA,NA,NA,NA
1996,"Wisconsin","Big Ten",13,NA,NA,NA,NA,NA,NA,NA,NA,NA,NA,NA,NA,NA,NA,NA,NA,NA,NA,NA,NA,NA,NA,NA,NA,NA,NA,NA,NA
1996,"Wyoming","Western Athletic",12,NA,NA,NA,NA,NA,NA,NA,NA,NA,NA,NA,NA,NA,NA,NA,NA,NA,NA,NA,NA,NA,NA,NA,NA,NA,NA,NA,NA
1997,"Air Force","Western Athletic",13,NA,NA,NA,NA,NA,NA,NA,NA,NA,NA,NA,NA,NA,NA,NA,NA,NA,NA,NA,NA,NA,NA,NA,NA,NA,NA,NA,NA
1997,"Akron","Mid-American",11,NA,NA,NA,NA,NA,NA,NA,NA,NA,NA,NA,NA,NA,NA,NA,NA,NA,NA,NA,NA,NA,NA,NA,NA,NA,NA,NA,NA
1997,"Alabama","SEC",11,NA,NA,NA,NA,NA,NA,NA,NA,NA,NA,NA,NA,NA,NA,NA,NA,NA,NA,NA,NA,NA,NA,NA,NA,NA,NA,NA,NA
1997,"Arizona","Pac-10",12,NA,NA,NA,NA,NA,NA,NA,NA,NA,NA,NA,NA,NA,NA,NA,NA,NA,NA,NA,NA,NA,NA,NA,NA,NA,NA,NA,NA
1997,"Arizona State","Pac-10",12,NA,NA,NA,NA,NA,NA,NA,NA,NA,NA,NA,NA,NA,NA,NA,NA,NA,NA,NA,NA,NA,NA,NA,NA,NA,NA,NA,NA
1997,"Arkansas","SEC",11,NA,NA,NA,NA,NA,NA,NA,NA,NA,NA,NA,NA,NA,NA,NA,NA,NA,NA,NA,NA,NA,NA,NA,NA,NA,NA,NA,NA
1997,"Arkansas State","FBS Independents",11,NA,NA,NA,NA,NA,NA,NA,NA,NA,NA,NA,NA,NA,NA,NA,NA,NA,NA,NA,NA,NA,NA,NA,NA,NA,NA,NA,NA
1997,"Army","FBS Independents",11,NA,NA,NA,NA,NA,NA,NA,NA,NA,NA,NA,NA,NA,NA,NA,NA,NA,NA,NA,NA,NA,NA,NA,NA,NA,NA,NA,NA
1997,"Auburn","SEC",13,NA,NA,NA,NA,NA,NA,NA,NA,NA,NA,NA,NA,NA,NA,NA,NA,NA,NA,NA,NA,NA,NA,NA,NA,NA,NA,NA,NA
1997,"Ball State","Mid-American",11,NA,NA,NA,NA,NA,NA,NA,NA,NA,NA,NA,NA,NA,NA,NA,NA,NA,NA,NA,NA,NA,NA,NA,NA,NA,NA,NA,NA
1997,"Baylor","Big 12",11,NA,NA,NA,NA,NA,NA,NA,NA,NA,NA,NA,NA,NA,NA,NA,NA,NA,NA,NA,NA,NA,NA,NA,NA,NA,NA,NA,NA
1997,"Boise State","Big West",11,NA,NA,NA,NA,NA,NA,NA,NA,NA,NA,NA,NA,NA,NA,NA,NA,NA,NA,NA,NA,NA,NA,NA,NA,NA,NA,NA,NA
1997,"Boston College","Big East",11,NA,NA,NA,NA,NA,NA,NA,NA,NA,NA,NA,NA,NA,NA,NA,NA,NA,NA,NA,NA,NA,NA,NA,NA,NA,NA,NA,NA
1997,"Bowling Green","Mid-American",11,NA,NA,NA,NA,NA,NA,NA,NA,NA,NA,NA,NA,NA,NA,NA,NA,NA,NA,NA,NA,NA,NA,NA,NA,NA,NA,NA,NA
1997,"BYU","Western Athletic",11,NA,NA,NA,NA,NA,NA,NA,NA,NA,NA,NA,NA,NA,NA,NA,NA,NA,NA,NA,NA,NA,NA,NA,NA,NA,NA,NA,NA
1997,"California","Pac-10",11,NA,NA,NA,NA,NA,NA,NA,NA,NA,NA,NA,NA,NA,NA,NA,NA,NA,NA,NA,NA,NA,NA,NA,NA,NA,NA,NA,NA
1997,"Central Michigan","Mid-American",11,NA,NA,NA,NA,NA,NA,NA,NA,NA,NA,NA,NA,NA,NA,NA,NA,NA,NA,NA,NA,NA,NA,NA,NA,NA,NA,NA,NA
1997,"Cincinnati","Conference USA",12,NA,NA,NA,NA,NA,NA,NA,NA,NA,NA,NA,NA,NA,NA,NA,NA,NA,NA,NA,NA,NA,NA,NA,NA,NA,NA,NA,NA
1997,"Clemson","ACC",12,NA,NA,NA,NA,NA,NA,NA,NA,NA,NA,NA,NA,NA,NA,NA,NA,NA,NA,NA,NA,NA,NA,NA,NA,NA,NA,NA,NA
1997,"Colorado","Big 12",11,NA,NA,NA,NA,NA,NA,NA,NA,NA,NA,NA,NA,NA,NA,NA,NA,NA,NA,NA,NA,NA,NA,NA,NA,NA,NA,NA,NA
1997,"Colorado State","Western Athletic",13,NA,NA,NA,NA,NA,NA,NA,NA,NA,NA,NA,NA,NA,NA,NA,NA,NA,NA,NA,NA,NA,NA,NA,NA,NA,NA,NA,NA
1997,"Duke","ACC",11,NA,NA,NA,NA,NA,NA,NA,NA,NA,NA,NA,NA,NA,NA,NA,NA,NA,NA,NA,NA,NA,NA,NA,NA,NA,NA,NA,NA
1997,"East Carolina","Conference USA",11,NA,NA,NA,NA,NA,NA,NA,NA,NA,NA,NA,NA,NA,NA,NA,NA,NA,NA,NA,NA,NA,NA,NA,NA,NA,NA,NA,NA
1997,"Eastern Michigan","Mid-American",11,NA,NA,NA,NA,NA,NA,NA,NA,NA,NA,NA,NA,NA,NA,NA,NA,NA,NA,NA,NA,NA,NA,NA,NA,NA,NA,NA,NA
1997,"Florida","SEC",12,NA,NA,NA,NA,NA,NA,NA,NA,NA,NA,NA,NA,NA,NA,NA,NA,NA,NA,NA,NA,NA,NA,NA,NA,NA,NA,NA,NA
1997,"Florida State","ACC",12,NA,NA,NA,NA,NA,NA,NA,NA,NA,NA,NA,NA,NA,NA,NA,NA,NA,NA,NA,NA,NA,NA,NA,NA,NA,NA,NA,NA
1997,"Fresno State","Western Athletic",12,NA,NA,NA,NA,NA,NA,NA,NA,NA,NA,NA,NA,NA,NA,NA,NA,NA,NA,NA,NA,NA,NA,NA,NA,NA,NA,NA,NA
1997,"Georgia","SEC",12,NA,NA,NA,NA,NA,NA,NA,NA,NA,NA,NA,NA,NA,NA,NA,NA,NA,NA,NA,NA,NA,NA,NA,NA,NA,NA,NA,NA
1997,"Georgia Tech","ACC",12,NA,NA,NA,NA,NA,NA,NA,NA,NA,NA,NA,NA,NA,NA,NA,NA,NA,NA,NA,NA,NA,NA,NA,NA,NA,NA,NA,NA
1997,"Hawai'i","Western Athletic",12,NA,NA,NA,NA,NA,NA,NA,NA,NA,NA,NA,NA,NA,NA,NA,NA,NA,NA,NA,NA,NA,NA,NA,NA,NA,NA,NA,NA
1997,"Houston","Conference USA",11,NA,NA,NA,NA,NA,NA,NA,NA,NA,NA,NA,NA,NA,NA,NA,NA,NA,NA,NA,NA,NA,NA,NA,NA,NA,NA,NA,NA
1997,"Idaho","Big West",11,NA,NA,NA,NA,NA,NA,NA,NA,NA,NA,NA,NA,NA,NA,NA,NA,NA,NA,NA,NA,NA,NA,NA,NA,NA,NA,NA,NA
1997,"Illinois","Big Ten",11,NA,NA,NA,NA,NA,NA,NA,NA,NA,NA,NA,NA,NA,NA,NA,NA,NA,NA,NA,NA,NA,NA,NA,NA,NA,NA,NA,NA
1997,"Indiana","Big Ten",11,NA,NA,NA,NA,NA,NA,NA,NA,NA,NA,NA,NA,NA,NA,NA,NA,NA,NA,NA,NA,NA,NA,NA,NA,NA,NA,NA,NA
1997,"Iowa","Big Ten",12,NA,NA,NA,NA,NA,NA,NA,NA,NA,NA,NA,NA,NA,NA,NA,NA,NA,NA,NA,NA,NA,NA,NA,NA,NA,NA,NA,NA
1997,"Iowa State","Big 12",11,NA,NA,NA,NA,NA,NA,NA,NA,NA,NA,NA,NA,NA,NA,NA,NA,NA,NA,NA,NA,NA,NA,NA,NA,NA,NA,NA,NA
1997,"Kansas","Big 12",11,NA,NA,NA,NA,NA,NA,NA,NA,NA,NA,NA,NA,NA,NA,NA,NA,NA,NA,NA,NA,NA,NA,NA,NA,NA,NA,NA,NA
1997,"Kansas State","Big 12",12,NA,NA,NA,NA,NA,NA,NA,NA,NA,NA,NA,NA,NA,NA,NA,NA,NA,NA,NA,NA,NA,NA,NA,NA,NA,NA,NA,NA
1997,"Kent State","Mid-American",11,NA,NA,NA,NA,NA,NA,NA,NA,NA,NA,NA,NA,NA,NA,NA,NA,NA,NA,NA,NA,NA,NA,NA,NA,NA,NA,NA,NA
1997,"Kentucky","SEC",11,NA,NA,NA,NA,NA,NA,NA,NA,NA,NA,NA,NA,NA,NA,NA,NA,NA,NA,NA,NA,NA,NA,NA,NA,NA,NA,NA,NA
1997,"Louisiana","FBS Independents",11,NA,NA,NA,NA,NA,NA,NA,NA,NA,NA,NA,NA,NA,NA,NA,NA,NA,NA,NA,NA,NA,NA,NA,NA,NA,NA,NA,NA
1997,"Louisiana Tech","FBS Independents",11,NA,NA,NA,NA,NA,NA,NA,NA,NA,NA,NA,NA,NA,NA,NA,NA,NA,NA,NA,NA,NA,NA,NA,NA,NA,NA,NA,NA
1997,"Louisville","Conference USA",11,NA,NA,NA,NA,NA,NA,NA,NA,NA,NA,NA,NA,NA,NA,NA,NA,NA,NA,NA,NA,NA,NA,NA,NA,NA,NA,NA,NA
1997,"LSU","SEC",12,NA,NA,NA,NA,NA,NA,NA,NA,NA,NA,NA,NA,NA,NA,NA,NA,NA,NA,NA,NA,NA,NA,NA,NA,NA,NA,NA,NA
1997,"Marshall","Mid-American",13,NA,NA,NA,NA,NA,NA,NA,NA,NA,NA,NA,NA,NA,NA,NA,NA,NA,NA,NA,NA,NA,NA,NA,NA,NA,NA,NA,NA
1997,"Maryland","ACC",11,NA,NA,NA,NA,NA,NA,NA,NA,NA,NA,NA,NA,NA,NA,NA,NA,NA,NA,NA,NA,NA,NA,NA,NA,NA,NA,NA,NA
1997,"Memphis","Conference USA",11,NA,NA,NA,NA,NA,NA,NA,NA,NA,NA,NA,NA,NA,NA,NA,NA,NA,NA,NA,NA,NA,NA,NA,NA,NA,NA,NA,NA
1997,"Miami","Big East",11,NA,NA,NA,NA,NA,NA,NA,NA,NA,NA,NA,NA,NA,NA,NA,NA,NA,NA,NA,NA,NA,NA,NA,NA,NA,NA,NA,NA
1997,"Miami (OH)","Mid-American",11,NA,NA,NA,NA,NA,NA,NA,NA,NA,NA,NA,NA,NA,NA,NA,NA,NA,NA,NA,NA,NA,NA,NA,NA,NA,NA,NA,NA
1997,"Michigan","Big Ten",12,NA,NA,NA,NA,NA,NA,NA,NA,NA,NA,NA,NA,NA,NA,NA,NA,NA,NA,NA,NA,NA,NA,NA,NA,NA,NA,NA,NA
1997,"Michigan State","Big Ten",12,NA,NA,NA,NA,NA,NA,NA,NA,NA,NA,NA,NA,NA,NA,NA,NA,NA,NA,NA,NA,NA,NA,NA,NA,NA,NA,NA,NA
1997,"Minnesota","Big Ten",12,NA,NA,NA,NA,NA,NA,NA,NA,NA,NA,NA,NA,NA,NA,NA,NA,NA,NA,NA,NA,NA,NA,NA,NA,NA,NA,NA,NA
1997,"Mississippi State","SEC",11,NA,NA,NA,NA,NA,NA,NA,NA,NA,NA,NA,NA,NA,NA,NA,NA,NA,NA,NA,NA,NA,NA,NA,NA,NA,NA,NA,NA
1997,"Missouri","Big 12",12,NA,NA,NA,NA,NA,NA,NA,NA,NA,NA,NA,NA,NA,NA,NA,NA,NA,NA,NA,NA,NA,NA,NA,NA,NA,NA,NA,NA
1997,"Navy","FBS Independents",11,NA,NA,NA,NA,NA,NA,NA,NA,NA,NA,NA,NA,NA,NA,NA,NA,NA,NA,NA,NA,NA,NA,NA,NA,NA,NA,NA,NA
1997,"NC State","ACC",11,NA,NA,NA,NA,NA,NA,NA,NA,NA,NA,NA,NA,NA,NA,NA,NA,NA,NA,NA,NA,NA,NA,NA,NA,NA,NA,NA,NA
1997,"Nebraska","Big 12",13,NA,NA,NA,NA,NA,NA,NA,NA,NA,NA,NA,NA,NA,NA,NA,NA,NA,NA,NA,NA,NA,NA,NA,NA,NA,NA,NA,NA
1997,"Nevada","Big West",11,NA,NA,NA,NA,NA,NA,NA,NA,NA,NA,NA,NA,NA,NA,NA,NA,NA,NA,NA,NA,NA,NA,NA,NA,NA,NA,NA,NA
1997,"New Mexico","Western Athletic",13,NA,NA,NA,NA,NA,NA,NA,NA,NA,NA,NA,NA,NA,NA,NA,NA,NA,NA,NA,NA,NA,NA,NA,NA,NA,NA,NA,NA
1997,"New Mexico State","Big West",11,NA,NA,NA,NA,NA,NA,NA,NA,NA,NA,NA,NA,NA,NA,NA,NA,NA,NA,NA,NA,NA,NA,NA,NA,NA,NA,NA,NA
1997,"North Carolina","ACC",12,NA,NA,NA,NA,NA,NA,NA,NA,NA,NA,NA,NA,NA,NA,NA,NA,NA,NA,NA,NA,NA,NA,NA,NA,NA,NA,NA,NA
1997,"Northern Illinois","Mid-American",11,NA,NA,NA,NA,NA,NA,NA,NA,NA,NA,NA,NA,NA,NA,NA,NA,NA,NA,NA,NA,NA,NA,NA,NA,NA,NA,NA,NA
1997,"North Texas","Big West",11,NA,NA,NA,NA,NA,NA,NA,NA,NA,NA,NA,NA,NA,NA,NA,NA,NA,NA,NA,NA,NA,NA,NA,NA,NA,NA,NA,NA
1997,"Northwestern","Big Ten",12,NA,NA,NA,NA,NA,NA,NA,NA,NA,NA,NA,NA,NA,NA,NA,NA,NA,NA,NA,NA,NA,NA,NA,NA,NA,NA,NA,NA
1997,"Notre Dame","FBS Independents",13,NA,NA,NA,NA,NA,NA,NA,NA,NA,NA,NA,NA,NA,NA,NA,NA,NA,NA,NA,NA,NA,NA,NA,NA,NA,NA,NA,NA
1997,"Ohio","Mid-American",11,NA,NA,NA,NA,NA,NA,NA,NA,NA,NA,NA,NA,NA,NA,NA,NA,NA,NA,NA,NA,NA,NA,NA,NA,NA,NA,NA,NA
1997,"Ohio State","Big Ten",13,NA,NA,NA,NA,NA,NA,NA,NA,NA,NA,NA,NA,NA,NA,NA,NA,NA,NA,NA,NA,NA,NA,NA,NA,NA,NA,NA,NA
1997,"Oklahoma","Big 12",12,NA,NA,NA,NA,NA,NA,NA,NA,NA,NA,NA,NA,NA,NA,NA,NA,NA,NA,NA,NA,NA,NA,NA,NA,NA,NA,NA,NA
1997,"Oklahoma State","Big 12",12,NA,NA,NA,NA,NA,NA,NA,NA,NA,NA,NA,NA,NA,NA,NA,NA,NA,NA,NA,NA,NA,NA,NA,NA,NA,NA,NA,NA
1997,"Ole Miss","SEC",12,NA,NA,NA,NA,NA,NA,NA,NA,NA,NA,NA,NA,NA,NA,NA,NA,NA,NA,NA,NA,NA,NA,NA,NA,NA,NA,NA,NA
1997,"Oregon","Pac-10",12,NA,NA,NA,NA,NA,NA,NA,NA,NA,NA,NA,NA,NA,NA,NA,NA,NA,NA,NA,NA,NA,NA,NA,NA,NA,NA,NA,NA
1997,"Oregon State","Pac-10",11,NA,NA,NA,NA,NA,NA,NA,NA,NA,NA,NA,NA,NA,NA,NA,NA,NA,NA,NA,NA,NA,NA,NA,NA,NA,NA,NA,NA
1997,"Penn State","Big Ten",12,NA,NA,NA,NA,NA,NA,NA,NA,NA,NA,NA,NA,NA,NA,NA,NA,NA,NA,NA,NA,NA,NA,NA,NA,NA,NA,NA,NA
1997,"Pittsburgh","Big East",12,NA,NA,NA,NA,NA,NA,NA,NA,NA,NA,NA,NA,NA,NA,NA,NA,NA,NA,NA,NA,NA,NA,NA,NA,NA,NA,NA,NA
1997,"Purdue","Big Ten",12,NA,NA,NA,NA,NA,NA,NA,NA,NA,NA,NA,NA,NA,NA,NA,NA,NA,NA,NA,NA,NA,NA,NA,NA,NA,NA,NA,NA
1997,"Rice","Western Athletic",11,NA,NA,NA,NA,NA,NA,NA,NA,NA,NA,NA,NA,NA,NA,NA,NA,NA,NA,NA,NA,NA,NA,NA,NA,NA,NA,NA,NA
1997,"Rutgers","Big East",11,NA,NA,NA,NA,NA,NA,NA,NA,NA,NA,NA,NA,NA,NA,NA,NA,NA,NA,NA,NA,NA,NA,NA,NA,NA,NA,NA,NA
1997,"San Diego State","Western Athletic",12,NA,NA,NA,NA,NA,NA,NA,NA,NA,NA,NA,NA,NA,NA,NA,NA,NA,NA,NA,NA,NA,NA,NA,NA,NA,NA,NA,NA
1997,"San José State","Western Athletic",11,NA,NA,NA,NA,NA,NA,NA,NA,NA,NA,NA,NA,NA,NA,NA,NA,NA,NA,NA,NA,NA,NA,NA,NA,NA,NA,NA,NA
1997,"SMU","Western Athletic",11,NA,NA,NA,NA,NA,NA,NA,NA,NA,NA,NA,NA,NA,NA,NA,NA,NA,NA,NA,NA,NA,NA,NA,NA,NA,NA,NA,NA
1997,"South Carolina","SEC",11,NA,NA,NA,NA,NA,NA,NA,NA,NA,NA,NA,NA,NA,NA,NA,NA,NA,NA,NA,NA,NA,NA,NA,NA,NA,NA,NA,NA
1997,"Southern Miss","Conference USA",12,NA,NA,NA,NA,NA,NA,NA,NA,NA,NA,NA,NA,NA,NA,NA,NA,NA,NA,NA,NA,NA,NA,NA,NA,NA,NA,NA,NA
1997,"Stanford","Pac-10",11,NA,NA,NA,NA,NA,NA,NA,NA,NA,NA,NA,NA,NA,NA,NA,NA,NA,NA,NA,NA,NA,NA,NA,NA,NA,NA,NA,NA
1997,"Syracuse","Big East",13,NA,NA,NA,NA,NA,NA,NA,NA,NA,NA,NA,NA,NA,NA,NA,NA,NA,NA,NA,NA,NA,NA,NA,NA,NA,NA,NA,NA
1997,"TCU","Western Athletic",11,NA,NA,NA,NA,NA,NA,NA,NA,NA,NA,NA,NA,NA,NA,NA,NA,NA,NA,NA,NA,NA,NA,NA,NA,NA,NA,NA,NA
1997,"Temple","Big East",11,NA,NA,NA,NA,NA,NA,NA,NA,NA,NA,NA,NA,NA,NA,NA,NA,NA,NA,NA,NA,NA,NA,NA,NA,NA,NA,NA,NA
1997,"Tennessee","SEC",13,NA,NA,NA,NA,NA,NA,NA,NA,NA,NA,NA,NA,NA,NA,NA,NA,NA,NA,NA,NA,NA,NA,NA,NA,NA,NA,NA,NA
1997,"Texas","Big 12",11,NA,NA,NA,NA,NA,NA,NA,NA,NA,NA,NA,NA,NA,NA,NA,NA,NA,NA,NA,NA,NA,NA,NA,NA,NA,NA,NA,NA
1997,"Texas A&M","Big 12",13,NA,NA,NA,NA,NA,NA,NA,NA,NA,NA,NA,NA,NA,NA,NA,NA,NA,NA,NA,NA,NA,NA,NA,NA,NA,NA,NA,NA
1997,"Texas Tech","Big 12",11,NA,NA,NA,NA,NA,NA,NA,NA,NA,NA,NA,NA,NA,NA,NA,NA,NA,NA,NA,NA,NA,NA,NA,NA,NA,NA,NA,NA
1997,"Toledo","Mid-American",12,NA,NA,NA,NA,NA,NA,NA,NA,NA,NA,NA,NA,NA,NA,NA,NA,NA,NA,NA,NA,NA,NA,NA,NA,NA,NA,NA,NA
1997,"Tulane","Conference USA",11,NA,NA,NA,NA,NA,NA,NA,NA,NA,NA,NA,NA,NA,NA,NA,NA,NA,NA,NA,NA,NA,NA,NA,NA,NA,NA,NA,NA
1997,"Tulsa","Western Athletic",11,NA,NA,NA,NA,NA,NA,NA,NA,NA,NA,NA,NA,NA,NA,NA,NA,NA,NA,NA,NA,NA,NA,NA,NA,NA,NA,NA,NA
1997,"UAB","FBS Independents",11,NA,NA,NA,NA,NA,NA,NA,NA,NA,NA,NA,NA,NA,NA,NA,NA,NA,NA,NA,NA,NA,NA,NA,NA,NA,NA,NA,NA
1997,"UCF","FBS Independents",11,NA,NA,NA,NA,NA,NA,NA,NA,NA,NA,NA,NA,NA,NA,NA,NA,NA,NA,NA,NA,NA,NA,NA,NA,NA,NA,NA,NA
1997,"UCLA","Pac-10",12,NA,NA,NA,NA,NA,NA,NA,NA,NA,NA,NA,NA,NA,NA,NA,NA,NA,NA,NA,NA,NA,NA,NA,NA,NA,NA,NA,NA
1997,"UL Monroe","FBS Independents",12,NA,NA,NA,NA,NA,NA,NA,NA,NA,NA,NA,NA,NA,NA,NA,NA,NA,NA,NA,NA,NA,NA,NA,NA,NA,NA,NA,NA
1997,"UNLV","Western Athletic",11,NA,NA,NA,NA,NA,NA,NA,NA,NA,NA,NA,NA,NA,NA,NA,NA,NA,NA,NA,NA,NA,NA,NA,NA,NA,NA,NA,NA
1997,"USC","Pac-10",11,NA,NA,NA,NA,NA,NA,NA,NA,NA,NA,NA,NA,NA,NA,NA,NA,NA,NA,NA,NA,NA,NA,NA,NA,NA,NA,NA,NA
1997,"Utah State","Big West",12,NA,NA,NA,NA,NA,NA,NA,NA,NA,NA,NA,NA,NA,NA,NA,NA,NA,NA,NA,NA,NA,NA,NA,NA,NA,NA,NA,NA
1997,"UTEP","Western Athletic",11,NA,NA,NA,NA,NA,NA,NA,NA,NA,NA,NA,NA,NA,NA,NA,NA,NA,NA,NA,NA,NA,NA,NA,NA,NA,NA,NA,NA
1997,"Vanderbilt","SEC",11,NA,NA,NA,NA,NA,NA,NA,NA,NA,NA,NA,NA,NA,NA,NA,NA,NA,NA,NA,NA,NA,NA,NA,NA,NA,NA,NA,NA
1997,"Virginia","ACC",11,NA,NA,NA,NA,NA,NA,NA,NA,NA,NA,NA,NA,NA,NA,NA,NA,NA,NA,NA,NA,NA,NA,NA,NA,NA,NA,NA,NA
1997,"Virginia Tech","Big East",12,NA,NA,NA,NA,NA,NA,NA,NA,NA,NA,NA,NA,NA,NA,NA,NA,NA,NA,NA,NA,NA,NA,NA,NA,NA,NA,NA,NA
1997,"Wake Forest","ACC",11,NA,NA,NA,NA,NA,NA,NA,NA,NA,NA,NA,NA,NA,NA,NA,NA,NA,NA,NA,NA,NA,NA,NA,NA,NA,NA,NA,NA
1997,"Washington","Pac-10",12,NA,NA,NA,NA,NA,NA,NA,NA,NA,NA,NA,NA,NA,NA,NA,NA,NA,NA,NA,NA,NA,NA,NA,NA,NA,NA,NA,NA
1997,"Washington State","Pac-10",12,NA,NA,NA,NA,NA,NA,NA,NA,NA,NA,NA,NA,NA,NA,NA,NA,NA,NA,NA,NA,NA,NA,NA,NA,NA,NA,NA,NA
1997,"Western Michigan","Mid-American",11,NA,NA,NA,NA,NA,NA,NA,NA,NA,NA,NA,NA,NA,NA,NA,NA,NA,NA,NA,NA,NA,NA,NA,NA,NA,NA,NA,NA
1997,"West Virginia","Big East",12,NA,NA,NA,NA,NA,NA,NA,NA,NA,NA,NA,NA,NA,NA,NA,NA,NA,NA,NA,NA,NA,NA,NA,NA,NA,NA,NA,NA
1997,"Wisconsin","Big Ten",13,NA,NA,NA,NA,NA,NA,NA,NA,NA,NA,NA,NA,NA,NA,NA,NA,NA,NA,NA,NA,NA,NA,NA,NA,NA,NA,NA,NA
1997,"Wyoming","Western Athletic",13,NA,NA,NA,NA,NA,NA,NA,NA,NA,NA,NA,NA,NA,NA,NA,NA,NA,NA,NA,NA,NA,NA,NA,NA,NA,NA,NA,NA
1998,"Air Force","Western Athletic",13,NA,NA,NA,NA,NA,NA,NA,NA,NA,NA,NA,NA,NA,NA,NA,NA,NA,NA,NA,NA,NA,NA,NA,NA,NA,NA,NA,NA
1998,"Akron","Mid-American",11,NA,NA,NA,NA,NA,NA,NA,NA,NA,NA,NA,NA,NA,NA,NA,NA,NA,NA,NA,NA,NA,NA,NA,NA,NA,NA,NA,NA
1998,"Alabama","SEC",12,NA,NA,NA,NA,NA,NA,NA,NA,NA,NA,NA,NA,NA,NA,NA,NA,NA,NA,NA,NA,NA,NA,NA,NA,NA,NA,NA,NA
1998,"Arizona","Pac-10",13,NA,NA,NA,NA,NA,NA,NA,NA,NA,NA,NA,NA,NA,NA,NA,NA,NA,NA,NA,NA,NA,NA,NA,NA,NA,NA,NA,NA
1998,"Arizona State","Pac-10",11,NA,NA,NA,NA,NA,NA,NA,NA,NA,NA,NA,NA,NA,NA,NA,NA,NA,NA,NA,NA,NA,NA,NA,NA,NA,NA,NA,NA
1998,"Arkansas","SEC",12,NA,NA,NA,NA,NA,NA,NA,NA,NA,NA,NA,NA,NA,NA,NA,NA,NA,NA,NA,NA,NA,NA,NA,NA,NA,NA,NA,NA
1998,"Arkansas State","FBS Independents",12,NA,NA,NA,NA,NA,NA,NA,NA,NA,NA,NA,NA,NA,NA,NA,NA,NA,NA,NA,NA,NA,NA,NA,NA,NA,NA,NA,NA
1998,"Army","Conference USA",11,NA,NA,NA,NA,NA,NA,NA,NA,NA,NA,NA,NA,NA,NA,NA,NA,NA,NA,NA,NA,NA,NA,NA,NA,NA,NA,NA,NA
1998,"Auburn","SEC",11,NA,NA,NA,NA,NA,NA,NA,NA,NA,NA,NA,NA,NA,NA,NA,NA,NA,NA,NA,NA,NA,NA,NA,NA,NA,NA,NA,NA
1998,"Ball State","Mid-American",11,NA,NA,NA,NA,NA,NA,NA,NA,NA,NA,NA,NA,NA,NA,NA,NA,NA,NA,NA,NA,NA,NA,NA,NA,NA,NA,NA,NA
1998,"Baylor","Big 12",11,NA,NA,NA,NA,NA,NA,NA,NA,NA,NA,NA,NA,NA,NA,NA,NA,NA,NA,NA,NA,NA,NA,NA,NA,NA,NA,NA,NA
1998,"Boise State","Big West",11,NA,NA,NA,NA,NA,NA,NA,NA,NA,NA,NA,NA,NA,NA,NA,NA,NA,NA,NA,NA,NA,NA,NA,NA,NA,NA,NA,NA
1998,"Boston College","Big East",11,NA,NA,NA,NA,NA,NA,NA,NA,NA,NA,NA,NA,NA,NA,NA,NA,NA,NA,NA,NA,NA,NA,NA,NA,NA,NA,NA,NA
1998,"Bowling Green","Mid-American",11,NA,NA,NA,NA,NA,NA,NA,NA,NA,NA,NA,NA,NA,NA,NA,NA,NA,NA,NA,NA,NA,NA,NA,NA,NA,NA,NA,NA
1998,"BYU","Western Athletic",14,NA,NA,NA,NA,NA,NA,NA,NA,NA,NA,NA,NA,NA,NA,NA,NA,NA,NA,NA,NA,NA,NA,NA,NA,NA,NA,NA,NA
1998,"California","Pac-10",11,NA,NA,NA,NA,NA,NA,NA,NA,NA,NA,NA,NA,NA,NA,NA,NA,NA,NA,NA,NA,NA,NA,NA,NA,NA,NA,NA,NA
1998,"Central Michigan","Mid-American",11,NA,NA,NA,NA,NA,NA,NA,NA,NA,NA,NA,NA,NA,NA,NA,NA,NA,NA,NA,NA,NA,NA,NA,NA,NA,NA,NA,NA
1998,"Cincinnati","Conference USA",11,NA,NA,NA,NA,NA,NA,NA,NA,NA,NA,NA,NA,NA,NA,NA,NA,NA,NA,NA,NA,NA,NA,NA,NA,NA,NA,NA,NA
1998,"Clemson","ACC",11,NA,NA,NA,NA,NA,NA,NA,NA,NA,NA,NA,NA,NA,NA,NA,NA,NA,NA,NA,NA,NA,NA,NA,NA,NA,NA,NA,NA
1998,"Colorado","Big 12",12,NA,NA,NA,NA,NA,NA,NA,NA,NA,NA,NA,NA,NA,NA,NA,NA,NA,NA,NA,NA,NA,NA,NA,NA,NA,NA,NA,NA
1998,"Colorado State","Western Athletic",12,NA,NA,NA,NA,NA,NA,NA,NA,NA,NA,NA,NA,NA,NA,NA,NA,NA,NA,NA,NA,NA,NA,NA,NA,NA,NA,NA,NA
1998,"Duke","ACC",11,NA,NA,NA,NA,NA,NA,NA,NA,NA,NA,NA,NA,NA,NA,NA,NA,NA,NA,NA,NA,NA,NA,NA,NA,NA,NA,NA,NA
1998,"East Carolina","Conference USA",11,NA,NA,NA,NA,NA,NA,NA,NA,NA,NA,NA,NA,NA,NA,NA,NA,NA,NA,NA,NA,NA,NA,NA,NA,NA,NA,NA,NA
1998,"Eastern Michigan","Mid-American",11,NA,NA,NA,NA,NA,NA,NA,NA,NA,NA,NA,NA,NA,NA,NA,NA,NA,NA,NA,NA,NA,NA,NA,NA,NA,NA,NA,NA
1998,"Florida","SEC",12,NA,NA,NA,NA,NA,NA,NA,NA,NA,NA,NA,NA,NA,NA,NA,NA,NA,NA,NA,NA,NA,NA,NA,NA,NA,NA,NA,NA
1998,"Florida State","ACC",13,NA,NA,NA,NA,NA,NA,NA,NA,NA,NA,NA,NA,NA,NA,NA,NA,NA,NA,NA,NA,NA,NA,NA,NA,NA,NA,NA,NA
1998,"Fresno State","Western Athletic",11,NA,NA,NA,NA,NA,NA,NA,NA,NA,NA,NA,NA,NA,NA,NA,NA,NA,NA,NA,NA,NA,NA,NA,NA,NA,NA,NA,NA
1998,"Georgia","SEC",12,NA,NA,NA,NA,NA,NA,NA,NA,NA,NA,NA,NA,NA,NA,NA,NA,NA,NA,NA,NA,NA,NA,NA,NA,NA,NA,NA,NA
1998,"Georgia Tech","ACC",12,NA,NA,NA,NA,NA,NA,NA,NA,NA,NA,NA,NA,NA,NA,NA,NA,NA,NA,NA,NA,NA,NA,NA,NA,NA,NA,NA,NA
1998,"Hawai'i","Western Athletic",12,NA,NA,NA,NA,NA,NA,NA,NA,NA,NA,NA,NA,NA,NA,NA,NA,NA,NA,NA,NA,NA,NA,NA,NA,NA,NA,NA,NA
1998,"Houston","Conference USA",11,NA,NA,NA,NA,NA,NA,NA,NA,NA,NA,NA,NA,NA,NA,NA,NA,NA,NA,NA,NA,NA,NA,NA,NA,NA,NA,NA,NA
1998,"Idaho","Big West",12,NA,NA,NA,NA,NA,NA,NA,NA,NA,NA,NA,NA,NA,NA,NA,NA,NA,NA,NA,NA,NA,NA,NA,NA,NA,NA,NA,NA
1998,"Illinois","Big Ten",11,NA,NA,NA,NA,NA,NA,NA,NA,NA,NA,NA,NA,NA,NA,NA,NA,NA,NA,NA,NA,NA,NA,NA,NA,NA,NA,NA,NA
1998,"Indiana","Big Ten",11,NA,NA,NA,NA,NA,NA,NA,NA,NA,NA,NA,NA,NA,NA,NA,NA,NA,NA,NA,NA,NA,NA,NA,NA,NA,NA,NA,NA
1998,"Iowa","Big Ten",11,NA,NA,NA,NA,NA,NA,NA,NA,NA,NA,NA,NA,NA,NA,NA,NA,NA,NA,NA,NA,NA,NA,NA,NA,NA,NA,NA,NA
1998,"Iowa State","Big 12",11,NA,NA,NA,NA,NA,NA,NA,NA,NA,NA,NA,NA,NA,NA,NA,NA,NA,NA,NA,NA,NA,NA,NA,NA,NA,NA,NA,NA
1998,"Kansas","Big 12",11,NA,NA,NA,NA,NA,NA,NA,NA,NA,NA,NA,NA,NA,NA,NA,NA,NA,NA,NA,NA,NA,NA,NA,NA,NA,NA,NA,NA
1998,"Kansas State","Big 12",13,NA,NA,NA,NA,NA,NA,NA,NA,NA,NA,NA,NA,NA,NA,NA,NA,NA,NA,NA,NA,NA,NA,NA,NA,NA,NA,NA,NA
1998,"Kent State","Mid-American",11,NA,NA,NA,NA,NA,NA,NA,NA,NA,NA,NA,NA,NA,NA,NA,NA,NA,NA,NA,NA,NA,NA,NA,NA,NA,NA,NA,NA
1998,"Kentucky","SEC",12,NA,NA,NA,NA,NA,NA,NA,NA,NA,NA,NA,NA,NA,NA,NA,NA,NA,NA,NA,NA,NA,NA,NA,NA,NA,NA,NA,NA
1998,"Louisiana","FBS Independents",11,NA,NA,NA,NA,NA,NA,NA,NA,NA,NA,NA,NA,NA,NA,NA,NA,NA,NA,NA,NA,NA,NA,NA,NA,NA,NA,NA,NA
1998,"Louisiana Tech","FBS Independents",12,NA,NA,NA,NA,NA,NA,NA,NA,NA,NA,NA,NA,NA,NA,NA,NA,NA,NA,NA,NA,NA,NA,NA,NA,NA,NA,NA,NA
1998,"Louisville","Conference USA",12,NA,NA,NA,NA,NA,NA,NA,NA,NA,NA,NA,NA,NA,NA,NA,NA,NA,NA,NA,NA,NA,NA,NA,NA,NA,NA,NA,NA
1998,"LSU","SEC",11,NA,NA,NA,NA,NA,NA,NA,NA,NA,NA,NA,NA,NA,NA,NA,NA,NA,NA,NA,NA,NA,NA,NA,NA,NA,NA,NA,NA
1998,"Marshall","Mid-American",13,NA,NA,NA,NA,NA,NA,NA,NA,NA,NA,NA,NA,NA,NA,NA,NA,NA,NA,NA,NA,NA,NA,NA,NA,NA,NA,NA,NA
1998,"Maryland","ACC",11,NA,NA,NA,NA,NA,NA,NA,NA,NA,NA,NA,NA,NA,NA,NA,NA,NA,NA,NA,NA,NA,NA,NA,NA,NA,NA,NA,NA
1998,"Memphis","Conference USA",11,NA,NA,NA,NA,NA,NA,NA,NA,NA,NA,NA,NA,NA,NA,NA,NA,NA,NA,NA,NA,NA,NA,NA,NA,NA,NA,NA,NA
1998,"Miami","Big East",12,NA,NA,NA,NA,NA,NA,NA,NA,NA,NA,NA,NA,NA,NA,NA,NA,NA,NA,NA,NA,NA,NA,NA,NA,NA,NA,NA,NA
1998,"Miami (OH)","Mid-American",11,NA,NA,NA,NA,NA,NA,NA,NA,NA,NA,NA,NA,NA,NA,NA,NA,NA,NA,NA,NA,NA,NA,NA,NA,NA,NA,NA,NA
1998,"Michigan","Big Ten",13,NA,NA,NA,NA,NA,NA,NA,NA,NA,NA,NA,NA,NA,NA,NA,NA,NA,NA,NA,NA,NA,NA,NA,NA,NA,NA,NA,NA
1998,"Michigan State","Big Ten",12,NA,NA,NA,NA,NA,NA,NA,NA,NA,NA,NA,NA,NA,NA,NA,NA,NA,NA,NA,NA,NA,NA,NA,NA,NA,NA,NA,NA
1998,"Minnesota","Big Ten",11,NA,NA,NA,NA,NA,NA,NA,NA,NA,NA,NA,NA,NA,NA,NA,NA,NA,NA,NA,NA,NA,NA,NA,NA,NA,NA,NA,NA
1998,"Mississippi State","SEC",13,NA,NA,NA,NA,NA,NA,NA,NA,NA,NA,NA,NA,NA,NA,NA,NA,NA,NA,NA,NA,NA,NA,NA,NA,NA,NA,NA,NA
1998,"Missouri","Big 12",12,NA,NA,NA,NA,NA,NA,NA,NA,NA,NA,NA,NA,NA,NA,NA,NA,NA,NA,NA,NA,NA,NA,NA,NA,NA,NA,NA,NA
1998,"Navy","FBS Independents",11,NA,NA,NA,NA,NA,NA,NA,NA,NA,NA,NA,NA,NA,NA,NA,NA,NA,NA,NA,NA,NA,NA,NA,NA,NA,NA,NA,NA
1998,"NC State","ACC",12,NA,NA,NA,NA,NA,NA,NA,NA,NA,NA,NA,NA,NA,NA,NA,NA,NA,NA,NA,NA,NA,NA,NA,NA,NA,NA,NA,NA
1998,"Nebraska","Big 12",13,NA,NA,NA,NA,NA,NA,NA,NA,NA,NA,NA,NA,NA,NA,NA,NA,NA,NA,NA,NA,NA,NA,NA,NA,NA,NA,NA,NA
1998,"Nevada","Big West",11,NA,NA,NA,NA,NA,NA,NA,NA,NA,NA,NA,NA,NA,NA,NA,NA,NA,NA,NA,NA,NA,NA,NA,NA,NA,NA,NA,NA
1998,"New Mexico","Western Athletic",12,NA,NA,NA,NA,NA,NA,NA,NA,NA,NA,NA,NA,NA,NA,NA,NA,NA,NA,NA,NA,NA,NA,NA,NA,NA,NA,NA,NA
1998,"New Mexico State","Big West",11,NA,NA,NA,NA,NA,NA,NA,NA,NA,NA,NA,NA,NA,NA,NA,NA,NA,NA,NA,NA,NA,NA,NA,NA,NA,NA,NA,NA
1998,"North Carolina","ACC",12,NA,NA,NA,NA,NA,NA,NA,NA,NA,NA,NA,NA,NA,NA,NA,NA,NA,NA,NA,NA,NA,NA,NA,NA,NA,NA,NA,NA
1998,"Northern Illinois","Mid-American",11,NA,NA,NA,NA,NA,NA,NA,NA,NA,NA,NA,NA,NA,NA,NA,NA,NA,NA,NA,NA,NA,NA,NA,NA,NA,NA,NA,NA
1998,"North Texas","Big West",11,NA,NA,NA,NA,NA,NA,NA,NA,NA,NA,NA,NA,NA,NA,NA,NA,NA,NA,NA,NA,NA,NA,NA,NA,NA,NA,NA,NA
1998,"Northwestern","Big Ten",12,NA,NA,NA,NA,NA,NA,NA,NA,NA,NA,NA,NA,NA,NA,NA,NA,NA,NA,NA,NA,NA,NA,NA,NA,NA,NA,NA,NA
1998,"Notre Dame","FBS Independents",12,NA,NA,NA,NA,NA,NA,NA,NA,NA,NA,NA,NA,NA,NA,NA,NA,NA,NA,NA,NA,NA,NA,NA,NA,NA,NA,NA,NA
1998,"Ohio","Mid-American",11,NA,NA,NA,NA,NA,NA,NA,NA,NA,NA,NA,NA,NA,NA,NA,NA,NA,NA,NA,NA,NA,NA,NA,NA,NA,NA,NA,NA
1998,"Ohio State","Big Ten",12,NA,NA,NA,NA,NA,NA,NA,NA,NA,NA,NA,NA,NA,NA,NA,NA,NA,NA,NA,NA,NA,NA,NA,NA,NA,NA,NA,NA
1998,"Oklahoma","Big 12",11,NA,NA,NA,NA,NA,NA,NA,NA,NA,NA,NA,NA,NA,NA,NA,NA,NA,NA,NA,NA,NA,NA,NA,NA,NA,NA,NA,NA
1998,"Oklahoma State","Big 12",11,NA,NA,NA,NA,NA,NA,NA,NA,NA,NA,NA,NA,NA,NA,NA,NA,NA,NA,NA,NA,NA,NA,NA,NA,NA,NA,NA,NA
1998,"Ole Miss","SEC",12,NA,NA,NA,NA,NA,NA,NA,NA,NA,NA,NA,NA,NA,NA,NA,NA,NA,NA,NA,NA,NA,NA,NA,NA,NA,NA,NA,NA
1998,"Oregon","Pac-10",12,NA,NA,NA,NA,NA,NA,NA,NA,NA,NA,NA,NA,NA,NA,NA,NA,NA,NA,NA,NA,NA,NA,NA,NA,NA,NA,NA,NA
1998,"Oregon State","Pac-10",11,NA,NA,NA,NA,NA,NA,NA,NA,NA,NA,NA,NA,NA,NA,NA,NA,NA,NA,NA,NA,NA,NA,NA,NA,NA,NA,NA,NA
1998,"Penn State","Big Ten",12,NA,NA,NA,NA,NA,NA,NA,NA,NA,NA,NA,NA,NA,NA,NA,NA,NA,NA,NA,NA,NA,NA,NA,NA,NA,NA,NA,NA
1998,"Pittsburgh","Big East",11,NA,NA,NA,NA,NA,NA,NA,NA,NA,NA,NA,NA,NA,NA,NA,NA,NA,NA,NA,NA,NA,NA,NA,NA,NA,NA,NA,NA
1998,"Purdue","Big Ten",13,NA,NA,NA,NA,NA,NA,NA,NA,NA,NA,NA,NA,NA,NA,NA,NA,NA,NA,NA,NA,NA,NA,NA,NA,NA,NA,NA,NA
1998,"Rice","Western Athletic",11,NA,NA,NA,NA,NA,NA,NA,NA,NA,NA,NA,NA,NA,NA,NA,NA,NA,NA,NA,NA,NA,NA,NA,NA,NA,NA,NA,NA
1998,"Rutgers","Big East",11,NA,NA,NA,NA,NA,NA,NA,NA,NA,NA,NA,NA,NA,NA,NA,NA,NA,NA,NA,NA,NA,NA,NA,NA,NA,NA,NA,NA
1998,"San Diego State","Western Athletic",12,NA,NA,NA,NA,NA,NA,NA,NA,NA,NA,NA,NA,NA,NA,NA,NA,NA,NA,NA,NA,NA,NA,NA,NA,NA,NA,NA,NA
1998,"San José State","Western Athletic",12,NA,NA,NA,NA,NA,NA,NA,NA,NA,NA,NA,NA,NA,NA,NA,NA,NA,NA,NA,NA,NA,NA,NA,NA,NA,NA,NA,NA
1998,"SMU","Western Athletic",12,NA,NA,NA,NA,NA,NA,NA,NA,NA,NA,NA,NA,NA,NA,NA,NA,NA,NA,NA,NA,NA,NA,NA,NA,NA,NA,NA,NA
1998,"South Carolina","SEC",11,NA,NA,NA,NA,NA,NA,NA,NA,NA,NA,NA,NA,NA,NA,NA,NA,NA,NA,NA,NA,NA,NA,NA,NA,NA,NA,NA,NA
1998,"Southern Miss","Conference USA",12,NA,NA,NA,NA,NA,NA,NA,NA,NA,NA,NA,NA,NA,NA,NA,NA,NA,NA,NA,NA,NA,NA,NA,NA,NA,NA,NA,NA
1998,"Stanford","Pac-10",11,NA,NA,NA,NA,NA,NA,NA,NA,NA,NA,NA,NA,NA,NA,NA,NA,NA,NA,NA,NA,NA,NA,NA,NA,NA,NA,NA,NA
1998,"Syracuse","Big East",12,NA,NA,NA,NA,NA,NA,NA,NA,NA,NA,NA,NA,NA,NA,NA,NA,NA,NA,NA,NA,NA,NA,NA,NA,NA,NA,NA,NA
1998,"TCU","Western Athletic",12,NA,NA,NA,NA,NA,NA,NA,NA,NA,NA,NA,NA,NA,NA,NA,NA,NA,NA,NA,NA,NA,NA,NA,NA,NA,NA,NA,NA
1998,"Temple","Big East",11,NA,NA,NA,NA,NA,NA,NA,NA,NA,NA,NA,NA,NA,NA,NA,NA,NA,NA,NA,NA,NA,NA,NA,NA,NA,NA,NA,NA
1998,"Tennessee","SEC",13,NA,NA,NA,NA,NA,NA,NA,NA,NA,NA,NA,NA,NA,NA,NA,NA,NA,NA,NA,NA,NA,NA,NA,NA,NA,NA,NA,NA
1998,"Texas","Big 12",12,NA,NA,NA,NA,NA,NA,NA,NA,NA,NA,NA,NA,NA,NA,NA,NA,NA,NA,NA,NA,NA,NA,NA,NA,NA,NA,NA,NA
1998,"Texas A&M","Big 12",14,NA,NA,NA,NA,NA,NA,NA,NA,NA,NA,NA,NA,NA,NA,NA,NA,NA,NA,NA,NA,NA,NA,NA,NA,NA,NA,NA,NA
1998,"Texas Tech","Big 12",12,NA,NA,NA,NA,NA,NA,NA,NA,NA,NA,NA,NA,NA,NA,NA,NA,NA,NA,NA,NA,NA,NA,NA,NA,NA,NA,NA,NA
1998,"Toledo","Mid-American",12,NA,NA,NA,NA,NA,NA,NA,NA,NA,NA,NA,NA,NA,NA,NA,NA,NA,NA,NA,NA,NA,NA,NA,NA,NA,NA,NA,NA
1998,"Tulane","Conference USA",12,NA,NA,NA,NA,NA,NA,NA,NA,NA,NA,NA,NA,NA,NA,NA,NA,NA,NA,NA,NA,NA,NA,NA,NA,NA,NA,NA,NA
1998,"Tulsa","Western Athletic",11,NA,NA,NA,NA,NA,NA,NA,NA,NA,NA,NA,NA,NA,NA,NA,NA,NA,NA,NA,NA,NA,NA,NA,NA,NA,NA,NA,NA
1998,"UAB","FBS Independents",11,NA,NA,NA,NA,NA,NA,NA,NA,NA,NA,NA,NA,NA,NA,NA,NA,NA,NA,NA,NA,NA,NA,NA,NA,NA,NA,NA,NA
1998,"UCF","FBS Independents",11,NA,NA,NA,NA,NA,NA,NA,NA,NA,NA,NA,NA,NA,NA,NA,NA,NA,NA,NA,NA,NA,NA,NA,NA,NA,NA,NA,NA
1998,"UCLA","Pac-10",12,NA,NA,NA,NA,NA,NA,NA,NA,NA,NA,NA,NA,NA,NA,NA,NA,NA,NA,NA,NA,NA,NA,NA,NA,NA,NA,NA,NA
1998,"UL Monroe","FBS Independents",11,NA,NA,NA,NA,NA,NA,NA,NA,NA,NA,NA,NA,NA,NA,NA,NA,NA,NA,NA,NA,NA,NA,NA,NA,NA,NA,NA,NA
1998,"UNLV","Western Athletic",11,NA,NA,NA,NA,NA,NA,NA,NA,NA,NA,NA,NA,NA,NA,NA,NA,NA,NA,NA,NA,NA,NA,NA,NA,NA,NA,NA,NA
1998,"USC","Pac-10",13,NA,NA,NA,NA,NA,NA,NA,NA,NA,NA,NA,NA,NA,NA,NA,NA,NA,NA,NA,NA,NA,NA,NA,NA,NA,NA,NA,NA
1998,"Utah","Western Athletic",11,NA,NA,NA,NA,NA,NA,NA,NA,NA,NA,NA,NA,NA,NA,NA,NA,NA,NA,NA,NA,NA,NA,NA,NA,NA,NA,NA,NA
1998,"Utah State","Big West",11,NA,NA,NA,NA,NA,NA,NA,NA,NA,NA,NA,NA,NA,NA,NA,NA,NA,NA,NA,NA,NA,NA,NA,NA,NA,NA,NA,NA
1998,"UTEP","Western Athletic",11,NA,NA,NA,NA,NA,NA,NA,NA,NA,NA,NA,NA,NA,NA,NA,NA,NA,NA,NA,NA,NA,NA,NA,NA,NA,NA,NA,NA
1998,"Vanderbilt","SEC",11,NA,NA,NA,NA,NA,NA,NA,NA,NA,NA,NA,NA,NA,NA,NA,NA,NA,NA,NA,NA,NA,NA,NA,NA,NA,NA,NA,NA
1998,"Virginia","ACC",12,NA,NA,NA,NA,NA,NA,NA,NA,NA,NA,NA,NA,NA,NA,NA,NA,NA,NA,NA,NA,NA,NA,NA,NA,NA,NA,NA,NA
1998,"Virginia Tech","Big East",12,NA,NA,NA,NA,NA,NA,NA,NA,NA,NA,NA,NA,NA,NA,NA,NA,NA,NA,NA,NA,NA,NA,NA,NA,NA,NA,NA,NA
1998,"Wake Forest","ACC",11,NA,NA,NA,NA,NA,NA,NA,NA,NA,NA,NA,NA,NA,NA,NA,NA,NA,NA,NA,NA,NA,NA,NA,NA,NA,NA,NA,NA
1998,"Washington","Pac-10",12,NA,NA,NA,NA,NA,NA,NA,NA,NA,NA,NA,NA,NA,NA,NA,NA,NA,NA,NA,NA,NA,NA,NA,NA,NA,NA,NA,NA
1998,"Washington State","Pac-10",11,NA,NA,NA,NA,NA,NA,NA,NA,NA,NA,NA,NA,NA,NA,NA,NA,NA,NA,NA,NA,NA,NA,NA,NA,NA,NA,NA,NA
1998,"Western Michigan","Mid-American",11,NA,NA,NA,NA,NA,NA,NA,NA,NA,NA,NA,NA,NA,NA,NA,NA,NA,NA,NA,NA,NA,NA,NA,NA,NA,NA,NA,NA
1998,"West Virginia","Big East",12,NA,NA,NA,NA,NA,NA,NA,NA,NA,NA,NA,NA,NA,NA,NA,NA,NA,NA,NA,NA,NA,NA,NA,NA,NA,NA,NA,NA
1998,"Wisconsin","Big Ten",12,NA,NA,NA,NA,NA,NA,NA,NA,NA,NA,NA,NA,NA,NA,NA,NA,NA,NA,NA,NA,NA,NA,NA,NA,NA,NA,NA,NA
1998,"Wyoming","Western Athletic",11,NA,NA,NA,NA,NA,NA,NA,NA,NA,NA,NA,NA,NA,NA,NA,NA,NA,NA,NA,NA,NA,NA,NA,NA,NA,NA,NA,NA
1999,"Air Force","Mountain West",11,NA,NA,NA,NA,NA,NA,NA,NA,NA,NA,NA,NA,NA,NA,NA,NA,NA,NA,NA,NA,NA,NA,NA,NA,NA,NA,NA,NA
1999,"Akron","Mid-American",11,NA,NA,NA,NA,NA,NA,NA,NA,NA,NA,NA,NA,NA,NA,NA,NA,NA,NA,NA,NA,NA,NA,NA,NA,NA,NA,NA,NA
1999,"Alabama","SEC",13,NA,NA,NA,NA,NA,NA,NA,NA,NA,NA,NA,NA,NA,NA,NA,NA,NA,NA,NA,NA,NA,NA,NA,NA,NA,NA,NA,NA
1999,"Arizona","Pac-10",12,NA,NA,NA,NA,NA,NA,NA,NA,NA,NA,NA,NA,NA,NA,NA,NA,NA,NA,NA,NA,NA,NA,NA,NA,NA,NA,NA,NA
1999,"Arizona State","Pac-10",12,NA,NA,NA,NA,NA,NA,NA,NA,NA,NA,NA,NA,NA,NA,NA,NA,NA,NA,NA,NA,NA,NA,NA,NA,NA,NA,NA,NA
1999,"Arkansas","SEC",12,NA,NA,NA,NA,NA,NA,NA,NA,NA,NA,NA,NA,NA,NA,NA,NA,NA,NA,NA,NA,NA,NA,NA,NA,NA,NA,NA,NA
1999,"Arkansas State","Big West",11,NA,NA,NA,NA,NA,NA,NA,NA,NA,NA,NA,NA,NA,NA,NA,NA,NA,NA,NA,NA,NA,NA,NA,NA,NA,NA,NA,NA
1999,"Army","Conference USA",11,NA,NA,NA,NA,NA,NA,NA,NA,NA,NA,NA,NA,NA,NA,NA,NA,NA,NA,NA,NA,NA,NA,NA,NA,NA,NA,NA,NA
1999,"Auburn","SEC",11,NA,NA,NA,NA,NA,NA,NA,NA,NA,NA,NA,NA,NA,NA,NA,NA,NA,NA,NA,NA,NA,NA,NA,NA,NA,NA,NA,NA
1999,"Ball State","Mid-American",11,NA,NA,NA,NA,NA,NA,NA,NA,NA,NA,NA,NA,NA,NA,NA,NA,NA,NA,NA,NA,NA,NA,NA,NA,NA,NA,NA,NA
1999,"Baylor","Big 12",11,NA,NA,NA,NA,NA,NA,NA,NA,NA,NA,NA,NA,NA,NA,NA,NA,NA,NA,NA,NA,NA,NA,NA,NA,NA,NA,NA,NA
1999,"Boise State","Big West",13,NA,NA,NA,NA,NA,NA,NA,NA,NA,NA,NA,NA,NA,NA,NA,NA,NA,NA,NA,NA,NA,NA,NA,NA,NA,NA,NA,NA
1999,"Boston College","Big East",12,NA,NA,NA,NA,NA,NA,NA,NA,NA,NA,NA,NA,NA,NA,NA,NA,NA,NA,NA,NA,NA,NA,NA,NA,NA,NA,NA,NA
1999,"Bowling Green","Mid-American",11,NA,NA,NA,NA,NA,NA,NA,NA,NA,NA,NA,NA,NA,NA,NA,NA,NA,NA,NA,NA,NA,NA,NA,NA,NA,NA,NA,NA
1999,"Buffalo","Mid-American",11,NA,NA,NA,NA,NA,NA,NA,NA,NA,NA,NA,NA,NA,NA,NA,NA,NA,NA,NA,NA,NA,NA,NA,NA,NA,NA,NA,NA
1999,"BYU","Mountain West",12,NA,NA,NA,NA,NA,NA,NA,NA,NA,NA,NA,NA,NA,NA,NA,NA,NA,NA,NA,NA,NA,NA,NA,NA,NA,NA,NA,NA
1999,"California","Pac-10",11,NA,NA,NA,NA,NA,NA,NA,NA,NA,NA,NA,NA,NA,NA,NA,NA,NA,NA,NA,NA,NA,NA,NA,NA,NA,NA,NA,NA
1999,"Central Michigan","Mid-American",11,NA,NA,NA,NA,NA,NA,NA,NA,NA,NA,NA,NA,NA,NA,NA,NA,NA,NA,NA,NA,NA,NA,NA,NA,NA,NA,NA,NA
1999,"Cincinnati","Conference USA",11,NA,NA,NA,NA,NA,NA,NA,NA,NA,NA,NA,NA,NA,NA,NA,NA,NA,NA,NA,NA,NA,NA,NA,NA,NA,NA,NA,NA
1999,"Clemson","ACC",12,NA,NA,NA,NA,NA,NA,NA,NA,NA,NA,NA,NA,NA,NA,NA,NA,NA,NA,NA,NA,NA,NA,NA,NA,NA,NA,NA,NA
1999,"Colorado","Big 12",12,NA,NA,NA,NA,NA,NA,NA,NA,NA,NA,NA,NA,NA,NA,NA,NA,NA,NA,NA,NA,NA,NA,NA,NA,NA,NA,NA,NA
1999,"Colorado State","Mountain West",12,NA,NA,NA,NA,NA,NA,NA,NA,NA,NA,NA,NA,NA,NA,NA,NA,NA,NA,NA,NA,NA,NA,NA,NA,NA,NA,NA,NA
1999,"Duke","ACC",11,NA,NA,NA,NA,NA,NA,NA,NA,NA,NA,NA,NA,NA,NA,NA,NA,NA,NA,NA,NA,NA,NA,NA,NA,NA,NA,NA,NA
1999,"East Carolina","Conference USA",12,NA,NA,NA,NA,NA,NA,NA,NA,NA,NA,NA,NA,NA,NA,NA,NA,NA,NA,NA,NA,NA,NA,NA,NA,NA,NA,NA,NA
1999,"Eastern Michigan","Mid-American",11,NA,NA,NA,NA,NA,NA,NA,NA,NA,NA,NA,NA,NA,NA,NA,NA,NA,NA,NA,NA,NA,NA,NA,NA,NA,NA,NA,NA
1999,"Florida","SEC",13,NA,NA,NA,NA,NA,NA,NA,NA,NA,NA,NA,NA,NA,NA,NA,NA,NA,NA,NA,NA,NA,NA,NA,NA,NA,NA,NA,NA
1999,"Florida State","ACC",12,NA,NA,NA,NA,NA,NA,NA,NA,NA,NA,NA,NA,NA,NA,NA,NA,NA,NA,NA,NA,NA,NA,NA,NA,NA,NA,NA,NA
1999,"Fresno State","Western Athletic",13,NA,NA,NA,NA,NA,NA,NA,NA,NA,NA,NA,NA,NA,NA,NA,NA,NA,NA,NA,NA,NA,NA,NA,NA,NA,NA,NA,NA
1999,"Georgia","SEC",12,NA,NA,NA,NA,NA,NA,NA,NA,NA,NA,NA,NA,NA,NA,NA,NA,NA,NA,NA,NA,NA,NA,NA,NA,NA,NA,NA,NA
1999,"Georgia Tech","ACC",12,NA,NA,NA,NA,NA,NA,NA,NA,NA,NA,NA,NA,NA,NA,NA,NA,NA,NA,NA,NA,NA,NA,NA,NA,NA,NA,NA,NA
1999,"Hawai'i","Western Athletic",13,NA,NA,NA,NA,NA,NA,NA,NA,NA,NA,NA,NA,NA,NA,NA,NA,NA,NA,NA,NA,NA,NA,NA,NA,NA,NA,NA,NA
1999,"Houston","Conference USA",11,NA,NA,NA,NA,NA,NA,NA,NA,NA,NA,NA,NA,NA,NA,NA,NA,NA,NA,NA,NA,NA,NA,NA,NA,NA,NA,NA,NA
1999,"Idaho","Big West",11,NA,NA,NA,NA,NA,NA,NA,NA,NA,NA,NA,NA,NA,NA,NA,NA,NA,NA,NA,NA,NA,NA,NA,NA,NA,NA,NA,NA
1999,"Illinois","Big Ten",12,NA,NA,NA,NA,NA,NA,NA,NA,NA,NA,NA,NA,NA,NA,NA,NA,NA,NA,NA,NA,NA,NA,NA,NA,NA,NA,NA,NA
1999,"Indiana","Big Ten",11,NA,NA,NA,NA,NA,NA,NA,NA,NA,NA,NA,NA,NA,NA,NA,NA,NA,NA,NA,NA,NA,NA,NA,NA,NA,NA,NA,NA
1999,"Iowa","Big Ten",11,NA,NA,NA,NA,NA,NA,NA,NA,NA,NA,NA,NA,NA,NA,NA,NA,NA,NA,NA,NA,NA,NA,NA,NA,NA,NA,NA,NA
1999,"Iowa State","Big 12",11,NA,NA,NA,NA,NA,NA,NA,NA,NA,NA,NA,NA,NA,NA,NA,NA,NA,NA,NA,NA,NA,NA,NA,NA,NA,NA,NA,NA
1999,"Kansas","Big 12",12,NA,NA,NA,NA,NA,NA,NA,NA,NA,NA,NA,NA,NA,NA,NA,NA,NA,NA,NA,NA,NA,NA,NA,NA,NA,NA,NA,NA
1999,"Kansas State","Big 12",12,NA,NA,NA,NA,NA,NA,NA,NA,NA,NA,NA,NA,NA,NA,NA,NA,NA,NA,NA,NA,NA,NA,NA,NA,NA,NA,NA,NA
1999,"Kent State","Mid-American",11,NA,NA,NA,NA,NA,NA,NA,NA,NA,NA,NA,NA,NA,NA,NA,NA,NA,NA,NA,NA,NA,NA,NA,NA,NA,NA,NA,NA
1999,"Kentucky","SEC",12,NA,NA,NA,NA,NA,NA,NA,NA,NA,NA,NA,NA,NA,NA,NA,NA,NA,NA,NA,NA,NA,NA,NA,NA,NA,NA,NA,NA
1999,"Louisiana","FBS Independents",11,NA,NA,NA,NA,NA,NA,NA,NA,NA,NA,NA,NA,NA,NA,NA,NA,NA,NA,NA,NA,NA,NA,NA,NA,NA,NA,NA,NA
1999,"Louisiana Tech","FBS Independents",11,NA,NA,NA,NA,NA,NA,NA,NA,NA,NA,NA,NA,NA,NA,NA,NA,NA,NA,NA,NA,NA,NA,NA,NA,NA,NA,NA,NA
1999,"Louisville","Conference USA",12,NA,NA,NA,NA,NA,NA,NA,NA,NA,NA,NA,NA,NA,NA,NA,NA,NA,NA,NA,NA,NA,NA,NA,NA,NA,NA,NA,NA
1999,"LSU","SEC",11,NA,NA,NA,NA,NA,NA,NA,NA,NA,NA,NA,NA,NA,NA,NA,NA,NA,NA,NA,NA,NA,NA,NA,NA,NA,NA,NA,NA
1999,"Marshall","Mid-American",13,NA,NA,NA,NA,NA,NA,NA,NA,NA,NA,NA,NA,NA,NA,NA,NA,NA,NA,NA,NA,NA,NA,NA,NA,NA,NA,NA,NA
1999,"Maryland","ACC",11,NA,NA,NA,NA,NA,NA,NA,NA,NA,NA,NA,NA,NA,NA,NA,NA,NA,NA,NA,NA,NA,NA,NA,NA,NA,NA,NA,NA
1999,"Memphis","Conference USA",11,NA,NA,NA,NA,NA,NA,NA,NA,NA,NA,NA,NA,NA,NA,NA,NA,NA,NA,NA,NA,NA,NA,NA,NA,NA,NA,NA,NA
1999,"Miami","Big East",13,NA,NA,NA,NA,NA,NA,NA,NA,NA,NA,NA,NA,NA,NA,NA,NA,NA,NA,NA,NA,NA,NA,NA,NA,NA,NA,NA,NA
1999,"Miami (OH)","Mid-American",11,NA,NA,NA,NA,NA,NA,NA,NA,NA,NA,NA,NA,NA,NA,NA,NA,NA,NA,NA,NA,NA,NA,NA,NA,NA,NA,NA,NA
1999,"Michigan","Big Ten",12,NA,NA,NA,NA,NA,NA,NA,NA,NA,NA,NA,NA,NA,NA,NA,NA,NA,NA,NA,NA,NA,NA,NA,NA,NA,NA,NA,NA
1999,"Michigan State","Big Ten",12,NA,NA,NA,NA,NA,NA,NA,NA,NA,NA,NA,NA,NA,NA,NA,NA,NA,NA,NA,NA,NA,NA,NA,NA,NA,NA,NA,NA
1999,"Middle Tennessee","FBS Independents",11,NA,NA,NA,NA,NA,NA,NA,NA,NA,NA,NA,NA,NA,NA,NA,NA,NA,NA,NA,NA,NA,NA,NA,NA,NA,NA,NA,NA
1999,"Minnesota","Big Ten",12,NA,NA,NA,NA,NA,NA,NA,NA,NA,NA,NA,NA,NA,NA,NA,NA,NA,NA,NA,NA,NA,NA,NA,NA,NA,NA,NA,NA
1999,"Mississippi State","SEC",12,NA,NA,NA,NA,NA,NA,NA,NA,NA,NA,NA,NA,NA,NA,NA,NA,NA,NA,NA,NA,NA,NA,NA,NA,NA,NA,NA,NA
1999,"Missouri","Big 12",11,NA,NA,NA,NA,NA,NA,NA,NA,NA,NA,NA,NA,NA,NA,NA,NA,NA,NA,NA,NA,NA,NA,NA,NA,NA,NA,NA,NA
1999,"Navy","FBS Independents",12,NA,NA,NA,NA,NA,NA,NA,NA,NA,NA,NA,NA,NA,NA,NA,NA,NA,NA,NA,NA,NA,NA,NA,NA,NA,NA,NA,NA
1999,"NC State","ACC",12,NA,NA,NA,NA,NA,NA,NA,NA,NA,NA,NA,NA,NA,NA,NA,NA,NA,NA,NA,NA,NA,NA,NA,NA,NA,NA,NA,NA
1999,"Nebraska","Big 12",13,NA,NA,NA,NA,NA,NA,NA,NA,NA,NA,NA,NA,NA,NA,NA,NA,NA,NA,NA,NA,NA,NA,NA,NA,NA,NA,NA,NA
1999,"Nevada","Big West",11,NA,NA,NA,NA,NA,NA,NA,NA,NA,NA,NA,NA,NA,NA,NA,NA,NA,NA,NA,NA,NA,NA,NA,NA,NA,NA,NA,NA
1999,"New Mexico","Mountain West",11,NA,NA,NA,NA,NA,NA,NA,NA,NA,NA,NA,NA,NA,NA,NA,NA,NA,NA,NA,NA,NA,NA,NA,NA,NA,NA,NA,NA
1999,"New Mexico State","Big West",11,NA,NA,NA,NA,NA,NA,NA,NA,NA,NA,NA,NA,NA,NA,NA,NA,NA,NA,NA,NA,NA,NA,NA,NA,NA,NA,NA,NA
1999,"North Carolina","ACC",11,NA,NA,NA,NA,NA,NA,NA,NA,NA,NA,NA,NA,NA,NA,NA,NA,NA,NA,NA,NA,NA,NA,NA,NA,NA,NA,NA,NA
1999,"Northern Illinois","Mid-American",11,NA,NA,NA,NA,NA,NA,NA,NA,NA,NA,NA,NA,NA,NA,NA,NA,NA,NA,NA,NA,NA,NA,NA,NA,NA,NA,NA,NA
1999,"North Texas","Big West",11,NA,NA,NA,NA,NA,NA,NA,NA,NA,NA,NA,NA,NA,NA,NA,NA,NA,NA,NA,NA,NA,NA,NA,NA,NA,NA,NA,NA
1999,"Northwestern","Big Ten",11,NA,NA,NA,NA,NA,NA,NA,NA,NA,NA,NA,NA,NA,NA,NA,NA,NA,NA,NA,NA,NA,NA,NA,NA,NA,NA,NA,NA
1999,"Notre Dame","FBS Independents",12,NA,NA,NA,NA,NA,NA,NA,NA,NA,NA,NA,NA,NA,NA,NA,NA,NA,NA,NA,NA,NA,NA,NA,NA,NA,NA,NA,NA
1999,"Ohio","Mid-American",11,NA,NA,NA,NA,NA,NA,NA,NA,NA,NA,NA,NA,NA,NA,NA,NA,NA,NA,NA,NA,NA,NA,NA,NA,NA,NA,NA,NA
1999,"Ohio State","Big Ten",12,NA,NA,NA,NA,NA,NA,NA,NA,NA,NA,NA,NA,NA,NA,NA,NA,NA,NA,NA,NA,NA,NA,NA,NA,NA,NA,NA,NA
1999,"Oklahoma","Big 12",12,NA,NA,NA,NA,NA,NA,NA,NA,NA,NA,NA,NA,NA,NA,NA,NA,NA,NA,NA,NA,NA,NA,NA,NA,NA,NA,NA,NA
1999,"Oklahoma State","Big 12",11,NA,NA,NA,NA,NA,NA,NA,NA,NA,NA,NA,NA,NA,NA,NA,NA,NA,NA,NA,NA,NA,NA,NA,NA,NA,NA,NA,NA
1999,"Ole Miss","SEC",12,NA,NA,NA,NA,NA,NA,NA,NA,NA,NA,NA,NA,NA,NA,NA,NA,NA,NA,NA,NA,NA,NA,NA,NA,NA,NA,NA,NA
1999,"Oregon","Pac-10",12,NA,NA,NA,NA,NA,NA,NA,NA,NA,NA,NA,NA,NA,NA,NA,NA,NA,NA,NA,NA,NA,NA,NA,NA,NA,NA,NA,NA
1999,"Oregon State","Pac-10",12,NA,NA,NA,NA,NA,NA,NA,NA,NA,NA,NA,NA,NA,NA,NA,NA,NA,NA,NA,NA,NA,NA,NA,NA,NA,NA,NA,NA
1999,"Penn State","Big Ten",13,NA,NA,NA,NA,NA,NA,NA,NA,NA,NA,NA,NA,NA,NA,NA,NA,NA,NA,NA,NA,NA,NA,NA,NA,NA,NA,NA,NA
1999,"Pittsburgh","Big East",11,NA,NA,NA,NA,NA,NA,NA,NA,NA,NA,NA,NA,NA,NA,NA,NA,NA,NA,NA,NA,NA,NA,NA,NA,NA,NA,NA,NA
1999,"Purdue","Big Ten",12,NA,NA,NA,NA,NA,NA,NA,NA,NA,NA,NA,NA,NA,NA,NA,NA,NA,NA,NA,NA,NA,NA,NA,NA,NA,NA,NA,NA
1999,"Rice","Western Athletic",11,NA,NA,NA,NA,NA,NA,NA,NA,NA,NA,NA,NA,NA,NA,NA,NA,NA,NA,NA,NA,NA,NA,NA,NA,NA,NA,NA,NA
1999,"Rutgers","Big East",11,NA,NA,NA,NA,NA,NA,NA,NA,NA,NA,NA,NA,NA,NA,NA,NA,NA,NA,NA,NA,NA,NA,NA,NA,NA,NA,NA,NA
1999,"San Diego State","Mountain West",11,NA,NA,NA,NA,NA,NA,NA,NA,NA,NA,NA,NA,NA,NA,NA,NA,NA,NA,NA,NA,NA,NA,NA,NA,NA,NA,NA,NA
1999,"San José State","Western Athletic",10,NA,NA,NA,NA,NA,NA,NA,NA,NA,NA,NA,NA,NA,NA,NA,NA,NA,NA,NA,NA,NA,NA,NA,NA,NA,NA,NA,NA
1999,"SMU","Western Athletic",10,NA,NA,NA,NA,NA,NA,NA,NA,NA,NA,NA,NA,NA,NA,NA,NA,NA,NA,NA,NA,NA,NA,NA,NA,NA,NA,NA,NA
1999,"South Carolina","SEC",11,NA,NA,NA,NA,NA,NA,NA,NA,NA,NA,NA,NA,NA,NA,NA,NA,NA,NA,NA,NA,NA,NA,NA,NA,NA,NA,NA,NA
1999,"Southern Miss","Conference USA",12,NA,NA,NA,NA,NA,NA,NA,NA,NA,NA,NA,NA,NA,NA,NA,NA,NA,NA,NA,NA,NA,NA,NA,NA,NA,NA,NA,NA
1999,"Stanford","Pac-10",12,NA,NA,NA,NA,NA,NA,NA,NA,NA,NA,NA,NA,NA,NA,NA,NA,NA,NA,NA,NA,NA,NA,NA,NA,NA,NA,NA,NA
1999,"Syracuse","Big East",12,NA,NA,NA,NA,NA,NA,NA,NA,NA,NA,NA,NA,NA,NA,NA,NA,NA,NA,NA,NA,NA,NA,NA,NA,NA,NA,NA,NA
1999,"TCU","Western Athletic",12,NA,NA,NA,NA,NA,NA,NA,NA,NA,NA,NA,NA,NA,NA,NA,NA,NA,NA,NA,NA,NA,NA,NA,NA,NA,NA,NA,NA
1999,"Temple","Big East",11,NA,NA,NA,NA,NA,NA,NA,NA,NA,NA,NA,NA,NA,NA,NA,NA,NA,NA,NA,NA,NA,NA,NA,NA,NA,NA,NA,NA
1999,"Tennessee","SEC",12,NA,NA,NA,NA,NA,NA,NA,NA,NA,NA,NA,NA,NA,NA,NA,NA,NA,NA,NA,NA,NA,NA,NA,NA,NA,NA,NA,NA
1999,"Texas","Big 12",14,NA,NA,NA,NA,NA,NA,NA,NA,NA,NA,NA,NA,NA,NA,NA,NA,NA,NA,NA,NA,NA,NA,NA,NA,NA,NA,NA,NA
1999,"Texas A&M","Big 12",12,NA,NA,NA,NA,NA,NA,NA,NA,NA,NA,NA,NA,NA,NA,NA,NA,NA,NA,NA,NA,NA,NA,NA,NA,NA,NA,NA,NA
1999,"Texas Tech","Big 12",11,NA,NA,NA,NA,NA,NA,NA,NA,NA,NA,NA,NA,NA,NA,NA,NA,NA,NA,NA,NA,NA,NA,NA,NA,NA,NA,NA,NA
1999,"Toledo","Mid-American",11,NA,NA,NA,NA,NA,NA,NA,NA,NA,NA,NA,NA,NA,NA,NA,NA,NA,NA,NA,NA,NA,NA,NA,NA,NA,NA,NA,NA
1999,"Tulane","Conference USA",11,NA,NA,NA,NA,NA,NA,NA,NA,NA,NA,NA,NA,NA,NA,NA,NA,NA,NA,NA,NA,NA,NA,NA,NA,NA,NA,NA,NA
1999,"Tulsa","Western Athletic",11,NA,NA,NA,NA,NA,NA,NA,NA,NA,NA,NA,NA,NA,NA,NA,NA,NA,NA,NA,NA,NA,NA,NA,NA,NA,NA,NA,NA
1999,"UAB","Conference USA",11,NA,NA,NA,NA,NA,NA,NA,NA,NA,NA,NA,NA,NA,NA,NA,NA,NA,NA,NA,NA,NA,NA,NA,NA,NA,NA,NA,NA
1999,"UCF","FBS Independents",11,NA,NA,NA,NA,NA,NA,NA,NA,NA,NA,NA,NA,NA,NA,NA,NA,NA,NA,NA,NA,NA,NA,NA,NA,NA,NA,NA,NA
1999,"UCLA","Pac-10",11,NA,NA,NA,NA,NA,NA,NA,NA,NA,NA,NA,NA,NA,NA,NA,NA,NA,NA,NA,NA,NA,NA,NA,NA,NA,NA,NA,NA
1999,"UL Monroe","FBS Independents",11,NA,NA,NA,NA,NA,NA,NA,NA,NA,NA,NA,NA,NA,NA,NA,NA,NA,NA,NA,NA,NA,NA,NA,NA,NA,NA,NA,NA
1999,"UNLV","Mountain West",11,NA,NA,NA,NA,NA,NA,NA,NA,NA,NA,NA,NA,NA,NA,NA,NA,NA,NA,NA,NA,NA,NA,NA,NA,NA,NA,NA,NA
1999,"USC","Pac-10",12,NA,NA,NA,NA,NA,NA,NA,NA,NA,NA,NA,NA,NA,NA,NA,NA,NA,NA,NA,NA,NA,NA,NA,NA,NA,NA,NA,NA
1999,"Utah","Mountain West",12,NA,NA,NA,NA,NA,NA,NA,NA,NA,NA,NA,NA,NA,NA,NA,NA,NA,NA,NA,NA,NA,NA,NA,NA,NA,NA,NA,NA
1999,"Utah State","Big West",11,NA,NA,NA,NA,NA,NA,NA,NA,NA,NA,NA,NA,NA,NA,NA,NA,NA,NA,NA,NA,NA,NA,NA,NA,NA,NA,NA,NA
1999,"UTEP","Western Athletic",12,NA,NA,NA,NA,NA,NA,NA,NA,NA,NA,NA,NA,NA,NA,NA,NA,NA,NA,NA,NA,NA,NA,NA,NA,NA,NA,NA,NA
1999,"Vanderbilt","SEC",11,NA,NA,NA,NA,NA,NA,NA,NA,NA,NA,NA,NA,NA,NA,NA,NA,NA,NA,NA,NA,NA,NA,NA,NA,NA,NA,NA,NA
1999,"Virginia","ACC",12,NA,NA,NA,NA,NA,NA,NA,NA,NA,NA,NA,NA,NA,NA,NA,NA,NA,NA,NA,NA,NA,NA,NA,NA,NA,NA,NA,NA
1999,"Virginia Tech","Big East",12,NA,NA,NA,NA,NA,NA,NA,NA,NA,NA,NA,NA,NA,NA,NA,NA,NA,NA,NA,NA,NA,NA,NA,NA,NA,NA,NA,NA
1999,"Wake Forest","ACC",12,NA,NA,NA,NA,NA,NA,NA,NA,NA,NA,NA,NA,NA,NA,NA,NA,NA,NA,NA,NA,NA,NA,NA,NA,NA,NA,NA,NA
1999,"Washington","Pac-10",12,NA,NA,NA,NA,NA,NA,NA,NA,NA,NA,NA,NA,NA,NA,NA,NA,NA,NA,NA,NA,NA,NA,NA,NA,NA,NA,NA,NA
1999,"Washington State","Pac-10",12,NA,NA,NA,NA,NA,NA,NA,NA,NA,NA,NA,NA,NA,NA,NA,NA,NA,NA,NA,NA,NA,NA,NA,NA,NA,NA,NA,NA
1999,"Western Michigan","Mid-American",12,NA,NA,NA,NA,NA,NA,NA,NA,NA,NA,NA,NA,NA,NA,NA,NA,NA,NA,NA,NA,NA,NA,NA,NA,NA,NA,NA,NA
1999,"West Virginia","Big East",11,NA,NA,NA,NA,NA,NA,NA,NA,NA,NA,NA,NA,NA,NA,NA,NA,NA,NA,NA,NA,NA,NA,NA,NA,NA,NA,NA,NA
1999,"Wisconsin","Big Ten",12,NA,NA,NA,NA,NA,NA,NA,NA,NA,NA,NA,NA,NA,NA,NA,NA,NA,NA,NA,NA,NA,NA,NA,NA,NA,NA,NA,NA
1999,"Wyoming","Mountain West",11,NA,NA,NA,NA,NA,NA,NA,NA,NA,NA,NA,NA,NA,NA,NA,NA,NA,NA,NA,NA,NA,NA,NA,NA,NA,NA,NA,NA
2000,"Air Force","Mountain West",12,NA,NA,NA,NA,NA,NA,NA,NA,NA,NA,NA,NA,NA,NA,NA,NA,NA,NA,NA,NA,NA,NA,NA,NA,NA,NA,NA,NA
2000,"Akron","Mid-American",11,NA,NA,NA,NA,NA,NA,NA,NA,NA,NA,NA,NA,NA,NA,NA,NA,NA,NA,NA,NA,NA,NA,NA,NA,NA,NA,NA,NA
2000,"Alabama","SEC",11,NA,NA,NA,NA,NA,NA,NA,NA,NA,NA,NA,NA,NA,NA,NA,NA,NA,NA,NA,NA,NA,NA,NA,NA,NA,NA,NA,NA
2000,"Arizona","Pac-10",11,NA,NA,NA,NA,NA,NA,NA,NA,NA,NA,NA,NA,NA,NA,NA,NA,NA,NA,NA,NA,NA,NA,NA,NA,NA,NA,NA,NA
2000,"Arizona State","Pac-10",12,NA,NA,NA,NA,NA,NA,NA,NA,NA,NA,NA,NA,NA,NA,NA,NA,NA,NA,NA,NA,NA,NA,NA,NA,NA,NA,NA,NA
2000,"Arkansas","SEC",12,NA,NA,NA,NA,NA,NA,NA,NA,NA,NA,NA,NA,NA,NA,NA,NA,NA,NA,NA,NA,NA,NA,NA,NA,NA,NA,NA,NA
2000,"Arkansas State","Big West",11,NA,NA,NA,NA,NA,NA,NA,NA,NA,NA,NA,NA,NA,NA,NA,NA,NA,NA,NA,NA,NA,NA,NA,NA,NA,NA,NA,NA
2000,"Army","Conference USA",11,NA,NA,NA,NA,NA,NA,NA,NA,NA,NA,NA,NA,NA,NA,NA,NA,NA,NA,NA,NA,NA,NA,NA,NA,NA,NA,NA,NA
2000,"Auburn","SEC",13,NA,NA,NA,NA,NA,NA,NA,NA,NA,NA,NA,NA,NA,NA,NA,NA,NA,NA,NA,NA,NA,NA,NA,NA,NA,NA,NA,NA
2000,"Ball State","Mid-American",11,NA,NA,NA,NA,NA,NA,NA,NA,NA,NA,NA,NA,NA,NA,NA,NA,NA,NA,NA,NA,NA,NA,NA,NA,NA,NA,NA,NA
2000,"Baylor","Big 12",11,NA,NA,NA,NA,NA,NA,NA,NA,NA,NA,NA,NA,NA,NA,NA,NA,NA,NA,NA,NA,NA,NA,NA,NA,NA,NA,NA,NA
2000,"Boise State","Big West",12,NA,NA,NA,NA,NA,NA,NA,NA,NA,NA,NA,NA,NA,NA,NA,NA,NA,NA,NA,NA,NA,NA,NA,NA,NA,NA,NA,NA
2000,"Boston College","Big East",12,NA,NA,NA,NA,NA,NA,NA,NA,NA,NA,NA,NA,NA,NA,NA,NA,NA,NA,NA,NA,NA,NA,NA,NA,NA,NA,NA,NA
2000,"Bowling Green","Mid-American",11,NA,NA,NA,NA,NA,NA,NA,NA,NA,NA,NA,NA,NA,NA,NA,NA,NA,NA,NA,NA,NA,NA,NA,NA,NA,NA,NA,NA
2000,"Buffalo","Mid-American",11,NA,NA,NA,NA,NA,NA,NA,NA,NA,NA,NA,NA,NA,NA,NA,NA,NA,NA,NA,NA,NA,NA,NA,NA,NA,NA,NA,NA
2000,"BYU","Mountain West",12,NA,NA,NA,NA,NA,NA,NA,NA,NA,NA,NA,NA,NA,NA,NA,NA,NA,NA,NA,NA,NA,NA,NA,NA,NA,NA,NA,NA
2000,"California","Pac-10",11,NA,NA,NA,NA,NA,NA,NA,NA,NA,NA,NA,NA,NA,NA,NA,NA,NA,NA,NA,NA,NA,NA,NA,NA,NA,NA,NA,NA
2000,"Central Michigan","Mid-American",11,NA,NA,NA,NA,NA,NA,NA,NA,NA,NA,NA,NA,NA,NA,NA,NA,NA,NA,NA,NA,NA,NA,NA,NA,NA,NA,NA,NA
2000,"Cincinnati","Conference USA",12,NA,NA,NA,NA,NA,NA,NA,NA,NA,NA,NA,NA,NA,NA,NA,NA,NA,NA,NA,NA,NA,NA,NA,NA,NA,NA,NA,NA
2000,"Clemson","ACC",12,NA,NA,NA,NA,NA,NA,NA,NA,NA,NA,NA,NA,NA,NA,NA,NA,NA,NA,NA,NA,NA,NA,NA,NA,NA,NA,NA,NA
2000,"Colorado","Big 12",11,NA,NA,NA,NA,NA,NA,NA,NA,NA,NA,NA,NA,NA,NA,NA,NA,NA,NA,NA,NA,NA,NA,NA,NA,NA,NA,NA,NA
2000,"Colorado State","Mountain West",12,NA,NA,NA,NA,NA,NA,NA,NA,NA,NA,NA,NA,NA,NA,NA,NA,NA,NA,NA,NA,NA,NA,NA,NA,NA,NA,NA,NA
2000,"Duke","ACC",11,NA,NA,NA,NA,NA,NA,NA,NA,NA,NA,NA,NA,NA,NA,NA,NA,NA,NA,NA,NA,NA,NA,NA,NA,NA,NA,NA,NA
2000,"East Carolina","Conference USA",12,NA,NA,NA,NA,NA,NA,NA,NA,NA,NA,NA,NA,NA,NA,NA,NA,NA,NA,NA,NA,NA,NA,NA,NA,NA,NA,NA,NA
2000,"Eastern Michigan","Mid-American",11,NA,NA,NA,NA,NA,NA,NA,NA,NA,NA,NA,NA,NA,NA,NA,NA,NA,NA,NA,NA,NA,NA,NA,NA,NA,NA,NA,NA
2000,"Florida","SEC",13,NA,NA,NA,NA,NA,NA,NA,NA,NA,NA,NA,NA,NA,NA,NA,NA,NA,NA,NA,NA,NA,NA,NA,NA,NA,NA,NA,NA
2000,"Florida State","ACC",13,NA,NA,NA,NA,NA,NA,NA,NA,NA,NA,NA,NA,NA,NA,NA,NA,NA,NA,NA,NA,NA,NA,NA,NA,NA,NA,NA,NA
2000,"Fresno State","Western Athletic",12,NA,NA,NA,NA,NA,NA,NA,NA,NA,NA,NA,NA,NA,NA,NA,NA,NA,NA,NA,NA,NA,NA,NA,NA,NA,NA,NA,NA
2000,"Georgia","SEC",12,NA,NA,NA,NA,NA,NA,NA,NA,NA,NA,NA,NA,NA,NA,NA,NA,NA,NA,NA,NA,NA,NA,NA,NA,NA,NA,NA,NA
2000,"Georgia Tech","ACC",12,NA,NA,NA,NA,NA,NA,NA,NA,NA,NA,NA,NA,NA,NA,NA,NA,NA,NA,NA,NA,NA,NA,NA,NA,NA,NA,NA,NA
2000,"Hawai'i","Western Athletic",12,NA,NA,NA,NA,NA,NA,NA,NA,NA,NA,NA,NA,NA,NA,NA,NA,NA,NA,NA,NA,NA,NA,NA,NA,NA,NA,NA,NA
2000,"Houston","Conference USA",11,NA,NA,NA,NA,NA,NA,NA,NA,NA,NA,NA,NA,NA,NA,NA,NA,NA,NA,NA,NA,NA,NA,NA,NA,NA,NA,NA,NA
2000,"Idaho","Big West",11,NA,NA,NA,NA,NA,NA,NA,NA,NA,NA,NA,NA,NA,NA,NA,NA,NA,NA,NA,NA,NA,NA,NA,NA,NA,NA,NA,NA
2000,"Illinois","Big Ten",11,NA,NA,NA,NA,NA,NA,NA,NA,NA,NA,NA,NA,NA,NA,NA,NA,NA,NA,NA,NA,NA,NA,NA,NA,NA,NA,NA,NA
2000,"Indiana","Big Ten",11,NA,NA,NA,NA,NA,NA,NA,NA,NA,NA,NA,NA,NA,NA,NA,NA,NA,NA,NA,NA,NA,NA,NA,NA,NA,NA,NA,NA
2000,"Iowa","Big Ten",12,NA,NA,NA,NA,NA,NA,NA,NA,NA,NA,NA,NA,NA,NA,NA,NA,NA,NA,NA,NA,NA,NA,NA,NA,NA,NA,NA,NA
2000,"Iowa State","Big 12",12,NA,NA,NA,NA,NA,NA,NA,NA,NA,NA,NA,NA,NA,NA,NA,NA,NA,NA,NA,NA,NA,NA,NA,NA,NA,NA,NA,NA
2000,"Kansas","Big 12",11,NA,NA,NA,NA,NA,NA,NA,NA,NA,NA,NA,NA,NA,NA,NA,NA,NA,NA,NA,NA,NA,NA,NA,NA,NA,NA,NA,NA
2000,"Kansas State","Big 12",14,NA,NA,NA,NA,NA,NA,NA,NA,NA,NA,NA,NA,NA,NA,NA,NA,NA,NA,NA,NA,NA,NA,NA,NA,NA,NA,NA,NA
2000,"Kent State","Mid-American",11,NA,NA,NA,NA,NA,NA,NA,NA,NA,NA,NA,NA,NA,NA,NA,NA,NA,NA,NA,NA,NA,NA,NA,NA,NA,NA,NA,NA
2000,"Kentucky","SEC",11,NA,NA,NA,NA,NA,NA,NA,NA,NA,NA,NA,NA,NA,NA,NA,NA,NA,NA,NA,NA,NA,NA,NA,NA,NA,NA,NA,NA
2000,"Louisiana","FBS Independents",11,NA,NA,NA,NA,NA,NA,NA,NA,NA,NA,NA,NA,NA,NA,NA,NA,NA,NA,NA,NA,NA,NA,NA,NA,NA,NA,NA,NA
2000,"Louisiana Tech","FBS Independents",12,NA,NA,NA,NA,NA,NA,NA,NA,NA,NA,NA,NA,NA,NA,NA,NA,NA,NA,NA,NA,NA,NA,NA,NA,NA,NA,NA,NA
2000,"Louisville","Conference USA",12,NA,NA,NA,NA,NA,NA,NA,NA,NA,NA,NA,NA,NA,NA,NA,NA,NA,NA,NA,NA,NA,NA,NA,NA,NA,NA,NA,NA
2000,"LSU","SEC",12,NA,NA,NA,NA,NA,NA,NA,NA,NA,NA,NA,NA,NA,NA,NA,NA,NA,NA,NA,NA,NA,NA,NA,NA,NA,NA,NA,NA
2000,"Marshall","Mid-American",13,NA,NA,NA,NA,NA,NA,NA,NA,NA,NA,NA,NA,NA,NA,NA,NA,NA,NA,NA,NA,NA,NA,NA,NA,NA,NA,NA,NA
2000,"Maryland","ACC",11,NA,NA,NA,NA,NA,NA,NA,NA,NA,NA,NA,NA,NA,NA,NA,NA,NA,NA,NA,NA,NA,NA,NA,NA,NA,NA,NA,NA
2000,"Memphis","Conference USA",11,NA,NA,NA,NA,NA,NA,NA,NA,NA,NA,NA,NA,NA,NA,NA,NA,NA,NA,NA,NA,NA,NA,NA,NA,NA,NA,NA,NA
2000,"Miami","Big East",12,NA,NA,NA,NA,NA,NA,NA,NA,NA,NA,NA,NA,NA,NA,NA,NA,NA,NA,NA,NA,NA,NA,NA,NA,NA,NA,NA,NA
2000,"Miami (OH)","Mid-American",11,NA,NA,NA,NA,NA,NA,NA,NA,NA,NA,NA,NA,NA,NA,NA,NA,NA,NA,NA,NA,NA,NA,NA,NA,NA,NA,NA,NA
2000,"Michigan","Big Ten",12,NA,NA,NA,NA,NA,NA,NA,NA,NA,NA,NA,NA,NA,NA,NA,NA,NA,NA,NA,NA,NA,NA,NA,NA,NA,NA,NA,NA
2000,"Michigan State","Big Ten",11,NA,NA,NA,NA,NA,NA,NA,NA,NA,NA,NA,NA,NA,NA,NA,NA,NA,NA,NA,NA,NA,NA,NA,NA,NA,NA,NA,NA
2000,"Middle Tennessee","FBS Independents",11,NA,NA,NA,NA,NA,NA,NA,NA,NA,NA,NA,NA,NA,NA,NA,NA,NA,NA,NA,NA,NA,NA,NA,NA,NA,NA,NA,NA
2000,"Minnesota","Big Ten",12,NA,NA,NA,NA,NA,NA,NA,NA,NA,NA,NA,NA,NA,NA,NA,NA,NA,NA,NA,NA,NA,NA,NA,NA,NA,NA,NA,NA
2000,"Mississippi State","SEC",12,NA,NA,NA,NA,NA,NA,NA,NA,NA,NA,NA,NA,NA,NA,NA,NA,NA,NA,NA,NA,NA,NA,NA,NA,NA,NA,NA,NA
2000,"Missouri","Big 12",11,NA,NA,NA,NA,NA,NA,NA,NA,NA,NA,NA,NA,NA,NA,NA,NA,NA,NA,NA,NA,NA,NA,NA,NA,NA,NA,NA,NA
2000,"Navy","FBS Independents",11,NA,NA,NA,NA,NA,NA,NA,NA,NA,NA,NA,NA,NA,NA,NA,NA,NA,NA,NA,NA,NA,NA,NA,NA,NA,NA,NA,NA
2000,"NC State","ACC",12,NA,NA,NA,NA,NA,NA,NA,NA,NA,NA,NA,NA,NA,NA,NA,NA,NA,NA,NA,NA,NA,NA,NA,NA,NA,NA,NA,NA
2000,"Nebraska","Big 12",12,NA,NA,NA,NA,NA,NA,NA,NA,NA,NA,NA,NA,NA,NA,NA,NA,NA,NA,NA,NA,NA,NA,NA,NA,NA,NA,NA,NA
2000,"Nevada","Western Athletic",12,NA,NA,NA,NA,NA,NA,NA,NA,NA,NA,NA,NA,NA,NA,NA,NA,NA,NA,NA,NA,NA,NA,NA,NA,NA,NA,NA,NA
2000,"New Mexico","Mountain West",12,NA,NA,NA,NA,NA,NA,NA,NA,NA,NA,NA,NA,NA,NA,NA,NA,NA,NA,NA,NA,NA,NA,NA,NA,NA,NA,NA,NA
2000,"New Mexico State","Big West",11,NA,NA,NA,NA,NA,NA,NA,NA,NA,NA,NA,NA,NA,NA,NA,NA,NA,NA,NA,NA,NA,NA,NA,NA,NA,NA,NA,NA
2000,"North Carolina","ACC",11,NA,NA,NA,NA,NA,NA,NA,NA,NA,NA,NA,NA,NA,NA,NA,NA,NA,NA,NA,NA,NA,NA,NA,NA,NA,NA,NA,NA
2000,"Northern Illinois","Mid-American",11,NA,NA,NA,NA,NA,NA,NA,NA,NA,NA,NA,NA,NA,NA,NA,NA,NA,NA,NA,NA,NA,NA,NA,NA,NA,NA,NA,NA
2000,"North Texas","Big West",11,NA,NA,NA,NA,NA,NA,NA,NA,NA,NA,NA,NA,NA,NA,NA,NA,NA,NA,NA,NA,NA,NA,NA,NA,NA,NA,NA,NA
2000,"Northwestern","Big Ten",12,NA,NA,NA,NA,NA,NA,NA,NA,NA,NA,NA,NA,NA,NA,NA,NA,NA,NA,NA,NA,NA,NA,NA,NA,NA,NA,NA,NA
2000,"Notre Dame","FBS Independents",12,NA,NA,NA,NA,NA,NA,NA,NA,NA,NA,NA,NA,NA,NA,NA,NA,NA,NA,NA,NA,NA,NA,NA,NA,NA,NA,NA,NA
2000,"Ohio","Mid-American",11,NA,NA,NA,NA,NA,NA,NA,NA,NA,NA,NA,NA,NA,NA,NA,NA,NA,NA,NA,NA,NA,NA,NA,NA,NA,NA,NA,NA
2000,"Ohio State","Big Ten",12,NA,NA,NA,NA,NA,NA,NA,NA,NA,NA,NA,NA,NA,NA,NA,NA,NA,NA,NA,NA,NA,NA,NA,NA,NA,NA,NA,NA
2000,"Oklahoma","Big 12",13,NA,NA,NA,NA,NA,NA,NA,NA,NA,NA,NA,NA,NA,NA,NA,NA,NA,NA,NA,NA,NA,NA,NA,NA,NA,NA,NA,NA
2000,"Oklahoma State","Big 12",11,NA,NA,NA,NA,NA,NA,NA,NA,NA,NA,NA,NA,NA,NA,NA,NA,NA,NA,NA,NA,NA,NA,NA,NA,NA,NA,NA,NA
2000,"Ole Miss","SEC",12,NA,NA,NA,NA,NA,NA,NA,NA,NA,NA,NA,NA,NA,NA,NA,NA,NA,NA,NA,NA,NA,NA,NA,NA,NA,NA,NA,NA
2000,"Oregon","Pac-10",12,NA,NA,NA,NA,NA,NA,NA,NA,NA,NA,NA,NA,NA,NA,NA,NA,NA,NA,NA,NA,NA,NA,NA,NA,NA,NA,NA,NA
2000,"Oregon State","Pac-10",12,NA,NA,NA,NA,NA,NA,NA,NA,NA,NA,NA,NA,NA,NA,NA,NA,NA,NA,NA,NA,NA,NA,NA,NA,NA,NA,NA,NA
2000,"Penn State","Big Ten",12,NA,NA,NA,NA,NA,NA,NA,NA,NA,NA,NA,NA,NA,NA,NA,NA,NA,NA,NA,NA,NA,NA,NA,NA,NA,NA,NA,NA
2000,"Pittsburgh","Big East",12,NA,NA,NA,NA,NA,NA,NA,NA,NA,NA,NA,NA,NA,NA,NA,NA,NA,NA,NA,NA,NA,NA,NA,NA,NA,NA,NA,NA
2000,"Purdue","Big Ten",12,NA,NA,NA,NA,NA,NA,NA,NA,NA,NA,NA,NA,NA,NA,NA,NA,NA,NA,NA,NA,NA,NA,NA,NA,NA,NA,NA,NA
2000,"Rice","Western Athletic",11,NA,NA,NA,NA,NA,NA,NA,NA,NA,NA,NA,NA,NA,NA,NA,NA,NA,NA,NA,NA,NA,NA,NA,NA,NA,NA,NA,NA
2000,"Rutgers","Big East",11,NA,NA,NA,NA,NA,NA,NA,NA,NA,NA,NA,NA,NA,NA,NA,NA,NA,NA,NA,NA,NA,NA,NA,NA,NA,NA,NA,NA
2000,"San Diego State","Mountain West",11,NA,NA,NA,NA,NA,NA,NA,NA,NA,NA,NA,NA,NA,NA,NA,NA,NA,NA,NA,NA,NA,NA,NA,NA,NA,NA,NA,NA
2000,"San José State","Western Athletic",12,NA,NA,NA,NA,NA,NA,NA,NA,NA,NA,NA,NA,NA,NA,NA,NA,NA,NA,NA,NA,NA,NA,NA,NA,NA,NA,NA,NA
2000,"SMU","Western Athletic",12,NA,NA,NA,NA,NA,NA,NA,NA,NA,NA,NA,NA,NA,NA,NA,NA,NA,NA,NA,NA,NA,NA,NA,NA,NA,NA,NA,NA
2000,"South Carolina","SEC",12,NA,NA,NA,NA,NA,NA,NA,NA,NA,NA,NA,NA,NA,NA,NA,NA,NA,NA,NA,NA,NA,NA,NA,NA,NA,NA,NA,NA
2000,"Southern Miss","Conference USA",12,NA,NA,NA,NA,NA,NA,NA,NA,NA,NA,NA,NA,NA,NA,NA,NA,NA,NA,NA,NA,NA,NA,NA,NA,NA,NA,NA,NA
2000,"South Florida","FBS Independents",11,NA,NA,NA,NA,NA,NA,NA,NA,NA,NA,NA,NA,NA,NA,NA,NA,NA,NA,NA,NA,NA,NA,NA,NA,NA,NA,NA,NA
2000,"Stanford","Pac-10",11,NA,NA,NA,NA,NA,NA,NA,NA,NA,NA,NA,NA,NA,NA,NA,NA,NA,NA,NA,NA,NA,NA,NA,NA,NA,NA,NA,NA
2000,"Syracuse","Big East",11,NA,NA,NA,NA,NA,NA,NA,NA,NA,NA,NA,NA,NA,NA,NA,NA,NA,NA,NA,NA,NA,NA,NA,NA,NA,NA,NA,NA
2000,"TCU","Western Athletic",12,NA,NA,NA,NA,NA,NA,NA,NA,NA,NA,NA,NA,NA,NA,NA,NA,NA,NA,NA,NA,NA,NA,NA,NA,NA,NA,NA,NA
2000,"Temple","Big East",11,NA,NA,NA,NA,NA,NA,NA,NA,NA,NA,NA,NA,NA,NA,NA,NA,NA,NA,NA,NA,NA,NA,NA,NA,NA,NA,NA,NA
2000,"Tennessee","SEC",12,NA,NA,NA,NA,NA,NA,NA,NA,NA,NA,NA,NA,NA,NA,NA,NA,NA,NA,NA,NA,NA,NA,NA,NA,NA,NA,NA,NA
2000,"Texas","Big 12",12,NA,NA,NA,NA,NA,NA,NA,NA,NA,NA,NA,NA,NA,NA,NA,NA,NA,NA,NA,NA,NA,NA,NA,NA,NA,NA,NA,NA
2000,"Texas A&M","Big 12",12,NA,NA,NA,NA,NA,NA,NA,NA,NA,NA,NA,NA,NA,NA,NA,NA,NA,NA,NA,NA,NA,NA,NA,NA,NA,NA,NA,NA
2000,"Texas Tech","Big 12",13,NA,NA,NA,NA,NA,NA,NA,NA,NA,NA,NA,NA,NA,NA,NA,NA,NA,NA,NA,NA,NA,NA,NA,NA,NA,NA,NA,NA
2000,"Toledo","Mid-American",11,NA,NA,NA,NA,NA,NA,NA,NA,NA,NA,NA,NA,NA,NA,NA,NA,NA,NA,NA,NA,NA,NA,NA,NA,NA,NA,NA,NA
2000,"Tulane","Conference USA",11,NA,NA,NA,NA,NA,NA,NA,NA,NA,NA,NA,NA,NA,NA,NA,NA,NA,NA,NA,NA,NA,NA,NA,NA,NA,NA,NA,NA
2000,"Tulsa","Western Athletic",12,NA,NA,NA,NA,NA,NA,NA,NA,NA,NA,NA,NA,NA,NA,NA,NA,NA,NA,NA,NA,NA,NA,NA,NA,NA,NA,NA,NA
2000,"UAB","Conference USA",11,NA,NA,NA,NA,NA,NA,NA,NA,NA,NA,NA,NA,NA,NA,NA,NA,NA,NA,NA,NA,NA,NA,NA,NA,NA,NA,NA,NA
2000,"UCF","FBS Independents",11,NA,NA,NA,NA,NA,NA,NA,NA,NA,NA,NA,NA,NA,NA,NA,NA,NA,NA,NA,NA,NA,NA,NA,NA,NA,NA,NA,NA
2000,"UCLA","Pac-10",12,NA,NA,NA,NA,NA,NA,NA,NA,NA,NA,NA,NA,NA,NA,NA,NA,NA,NA,NA,NA,NA,NA,NA,NA,NA,NA,NA,NA
2000,"UConn","FBS Independents",11,NA,NA,NA,NA,NA,NA,NA,NA,NA,NA,NA,NA,NA,NA,NA,NA,NA,NA,NA,NA,NA,NA,NA,NA,NA,NA,NA,NA
2000,"UL Monroe","FBS Independents",11,NA,NA,NA,NA,NA,NA,NA,NA,NA,NA,NA,NA,NA,NA,NA,NA,NA,NA,NA,NA,NA,NA,NA,NA,NA,NA,NA,NA
2000,"UNLV","Mountain West",13,NA,NA,NA,NA,NA,NA,NA,NA,NA,NA,NA,NA,NA,NA,NA,NA,NA,NA,NA,NA,NA,NA,NA,NA,NA,NA,NA,NA
2000,"USC","Pac-10",12,NA,NA,NA,NA,NA,NA,NA,NA,NA,NA,NA,NA,NA,NA,NA,NA,NA,NA,NA,NA,NA,NA,NA,NA,NA,NA,NA,NA
2000,"Utah","Mountain West",11,NA,NA,NA,NA,NA,NA,NA,NA,NA,NA,NA,NA,NA,NA,NA,NA,NA,NA,NA,NA,NA,NA,NA,NA,NA,NA,NA,NA
2000,"Utah State","Big West",11,NA,NA,NA,NA,NA,NA,NA,NA,NA,NA,NA,NA,NA,NA,NA,NA,NA,NA,NA,NA,NA,NA,NA,NA,NA,NA,NA,NA
2000,"UTEP","Western Athletic",12,NA,NA,NA,NA,NA,NA,NA,NA,NA,NA,NA,NA,NA,NA,NA,NA,NA,NA,NA,NA,NA,NA,NA,NA,NA,NA,NA,NA
2000,"Vanderbilt","SEC",11,NA,NA,NA,NA,NA,NA,NA,NA,NA,NA,NA,NA,NA,NA,NA,NA,NA,NA,NA,NA,NA,NA,NA,NA,NA,NA,NA,NA
2000,"Virginia","ACC",12,NA,NA,NA,NA,NA,NA,NA,NA,NA,NA,NA,NA,NA,NA,NA,NA,NA,NA,NA,NA,NA,NA,NA,NA,NA,NA,NA,NA
2000,"Virginia Tech","Big East",12,NA,NA,NA,NA,NA,NA,NA,NA,NA,NA,NA,NA,NA,NA,NA,NA,NA,NA,NA,NA,NA,NA,NA,NA,NA,NA,NA,NA
2000,"Wake Forest","ACC",11,NA,NA,NA,NA,NA,NA,NA,NA,NA,NA,NA,NA,NA,NA,NA,NA,NA,NA,NA,NA,NA,NA,NA,NA,NA,NA,NA,NA
2000,"Washington","Pac-10",12,NA,NA,NA,NA,NA,NA,NA,NA,NA,NA,NA,NA,NA,NA,NA,NA,NA,NA,NA,NA,NA,NA,NA,NA,NA,NA,NA,NA
2000,"Washington State","Pac-10",11,NA,NA,NA,NA,NA,NA,NA,NA,NA,NA,NA,NA,NA,NA,NA,NA,NA,NA,NA,NA,NA,NA,NA,NA,NA,NA,NA,NA
2000,"Western Michigan","Mid-American",12,NA,NA,NA,NA,NA,NA,NA,NA,NA,NA,NA,NA,NA,NA,NA,NA,NA,NA,NA,NA,NA,NA,NA,NA,NA,NA,NA,NA
2000,"West Virginia","Big East",12,NA,NA,NA,NA,NA,NA,NA,NA,NA,NA,NA,NA,NA,NA,NA,NA,NA,NA,NA,NA,NA,NA,NA,NA,NA,NA,NA,NA
2000,"Wisconsin","Big Ten",13,NA,NA,NA,NA,NA,NA,NA,NA,NA,NA,NA,NA,NA,NA,NA,NA,NA,NA,NA,NA,NA,NA,NA,NA,NA,NA,NA,NA
2000,"Wyoming","Mountain West",11,NA,NA,NA,NA,NA,NA,NA,NA,NA,NA,NA,NA,NA,NA,NA,NA,NA,NA,NA,NA,NA,NA,NA,NA,NA,NA,NA,NA
2001,"Air Force","Mountain West",12,NA,NA,NA,NA,NA,NA,NA,NA,NA,NA,NA,NA,NA,NA,NA,NA,NA,NA,NA,NA,NA,NA,NA,NA,NA,NA,NA,NA
2001,"Akron","Mid-American",11,NA,NA,NA,NA,NA,NA,NA,NA,NA,NA,NA,NA,NA,NA,NA,NA,NA,NA,NA,NA,NA,NA,NA,NA,NA,NA,NA,NA
2001,"Alabama","SEC",12,NA,NA,NA,NA,NA,NA,NA,NA,NA,NA,NA,NA,NA,NA,NA,NA,NA,NA,NA,NA,NA,NA,NA,NA,NA,NA,NA,NA
2001,"Arizona","Pac-10",11,NA,NA,NA,NA,NA,NA,NA,NA,NA,NA,NA,NA,NA,NA,NA,NA,NA,NA,NA,NA,NA,NA,NA,NA,NA,NA,NA,NA
2001,"Arizona State","Pac-10",11,NA,NA,NA,NA,NA,NA,NA,NA,NA,NA,NA,NA,NA,NA,NA,NA,NA,NA,NA,NA,NA,NA,NA,NA,NA,NA,NA,NA
2001,"Arkansas","SEC",12,NA,NA,NA,NA,NA,NA,NA,NA,NA,NA,NA,NA,NA,NA,NA,NA,NA,NA,NA,NA,NA,NA,NA,NA,NA,NA,NA,NA
2001,"Arkansas State","Sun Belt",11,NA,NA,NA,NA,NA,NA,NA,NA,NA,NA,NA,NA,NA,NA,NA,NA,NA,NA,NA,NA,NA,NA,NA,NA,NA,NA,NA,NA
2001,"Army","Conference USA",11,NA,NA,NA,NA,NA,NA,NA,NA,NA,NA,NA,NA,NA,NA,NA,NA,NA,NA,NA,NA,NA,NA,NA,NA,NA,NA,NA,NA
2001,"Auburn","SEC",12,NA,NA,NA,NA,NA,NA,NA,NA,NA,NA,NA,NA,NA,NA,NA,NA,NA,NA,NA,NA,NA,NA,NA,NA,NA,NA,NA,NA
2001,"Ball State","Mid-American",11,NA,NA,NA,NA,NA,NA,NA,NA,NA,NA,NA,NA,NA,NA,NA,NA,NA,NA,NA,NA,NA,NA,NA,NA,NA,NA,NA,NA
2001,"Baylor","Big 12",11,NA,NA,NA,NA,NA,NA,NA,NA,NA,NA,NA,NA,NA,NA,NA,NA,NA,NA,NA,NA,NA,NA,NA,NA,NA,NA,NA,NA
2001,"Boise State","Western Athletic",12,NA,NA,NA,NA,NA,NA,NA,NA,NA,NA,NA,NA,NA,NA,NA,NA,NA,NA,NA,NA,NA,NA,NA,NA,NA,NA,NA,NA
2001,"Boston College","Big East",12,NA,NA,NA,NA,NA,NA,NA,NA,NA,NA,NA,NA,NA,NA,NA,NA,NA,NA,NA,NA,NA,NA,NA,NA,NA,NA,NA,NA
2001,"Bowling Green","Mid-American",11,NA,NA,NA,NA,NA,NA,NA,NA,NA,NA,NA,NA,NA,NA,NA,NA,NA,NA,NA,NA,NA,NA,NA,NA,NA,NA,NA,NA
2001,"Buffalo","Mid-American",11,NA,NA,NA,NA,NA,NA,NA,NA,NA,NA,NA,NA,NA,NA,NA,NA,NA,NA,NA,NA,NA,NA,NA,NA,NA,NA,NA,NA
2001,"BYU","Mountain West",14,NA,NA,NA,NA,NA,NA,NA,NA,NA,NA,NA,NA,NA,NA,NA,NA,NA,NA,NA,NA,NA,NA,NA,NA,NA,NA,NA,NA
2001,"California","Pac-10",11,NA,NA,NA,NA,NA,NA,NA,NA,NA,NA,NA,NA,NA,NA,NA,NA,NA,NA,NA,NA,NA,NA,NA,NA,NA,NA,NA,NA
2001,"Central Michigan","Mid-American",11,NA,NA,NA,NA,NA,NA,NA,NA,NA,NA,NA,NA,NA,NA,NA,NA,NA,NA,NA,NA,NA,NA,NA,NA,NA,NA,NA,NA
2001,"Cincinnati","Conference USA",12,NA,NA,NA,NA,NA,NA,NA,NA,NA,NA,NA,NA,NA,NA,NA,NA,NA,NA,NA,NA,NA,NA,NA,NA,NA,NA,NA,NA
2001,"Clemson","ACC",12,NA,NA,NA,NA,NA,NA,NA,NA,NA,NA,NA,NA,NA,NA,NA,NA,NA,NA,NA,NA,NA,NA,NA,NA,NA,NA,NA,NA
2001,"Colorado","Big 12",13,NA,NA,NA,NA,NA,NA,NA,NA,NA,NA,NA,NA,NA,NA,NA,NA,NA,NA,NA,NA,NA,NA,NA,NA,NA,NA,NA,NA
2001,"Colorado State","Mountain West",12,NA,NA,NA,NA,NA,NA,NA,NA,NA,NA,NA,NA,NA,NA,NA,NA,NA,NA,NA,NA,NA,NA,NA,NA,NA,NA,NA,NA
2001,"Duke","ACC",11,NA,NA,NA,NA,NA,NA,NA,NA,NA,NA,NA,NA,NA,NA,NA,NA,NA,NA,NA,NA,NA,NA,NA,NA,NA,NA,NA,NA
2001,"East Carolina","Conference USA",12,NA,NA,NA,NA,NA,NA,NA,NA,NA,NA,NA,NA,NA,NA,NA,NA,NA,NA,NA,NA,NA,NA,NA,NA,NA,NA,NA,NA
2001,"Eastern Michigan","Mid-American",11,NA,NA,NA,NA,NA,NA,NA,NA,NA,NA,NA,NA,NA,NA,NA,NA,NA,NA,NA,NA,NA,NA,NA,NA,NA,NA,NA,NA
2001,"Florida","SEC",12,NA,NA,NA,NA,NA,NA,NA,NA,NA,NA,NA,NA,NA,NA,NA,NA,NA,NA,NA,NA,NA,NA,NA,NA,NA,NA,NA,NA
2001,"Florida State","ACC",12,NA,NA,NA,NA,NA,NA,NA,NA,NA,NA,NA,NA,NA,NA,NA,NA,NA,NA,NA,NA,NA,NA,NA,NA,NA,NA,NA,NA
2001,"Fresno State","Western Athletic",14,NA,NA,NA,NA,NA,NA,NA,NA,NA,NA,NA,NA,NA,NA,NA,NA,NA,NA,NA,NA,NA,NA,NA,NA,NA,NA,NA,NA
2001,"Georgia","SEC",12,NA,NA,NA,NA,NA,NA,NA,NA,NA,NA,NA,NA,NA,NA,NA,NA,NA,NA,NA,NA,NA,NA,NA,NA,NA,NA,NA,NA
2001,"Georgia Tech","ACC",13,NA,NA,NA,NA,NA,NA,NA,NA,NA,NA,NA,NA,NA,NA,NA,NA,NA,NA,NA,NA,NA,NA,NA,NA,NA,NA,NA,NA
2001,"Hawai'i","Western Athletic",12,NA,NA,NA,NA,NA,NA,NA,NA,NA,NA,NA,NA,NA,NA,NA,NA,NA,NA,NA,NA,NA,NA,NA,NA,NA,NA,NA,NA
2001,"Houston","Conference USA",11,NA,NA,NA,NA,NA,NA,NA,NA,NA,NA,NA,NA,NA,NA,NA,NA,NA,NA,NA,NA,NA,NA,NA,NA,NA,NA,NA,NA
2001,"Idaho","Sun Belt",11,NA,NA,NA,NA,NA,NA,NA,NA,NA,NA,NA,NA,NA,NA,NA,NA,NA,NA,NA,NA,NA,NA,NA,NA,NA,NA,NA,NA
2001,"Illinois","Big Ten",12,NA,NA,NA,NA,NA,NA,NA,NA,NA,NA,NA,NA,NA,NA,NA,NA,NA,NA,NA,NA,NA,NA,NA,NA,NA,NA,NA,NA
2001,"Indiana","Big Ten",11,NA,NA,NA,NA,NA,NA,NA,NA,NA,NA,NA,NA,NA,NA,NA,NA,NA,NA,NA,NA,NA,NA,NA,NA,NA,NA,NA,NA
2001,"Iowa","Big Ten",12,NA,NA,NA,NA,NA,NA,NA,NA,NA,NA,NA,NA,NA,NA,NA,NA,NA,NA,NA,NA,NA,NA,NA,NA,NA,NA,NA,NA
2001,"Iowa State","Big 12",12,NA,NA,NA,NA,NA,NA,NA,NA,NA,NA,NA,NA,NA,NA,NA,NA,NA,NA,NA,NA,NA,NA,NA,NA,NA,NA,NA,NA
2001,"Kansas","Big 12",11,NA,NA,NA,NA,NA,NA,NA,NA,NA,NA,NA,NA,NA,NA,NA,NA,NA,NA,NA,NA,NA,NA,NA,NA,NA,NA,NA,NA
2001,"Kansas State","Big 12",12,NA,NA,NA,NA,NA,NA,NA,NA,NA,NA,NA,NA,NA,NA,NA,NA,NA,NA,NA,NA,NA,NA,NA,NA,NA,NA,NA,NA
2001,"Kent State","Mid-American",11,NA,NA,NA,NA,NA,NA,NA,NA,NA,NA,NA,NA,NA,NA,NA,NA,NA,NA,NA,NA,NA,NA,NA,NA,NA,NA,NA,NA
2001,"Kentucky","SEC",11,NA,NA,NA,NA,NA,NA,NA,NA,NA,NA,NA,NA,NA,NA,NA,NA,NA,NA,NA,NA,NA,NA,NA,NA,NA,NA,NA,NA
2001,"Louisiana","Sun Belt",11,NA,NA,NA,NA,NA,NA,NA,NA,NA,NA,NA,NA,NA,NA,NA,NA,NA,NA,NA,NA,NA,NA,NA,NA,NA,NA,NA,NA
2001,"Louisiana Tech","Western Athletic",12,NA,NA,NA,NA,NA,NA,NA,NA,NA,NA,NA,NA,NA,NA,NA,NA,NA,NA,NA,NA,NA,NA,NA,NA,NA,NA,NA,NA
2001,"Louisville","Conference USA",13,NA,NA,NA,NA,NA,NA,NA,NA,NA,NA,NA,NA,NA,NA,NA,NA,NA,NA,NA,NA,NA,NA,NA,NA,NA,NA,NA,NA
2001,"LSU","SEC",13,NA,NA,NA,NA,NA,NA,NA,NA,NA,NA,NA,NA,NA,NA,NA,NA,NA,NA,NA,NA,NA,NA,NA,NA,NA,NA,NA,NA
2001,"Marshall","Mid-American",13,NA,NA,NA,NA,NA,NA,NA,NA,NA,NA,NA,NA,NA,NA,NA,NA,NA,NA,NA,NA,NA,NA,NA,NA,NA,NA,NA,NA
2001,"Maryland","ACC",12,NA,NA,NA,NA,NA,NA,NA,NA,NA,NA,NA,NA,NA,NA,NA,NA,NA,NA,NA,NA,NA,NA,NA,NA,NA,NA,NA,NA
2001,"Memphis","Conference USA",11,NA,NA,NA,NA,NA,NA,NA,NA,NA,NA,NA,NA,NA,NA,NA,NA,NA,NA,NA,NA,NA,NA,NA,NA,NA,NA,NA,NA
2001,"Miami","Big East",12,NA,NA,NA,NA,NA,NA,NA,NA,NA,NA,NA,NA,NA,NA,NA,NA,NA,NA,NA,NA,NA,NA,NA,NA,NA,NA,NA,NA
2001,"Miami (OH)","Mid-American",12,NA,NA,NA,NA,NA,NA,NA,NA,NA,NA,NA,NA,NA,NA,NA,NA,NA,NA,NA,NA,NA,NA,NA,NA,NA,NA,NA,NA
2001,"Michigan","Big Ten",12,NA,NA,NA,NA,NA,NA,NA,NA,NA,NA,NA,NA,NA,NA,NA,NA,NA,NA,NA,NA,NA,NA,NA,NA,NA,NA,NA,NA
2001,"Michigan State","Big Ten",12,NA,NA,NA,NA,NA,NA,NA,NA,NA,NA,NA,NA,NA,NA,NA,NA,NA,NA,NA,NA,NA,NA,NA,NA,NA,NA,NA,NA
2001,"Middle Tennessee","Sun Belt",11,NA,NA,NA,NA,NA,NA,NA,NA,NA,NA,NA,NA,NA,NA,NA,NA,NA,NA,NA,NA,NA,NA,NA,NA,NA,NA,NA,NA
2001,"Minnesota","Big Ten",11,NA,NA,NA,NA,NA,NA,NA,NA,NA,NA,NA,NA,NA,NA,NA,NA,NA,NA,NA,NA,NA,NA,NA,NA,NA,NA,NA,NA
2001,"Mississippi State","SEC",11,NA,NA,NA,NA,NA,NA,NA,NA,NA,NA,NA,NA,NA,NA,NA,NA,NA,NA,NA,NA,NA,NA,NA,NA,NA,NA,NA,NA
2001,"Missouri","Big 12",11,NA,NA,NA,NA,NA,NA,NA,NA,NA,NA,NA,NA,NA,NA,NA,NA,NA,NA,NA,NA,NA,NA,NA,NA,NA,NA,NA,NA
2001,"Navy","FBS Independents",10,NA,NA,NA,NA,NA,NA,NA,NA,NA,NA,NA,NA,NA,NA,NA,NA,NA,NA,NA,NA,NA,NA,NA,NA,NA,NA,NA,NA
2001,"NC State","ACC",12,NA,NA,NA,NA,NA,NA,NA,NA,NA,NA,NA,NA,NA,NA,NA,NA,NA,NA,NA,NA,NA,NA,NA,NA,NA,NA,NA,NA
2001,"Nebraska","Big 12",13,NA,NA,NA,NA,NA,NA,NA,NA,NA,NA,NA,NA,NA,NA,NA,NA,NA,NA,NA,NA,NA,NA,NA,NA,NA,NA,NA,NA
2001,"Nevada","Western Athletic",11,NA,NA,NA,NA,NA,NA,NA,NA,NA,NA,NA,NA,NA,NA,NA,NA,NA,NA,NA,NA,NA,NA,NA,NA,NA,NA,NA,NA
2001,"New Mexico","Mountain West",11,NA,NA,NA,NA,NA,NA,NA,NA,NA,NA,NA,NA,NA,NA,NA,NA,NA,NA,NA,NA,NA,NA,NA,NA,NA,NA,NA,NA
2001,"New Mexico State","Sun Belt",12,NA,NA,NA,NA,NA,NA,NA,NA,NA,NA,NA,NA,NA,NA,NA,NA,NA,NA,NA,NA,NA,NA,NA,NA,NA,NA,NA,NA
2001,"North Carolina","ACC",13,NA,NA,NA,NA,NA,NA,NA,NA,NA,NA,NA,NA,NA,NA,NA,NA,NA,NA,NA,NA,NA,NA,NA,NA,NA,NA,NA,NA
2001,"Northern Illinois","Mid-American",11,NA,NA,NA,NA,NA,NA,NA,NA,NA,NA,NA,NA,NA,NA,NA,NA,NA,NA,NA,NA,NA,NA,NA,NA,NA,NA,NA,NA
2001,"North Texas","Sun Belt",12,NA,NA,NA,NA,NA,NA,NA,NA,NA,NA,NA,NA,NA,NA,NA,NA,NA,NA,NA,NA,NA,NA,NA,NA,NA,NA,NA,NA
2001,"Northwestern","Big Ten",11,NA,NA,NA,NA,NA,NA,NA,NA,NA,NA,NA,NA,NA,NA,NA,NA,NA,NA,NA,NA,NA,NA,NA,NA,NA,NA,NA,NA
2001,"Notre Dame","FBS Independents",11,NA,NA,NA,NA,NA,NA,NA,NA,NA,NA,NA,NA,NA,NA,NA,NA,NA,NA,NA,NA,NA,NA,NA,NA,NA,NA,NA,NA
2001,"Ohio","Mid-American",11,NA,NA,NA,NA,NA,NA,NA,NA,NA,NA,NA,NA,NA,NA,NA,NA,NA,NA,NA,NA,NA,NA,NA,NA,NA,NA,NA,NA
2001,"Ohio State","Big Ten",12,NA,NA,NA,NA,NA,NA,NA,NA,NA,NA,NA,NA,NA,NA,NA,NA,NA,NA,NA,NA,NA,NA,NA,NA,NA,NA,NA,NA
2001,"Oklahoma","Big 12",13,NA,NA,NA,NA,NA,NA,NA,NA,NA,NA,NA,NA,NA,NA,NA,NA,NA,NA,NA,NA,NA,NA,NA,NA,NA,NA,NA,NA
2001,"Oklahoma State","Big 12",11,NA,NA,NA,NA,NA,NA,NA,NA,NA,NA,NA,NA,NA,NA,NA,NA,NA,NA,NA,NA,NA,NA,NA,NA,NA,NA,NA,NA
2001,"Ole Miss","SEC",11,NA,NA,NA,NA,NA,NA,NA,NA,NA,NA,NA,NA,NA,NA,NA,NA,NA,NA,NA,NA,NA,NA,NA,NA,NA,NA,NA,NA
2001,"Oregon","Pac-10",12,NA,NA,NA,NA,NA,NA,NA,NA,NA,NA,NA,NA,NA,NA,NA,NA,NA,NA,NA,NA,NA,NA,NA,NA,NA,NA,NA,NA
2001,"Oregon State","Pac-10",11,NA,NA,NA,NA,NA,NA,NA,NA,NA,NA,NA,NA,NA,NA,NA,NA,NA,NA,NA,NA,NA,NA,NA,NA,NA,NA,NA,NA
2001,"Penn State","Big Ten",11,NA,NA,NA,NA,NA,NA,NA,NA,NA,NA,NA,NA,NA,NA,NA,NA,NA,NA,NA,NA,NA,NA,NA,NA,NA,NA,NA,NA
2001,"Pittsburgh","Big East",12,NA,NA,NA,NA,NA,NA,NA,NA,NA,NA,NA,NA,NA,NA,NA,NA,NA,NA,NA,NA,NA,NA,NA,NA,NA,NA,NA,NA
2001,"Purdue","Big Ten",12,NA,NA,NA,NA,NA,NA,NA,NA,NA,NA,NA,NA,NA,NA,NA,NA,NA,NA,NA,NA,NA,NA,NA,NA,NA,NA,NA,NA
2001,"Rice","Western Athletic",12,NA,NA,NA,NA,NA,NA,NA,NA,NA,NA,NA,NA,NA,NA,NA,NA,NA,NA,NA,NA,NA,NA,NA,NA,NA,NA,NA,NA
2001,"Rutgers","Big East",11,NA,NA,NA,NA,NA,NA,NA,NA,NA,NA,NA,NA,NA,NA,NA,NA,NA,NA,NA,NA,NA,NA,NA,NA,NA,NA,NA,NA
2001,"San Diego State","Mountain West",11,NA,NA,NA,NA,NA,NA,NA,NA,NA,NA,NA,NA,NA,NA,NA,NA,NA,NA,NA,NA,NA,NA,NA,NA,NA,NA,NA,NA
2001,"San José State","Western Athletic",12,NA,NA,NA,NA,NA,NA,NA,NA,NA,NA,NA,NA,NA,NA,NA,NA,NA,NA,NA,NA,NA,NA,NA,NA,NA,NA,NA,NA
2001,"SMU","Western Athletic",11,NA,NA,NA,NA,NA,NA,NA,NA,NA,NA,NA,NA,NA,NA,NA,NA,NA,NA,NA,NA,NA,NA,NA,NA,NA,NA,NA,NA
2001,"South Carolina","SEC",12,NA,NA,NA,NA,NA,NA,NA,NA,NA,NA,NA,NA,NA,NA,NA,NA,NA,NA,NA,NA,NA,NA,NA,NA,NA,NA,NA,NA
2001,"Southern Miss","Conference USA",11,NA,NA,NA,NA,NA,NA,NA,NA,NA,NA,NA,NA,NA,NA,NA,NA,NA,NA,NA,NA,NA,NA,NA,NA,NA,NA,NA,NA
2001,"South Florida","FBS Independents",11,NA,NA,NA,NA,NA,NA,NA,NA,NA,NA,NA,NA,NA,NA,NA,NA,NA,NA,NA,NA,NA,NA,NA,NA,NA,NA,NA,NA
2001,"Stanford","Pac-10",12,NA,NA,NA,NA,NA,NA,NA,NA,NA,NA,NA,NA,NA,NA,NA,NA,NA,NA,NA,NA,NA,NA,NA,NA,NA,NA,NA,NA
2001,"Syracuse","Big East",13,NA,NA,NA,NA,NA,NA,NA,NA,NA,NA,NA,NA,NA,NA,NA,NA,NA,NA,NA,NA,NA,NA,NA,NA,NA,NA,NA,NA
2001,"TCU","Conference USA",12,NA,NA,NA,NA,NA,NA,NA,NA,NA,NA,NA,NA,NA,NA,NA,NA,NA,NA,NA,NA,NA,NA,NA,NA,NA,NA,NA,NA
2001,"Temple","Big East",11,NA,NA,NA,NA,NA,NA,NA,NA,NA,NA,NA,NA,NA,NA,NA,NA,NA,NA,NA,NA,NA,NA,NA,NA,NA,NA,NA,NA
2001,"Tennessee","SEC",13,NA,NA,NA,NA,NA,NA,NA,NA,NA,NA,NA,NA,NA,NA,NA,NA,NA,NA,NA,NA,NA,NA,NA,NA,NA,NA,NA,NA
2001,"Texas","Big 12",13,NA,NA,NA,NA,NA,NA,NA,NA,NA,NA,NA,NA,NA,NA,NA,NA,NA,NA,NA,NA,NA,NA,NA,NA,NA,NA,NA,NA
2001,"Texas A&M","Big 12",12,NA,NA,NA,NA,NA,NA,NA,NA,NA,NA,NA,NA,NA,NA,NA,NA,NA,NA,NA,NA,NA,NA,NA,NA,NA,NA,NA,NA
2001,"Texas Tech","Big 12",12,NA,NA,NA,NA,NA,NA,NA,NA,NA,NA,NA,NA,NA,NA,NA,NA,NA,NA,NA,NA,NA,NA,NA,NA,NA,NA,NA,NA
2001,"Toledo","Mid-American",12,NA,NA,NA,NA,NA,NA,NA,NA,NA,NA,NA,NA,NA,NA,NA,NA,NA,NA,NA,NA,NA,NA,NA,NA,NA,NA,NA,NA
2001,"Troy","FBS Independents",11,NA,NA,NA,NA,NA,NA,NA,NA,NA,NA,NA,NA,NA,NA,NA,NA,NA,NA,NA,NA,NA,NA,NA,NA,NA,NA,NA,NA
2001,"Tulane","Conference USA",12,NA,NA,NA,NA,NA,NA,NA,NA,NA,NA,NA,NA,NA,NA,NA,NA,NA,NA,NA,NA,NA,NA,NA,NA,NA,NA,NA,NA
2001,"Tulsa","Western Athletic",11,NA,NA,NA,NA,NA,NA,NA,NA,NA,NA,NA,NA,NA,NA,NA,NA,NA,NA,NA,NA,NA,NA,NA,NA,NA,NA,NA,NA
2001,"UAB","Conference USA",11,NA,NA,NA,NA,NA,NA,NA,NA,NA,NA,NA,NA,NA,NA,NA,NA,NA,NA,NA,NA,NA,NA,NA,NA,NA,NA,NA,NA
2001,"UCF","FBS Independents",11,NA,NA,NA,NA,NA,NA,NA,NA,NA,NA,NA,NA,NA,NA,NA,NA,NA,NA,NA,NA,NA,NA,NA,NA,NA,NA,NA,NA
2001,"UCLA","Pac-10",11,NA,NA,NA,NA,NA,NA,NA,NA,NA,NA,NA,NA,NA,NA,NA,NA,NA,NA,NA,NA,NA,NA,NA,NA,NA,NA,NA,NA
2001,"UConn","FBS Independents",11,NA,NA,NA,NA,NA,NA,NA,NA,NA,NA,NA,NA,NA,NA,NA,NA,NA,NA,NA,NA,NA,NA,NA,NA,NA,NA,NA,NA
2001,"UL Monroe","Sun Belt",11,NA,NA,NA,NA,NA,NA,NA,NA,NA,NA,NA,NA,NA,NA,NA,NA,NA,NA,NA,NA,NA,NA,NA,NA,NA,NA,NA,NA
2001,"UNLV","Mountain West",11,NA,NA,NA,NA,NA,NA,NA,NA,NA,NA,NA,NA,NA,NA,NA,NA,NA,NA,NA,NA,NA,NA,NA,NA,NA,NA,NA,NA
2001,"USC","Pac-10",12,NA,NA,NA,NA,NA,NA,NA,NA,NA,NA,NA,NA,NA,NA,NA,NA,NA,NA,NA,NA,NA,NA,NA,NA,NA,NA,NA,NA
2001,"Utah","Mountain West",12,NA,NA,NA,NA,NA,NA,NA,NA,NA,NA,NA,NA,NA,NA,NA,NA,NA,NA,NA,NA,NA,NA,NA,NA,NA,NA,NA,NA
2001,"Utah State","FBS Independents",11,NA,NA,NA,NA,NA,NA,NA,NA,NA,NA,NA,NA,NA,NA,NA,NA,NA,NA,NA,NA,NA,NA,NA,NA,NA,NA,NA,NA
2001,"UTEP","Western Athletic",11,NA,NA,NA,NA,NA,NA,NA,NA,NA,NA,NA,NA,NA,NA,NA,NA,NA,NA,NA,NA,NA,NA,NA,NA,NA,NA,NA,NA
2001,"Vanderbilt","SEC",11,NA,NA,NA,NA,NA,NA,NA,NA,NA,NA,NA,NA,NA,NA,NA,NA,NA,NA,NA,NA,NA,NA,NA,NA,NA,NA,NA,NA
2001,"Virginia","ACC",12,NA,NA,NA,NA,NA,NA,NA,NA,NA,NA,NA,NA,NA,NA,NA,NA,NA,NA,NA,NA,NA,NA,NA,NA,NA,NA,NA,NA
2001,"Virginia Tech","Big East",12,NA,NA,NA,NA,NA,NA,NA,NA,NA,NA,NA,NA,NA,NA,NA,NA,NA,NA,NA,NA,NA,NA,NA,NA,NA,NA,NA,NA
2001,"Wake Forest","ACC",11,NA,NA,NA,NA,NA,NA,NA,NA,NA,NA,NA,NA,NA,NA,NA,NA,NA,NA,NA,NA,NA,NA,NA,NA,NA,NA,NA,NA
2001,"Washington","Pac-10",12,NA,NA,NA,NA,NA,NA,NA,NA,NA,NA,NA,NA,NA,NA,NA,NA,NA,NA,NA,NA,NA,NA,NA,NA,NA,NA,NA,NA
2001,"Washington State","Pac-10",12,NA,NA,NA,NA,NA,NA,NA,NA,NA,NA,NA,NA,NA,NA,NA,NA,NA,NA,NA,NA,NA,NA,NA,NA,NA,NA,NA,NA
2001,"Western Michigan","Mid-American",11,NA,NA,NA,NA,NA,NA,NA,NA,NA,NA,NA,NA,NA,NA,NA,NA,NA,NA,NA,NA,NA,NA,NA,NA,NA,NA,NA,NA
2001,"West Virginia","Big East",11,NA,NA,NA,NA,NA,NA,NA,NA,NA,NA,NA,NA,NA,NA,NA,NA,NA,NA,NA,NA,NA,NA,NA,NA,NA,NA,NA,NA
2001,"Wisconsin","Big Ten",12,NA,NA,NA,NA,NA,NA,NA,NA,NA,NA,NA,NA,NA,NA,NA,NA,NA,NA,NA,NA,NA,NA,NA,NA,NA,NA,NA,NA
2001,"Wyoming","Mountain West",11,NA,NA,NA,NA,NA,NA,NA,NA,NA,NA,NA,NA,NA,NA,NA,NA,NA,NA,NA,NA,NA,NA,NA,NA,NA,NA,NA,NA
2002,"Air Force","Mountain West",13,NA,NA,NA,NA,NA,NA,NA,NA,NA,NA,NA,NA,NA,NA,NA,NA,NA,NA,NA,NA,NA,NA,NA,NA,NA,NA,NA,NA
2002,"Akron","Mid-American",12,NA,NA,NA,NA,NA,NA,NA,NA,NA,NA,NA,NA,NA,NA,NA,NA,NA,NA,NA,NA,NA,NA,NA,NA,NA,NA,NA,NA
2002,"Alabama","SEC",13,NA,NA,NA,NA,NA,NA,NA,NA,NA,NA,NA,NA,NA,NA,NA,NA,NA,NA,NA,NA,NA,NA,NA,NA,NA,NA,NA,NA
2002,"Arizona","Pac-10",12,NA,NA,NA,NA,NA,NA,NA,NA,NA,NA,NA,NA,NA,NA,NA,NA,NA,NA,NA,NA,NA,NA,NA,NA,NA,NA,NA,NA
2002,"Arizona State","Pac-10",14,NA,NA,NA,NA,NA,NA,NA,NA,NA,NA,NA,NA,NA,NA,NA,NA,NA,NA,NA,NA,NA,NA,NA,NA,NA,NA,NA,NA
2002,"Arkansas","SEC",14,NA,NA,NA,NA,NA,NA,NA,NA,NA,NA,NA,NA,NA,NA,NA,NA,NA,NA,NA,NA,NA,NA,NA,NA,NA,NA,NA,NA
2002,"Arkansas State","Sun Belt",13,NA,NA,NA,NA,NA,NA,NA,NA,NA,NA,NA,NA,NA,NA,NA,NA,NA,NA,NA,NA,NA,NA,NA,NA,NA,NA,NA,NA
2002,"Army","Conference USA",12,NA,NA,NA,NA,NA,NA,NA,NA,NA,NA,NA,NA,NA,NA,NA,NA,NA,NA,NA,NA,NA,NA,NA,NA,NA,NA,NA,NA
2002,"Auburn","SEC",13,NA,NA,NA,NA,NA,NA,NA,NA,NA,NA,NA,NA,NA,NA,NA,NA,NA,NA,NA,NA,NA,NA,NA,NA,NA,NA,NA,NA
2002,"Ball State","Mid-American",12,NA,NA,NA,NA,NA,NA,NA,NA,NA,NA,NA,NA,NA,NA,NA,NA,NA,NA,NA,NA,NA,NA,NA,NA,NA,NA,NA,NA
2002,"Baylor","Big 12",12,NA,NA,NA,NA,NA,NA,NA,NA,NA,NA,NA,NA,NA,NA,NA,NA,NA,NA,NA,NA,NA,NA,NA,NA,NA,NA,NA,NA
2002,"Boise State","Western Athletic",13,NA,NA,NA,NA,NA,NA,NA,NA,NA,NA,NA,NA,NA,NA,NA,NA,NA,NA,NA,NA,NA,NA,NA,NA,NA,NA,NA,NA
2002,"Boston College","Big East",13,NA,NA,NA,NA,NA,NA,NA,NA,NA,NA,NA,NA,NA,NA,NA,NA,NA,NA,NA,NA,NA,NA,NA,NA,NA,NA,NA,NA
2002,"Bowling Green","Mid-American",12,NA,NA,NA,NA,NA,NA,NA,NA,NA,NA,NA,NA,NA,NA,NA,NA,NA,NA,NA,NA,NA,NA,NA,NA,NA,NA,NA,NA
2002,"Buffalo","Mid-American",12,NA,NA,NA,NA,NA,NA,NA,NA,NA,NA,NA,NA,NA,NA,NA,NA,NA,NA,NA,NA,NA,NA,NA,NA,NA,NA,NA,NA
2002,"BYU","Mountain West",12,NA,NA,NA,NA,NA,NA,NA,NA,NA,NA,NA,NA,NA,NA,NA,NA,NA,NA,NA,NA,NA,NA,NA,NA,NA,NA,NA,NA
2002,"California","Pac-10",12,NA,NA,NA,NA,NA,NA,NA,NA,NA,NA,NA,NA,NA,NA,NA,NA,NA,NA,NA,NA,NA,NA,NA,NA,NA,NA,NA,NA
2002,"Central Michigan","Mid-American",12,NA,NA,NA,NA,NA,NA,NA,NA,NA,NA,NA,NA,NA,NA,NA,NA,NA,NA,NA,NA,NA,NA,NA,NA,NA,NA,NA,NA
2002,"Cincinnati","Conference USA",14,NA,NA,NA,NA,NA,NA,NA,NA,NA,NA,NA,NA,NA,NA,NA,NA,NA,NA,NA,NA,NA,NA,NA,NA,NA,NA,NA,NA
2002,"Clemson","ACC",13,NA,NA,NA,NA,NA,NA,NA,NA,NA,NA,NA,NA,NA,NA,NA,NA,NA,NA,NA,NA,NA,NA,NA,NA,NA,NA,NA,NA
2002,"Colorado","Big 12",14,NA,NA,NA,NA,NA,NA,NA,NA,NA,NA,NA,NA,NA,NA,NA,NA,NA,NA,NA,NA,NA,NA,NA,NA,NA,NA,NA,NA
2002,"Colorado State","Mountain West",14,NA,NA,NA,NA,NA,NA,NA,NA,NA,NA,NA,NA,NA,NA,NA,NA,NA,NA,NA,NA,NA,NA,NA,NA,NA,NA,NA,NA
2002,"Duke","ACC",12,NA,NA,NA,NA,NA,NA,NA,NA,NA,NA,NA,NA,NA,NA,NA,NA,NA,NA,NA,NA,NA,NA,NA,NA,NA,NA,NA,NA
2002,"East Carolina","Conference USA",12,NA,NA,NA,NA,NA,NA,NA,NA,NA,NA,NA,NA,NA,NA,NA,NA,NA,NA,NA,NA,NA,NA,NA,NA,NA,NA,NA,NA
2002,"Eastern Michigan","Mid-American",12,NA,NA,NA,NA,NA,NA,NA,NA,NA,NA,NA,NA,NA,NA,NA,NA,NA,NA,NA,NA,NA,NA,NA,NA,NA,NA,NA,NA
2002,"Florida","SEC",13,NA,NA,NA,NA,NA,NA,NA,NA,NA,NA,NA,NA,NA,NA,NA,NA,NA,NA,NA,NA,NA,NA,NA,NA,NA,NA,NA,NA
2002,"Florida State","ACC",14,NA,NA,NA,NA,NA,NA,NA,NA,NA,NA,NA,NA,NA,NA,NA,NA,NA,NA,NA,NA,NA,NA,NA,NA,NA,NA,NA,NA
2002,"Fresno State","Western Athletic",14,NA,NA,NA,NA,NA,NA,NA,NA,NA,NA,NA,NA,NA,NA,NA,NA,NA,NA,NA,NA,NA,NA,NA,NA,NA,NA,NA,NA
2002,"Georgia","SEC",14,NA,NA,NA,NA,NA,NA,NA,NA,NA,NA,NA,NA,NA,NA,NA,NA,NA,NA,NA,NA,NA,NA,NA,NA,NA,NA,NA,NA
2002,"Georgia Tech","ACC",13,NA,NA,NA,NA,NA,NA,NA,NA,NA,NA,NA,NA,NA,NA,NA,NA,NA,NA,NA,NA,NA,NA,NA,NA,NA,NA,NA,NA
2002,"Hawai'i","Western Athletic",14,NA,NA,NA,NA,NA,NA,NA,NA,NA,NA,NA,NA,NA,NA,NA,NA,NA,NA,NA,NA,NA,NA,NA,NA,NA,NA,NA,NA
2002,"Houston","Conference USA",12,NA,NA,NA,NA,NA,NA,NA,NA,NA,NA,NA,NA,NA,NA,NA,NA,NA,NA,NA,NA,NA,NA,NA,NA,NA,NA,NA,NA
2002,"Idaho","Sun Belt",12,NA,NA,NA,NA,NA,NA,NA,NA,NA,NA,NA,NA,NA,NA,NA,NA,NA,NA,NA,NA,NA,NA,NA,NA,NA,NA,NA,NA
2002,"Illinois","Big Ten",12,NA,NA,NA,NA,NA,NA,NA,NA,NA,NA,NA,NA,NA,NA,NA,NA,NA,NA,NA,NA,NA,NA,NA,NA,NA,NA,NA,NA
2002,"Indiana","Big Ten",12,NA,NA,NA,NA,NA,NA,NA,NA,NA,NA,NA,NA,NA,NA,NA,NA,NA,NA,NA,NA,NA,NA,NA,NA,NA,NA,NA,NA
2002,"Iowa","Big Ten",13,NA,NA,NA,NA,NA,NA,NA,NA,NA,NA,NA,NA,NA,NA,NA,NA,NA,NA,NA,NA,NA,NA,NA,NA,NA,NA,NA,NA
2002,"Iowa State","Big 12",14,NA,NA,NA,NA,NA,NA,NA,NA,NA,NA,NA,NA,NA,NA,NA,NA,NA,NA,NA,NA,NA,NA,NA,NA,NA,NA,NA,NA
2002,"Kansas","Big 12",12,NA,NA,NA,NA,NA,NA,NA,NA,NA,NA,NA,NA,NA,NA,NA,NA,NA,NA,NA,NA,NA,NA,NA,NA,NA,NA,NA,NA
2002,"Kansas State","Big 12",13,NA,NA,NA,NA,NA,NA,NA,NA,NA,NA,NA,NA,NA,NA,NA,NA,NA,NA,NA,NA,NA,NA,NA,NA,NA,NA,NA,NA
2002,"Kent State","Mid-American",12,NA,NA,NA,NA,NA,NA,NA,NA,NA,NA,NA,NA,NA,NA,NA,NA,NA,NA,NA,NA,NA,NA,NA,NA,NA,NA,NA,NA
2002,"Kentucky","SEC",12,NA,NA,NA,NA,NA,NA,NA,NA,NA,NA,NA,NA,NA,NA,NA,NA,NA,NA,NA,NA,NA,NA,NA,NA,NA,NA,NA,NA
2002,"Louisiana","Sun Belt",12,NA,NA,NA,NA,NA,NA,NA,NA,NA,NA,NA,NA,NA,NA,NA,NA,NA,NA,NA,NA,NA,NA,NA,NA,NA,NA,NA,NA
2002,"Louisiana Tech","Western Athletic",12,NA,NA,NA,NA,NA,NA,NA,NA,NA,NA,NA,NA,NA,NA,NA,NA,NA,NA,NA,NA,NA,NA,NA,NA,NA,NA,NA,NA
2002,"Louisville","Conference USA",13,NA,NA,NA,NA,NA,NA,NA,NA,NA,NA,NA,NA,NA,NA,NA,NA,NA,NA,NA,NA,NA,NA,NA,NA,NA,NA,NA,NA
2002,"LSU","SEC",13,NA,NA,NA,NA,NA,NA,NA,NA,NA,NA,NA,NA,NA,NA,NA,NA,NA,NA,NA,NA,NA,NA,NA,NA,NA,NA,NA,NA
2002,"Marshall","Mid-American",13,NA,NA,NA,NA,NA,NA,NA,NA,NA,NA,NA,NA,NA,NA,NA,NA,NA,NA,NA,NA,NA,NA,NA,NA,NA,NA,NA,NA
2002,"Maryland","ACC",14,NA,NA,NA,NA,NA,NA,NA,NA,NA,NA,NA,NA,NA,NA,NA,NA,NA,NA,NA,NA,NA,NA,NA,NA,NA,NA,NA,NA
2002,"Memphis","Conference USA",12,NA,NA,NA,NA,NA,NA,NA,NA,NA,NA,NA,NA,NA,NA,NA,NA,NA,NA,NA,NA,NA,NA,NA,NA,NA,NA,NA,NA
2002,"Miami","Big East",13,NA,NA,NA,NA,NA,NA,NA,NA,NA,NA,NA,NA,NA,NA,NA,NA,NA,NA,NA,NA,NA,NA,NA,NA,NA,NA,NA,NA
2002,"Miami (OH)","Mid-American",12,NA,NA,NA,NA,NA,NA,NA,NA,NA,NA,NA,NA,NA,NA,NA,NA,NA,NA,NA,NA,NA,NA,NA,NA,NA,NA,NA,NA
2002,"Michigan","Big Ten",13,NA,NA,NA,NA,NA,NA,NA,NA,NA,NA,NA,NA,NA,NA,NA,NA,NA,NA,NA,NA,NA,NA,NA,NA,NA,NA,NA,NA
2002,"Michigan State","Big Ten",12,NA,NA,NA,NA,NA,NA,NA,NA,NA,NA,NA,NA,NA,NA,NA,NA,NA,NA,NA,NA,NA,NA,NA,NA,NA,NA,NA,NA
2002,"Middle Tennessee","Sun Belt",12,NA,NA,NA,NA,NA,NA,NA,NA,NA,NA,NA,NA,NA,NA,NA,NA,NA,NA,NA,NA,NA,NA,NA,NA,NA,NA,NA,NA
2002,"Minnesota","Big Ten",13,NA,NA,NA,NA,NA,NA,NA,NA,NA,NA,NA,NA,NA,NA,NA,NA,NA,NA,NA,NA,NA,NA,NA,NA,NA,NA,NA,NA
2002,"Mississippi State","SEC",12,NA,NA,NA,NA,NA,NA,NA,NA,NA,NA,NA,NA,NA,NA,NA,NA,NA,NA,NA,NA,NA,NA,NA,NA,NA,NA,NA,NA
2002,"Missouri","Big 12",12,NA,NA,NA,NA,NA,NA,NA,NA,NA,NA,NA,NA,NA,NA,NA,NA,NA,NA,NA,NA,NA,NA,NA,NA,NA,NA,NA,NA
2002,"Navy","FBS Independents",12,NA,NA,NA,NA,NA,NA,NA,NA,NA,NA,NA,NA,NA,NA,NA,NA,NA,NA,NA,NA,NA,NA,NA,NA,NA,NA,NA,NA
2002,"NC State","ACC",14,NA,NA,NA,NA,NA,NA,NA,NA,NA,NA,NA,NA,NA,NA,NA,NA,NA,NA,NA,NA,NA,NA,NA,NA,NA,NA,NA,NA
2002,"Nebraska","Big 12",14,NA,NA,NA,NA,NA,NA,NA,NA,NA,NA,NA,NA,NA,NA,NA,NA,NA,NA,NA,NA,NA,NA,NA,NA,NA,NA,NA,NA
2002,"Nevada","Western Athletic",12,NA,NA,NA,NA,NA,NA,NA,NA,NA,NA,NA,NA,NA,NA,NA,NA,NA,NA,NA,NA,NA,NA,NA,NA,NA,NA,NA,NA
2002,"New Mexico","Mountain West",14,NA,NA,NA,NA,NA,NA,NA,NA,NA,NA,NA,NA,NA,NA,NA,NA,NA,NA,NA,NA,NA,NA,NA,NA,NA,NA,NA,NA
2002,"New Mexico State","Sun Belt",12,NA,NA,NA,NA,NA,NA,NA,NA,NA,NA,NA,NA,NA,NA,NA,NA,NA,NA,NA,NA,NA,NA,NA,NA,NA,NA,NA,NA
2002,"North Carolina","ACC",12,NA,NA,NA,NA,NA,NA,NA,NA,NA,NA,NA,NA,NA,NA,NA,NA,NA,NA,NA,NA,NA,NA,NA,NA,NA,NA,NA,NA
2002,"Northern Illinois","Mid-American",12,NA,NA,NA,NA,NA,NA,NA,NA,NA,NA,NA,NA,NA,NA,NA,NA,NA,NA,NA,NA,NA,NA,NA,NA,NA,NA,NA,NA
2002,"North Texas","Sun Belt",13,NA,NA,NA,NA,NA,NA,NA,NA,NA,NA,NA,NA,NA,NA,NA,NA,NA,NA,NA,NA,NA,NA,NA,NA,NA,NA,NA,NA
2002,"Northwestern","Big Ten",12,NA,NA,NA,NA,NA,NA,NA,NA,NA,NA,NA,NA,NA,NA,NA,NA,NA,NA,NA,NA,NA,NA,NA,NA,NA,NA,NA,NA
2002,"Notre Dame","FBS Independents",13,NA,NA,NA,NA,NA,NA,NA,NA,NA,NA,NA,NA,NA,NA,NA,NA,NA,NA,NA,NA,NA,NA,NA,NA,NA,NA,NA,NA
2002,"Ohio","Mid-American",12,NA,NA,NA,NA,NA,NA,NA,NA,NA,NA,NA,NA,NA,NA,NA,NA,NA,NA,NA,NA,NA,NA,NA,NA,NA,NA,NA,NA
2002,"Ohio State","Big Ten",14,NA,NA,NA,NA,NA,NA,NA,NA,NA,NA,NA,NA,NA,NA,NA,NA,NA,NA,NA,NA,NA,NA,NA,NA,NA,NA,NA,NA
2002,"Oklahoma","Big 12",14,NA,NA,NA,NA,NA,NA,NA,NA,NA,NA,NA,NA,NA,NA,NA,NA,NA,NA,NA,NA,NA,NA,NA,NA,NA,NA,NA,NA
2002,"Oklahoma State","Big 12",13,NA,NA,NA,NA,NA,NA,NA,NA,NA,NA,NA,NA,NA,NA,NA,NA,NA,NA,NA,NA,NA,NA,NA,NA,NA,NA,NA,NA
2002,"Ole Miss","SEC",13,NA,NA,NA,NA,NA,NA,NA,NA,NA,NA,NA,NA,NA,NA,NA,NA,NA,NA,NA,NA,NA,NA,NA,NA,NA,NA,NA,NA
2002,"Oregon","Pac-10",13,NA,NA,NA,NA,NA,NA,NA,NA,NA,NA,NA,NA,NA,NA,NA,NA,NA,NA,NA,NA,NA,NA,NA,NA,NA,NA,NA,NA
2002,"Oregon State","Pac-10",13,NA,NA,NA,NA,NA,NA,NA,NA,NA,NA,NA,NA,NA,NA,NA,NA,NA,NA,NA,NA,NA,NA,NA,NA,NA,NA,NA,NA
2002,"Penn State","Big Ten",13,NA,NA,NA,NA,NA,NA,NA,NA,NA,NA,NA,NA,NA,NA,NA,NA,NA,NA,NA,NA,NA,NA,NA,NA,NA,NA,NA,NA
2002,"Pittsburgh","Big East",13,NA,NA,NA,NA,NA,NA,NA,NA,NA,NA,NA,NA,NA,NA,NA,NA,NA,NA,NA,NA,NA,NA,NA,NA,NA,NA,NA,NA
2002,"Purdue","Big Ten",13,NA,NA,NA,NA,NA,NA,NA,NA,NA,NA,NA,NA,NA,NA,NA,NA,NA,NA,NA,NA,NA,NA,NA,NA,NA,NA,NA,NA
2002,"Rice","Western Athletic",11,NA,NA,NA,NA,NA,NA,NA,NA,NA,NA,NA,NA,NA,NA,NA,NA,NA,NA,NA,NA,NA,NA,NA,NA,NA,NA,NA,NA
2002,"Rutgers","Big East",12,NA,NA,NA,NA,NA,NA,NA,NA,NA,NA,NA,NA,NA,NA,NA,NA,NA,NA,NA,NA,NA,NA,NA,NA,NA,NA,NA,NA
2002,"San Diego State","Mountain West",13,NA,NA,NA,NA,NA,NA,NA,NA,NA,NA,NA,NA,NA,NA,NA,NA,NA,NA,NA,NA,NA,NA,NA,NA,NA,NA,NA,NA
2002,"San José State","Western Athletic",13,NA,NA,NA,NA,NA,NA,NA,NA,NA,NA,NA,NA,NA,NA,NA,NA,NA,NA,NA,NA,NA,NA,NA,NA,NA,NA,NA,NA
2002,"SMU","Western Athletic",12,NA,NA,NA,NA,NA,NA,NA,NA,NA,NA,NA,NA,NA,NA,NA,NA,NA,NA,NA,NA,NA,NA,NA,NA,NA,NA,NA,NA
2002,"South Carolina","SEC",12,NA,NA,NA,NA,NA,NA,NA,NA,NA,NA,NA,NA,NA,NA,NA,NA,NA,NA,NA,NA,NA,NA,NA,NA,NA,NA,NA,NA
2002,"Southern Miss","Conference USA",13,NA,NA,NA,NA,NA,NA,NA,NA,NA,NA,NA,NA,NA,NA,NA,NA,NA,NA,NA,NA,NA,NA,NA,NA,NA,NA,NA,NA
2002,"South Florida","FBS Independents",11,NA,NA,NA,NA,NA,NA,NA,NA,NA,NA,NA,NA,NA,NA,NA,NA,NA,NA,NA,NA,NA,NA,NA,NA,NA,NA,NA,NA
2002,"Stanford","Pac-10",11,NA,NA,NA,NA,NA,NA,NA,NA,NA,NA,NA,NA,NA,NA,NA,NA,NA,NA,NA,NA,NA,NA,NA,NA,NA,NA,NA,NA
2002,"Syracuse","Big East",12,NA,NA,NA,NA,NA,NA,NA,NA,NA,NA,NA,NA,NA,NA,NA,NA,NA,NA,NA,NA,NA,NA,NA,NA,NA,NA,NA,NA
2002,"TCU","Conference USA",12,NA,NA,NA,NA,NA,NA,NA,NA,NA,NA,NA,NA,NA,NA,NA,NA,NA,NA,NA,NA,NA,NA,NA,NA,NA,NA,NA,NA
2002,"Temple","Big East",12,NA,NA,NA,NA,NA,NA,NA,NA,NA,NA,NA,NA,NA,NA,NA,NA,NA,NA,NA,NA,NA,NA,NA,NA,NA,NA,NA,NA
2002,"Tennessee","SEC",13,NA,NA,NA,NA,NA,NA,NA,NA,NA,NA,NA,NA,NA,NA,NA,NA,NA,NA,NA,NA,NA,NA,NA,NA,NA,NA,NA,NA
2002,"Texas","Big 12",13,NA,NA,NA,NA,NA,NA,NA,NA,NA,NA,NA,NA,NA,NA,NA,NA,NA,NA,NA,NA,NA,NA,NA,NA,NA,NA,NA,NA
2002,"Texas A&M","Big 12",12,NA,NA,NA,NA,NA,NA,NA,NA,NA,NA,NA,NA,NA,NA,NA,NA,NA,NA,NA,NA,NA,NA,NA,NA,NA,NA,NA,NA
2002,"Texas Tech","Big 12",14,NA,NA,NA,NA,NA,NA,NA,NA,NA,NA,NA,NA,NA,NA,NA,NA,NA,NA,NA,NA,NA,NA,NA,NA,NA,NA,NA,NA
2002,"Toledo","Mid-American",14,NA,NA,NA,NA,NA,NA,NA,NA,NA,NA,NA,NA,NA,NA,NA,NA,NA,NA,NA,NA,NA,NA,NA,NA,NA,NA,NA,NA
2002,"Troy","FBS Independents",12,NA,NA,NA,NA,NA,NA,NA,NA,NA,NA,NA,NA,NA,NA,NA,NA,NA,NA,NA,NA,NA,NA,NA,NA,NA,NA,NA,NA
2002,"Tulane","Conference USA",13,NA,NA,NA,NA,NA,NA,NA,NA,NA,NA,NA,NA,NA,NA,NA,NA,NA,NA,NA,NA,NA,NA,NA,NA,NA,NA,NA,NA
2002,"Tulsa","Western Athletic",12,NA,NA,NA,NA,NA,NA,NA,NA,NA,NA,NA,NA,NA,NA,NA,NA,NA,NA,NA,NA,NA,NA,NA,NA,NA,NA,NA,NA
2002,"UAB","Conference USA",12,NA,NA,NA,NA,NA,NA,NA,NA,NA,NA,NA,NA,NA,NA,NA,NA,NA,NA,NA,NA,NA,NA,NA,NA,NA,NA,NA,NA
2002,"UCF","Mid-American",12,NA,NA,NA,NA,NA,NA,NA,NA,NA,NA,NA,NA,NA,NA,NA,NA,NA,NA,NA,NA,NA,NA,NA,NA,NA,NA,NA,NA
2002,"UCLA","Pac-10",13,NA,NA,NA,NA,NA,NA,NA,NA,NA,NA,NA,NA,NA,NA,NA,NA,NA,NA,NA,NA,NA,NA,NA,NA,NA,NA,NA,NA
2002,"UConn","FBS Independents",12,NA,NA,NA,NA,NA,NA,NA,NA,NA,NA,NA,NA,NA,NA,NA,NA,NA,NA,NA,NA,NA,NA,NA,NA,NA,NA,NA,NA
2002,"UL Monroe","Sun Belt",12,NA,NA,NA,NA,NA,NA,NA,NA,NA,NA,NA,NA,NA,NA,NA,NA,NA,NA,NA,NA,NA,NA,NA,NA,NA,NA,NA,NA
2002,"UNLV","Mountain West",12,NA,NA,NA,NA,NA,NA,NA,NA,NA,NA,NA,NA,NA,NA,NA,NA,NA,NA,NA,NA,NA,NA,NA,NA,NA,NA,NA,NA
2002,"USC","Pac-10",13,NA,NA,NA,NA,NA,NA,NA,NA,NA,NA,NA,NA,NA,NA,NA,NA,NA,NA,NA,NA,NA,NA,NA,NA,NA,NA,NA,NA
2002,"Utah","Mountain West",11,NA,NA,NA,NA,NA,NA,NA,NA,NA,NA,NA,NA,NA,NA,NA,NA,NA,NA,NA,NA,NA,NA,NA,NA,NA,NA,NA,NA
2002,"Utah State","FBS Independents",11,NA,NA,NA,NA,NA,NA,NA,NA,NA,NA,NA,NA,NA,NA,NA,NA,NA,NA,NA,NA,NA,NA,NA,NA,NA,NA,NA,NA
2002,"UTEP","Western Athletic",12,NA,NA,NA,NA,NA,NA,NA,NA,NA,NA,NA,NA,NA,NA,NA,NA,NA,NA,NA,NA,NA,NA,NA,NA,NA,NA,NA,NA
2002,"Vanderbilt","SEC",12,NA,NA,NA,NA,NA,NA,NA,NA,NA,NA,NA,NA,NA,NA,NA,NA,NA,NA,NA,NA,NA,NA,NA,NA,NA,NA,NA,NA
2002,"Virginia","ACC",14,NA,NA,NA,NA,NA,NA,NA,NA,NA,NA,NA,NA,NA,NA,NA,NA,NA,NA,NA,NA,NA,NA,NA,NA,NA,NA,NA,NA
2002,"Virginia Tech","Big East",14,NA,NA,NA,NA,NA,NA,NA,NA,NA,NA,NA,NA,NA,NA,NA,NA,NA,NA,NA,NA,NA,NA,NA,NA,NA,NA,NA,NA
2002,"Wake Forest","ACC",13,NA,NA,NA,NA,NA,NA,NA,NA,NA,NA,NA,NA,NA,NA,NA,NA,NA,NA,NA,NA,NA,NA,NA,NA,NA,NA,NA,NA
2002,"Washington","Pac-10",13,NA,NA,NA,NA,NA,NA,NA,NA,NA,NA,NA,NA,NA,NA,NA,NA,NA,NA,NA,NA,NA,NA,NA,NA,NA,NA,NA,NA
2002,"Washington State","Pac-10",13,NA,NA,NA,NA,NA,NA,NA,NA,NA,NA,NA,NA,NA,NA,NA,NA,NA,NA,NA,NA,NA,NA,NA,NA,NA,NA,NA,NA
2002,"Western Michigan","Mid-American",12,NA,NA,NA,NA,NA,NA,NA,NA,NA,NA,NA,NA,NA,NA,NA,NA,NA,NA,NA,NA,NA,NA,NA,NA,NA,NA,NA,NA
2002,"West Virginia","Big East",13,NA,NA,NA,NA,NA,NA,NA,NA,NA,NA,NA,NA,NA,NA,NA,NA,NA,NA,NA,NA,NA,NA,NA,NA,NA,NA,NA,NA
2002,"Wisconsin","Big Ten",14,NA,NA,NA,NA,NA,NA,NA,NA,NA,NA,NA,NA,NA,NA,NA,NA,NA,NA,NA,NA,NA,NA,NA,NA,NA,NA,NA,NA
2002,"Wyoming","Mountain West",12,NA,NA,NA,NA,NA,NA,NA,NA,NA,NA,NA,NA,NA,NA,NA,NA,NA,NA,NA,NA,NA,NA,NA,NA,NA,NA,NA,NA
2003,"Air Force","Mountain West",12,NA,NA,NA,NA,NA,NA,NA,NA,NA,NA,NA,NA,NA,NA,NA,NA,NA,NA,NA,NA,NA,NA,NA,NA,NA,NA,NA,NA
2003,"Akron","Mid-American",12,NA,NA,NA,NA,NA,NA,NA,NA,NA,NA,NA,NA,NA,NA,NA,NA,NA,NA,NA,NA,NA,NA,NA,NA,NA,NA,NA,NA
2003,"Alabama","SEC",13,NA,NA,NA,NA,NA,NA,NA,NA,NA,NA,NA,NA,NA,NA,NA,NA,NA,NA,NA,NA,NA,NA,NA,NA,NA,NA,NA,NA
2003,"Arizona","Pac-10",12,NA,NA,NA,NA,NA,NA,NA,NA,NA,NA,NA,NA,NA,NA,NA,NA,NA,NA,NA,NA,NA,NA,NA,NA,NA,NA,NA,NA
2003,"Arizona State","Pac-10",12,NA,NA,NA,NA,NA,NA,NA,NA,NA,NA,NA,NA,NA,NA,NA,NA,NA,NA,NA,NA,NA,NA,NA,NA,NA,NA,NA,NA
2003,"Arkansas","SEC",13,NA,NA,NA,NA,NA,NA,NA,NA,NA,NA,NA,NA,NA,NA,NA,NA,NA,NA,NA,NA,NA,NA,NA,NA,NA,NA,NA,NA
2003,"Arkansas State","Sun Belt",12,NA,NA,NA,NA,NA,NA,NA,NA,NA,NA,NA,NA,NA,NA,NA,NA,NA,NA,NA,NA,NA,NA,NA,NA,NA,NA,NA,NA
2003,"Army","Conference USA",13,NA,NA,NA,NA,NA,NA,NA,NA,NA,NA,NA,NA,NA,NA,NA,NA,NA,NA,NA,NA,NA,NA,NA,NA,NA,NA,NA,NA
2003,"Auburn","SEC",13,NA,NA,NA,NA,NA,NA,NA,NA,NA,NA,NA,NA,NA,NA,NA,NA,NA,NA,NA,NA,NA,NA,NA,NA,NA,NA,NA,NA
2003,"Ball State","Mid-American",12,NA,NA,NA,NA,NA,NA,NA,NA,NA,NA,NA,NA,NA,NA,NA,NA,NA,NA,NA,NA,NA,NA,NA,NA,NA,NA,NA,NA
2003,"Baylor","Big 12",12,NA,NA,NA,NA,NA,NA,NA,NA,NA,NA,NA,NA,NA,NA,NA,NA,NA,NA,NA,NA,NA,NA,NA,NA,NA,NA,NA,NA
2003,"Boise State","Western Athletic",14,NA,NA,NA,NA,NA,NA,NA,NA,NA,NA,NA,NA,NA,NA,NA,NA,NA,NA,NA,NA,NA,NA,NA,NA,NA,NA,NA,NA
2003,"Boston College","Big East",13,NA,NA,NA,NA,NA,NA,NA,NA,NA,NA,NA,NA,NA,NA,NA,NA,NA,NA,NA,NA,NA,NA,NA,NA,NA,NA,NA,NA
2003,"Bowling Green","Mid-American",14,NA,NA,NA,NA,NA,NA,NA,NA,NA,NA,NA,NA,NA,NA,NA,NA,NA,NA,NA,NA,NA,NA,NA,NA,NA,NA,NA,NA
2003,"Buffalo","Mid-American",12,NA,NA,NA,NA,NA,NA,NA,NA,NA,NA,NA,NA,NA,NA,NA,NA,NA,NA,NA,NA,NA,NA,NA,NA,NA,NA,NA,NA
2003,"BYU","Mountain West",12,NA,NA,NA,NA,NA,NA,NA,NA,NA,NA,NA,NA,NA,NA,NA,NA,NA,NA,NA,NA,NA,NA,NA,NA,NA,NA,NA,NA
2003,"California","Pac-10",14,NA,NA,NA,NA,NA,NA,NA,NA,NA,NA,NA,NA,NA,NA,NA,NA,NA,NA,NA,NA,NA,NA,NA,NA,NA,NA,NA,NA
2003,"Central Michigan","Mid-American",12,NA,NA,NA,NA,NA,NA,NA,NA,NA,NA,NA,NA,NA,NA,NA,NA,NA,NA,NA,NA,NA,NA,NA,NA,NA,NA,NA,NA
2003,"Cincinnati","Conference USA",12,NA,NA,NA,NA,NA,NA,NA,NA,NA,NA,NA,NA,NA,NA,NA,NA,NA,NA,NA,NA,NA,NA,NA,NA,NA,NA,NA,NA
2003,"Clemson","ACC",13,NA,NA,NA,NA,NA,NA,NA,NA,NA,NA,NA,NA,NA,NA,NA,NA,NA,NA,NA,NA,NA,NA,NA,NA,NA,NA,NA,NA
2003,"Colorado","Big 12",12,NA,NA,NA,NA,NA,NA,NA,NA,NA,NA,NA,NA,NA,NA,NA,NA,NA,NA,NA,NA,NA,NA,NA,NA,NA,NA,NA,NA
2003,"Colorado State","Mountain West",13,NA,NA,NA,NA,NA,NA,NA,NA,NA,NA,NA,NA,NA,NA,NA,NA,NA,NA,NA,NA,NA,NA,NA,NA,NA,NA,NA,NA
2003,"Duke","ACC",12,NA,NA,NA,NA,NA,NA,NA,NA,NA,NA,NA,NA,NA,NA,NA,NA,NA,NA,NA,NA,NA,NA,NA,NA,NA,NA,NA,NA
2003,"East Carolina","Conference USA",12,NA,NA,NA,NA,NA,NA,NA,NA,NA,NA,NA,NA,NA,NA,NA,NA,NA,NA,NA,NA,NA,NA,NA,NA,NA,NA,NA,NA
2003,"Eastern Michigan","Mid-American",12,NA,NA,NA,NA,NA,NA,NA,NA,NA,NA,NA,NA,NA,NA,NA,NA,NA,NA,NA,NA,NA,NA,NA,NA,NA,NA,NA,NA
2003,"Florida","SEC",13,NA,NA,NA,NA,NA,NA,NA,NA,NA,NA,NA,NA,NA,NA,NA,NA,NA,NA,NA,NA,NA,NA,NA,NA,NA,NA,NA,NA
2003,"Florida State","ACC",13,NA,NA,NA,NA,NA,NA,NA,NA,NA,NA,NA,NA,NA,NA,NA,NA,NA,NA,NA,NA,NA,NA,NA,NA,NA,NA,NA,NA
2003,"Fresno State","Western Athletic",14,NA,NA,NA,NA,NA,NA,NA,NA,NA,NA,NA,NA,NA,NA,NA,NA,NA,NA,NA,NA,NA,NA,NA,NA,NA,NA,NA,NA
2003,"Georgia","SEC",14,NA,NA,NA,NA,NA,NA,NA,NA,NA,NA,NA,NA,NA,NA,NA,NA,NA,NA,NA,NA,NA,NA,NA,NA,NA,NA,NA,NA
2003,"Georgia Tech","ACC",13,NA,NA,NA,NA,NA,NA,NA,NA,NA,NA,NA,NA,NA,NA,NA,NA,NA,NA,NA,NA,NA,NA,NA,NA,NA,NA,NA,NA
2003,"Hawai'i","Western Athletic",14,NA,NA,NA,NA,NA,NA,NA,NA,NA,NA,NA,NA,NA,NA,NA,NA,NA,NA,NA,NA,NA,NA,NA,NA,NA,NA,NA,NA
2003,"Houston","Conference USA",13,NA,NA,NA,NA,NA,NA,NA,NA,NA,NA,NA,NA,NA,NA,NA,NA,NA,NA,NA,NA,NA,NA,NA,NA,NA,NA,NA,NA
2003,"Idaho","Sun Belt",12,NA,NA,NA,NA,NA,NA,NA,NA,NA,NA,NA,NA,NA,NA,NA,NA,NA,NA,NA,NA,NA,NA,NA,NA,NA,NA,NA,NA
2003,"Illinois","Big Ten",12,NA,NA,NA,NA,NA,NA,NA,NA,NA,NA,NA,NA,NA,NA,NA,NA,NA,NA,NA,NA,NA,NA,NA,NA,NA,NA,NA,NA
2003,"Indiana","Big Ten",12,NA,NA,NA,NA,NA,NA,NA,NA,NA,NA,NA,NA,NA,NA,NA,NA,NA,NA,NA,NA,NA,NA,NA,NA,NA,NA,NA,NA
2003,"Iowa","Big Ten",13,NA,NA,NA,NA,NA,NA,NA,NA,NA,NA,NA,NA,NA,NA,NA,NA,NA,NA,NA,NA,NA,NA,NA,NA,NA,NA,NA,NA
2003,"Iowa State","Big 12",12,NA,NA,NA,NA,NA,NA,NA,NA,NA,NA,NA,NA,NA,NA,NA,NA,NA,NA,NA,NA,NA,NA,NA,NA,NA,NA,NA,NA
2003,"Kansas","Big 12",13,NA,NA,NA,NA,NA,NA,NA,NA,NA,NA,NA,NA,NA,NA,NA,NA,NA,NA,NA,NA,NA,NA,NA,NA,NA,NA,NA,NA
2003,"Kansas State","Big 12",15,NA,NA,NA,NA,NA,NA,NA,NA,NA,NA,NA,NA,NA,NA,NA,NA,NA,NA,NA,NA,NA,NA,NA,NA,NA,NA,NA,NA
2003,"Kent State","Mid-American",12,NA,NA,NA,NA,NA,NA,NA,NA,NA,NA,NA,NA,NA,NA,NA,NA,NA,NA,NA,NA,NA,NA,NA,NA,NA,NA,NA,NA
2003,"Kentucky","SEC",12,NA,NA,NA,NA,NA,NA,NA,NA,NA,NA,NA,NA,NA,NA,NA,NA,NA,NA,NA,NA,NA,NA,NA,NA,NA,NA,NA,NA
2003,"Louisiana","Sun Belt",12,NA,NA,NA,NA,NA,NA,NA,NA,NA,NA,NA,NA,NA,NA,NA,NA,NA,NA,NA,NA,NA,NA,NA,NA,NA,NA,NA,NA
2003,"Louisiana Tech","Western Athletic",12,NA,NA,NA,NA,NA,NA,NA,NA,NA,NA,NA,NA,NA,NA,NA,NA,NA,NA,NA,NA,NA,NA,NA,NA,NA,NA,NA,NA
2003,"Louisville","Conference USA",13,NA,NA,NA,NA,NA,NA,NA,NA,NA,NA,NA,NA,NA,NA,NA,NA,NA,NA,NA,NA,NA,NA,NA,NA,NA,NA,NA,NA
2003,"LSU","SEC",14,NA,NA,NA,NA,NA,NA,NA,NA,NA,NA,NA,NA,NA,NA,NA,NA,NA,NA,NA,NA,NA,NA,NA,NA,NA,NA,NA,NA
2003,"Marshall","Mid-American",12,NA,NA,NA,NA,NA,NA,NA,NA,NA,NA,NA,NA,NA,NA,NA,NA,NA,NA,NA,NA,NA,NA,NA,NA,NA,NA,NA,NA
2003,"Maryland","ACC",13,NA,NA,NA,NA,NA,NA,NA,NA,NA,NA,NA,NA,NA,NA,NA,NA,NA,NA,NA,NA,NA,NA,NA,NA,NA,NA,NA,NA
2003,"Memphis","Conference USA",13,NA,NA,NA,NA,NA,NA,NA,NA,NA,NA,NA,NA,NA,NA,NA,NA,NA,NA,NA,NA,NA,NA,NA,NA,NA,NA,NA,NA
2003,"Miami","Big East",13,NA,NA,NA,NA,NA,NA,NA,NA,NA,NA,NA,NA,NA,NA,NA,NA,NA,NA,NA,NA,NA,NA,NA,NA,NA,NA,NA,NA
2003,"Miami (OH)","Mid-American",14,NA,NA,NA,NA,NA,NA,NA,NA,NA,NA,NA,NA,NA,NA,NA,NA,NA,NA,NA,NA,NA,NA,NA,NA,NA,NA,NA,NA
2003,"Michigan","Big Ten",13,NA,NA,NA,NA,NA,NA,NA,NA,NA,NA,NA,NA,NA,NA,NA,NA,NA,NA,NA,NA,NA,NA,NA,NA,NA,NA,NA,NA
2003,"Michigan State","Big Ten",13,NA,NA,NA,NA,NA,NA,NA,NA,NA,NA,NA,NA,NA,NA,NA,NA,NA,NA,NA,NA,NA,NA,NA,NA,NA,NA,NA,NA
2003,"Middle Tennessee","Sun Belt",12,NA,NA,NA,NA,NA,NA,NA,NA,NA,NA,NA,NA,NA,NA,NA,NA,NA,NA,NA,NA,NA,NA,NA,NA,NA,NA,NA,NA
2003,"Minnesota","Big Ten",13,NA,NA,NA,NA,NA,NA,NA,NA,NA,NA,NA,NA,NA,NA,NA,NA,NA,NA,NA,NA,NA,NA,NA,NA,NA,NA,NA,NA
2003,"Mississippi State","SEC",12,NA,NA,NA,NA,NA,NA,NA,NA,NA,NA,NA,NA,NA,NA,NA,NA,NA,NA,NA,NA,NA,NA,NA,NA,NA,NA,NA,NA
2003,"Missouri","Big 12",13,NA,NA,NA,NA,NA,NA,NA,NA,NA,NA,NA,NA,NA,NA,NA,NA,NA,NA,NA,NA,NA,NA,NA,NA,NA,NA,NA,NA
2003,"Navy","FBS Independents",13,NA,NA,NA,NA,NA,NA,NA,NA,NA,NA,NA,NA,NA,NA,NA,NA,NA,NA,NA,NA,NA,NA,NA,NA,NA,NA,NA,NA
2003,"NC State","ACC",13,NA,NA,NA,NA,NA,NA,NA,NA,NA,NA,NA,NA,NA,NA,NA,NA,NA,NA,NA,NA,NA,NA,NA,NA,NA,NA,NA,NA
2003,"Nebraska","Big 12",13,NA,NA,NA,NA,NA,NA,NA,NA,NA,NA,NA,NA,NA,NA,NA,NA,NA,NA,NA,NA,NA,NA,NA,NA,NA,NA,NA,NA
2003,"Nevada","Western Athletic",12,NA,NA,NA,NA,NA,NA,NA,NA,NA,NA,NA,NA,NA,NA,NA,NA,NA,NA,NA,NA,NA,NA,NA,NA,NA,NA,NA,NA
2003,"New Mexico","Mountain West",13,NA,NA,NA,NA,NA,NA,NA,NA,NA,NA,NA,NA,NA,NA,NA,NA,NA,NA,NA,NA,NA,NA,NA,NA,NA,NA,NA,NA
2003,"New Mexico State","Sun Belt",12,NA,NA,NA,NA,NA,NA,NA,NA,NA,NA,NA,NA,NA,NA,NA,NA,NA,NA,NA,NA,NA,NA,NA,NA,NA,NA,NA,NA
2003,"North Carolina","ACC",12,NA,NA,NA,NA,NA,NA,NA,NA,NA,NA,NA,NA,NA,NA,NA,NA,NA,NA,NA,NA,NA,NA,NA,NA,NA,NA,NA,NA
2003,"Northern Illinois","Mid-American",12,NA,NA,NA,NA,NA,NA,NA,NA,NA,NA,NA,NA,NA,NA,NA,NA,NA,NA,NA,NA,NA,NA,NA,NA,NA,NA,NA,NA
2003,"North Texas","Sun Belt",13,NA,NA,NA,NA,NA,NA,NA,NA,NA,NA,NA,NA,NA,NA,NA,NA,NA,NA,NA,NA,NA,NA,NA,NA,NA,NA,NA,NA
2003,"Northwestern","Big Ten",13,NA,NA,NA,NA,NA,NA,NA,NA,NA,NA,NA,NA,NA,NA,NA,NA,NA,NA,NA,NA,NA,NA,NA,NA,NA,NA,NA,NA
2003,"Notre Dame","FBS Independents",12,NA,NA,NA,NA,NA,NA,NA,NA,NA,NA,NA,NA,NA,NA,NA,NA,NA,NA,NA,NA,NA,NA,NA,NA,NA,NA,NA,NA
2003,"Ohio","Mid-American",12,NA,NA,NA,NA,NA,NA,NA,NA,NA,NA,NA,NA,NA,NA,NA,NA,NA,NA,NA,NA,NA,NA,NA,NA,NA,NA,NA,NA
2003,"Ohio State","Big Ten",13,NA,NA,NA,NA,NA,NA,NA,NA,NA,NA,NA,NA,NA,NA,NA,NA,NA,NA,NA,NA,NA,NA,NA,NA,NA,NA,NA,NA
2003,"Oklahoma","Big 12",14,NA,NA,NA,NA,NA,NA,NA,NA,NA,NA,NA,NA,NA,NA,NA,NA,NA,NA,NA,NA,NA,NA,NA,NA,NA,NA,NA,NA
2003,"Oklahoma State","Big 12",13,NA,NA,NA,NA,NA,NA,NA,NA,NA,NA,NA,NA,NA,NA,NA,NA,NA,NA,NA,NA,NA,NA,NA,NA,NA,NA,NA,NA
2003,"Ole Miss","SEC",13,NA,NA,NA,NA,NA,NA,NA,NA,NA,NA,NA,NA,NA,NA,NA,NA,NA,NA,NA,NA,NA,NA,NA,NA,NA,NA,NA,NA
2003,"Oregon","Pac-10",13,NA,NA,NA,NA,NA,NA,NA,NA,NA,NA,NA,NA,NA,NA,NA,NA,NA,NA,NA,NA,NA,NA,NA,NA,NA,NA,NA,NA
2003,"Oregon State","Pac-10",13,NA,NA,NA,NA,NA,NA,NA,NA,NA,NA,NA,NA,NA,NA,NA,NA,NA,NA,NA,NA,NA,NA,NA,NA,NA,NA,NA,NA
2003,"Penn State","Big Ten",12,NA,NA,NA,NA,NA,NA,NA,NA,NA,NA,NA,NA,NA,NA,NA,NA,NA,NA,NA,NA,NA,NA,NA,NA,NA,NA,NA,NA
2003,"Pittsburgh","Big East",13,NA,NA,NA,NA,NA,NA,NA,NA,NA,NA,NA,NA,NA,NA,NA,NA,NA,NA,NA,NA,NA,NA,NA,NA,NA,NA,NA,NA
2003,"Purdue","Big Ten",13,NA,NA,NA,NA,NA,NA,NA,NA,NA,NA,NA,NA,NA,NA,NA,NA,NA,NA,NA,NA,NA,NA,NA,NA,NA,NA,NA,NA
2003,"Rice","Western Athletic",12,NA,NA,NA,NA,NA,NA,NA,NA,NA,NA,NA,NA,NA,NA,NA,NA,NA,NA,NA,NA,NA,NA,NA,NA,NA,NA,NA,NA
2003,"Rutgers","Big East",12,NA,NA,NA,NA,NA,NA,NA,NA,NA,NA,NA,NA,NA,NA,NA,NA,NA,NA,NA,NA,NA,NA,NA,NA,NA,NA,NA,NA
2003,"San Diego State","Mountain West",12,NA,NA,NA,NA,NA,NA,NA,NA,NA,NA,NA,NA,NA,NA,NA,NA,NA,NA,NA,NA,NA,NA,NA,NA,NA,NA,NA,NA
2003,"San José State","Western Athletic",11,NA,NA,NA,NA,NA,NA,NA,NA,NA,NA,NA,NA,NA,NA,NA,NA,NA,NA,NA,NA,NA,NA,NA,NA,NA,NA,NA,NA
2003,"SMU","Western Athletic",12,NA,NA,NA,NA,NA,NA,NA,NA,NA,NA,NA,NA,NA,NA,NA,NA,NA,NA,NA,NA,NA,NA,NA,NA,NA,NA,NA,NA
2003,"South Carolina","SEC",12,NA,NA,NA,NA,NA,NA,NA,NA,NA,NA,NA,NA,NA,NA,NA,NA,NA,NA,NA,NA,NA,NA,NA,NA,NA,NA,NA,NA
2003,"Southern Miss","Conference USA",13,NA,NA,NA,NA,NA,NA,NA,NA,NA,NA,NA,NA,NA,NA,NA,NA,NA,NA,NA,NA,NA,NA,NA,NA,NA,NA,NA,NA
2003,"South Florida","Conference USA",11,NA,NA,NA,NA,NA,NA,NA,NA,NA,NA,NA,NA,NA,NA,NA,NA,NA,NA,NA,NA,NA,NA,NA,NA,NA,NA,NA,NA
2003,"Stanford","Pac-10",11,NA,NA,NA,NA,NA,NA,NA,NA,NA,NA,NA,NA,NA,NA,NA,NA,NA,NA,NA,NA,NA,NA,NA,NA,NA,NA,NA,NA
2003,"Syracuse","Big East",12,NA,NA,NA,NA,NA,NA,NA,NA,NA,NA,NA,NA,NA,NA,NA,NA,NA,NA,NA,NA,NA,NA,NA,NA,NA,NA,NA,NA
2003,"TCU","Conference USA",13,NA,NA,NA,NA,NA,NA,NA,NA,NA,NA,NA,NA,NA,NA,NA,NA,NA,NA,NA,NA,NA,NA,NA,NA,NA,NA,NA,NA
2003,"Temple","Big East",12,NA,NA,NA,NA,NA,NA,NA,NA,NA,NA,NA,NA,NA,NA,NA,NA,NA,NA,NA,NA,NA,NA,NA,NA,NA,NA,NA,NA
2003,"Tennessee","SEC",13,NA,NA,NA,NA,NA,NA,NA,NA,NA,NA,NA,NA,NA,NA,NA,NA,NA,NA,NA,NA,NA,NA,NA,NA,NA,NA,NA,NA
2003,"Texas","Big 12",13,NA,NA,NA,NA,NA,NA,NA,NA,NA,NA,NA,NA,NA,NA,NA,NA,NA,NA,NA,NA,NA,NA,NA,NA,NA,NA,NA,NA
2003,"Texas A&M","Big 12",12,NA,NA,NA,NA,NA,NA,NA,NA,NA,NA,NA,NA,NA,NA,NA,NA,NA,NA,NA,NA,NA,NA,NA,NA,NA,NA,NA,NA
2003,"Texas Tech","Big 12",13,NA,NA,NA,NA,NA,NA,NA,NA,NA,NA,NA,NA,NA,NA,NA,NA,NA,NA,NA,NA,NA,NA,NA,NA,NA,NA,NA,NA
2003,"Toledo","Mid-American",12,NA,NA,NA,NA,NA,NA,NA,NA,NA,NA,NA,NA,NA,NA,NA,NA,NA,NA,NA,NA,NA,NA,NA,NA,NA,NA,NA,NA
2003,"Troy","FBS Independents",12,NA,NA,NA,NA,NA,NA,NA,NA,NA,NA,NA,NA,NA,NA,NA,NA,NA,NA,NA,NA,NA,NA,NA,NA,NA,NA,NA,NA
2003,"Tulane","Conference USA",12,NA,NA,NA,NA,NA,NA,NA,NA,NA,NA,NA,NA,NA,NA,NA,NA,NA,NA,NA,NA,NA,NA,NA,NA,NA,NA,NA,NA
2003,"Tulsa","Western Athletic",13,NA,NA,NA,NA,NA,NA,NA,NA,NA,NA,NA,NA,NA,NA,NA,NA,NA,NA,NA,NA,NA,NA,NA,NA,NA,NA,NA,NA
2003,"UAB","Conference USA",12,NA,NA,NA,NA,NA,NA,NA,NA,NA,NA,NA,NA,NA,NA,NA,NA,NA,NA,NA,NA,NA,NA,NA,NA,NA,NA,NA,NA
2003,"UCF","Mid-American",12,NA,NA,NA,NA,NA,NA,NA,NA,NA,NA,NA,NA,NA,NA,NA,NA,NA,NA,NA,NA,NA,NA,NA,NA,NA,NA,NA,NA
2003,"UCLA","Pac-10",13,NA,NA,NA,NA,NA,NA,NA,NA,NA,NA,NA,NA,NA,NA,NA,NA,NA,NA,NA,NA,NA,NA,NA,NA,NA,NA,NA,NA
2003,"UConn","FBS Independents",12,NA,NA,NA,NA,NA,NA,NA,NA,NA,NA,NA,NA,NA,NA,NA,NA,NA,NA,NA,NA,NA,NA,NA,NA,NA,NA,NA,NA
2003,"UL Monroe","Sun Belt",12,NA,NA,NA,NA,NA,NA,NA,NA,NA,NA,NA,NA,NA,NA,NA,NA,NA,NA,NA,NA,NA,NA,NA,NA,NA,NA,NA,NA
2003,"UNLV","Mountain West",12,NA,NA,NA,NA,NA,NA,NA,NA,NA,NA,NA,NA,NA,NA,NA,NA,NA,NA,NA,NA,NA,NA,NA,NA,NA,NA,NA,NA
2003,"USC","Pac-10",13,NA,NA,NA,NA,NA,NA,NA,NA,NA,NA,NA,NA,NA,NA,NA,NA,NA,NA,NA,NA,NA,NA,NA,NA,NA,NA,NA,NA
2003,"Utah","Mountain West",12,NA,NA,NA,NA,NA,NA,NA,NA,NA,NA,NA,NA,NA,NA,NA,NA,NA,NA,NA,NA,NA,NA,NA,NA,NA,NA,NA,NA
2003,"Utah State","Sun Belt",12,NA,NA,NA,NA,NA,NA,NA,NA,NA,NA,NA,NA,NA,NA,NA,NA,NA,NA,NA,NA,NA,NA,NA,NA,NA,NA,NA,NA
2003,"UTEP","Western Athletic",13,NA,NA,NA,NA,NA,NA,NA,NA,NA,NA,NA,NA,NA,NA,NA,NA,NA,NA,NA,NA,NA,NA,NA,NA,NA,NA,NA,NA
2003,"Vanderbilt","SEC",12,NA,NA,NA,NA,NA,NA,NA,NA,NA,NA,NA,NA,NA,NA,NA,NA,NA,NA,NA,NA,NA,NA,NA,NA,NA,NA,NA,NA
2003,"Virginia","ACC",13,NA,NA,NA,NA,NA,NA,NA,NA,NA,NA,NA,NA,NA,NA,NA,NA,NA,NA,NA,NA,NA,NA,NA,NA,NA,NA,NA,NA
2003,"Virginia Tech","Big East",13,NA,NA,NA,NA,NA,NA,NA,NA,NA,NA,NA,NA,NA,NA,NA,NA,NA,NA,NA,NA,NA,NA,NA,NA,NA,NA,NA,NA
2003,"Wake Forest","ACC",12,NA,NA,NA,NA,NA,NA,NA,NA,NA,NA,NA,NA,NA,NA,NA,NA,NA,NA,NA,NA,NA,NA,NA,NA,NA,NA,NA,NA
2003,"Washington","Pac-10",12,NA,NA,NA,NA,NA,NA,NA,NA,NA,NA,NA,NA,NA,NA,NA,NA,NA,NA,NA,NA,NA,NA,NA,NA,NA,NA,NA,NA
2003,"Washington State","Pac-10",13,NA,NA,NA,NA,NA,NA,NA,NA,NA,NA,NA,NA,NA,NA,NA,NA,NA,NA,NA,NA,NA,NA,NA,NA,NA,NA,NA,NA
2003,"Western Michigan","Mid-American",12,NA,NA,NA,NA,NA,NA,NA,NA,NA,NA,NA,NA,NA,NA,NA,NA,NA,NA,NA,NA,NA,NA,NA,NA,NA,NA,NA,NA
2003,"West Virginia","Big East",13,NA,NA,NA,NA,NA,NA,NA,NA,NA,NA,NA,NA,NA,NA,NA,NA,NA,NA,NA,NA,NA,NA,NA,NA,NA,NA,NA,NA
2003,"Wisconsin","Big Ten",13,NA,NA,NA,NA,NA,NA,NA,NA,NA,NA,NA,NA,NA,NA,NA,NA,NA,NA,NA,NA,NA,NA,NA,NA,NA,NA,NA,NA
2003,"Wyoming","Mountain West",12,NA,NA,NA,NA,NA,NA,NA,NA,NA,NA,NA,NA,NA,NA,NA,NA,NA,NA,NA,NA,NA,NA,NA,NA,NA,NA,NA,NA
2004,"Air Force","Mountain West",11,12786,113,189,1721,12,8,648,3051,31,4680,8,16,261,166,78,7,12,0,0,NA,NA,NA,23,92,0,9,102,0
2004,"Akron","Mid-American",11,11661,223,352,2903,18,8,379,1070,13,3705,8,16,205,152,50,9,19,0,0,NA,NA,NA,28,275,1,11,135,2
2004,"Alabama","SEC",12,14005,146,261,1823,11,11,502,2221,21,3920,12,23,194,161,48,4,12,0,0,NA,NA,NA,42,270,1,12,113,1
2004,"Arizona","Pac-10",11,12151,164,312,2045,4,11,386,1302,9,3178,14,25,172,154,44,5,12,0,0,NA,NA,NA,29,191,0,8,113,0
2004,"Arizona State","Pac-10",12,13432,289,502,4058,30,10,435,1417,6,5225,17,27,264,201,79,10,17,0,0,NA,NA,NA,48,418,0,15,269,1
2004,"Arkansas","SEC",11,11861,162,286,2429,3,13,467,2061,16,4377,7,20,216,159,69,7,20,0,0,NA,NA,NA,29,126,1,6,99,1
2004,"Arkansas State","Sun Belt",11,11871,177,342,2431,14,17,400,1670,8,3940,12,29,199,153,53,6,13,0,0,NA,NA,NA,33,298,1,8,133,0
2004,"Army","Conference USA",11,11118,182,351,2369,12,9,383,1935,21,4198,8,17,199,153,51,6,19,0,0,NA,NA,NA,25,88,0,7,34,0
2004,"Auburn","SEC",13,15187,211,308,3224,25,9,553,2383,27,5469,14,23,272,157,68,6,15,0,0,NA,NA,NA,47,428,0,16,107,1
2004,"Ball State","Mid-American",11,12143,203,354,2602,14,4,414,1257,11,3556,3,7,204,180,63,6,15,0,0,NA,NA,NA,20,53,0,1,37,0
2004,"Baylor","Big 12",11,11532,235,395,2567,8,11,366,1088,8,3430,18,29,193,173,61,4,15,0,0,NA,NA,NA,44,479,1,4,51,0
2004,"Boise State","Western Athletic",12,14216,221,355,3362,18,13,596,2758,49,5912,10,23,313,167,66,17,25,0,0,NA,NA,NA,48,710,2,23,455,4
2004,"Boston College","Big East",12,13319,256,426,3085,20,13,449,1681,12,4625,10,23,239,196,70,12,23,0,0,NA,NA,NA,44,392,3,17,136,1
2004,"Bowling Green","Mid-American",12,13104,313,472,4154,41,4,432,2019,22,6076,6,10,313,162,79,7,11,0,0,NA,NA,NA,29,366,1,13,218,2
2004,"Buffalo","Mid-American",11,8810,84,191,1134,4,9,349,1266,14,2334,4,13,111,132,31,3,9,0,0,NA,NA,NA,21,35,0,9,77,0
2004,"BYU","Mountain West",11,11753,234,424,3321,18,14,382,1149,12,4224,17,31,214,176,57,8,14,0,0,NA,NA,NA,38,140,0,13,252,1
2004,"California","Pac-10",12,14630,219,331,2944,27,8,509,3081,30,5909,12,20,291,147,65,4,9,0,0,NA,NA,NA,47,290,0,10,155,1
2004,"Central Michigan","Mid-American",11,11962,209,375,2674,16,10,448,1869,12,4351,9,19,222,177,61,8,23,0,0,NA,NA,NA,18,169,1,4,62,0
2004,"Cincinnati","Conference USA",12,14919,218,376,2750,26,12,525,2201,17,4867,12,24,251,184,70,13,28,0,0,NA,NA,NA,26,182,0,10,51,0
2004,"Clemson","ACC",11,10333,166,328,2109,7,15,346,1076,14,3028,7,22,169,152,49,4,9,0,0,NA,NA,NA,33,365,1,10,135,1
2004,"Colorado","Big 12",13,12814,233,393,2686,11,17,410,1463,12,4033,10,27,209,173,57,4,12,0,0,NA,NA,NA,47,304,2,15,205,3
2004,"Colorado State","Mountain West",11,12012,209,350,3066,15,17,392,1228,13,4102,13,30,220,158,62,4,12,0,0,NA,NA,NA,30,132,0,8,137,2
2004,"Duke","ACC",11,10702,160,283,1918,2,10,347,1034,5,2697,17,27,144,139,38,11,16,0,0,NA,NA,NA,11,33,0,13,229,2
2004,"East Carolina","Conference USA",11,11658,207,382,2645,18,19,369,1021,7,3392,9,28,189,170,58,4,19,0,0,NA,NA,NA,33,440,1,12,50,0
2004,"Eastern Michigan","Mid-American",11,10384,223,434,2853,19,13,371,1576,13,4368,9,22,230,169,71,11,23,0,0,NA,NA,NA,27,175,1,5,44,0
2004,"Florida","SEC",12,12340,243,407,3394,29,12,415,1870,20,5123,9,21,254,165,70,5,7,0,0,NA,NA,NA,41,207,0,17,190,0
2004,"Florida A&M","FBS Independents",18,4235,113,186,849,0,5,125,323,4,1292,5,10,76,0,0,0,0,24,208,NA,NA,NA,NA,NA,NA,NA,NA,NA
2004,"Florida State","ACC",12,13301,215,402,2737,11,15,460,1944,19,4470,9,24,233,177,40,12,20,0,0,NA,NA,NA,59,619,0,16,164,2
2004,"Fresno State","Western Athletic",12,13101,175,298,2215,23,15,506,2730,36,4854,7,22,246,156,74,7,9,0,0,NA,NA,NA,45,311,1,14,437,4
2004,"Georgia","SEC",12,13287,201,363,3127,24,5,463,1882,16,4854,15,20,235,168,65,10,14,0,0,NA,NA,NA,46,384,1,5,33,0
2004,"Georgia Tech","ACC",12,13738,169,346,2406,17,18,486,1947,11,4157,13,31,229,169,54,3,13,0,0,NA,NA,NA,55,339,0,10,99,2
2004,"Hawai'i","Western Athletic",13,12884,370,636,4505,38,18,264,1247,17,5649,8,26,288,173,71,4,15,0,0,NA,NA,NA,38,543,5,12,65,1
2004,"Houston","Conference USA",11,12405,198,354,3047,11,6,466,1521,15,4287,8,14,233,172,64,8,23,0,0,NA,NA,NA,20,106,0,14,179,1
2004,"Idaho","Sun Belt",12,13955,250,395,2771,14,14,456,1580,17,4081,17,31,229,180,57,11,23,0,0,NA,NA,NA,26,137,0,15,171,1
2004,"Illinois","Big Ten",11,11416,201,354,2186,13,8,405,1687,10,3719,16,24,220,164,66,8,13,0,0,NA,NA,NA,5,58,0,9,192,1
2004,"Indiana","Big Ten",11,11669,151,271,2113,13,8,425,1338,7,3250,6,14,173,148,47,7,13,0,0,NA,NA,NA,32,181,1,9,180,2
2004,"Iowa","Big Ten",12,13819,239,385,3168,20,14,428,871,10,3752,5,19,199,188,65,4,11,0,0,NA,NA,NA,29,260,0,14,141,1
2004,"Iowa State","Big 12",12,13191,174,351,2448,13,9,536,1701,11,3949,10,19,233,209,74,7,25,0,0,NA,NA,NA,47,310,1,17,294,4
2004,"Kansas","Big 12",11,12409,234,420,2570,19,14,378,1034,6,3459,12,26,185,182,60,6,16,0,0,NA,NA,NA,40,309,0,19,231,0
2004,"Kansas State","Big 12",11,12287,154,280,1847,11,8,439,1884,23,3629,14,22,203,146,55,10,18,0,0,NA,NA,NA,32,146,0,9,118,3
2004,"Kent State","Mid-American",11,11810,243,387,2727,19,8,415,1695,24,4168,17,25,234,173,65,9,25,0,0,NA,NA,NA,36,272,1,15,386,1
2004,"Kentucky","SEC",11,10280,175,323,1847,7,11,320,1021,11,2741,18,29,159,142,40,7,21,0,0,NA,NA,NA,19,59,0,10,63,0
2004,"Louisiana","Sun Belt",11,11895,229,397,2657,12,14,421,1680,12,4206,10,24,231,171,69,6,18,0,0,NA,NA,NA,26,94,0,8,133,2
2004,"Louisiana Tech","Western Athletic",12,13027,154,300,2398,11,11,490,2403,25,4560,19,30,219,170,49,6,13,0,0,NA,NA,NA,41,210,1,9,164,1
2004,"Louisville","Conference USA",12,13638,256,359,3562,27,5,534,3005,47,6468,11,16,323,158,77,13,24,0,0,NA,NA,NA,58,456,2,17,116,1
2004,"LSU","SEC",12,13731,179,319,2667,19,10,506,2326,20,4747,16,26,250,167,64,3,7,0,0,NA,NA,NA,47,269,1,14,241,1
2004,"Marshall","Mid-American",12,13198,248,425,2697,19,15,403,1355,11,3858,12,27,217,179,62,6,18,0,0,NA,NA,NA,38,331,1,19,235,4
2004,"Maryland","ACC",11,12403,161,305,2199,8,16,450,1314,12,3277,10,26,183,174,63,4,11,0,0,NA,NA,NA,33,211,0,6,50,0
2004,"Memphis","Conference USA",12,11776,209,378,2772,23,11,447,2322,25,5061,6,17,249,168,76,7,11,0,0,NA,NA,NA,35,347,1,10,131,0
2004,"Miami","ACC",12,13051,207,370,2955,22,6,422,1572,16,4384,9,15,215,169,55,4,12,0,0,NA,NA,NA,55,697,7,13,144,0
2004,"Miami (OH)","Mid-American",13,14537,277,460,3831,24,16,453,1561,25,5196,18,34,284,173,64,9,20,0,0,NA,NA,NA,46,593,2,9,81,0
2004,"Michigan","Big Ten",12,13717,248,415,2988,25,12,481,1843,15,4638,10,22,250,194,79,4,12,0,0,NA,NA,NA,44,413,2,16,322,2
2004,"Michigan State","Big Ten",12,12923,234,399,2692,16,17,500,2862,22,5520,7,24,270,174,63,4,14,0,0,NA,NA,NA,51,352,2,8,45,0
2004,"Middle Tennessee","Sun Belt",11,12247,282,404,3111,15,16,360,1172,12,4117,11,27,219,164,68,5,11,0,0,NA,NA,NA,26,208,1,7,42,0
2004,"Minnesota","Big Ten",12,12550,128,269,2238,17,9,572,3082,29,5260,4,13,245,175,66,12,24,0,0,NA,NA,NA,38,142,0,11,72,0
2004,"Mississippi State","SEC",11,11216,147,290,1743,9,13,401,1744,11,3335,12,25,167,151,54,2,11,0,0,NA,NA,NA,30,195,1,8,97,1
2004,"Missouri","Big 12",11,12342,197,377,2456,18,11,457,1815,13,4098,7,18,213,197,76,10,20,0,0,NA,NA,NA,37,247,0,15,176,1
2004,"Navy","FBS Independents",12,13342,65,122,1291,8,4,689,3474,36,4666,12,16,238,157,73,17,26,0,0,NA,NA,NA,36,162,0,12,160,2
2004,"NC State","ACC",11,12175,191,343,2420,12,17,435,1617,15,3839,18,35,211,163,51,7,16,0,0,NA,NA,NA,49,393,3,6,92,1
2004,"Nebraska","Big 12",11,11207,156,322,2172,17,23,412,1939,18,3995,13,36,194,153,45,9,20,0,0,NA,NA,NA,45,181,1,14,352,0
2004,"Nevada","Western Athletic",12,13587,278,473,3379,18,14,463,1849,26,5025,13,27,283,177,68,12,23,0,0,NA,NA,NA,25,207,0,15,152,2
2004,"New Mexico","Mountain West",12,12821,116,259,1602,6,12,526,2147,17,3576,8,20,193,175,55,2,10,0,0,NA,NA,NA,37,220,2,13,73,0
2004,"New Mexico State","Sun Belt",11,11666,209,340,2811,18,7,406,1422,14,4102,14,21,216,150,52,10,15,0,0,NA,NA,NA,17,153,0,10,152,2
2004,"North Carolina","ACC",12,12723,202,339,2704,18,11,436,2115,19,4688,8,19,222,157,62,8,15,0,0,NA,NA,NA,34,203,0,8,129,1
2004,"Northern Illinois","Mid-American",12,12981,168,305,2493,22,11,550,2858,28,5265,1,12,261,174,70,12,23,0,0,NA,NA,NA,31,411,1,13,181,1
2004,"North Texas","Sun Belt",12,12862,139,250,1984,14,4,491,2237,21,4128,10,14,200,162,50,3,7,0,0,NA,NA,NA,27,153,1,11,160,0
2004,"Northwestern","Big Ten",12,12076,249,463,2917,12,9,445,2066,23,4914,2,11,262,190,67,10,18,0,0,NA,NA,NA,32,270,1,8,16,0
2004,"Notre Dame","FBS Independents",12,13609,195,362,2760,17,10,460,1529,16,4146,6,16,217,183,67,4,15,0,0,NA,NA,NA,36,358,0,9,201,2
2004,"Ohio","Mid-American",11,11217,164,326,2346,12,11,372,1017,8,3027,11,22,162,157,47,8,21,0,0,NA,NA,NA,34,334,2,8,88,1
2004,"Ohio State","Big Ten",12,12928,166,310,2240,14,9,441,1745,9,3850,17,26,185,171,60,2,5,0,0,NA,NA,NA,31,218,1,15,164,1
2004,"Oklahoma","Big 12",13,15758,268,406,3372,36,9,565,2709,22,6007,9,18,310,200,100,12,17,0,0,NA,NA,NA,57,316,2,8,120,0
2004,"Oklahoma State","Big 12",12,13933,104,201,1809,14,5,594,2844,32,4566,4,9,225,170,65,8,18,0,0,NA,NA,NA,33,426,2,11,167,2
2004,"Ole Miss","SEC",11,11923,178,350,2291,7,13,439,1748,13,3861,11,24,213,163,46,4,12,0,0,NA,NA,NA,40,171,0,8,158,2
2004,"Oregon","Pac-10",11,12376,229,388,2840,22,10,429,1746,11,4367,17,27,237,159,58,10,21,0,0,NA,NA,NA,38,345,1,12,106,2
2004,"Oregon State","Pac-10",12,13544,287,532,3972,29,17,378,848,10,4554,14,31,243,200,66,6,20,0,0,NA,NA,NA,55,297,0,19,112,0
2004,"Penn State","Big Ten",11,10460,170,329,1931,9,17,327,1298,12,3105,8,25,167,145,52,4,14,0,0,NA,NA,NA,41,203,0,15,177,0
2004,"Pittsburgh","Big East",12,13561,232,414,3433,24,7,448,1173,10,4294,6,13,232,194,71,8,14,0,0,NA,NA,NA,42,191,0,17,290,4
2004,"Purdue","Big Ten",12,12967,297,486,4061,38,8,424,1504,11,5358,14,22,280,189,88,7,12,0,0,NA,NA,NA,41,167,0,8,101,0
2004,"Rice","Western Athletic",11,13496,59,136,962,5,11,688,3372,30,4200,13,24,237,167,64,15,34,0,0,NA,NA,NA,25,191,0,13,130,1
2004,"Rutgers","Big East",11,12206,303,473,3571,19,20,367,918,9,4334,19,39,230,179,68,4,15,0,0,NA,NA,NA,25,143,0,11,104,1
2004,"San Diego State","Mountain West",11,11781,240,444,2884,7,17,377,1432,8,4123,11,28,218,170,49,12,29,0,0,NA,NA,NA,43,280,0,14,173,1
2004,"San José State","Western Athletic",11,11377,135,263,2154,15,9,441,1782,22,3715,16,25,195,151,49,10,24,0,0,NA,NA,NA,20,203,1,12,110,1
2004,"SMU","Western Athletic",11,11397,191,351,2464,11,17,410,1377,12,3673,13,30,197,163,66,7,22,0,0,NA,NA,NA,20,186,0,6,63,1
2004,"South Carolina","SEC",11,13012,159,280,2354,13,15,464,1856,14,4058,11,26,201,162,61,7,16,0,0,NA,NA,NA,30,154,0,17,312,2
2004,"Southern Miss","Conference USA",12,12862,170,351,2300,15,9,470,1739,20,3915,10,19,209,178,60,7,21,0,0,NA,NA,NA,28,171,0,16,263,2
2004,"South Florida","Conference USA",11,11436,145,304,1954,8,11,447,2066,23,3886,12,23,203,153,59,6,15,0,0,NA,NA,NA,32,196,0,4,110,3
2004,"Stanford","Pac-10",11,11300,208,409,3031,9,14,353,893,13,3613,7,21,189,181,69,2,13,0,0,NA,NA,NA,38,270,1,16,123,0
2004,"Syracuse","Big East",12,11905,161,284,1974,8,13,441,1906,20,3709,10,23,193,151,49,5,11,0,0,NA,NA,NA,35,178,1,13,253,3
2004,"TCU","Conference USA",11,12094,204,365,3085,21,8,476,1828,26,4738,6,14,241,168,52,8,17,0,0,NA,NA,NA,28,201,0,9,190,1
2004,"Temple","Big East",11,11065,185,328,2423,10,6,400,1618,16,3865,13,19,197,154,52,9,22,0,0,NA,NA,NA,21,116,0,7,39,0
2004,"Tennessee","SEC",13,14289,210,376,2880,27,15,520,2418,21,5193,9,24,276,178,75,6,11,0,0,NA,NA,NA,43,200,0,14,70,0
2004,"Texas","Big 12",12,14149,159,275,2069,12,11,615,3590,39,5573,8,19,283,171,73,8,14,0,0,NA,NA,NA,34,185,1,13,209,1
2004,"Texas A&M","Big 12",12,12085,223,378,3282,18,4,434,2007,24,5141,9,13,242,166,60,6,19,0,0,NA,NA,NA,30,135,0,12,111,1
2004,"Texas Tech","Big 12",12,13026,426,651,4972,34,18,293,1104,23,5900,8,26,319,178,81,10,27,0,0,NA,NA,NA,40,424,1,11,250,0
2004,"Toledo","Mid-American",13,14650,308,449,4015,28,10,527,2095,26,5974,17,27,300,186,74,23,39,0,0,NA,NA,NA,10,9,0,12,158,2
2004,"Troy","Sun Belt",12,12588,99,232,1648,12,11,510,2007,17,3410,11,22,174,167,49,4,15,0,0,NA,NA,NA,47,379,2,25,403,4
2004,"Tulane","Conference USA",11,11727,202,338,2741,28,13,376,1392,11,3967,9,22,206,147,57,5,11,0,0,NA,NA,NA,30,271,2,6,57,0
2004,"Tulsa","Western Athletic",12,13131,184,338,2480,13,16,513,2021,24,4263,12,28,240,172,62,10,18,0,0,NA,NA,NA,31,215,1,10,90,1
2004,"UAB","Conference USA",12,11996,178,330,2841,23,7,399,1622,16,4297,9,16,227,142,48,5,12,0,0,NA,NA,NA,31,255,1,4,99,2
2004,"UCF","Mid-American",11,12005,176,302,2360,10,13,427,1067,9,3080,17,30,178,166,55,10,20,0,0,NA,NA,NA,34,220,1,10,159,1
2004,"UCLA","Pac-10",12,12426,204,358,2847,22,13,466,2219,18,4920,13,26,242,177,69,7,16,0,0,NA,NA,NA,43,511,2,13,201,2
2004,"UConn","Big East",12,13841,292,464,3488,23,15,421,1781,16,5157,10,25,269,176,63,11,19,0,0,NA,NA,NA,37,417,1,10,74,3
2004,"UL Monroe","Sun Belt",11,11956,207,373,2429,12,14,404,1538,12,3883,10,24,213,167,57,9,14,0,0,NA,NA,NA,34,184,0,13,120,0
2004,"UNLV","Mountain West",11,11224,156,324,1975,11,17,442,1904,17,3746,18,35,201,159,50,11,20,0,0,NA,NA,NA,27,136,0,6,141,0
2004,"USC","Pac-10",13,15045,282,429,3695,34,7,493,2306,27,5838,12,19,292,182,74,11,21,0,0,NA,NA,NA,48,406,2,22,358,0
2004,"Utah","Mountain West",12,13723,231,343,3246,33,5,526,2849,36,5997,9,14,304,153,76,7,17,0,0,NA,NA,NA,50,382,1,15,227,2
2004,"Utah State","Sun Belt",11,11470,210,367,2594,11,19,359,839,7,3194,10,29,181,162,52,8,21,0,0,NA,NA,NA,24,438,2,12,308,1
2004,"UTEP","Western Athletic",12,12638,229,393,3140,29,19,454,1707,20,4727,11,30,239,165,58,5,9,0,0,NA,NA,NA,32,335,1,17,295,2
2004,"Vanderbilt","SEC",11,10909,153,253,2043,9,5,396,1462,15,3309,13,18,188,137,56,3,11,0,0,NA,NA,NA,17,96,0,9,44,1
2004,"Virginia","ACC",12,13680,179,284,2271,9,5,550,2914,34,5081,7,12,264,163,76,7,9,0,0,NA,NA,NA,46,326,1,9,38,0
2004,"Virginia Tech","ACC",13,14927,179,319,2672,24,9,552,2317,18,4752,13,22,259,171,62,3,10,0,0,NA,NA,NA,47,429,0,19,318,4
2004,"Wake Forest","ACC",11,11377,128,243,1734,6,7,527,2267,18,3864,7,14,200,169,66,2,12,0,0,NA,NA,NA,31,119,0,11,184,4
2004,"Washington","Pac-10",11,11506,161,401,2285,8,24,414,1322,10,3421,22,46,188,182,55,9,24,0,0,NA,NA,NA,38,96,0,9,74,0
2004,"Washington State","Pac-10",11,10953,189,389,2856,20,12,410,1408,13,4055,22,34,195,180,59,3,14,0,0,NA,NA,NA,46,439,2,12,67,1
2004,"Western Michigan","Mid-American",11,12094,259,431,3044,23,17,363,1095,7,4008,13,30,216,169,70,2,14,0,0,NA,NA,NA,31,315,2,10,177,1
2004,"West Virginia","Big East",12,12969,149,259,2114,20,11,590,3034,13,5027,11,22,243,158,53,9,19,0,0,NA,NA,NA,30,352,1,16,200,2
2004,"Wisconsin","Big Ten",12,14754,171,325,2103,9,7,532,1931,18,3937,16,23,226,189,74,14,26,0,0,NA,NA,NA,55,466,0,11,92,1
2004,"Wyoming","Mountain West",12,13860,235,403,3176,19,16,478,1552,16,4437,6,22,252,193,72,10,20,0,0,NA,NA,NA,40,513,2,14,85,0
2005,"Air Force","Mountain West",11,11242,121,205,1952,14,10,588,2712,28,4590,14,24,244,149,59,17,23,0,0,NA,NA,NA,23,168,0,9,91,0
2005,"Akron","Mid-American",13,14303,284,541,3728,24,12,422,1395,12,4996,13,25,251,213,69,10,27,0,0,NA,NA,NA,48,218,0,7,102,0
2005,"Alabama","SEC",12,14472,209,351,2846,16,4,463,1710,12,4307,9,13,222,183,66,4,12,0,0,NA,NA,NA,43,195,0,11,155,1
2005,"Arizona","Pac-10",11,12028,211,368,2663,9,16,382,1342,6,3864,15,31,213,159,61,4,15,0,0,NA,NA,NA,42,223,1,12,133,1
2005,"Arizona State","Pac-10",12,12829,312,493,4701,18,11,447,1748,17,6229,11,22,314,172,77,9,17,0,0,NA,NA,NA,36,389,2,10,97,1
2005,"Arkansas","SEC",11,11802,150,280,1749,13,12,481,2386,19,3967,11,23,208,157,55,11,25,0,0,NA,NA,NA,40,287,0,12,107,1
2005,"Arkansas State","Sun Belt",12,12217,162,299,2321,13,10,481,2318,21,4441,11,21,219,166,59,3,11,0,0,NA,NA,NA,41,395,1,13,307,1
2005,"Army","FBS Independents",11,12259,174,312,2108,11,15,472,1543,16,3475,5,20,206,175,64,10,23,0,0,NA,NA,NA,36,216,0,12,159,0
2005,"Auburn","SEC",12,12567,178,317,2586,18,8,446,1939,21,4346,11,19,231,150,63,4,12,0,0,NA,NA,NA,39,192,0,7,75,0
2005,"Ball State","Mid-American",11,9056,193,312,2163,18,7,383,1117,6,3069,9,16,173,158,49,8,16,0,0,NA,NA,NA,1,2,0,8,60,1
2005,"Baylor","Big 12",11,11897,222,392,2482,13,12,385,1209,10,3497,13,25,200,175,64,4,12,0,0,NA,NA,NA,36,412,1,15,105,1
2005,"Boise State","Western Athletic",13,14217,226,390,3035,20,19,560,2632,36,5524,16,35,292,190,79,12,28,0,0,NA,NA,NA,50,593,3,13,221,2
2005,"Boston College","ACC",12,11976,260,416,3002,17,12,449,1740,21,4653,11,23,254,177,73,7,12,0,0,NA,NA,NA,42,264,0,11,62,1
2005,"Bowling Green","Mid-American",11,10104,223,380,2943,24,10,377,1447,15,4244,8,18,232,153,57,8,19,0,0,NA,NA,NA,30,262,0,13,147,1
2005,"Buffalo","Mid-American",11,12607,191,331,2190,7,15,411,1187,7,3063,14,29,171,173,52,7,19,0,0,NA,NA,NA,35,97,0,9,122,0
2005,"BYU","Mountain West",12,14019,332,516,3872,27,13,418,1828,24,5549,7,20,306,174,71,8,16,0,0,NA,NA,NA,36,189,0,9,79,0
2005,"California","Pac-10",12,13017,167,321,2430,22,17,483,2823,27,5135,11,28,251,148,52,4,9,0,0,NA,NA,NA,43,438,2,15,392,2
2005,"Central Michigan","Mid-American",11,11601,259,426,3049,16,6,434,1746,15,4607,5,11,227,191,63,6,21,0,0,NA,NA,NA,44,280,2,8,62,0
2005,"Cincinnati","Big East",11,12208,197,348,2455,15,13,426,1370,10,3569,14,27,220,158,47,9,15,0,0,NA,NA,NA,35,171,0,7,3,0
2005,"Clemson","ACC",12,13243,248,376,2922,14,10,452,1823,20,4237,7,17,251,162,59,7,14,2,15,3,24,0,37,206,1,11,132,0
2005,"Colorado","Big 12",13,13872,265,453,3069,15,8,429,1422,15,4318,14,22,242,192,62,6,15,0,0,NA,NA,NA,46,311,2,14,189,1
2005,"Colorado State","Mountain West",12,12487,248,402,3642,25,15,420,1460,14,4896,7,22,241,169,67,9,21,0,0,NA,NA,NA,27,226,1,13,216,1
2005,"Duke","ACC",11,12749,134,284,1537,5,17,435,1398,16,2729,9,26,154,172,53,10,18,0,0,NA,NA,NA,27,163,0,9,74,0
2005,"East Carolina","Conference USA",11,10527,224,370,2971,14,8,394,1512,17,4328,15,23,216,159,57,5,12,0,0,NA,NA,NA,25,138,0,15,160,0
2005,"Eastern Michigan","Mid-American",11,11763,262,422,2560,16,6,359,1355,10,3805,5,11,212,171,63,13,22,0,0,NA,NA,NA,18,73,0,11,112,1
2005,"Florida","SEC",12,14373,241,385,2944,20,7,455,1761,19,4481,7,14,245,176,65,10,22,0,0,NA,NA,NA,47,251,2,16,145,1
2005,"Florida Atlantic","Sun Belt",11,9798,156,297,2183,13,17,423,1256,6,3212,10,27,179,159,50,6,11,0,0,NA,NA,NA,11,22,0,14,162,1
2005,"Florida International","Sun Belt",11,10732,232,384,2720,14,12,358,1348,12,3943,20,32,224,150,57,8,22,0,0,NA,NA,NA,30,122,1,10,262,4
2005,"Florida State","ACC",13,10678,256,444,3390,19,14,320,1043,17,4269,9,23,207,160,60,4,10,0,0,NA,NA,NA,51,641,3,11,139,1
2005,"Fresno State","Western Athletic",13,12840,238,387,3041,27,15,448,2028,24,4994,10,25,264,163,76,13,24,0,0,NA,NA,NA,34,598,4,9,74,0
2005,"Georgia","SEC",13,13514,201,363,3067,26,7,455,2108,16,5085,11,18,258,163,57,7,12,0,0,NA,NA,NA,56,456,1,16,162,1
2005,"Georgia Tech","ACC",12,14292,197,419,2427,12,12,464,1845,13,4188,7,19,240,198,69,5,13,0,0,NA,NA,NA,50,198,0,21,246,2
2005,"Hawai'i","Western Athletic",12,13164,379,578,4834,37,15,279,1103,10,5714,8,23,308,148,62,5,19,0,0,NA,NA,NA,10,40,0,9,77,0
2005,"Houston","Conference USA",12,12176,228,384,3109,18,13,440,1874,21,4359,12,25,240,165,63,11,21,16,164,3,58,0,26,292,1,10,114,0
2005,"Idaho","Western Athletic",11,12387,239,423,3059,17,19,350,862,8,3692,10,29,202,172,56,5,15,0,0,NA,NA,NA,34,140,0,13,217,1
2005,"Illinois","Big Ten",11,11801,222,371,2354,12,14,438,1740,8,3901,7,21,220,173,62,4,11,0,0,NA,NA,NA,NA,NA,NA,3,71,0
2005,"Indiana","Big Ten",11,11238,198,359,2379,22,13,394,1306,9,3490,10,23,192,171,64,8,15,0,0,NA,NA,NA,39,128,0,6,154,0
2005,"Iowa","Big Ten",12,11566,245,404,3208,23,8,436,2096,19,5189,10,18,272,160,61,2,8,0,0,NA,NA,NA,34,340,1,10,68,1
2005,"Iowa State","Big 12",12,13522,227,368,3124,19,10,491,1328,20,4204,12,22,230,181,63,8,13,0,0,NA,NA,NA,15,107,0,22,239,2
2005,"Kansas","Big 12",12,12958,211,396,2487,13,19,425,1608,15,3956,11,30,208,180,59,2,16,0,0,NA,NA,NA,65,640,2,15,242,2
2005,"Kansas State","Big 12",11,12163,164,318,2419,9,12,432,1522,12,3737,17,29,192,169,53,5,10,0,0,NA,NA,NA,39,347,3,8,112,1
2005,"Kent State","Mid-American",11,10400,262,467,2881,15,22,284,505,5,3117,10,32,177,175,52,8,24,0,0,NA,NA,NA,28,184,0,10,89,1
2005,"Kentucky","SEC",11,11086,178,304,2096,6,9,391,1415,21,3272,19,28,184,152,55,4,12,0,0,NA,NA,NA,29,395,0,5,76,0
2005,"Louisiana","Sun Belt",11,12953,136,237,1503,3,9,531,2797,34,4253,12,21,228,145,61,9,14,0,0,NA,NA,NA,20,139,0,6,101,1
2005,"Louisiana Tech","Western Athletic",11,12626,192,356,2597,17,10,428,1623,19,4033,8,18,221,163,58,7,13,0,0,NA,NA,NA,37,144,0,13,130,0
2005,"Louisville","Big East",12,11681,246,376,3710,24,10,472,2262,41,5785,13,23,287,148,62,8,21,0,0,NA,NA,NA,49,394,0,9,88,1
2005,"LSU","SEC",13,15170,216,360,3175,22,10,509,1951,21,4863,16,26,255,169,63,6,11,0,0,NA,NA,NA,60,410,2,10,124,1
2005,"Marshall","Conference USA",11,12034,228,407,2398,12,14,375,1360,13,3616,17,31,221,161,57,4,15,0,0,NA,NA,NA,41,274,0,9,147,0
2005,"Maryland","ACC",11,10735,194,321,2733,13,16,399,1357,15,3891,8,24,223,136,44,7,15,0,0,NA,NA,NA,20,95,0,7,51,0
2005,"Memphis","Conference USA",12,13329,135,239,1623,9,7,597,3215,28,4775,8,15,235,166,54,6,13,0,0,NA,NA,NA,40,153,0,12,148,0
2005,"Miami","ACC",12,13269,195,340,2760,20,12,447,1653,18,3890,13,25,217,159,48,3,13,14,115,3,81,0,40,398,2,14,223,0
2005,"Miami (OH)","Mid-American",11,11993,254,445,3357,27,14,412,1474,15,4682,9,23,260,172,68,8,21,0,0,NA,NA,NA,31,346,1,20,183,1
2005,"Michigan","Big Ten",12,13456,238,409,2789,23,8,499,1939,16,4611,13,21,259,188,73,11,23,0,0,NA,NA,NA,40,423,0,12,95,0
2005,"Michigan State","Big Ten",11,11428,234,348,3141,22,12,407,1983,19,4977,7,19,255,133,59,5,12,0,0,NA,NA,NA,30,187,0,5,60,1
2005,"Middle Tennessee","Sun Belt",11,12536,208,316,2406,9,7,429,1200,18,3383,5,12,191,170,65,7,12,0,0,NA,NA,NA,30,206,0,14,128,0
2005,"Minnesota","Big Ten",12,14200,185,323,2689,20,10,610,3277,34,5937,6,16,290,183,92,8,23,0,0,NA,NA,NA,42,251,1,7,122,1
2005,"Mississippi State","SEC",11,11335,146,302,1794,10,10,385,1514,9,3038,12,22,161,158,47,9,18,0,0,NA,NA,NA,34,83,0,12,114,0
2005,"Missouri","Big 12",12,12659,277,469,2846,15,11,512,2463,26,5157,17,28,281,210,85,17,28,0,0,NA,NA,NA,40,259,1,12,234,3
2005,"Navy","FBS Independents",12,11304,69,147,1526,7,12,672,3832,45,5230,10,22,263,157,67,18,30,0,0,NA,NA,NA,29,89,0,10,87,1
2005,"NC State","ACC",12,11389,174,318,2376,13,14,396,1297,12,3494,11,25,174,150,36,6,15,0,0,NA,NA,NA,47,194,0,10,113,2
2005,"Nebraska","Big 12",12,13119,239,444,2951,20,13,420,1152,10,3844,13,26,221,182,55,6,19,0,0,NA,NA,NA,58,645,0,13,187,3
2005,"Nevada","Western Athletic",12,14352,249,406,3193,21,11,536,2394,29,5392,13,24,300,182,85,7,15,0,0,NA,NA,NA,33,253,0,11,291,2
2005,"New Mexico","Mountain West",11,13099,187,311,2299,16,13,527,2200,23,4371,8,21,245,175,71,9,18,0,0,NA,NA,NA,29,188,0,15,226,1
2005,"New Mexico State","Western Athletic",12,11504,310,547,3494,17,22,347,941,8,4133,19,41,229,194,59,19,42,0,0,NA,NA,NA,25,50,0,7,18,0
2005,"North Carolina","ACC",11,12264,183,356,2600,9,12,403,1116,10,3473,12,24,198,166,55,5,16,0,0,NA,NA,NA,34,286,1,11,99,1
2005,"Northern Illinois","Mid-American",12,12854,229,337,3029,24,10,477,2453,28,5302,16,26,252,153,60,7,12,0,0,NA,NA,NA,36,251,0,11,64,0
2005,"North Texas","Sun Belt",11,11223,135,278,1593,9,13,405,1569,8,2991,8,21,151,162,47,5,12,0,0,NA,NA,NA,23,132,1,7,145,1
2005,"Northwestern","Big Ten",12,13002,320,512,3763,22,9,462,2323,25,6004,12,21,329,182,76,10,20,0,0,NA,NA,NA,26,264,1,20,290,2
2005,"Notre Dame","FBS Independents",12,14413,294,454,4107,32,8,491,1765,21,5728,6,14,314,184,86,8,18,0,0,NA,NA,NA,36,396,2,13,223,3
2005,"Ohio","Mid-American",11,11120,120,264,1418,5,12,427,1915,16,3218,6,18,162,155,39,0,5,0,0,NA,NA,NA,29,201,1,15,242,2
2005,"Ohio State","Big Ten",12,13968,196,302,2823,18,5,506,2360,23,5068,19,24,256,156,73,3,6,0,0,NA,NA,NA,42,424,2,6,101,2
2005,"Oklahoma","Big 12",12,13743,179,336,2304,10,11,526,2130,27,4257,17,28,232,190,65,11,19,0,0,NA,NA,NA,42,222,0,13,220,3
2005,"Oklahoma State","Big 12",11,11251,159,322,2070,11,17,432,1693,16,3573,24,41,197,153,42,9,13,0,0,NA,NA,NA,27,176,0,5,57,0
2005,"Ole Miss","SEC",11,11404,197,371,2503,9,18,332,806,6,3099,8,26,159,166,51,7,14,0,0,NA,NA,NA,31,169,1,6,85,0
2005,"Oregon","Pac-10",12,10768,247,404,3109,22,9,353,1304,13,4330,7,16,216,161,64,7,16,0,0,NA,NA,NA,35,350,1,19,361,1
2005,"Oregon State","Pac-10",11,12928,267,459,3484,13,23,415,1348,17,4609,16,39,243,190,68,11,19,0,0,NA,NA,NA,45,232,0,12,185,2
2005,"Penn State","Big Ten",12,12885,175,331,2604,18,10,503,2553,29,5058,13,23,261,166,66,6,6,0,0,NA,NA,NA,60,401,1,16,170,1
2005,"Pittsburgh","Big East",11,11454,194,347,2653,17,9,402,1285,9,3694,19,28,197,163,54,4,14,0,0,NA,NA,NA,35,338,1,14,138,1
2005,"Purdue","Big Ten",11,12129,241,428,2712,10,13,416,2054,31,4713,9,22,245,171,68,6,13,0,0,NA,NA,NA,37,238,1,14,165,1
2005,"Rice","Conference USA",11,12621,89,210,1276,9,12,600,2576,22,3712,19,31,224,168,59,18,35,0,0,NA,NA,NA,28,120,0,6,102,1
2005,"Rutgers","Big East",12,12948,206,357,2926,20,19,454,1947,16,4765,5,24,238,163,56,4,9,0,0,NA,NA,NA,37,199,2,6,81,0
2005,"San Diego State","Mountain West",12,12226,246,401,2962,1,14,458,1770,11,4549,12,26,239,186,74,8,17,0,0,NA,NA,NA,36,139,1,18,306,3
2005,"San José State","Western Athletic",11,10915,171,360,2296,13,11,389,1590,14,3800,9,20,191,167,45,11,20,0,0,NA,NA,NA,25,124,0,13,103,2
2005,"SMU","Conference USA",11,10442,157,296,1987,9,7,380,1330,11,3150,13,20,161,154,47,5,14,0,0,NA,NA,NA,24,193,0,15,228,0
2005,"South Carolina","SEC",12,12327,213,355,2864,21,12,365,1142,13,3791,12,24,206,142,45,4,14,0,0,NA,NA,NA,31,85,0,12,141,1
2005,"Southern Miss","Conference USA",12,11803,224,409,3074,23,13,409,1336,16,4288,7,20,228,176,70,5,16,0,0,NA,NA,NA,37,189,0,15,186,2
2005,"South Florida","Big East",12,11535,143,303,1914,8,15,579,2436,23,4171,11,26,224,197,73,10,23,0,0,NA,NA,NA,47,512,0,13,141,2
2005,"Stanford","Pac-10",11,12031,207,337,2761,17,8,387,1015,8,3478,10,18,200,146,48,0,7,0,0,NA,NA,NA,27,178,1,12,70,1
2005,"Syracuse","Big East",11,12062,140,305,1894,6,15,396,1172,11,2579,14,29,141,165,34,8,19,1,13,3,78,0,36,271,1,14,126,0
2005,"TCU","Mountain West",12,13286,209,378,2629,15,11,537,2306,32,4799,8,19,255,192,65,9,20,0,0,NA,NA,NA,46,325,0,26,297,0
2005,"Temple","FBS Independents",11,10374,146,307,1917,4,11,343,741,8,2459,17,28,151,159,50,7,15,0,0,NA,NA,NA,12,38,0,9,30,0
2005,"Tennessee","SEC",11,11702,186,356,2329,11,13,399,1411,10,3589,16,29,196,165,58,4,17,0,0,NA,NA,NA,37,226,0,9,152,2
2005,"Texas","Big 12",13,14716,218,336,3186,26,11,605,3574,47,6657,10,21,321,173,77,10,20,0,0,NA,NA,NA,61,671,4,11,90,0
2005,"Texas A&M","Big 12",11,11645,166,321,2406,19,10,452,2584,23,4865,12,22,237,144,45,11,17,0,0,NA,NA,NA,20,136,1,12,74,0
2005,"Texas Tech","Big 12",12,12721,391,588,4947,34,12,308,1284,25,5950,8,20,322,144,52,13,18,0,0,NA,NA,NA,47,414,1,12,184,0
2005,"Toledo","Mid-American",12,13469,241,378,2859,30,13,490,2602,20,5365,7,20,285,167,74,12,27,0,0,NA,NA,NA,38,164,0,15,250,4
2005,"Troy","Sun Belt",11,11811,150,298,2082,12,14,430,1300,5,3136,12,26,187,157,48,7,13,0,0,NA,NA,NA,38,419,1,5,18,0
2005,"Tulane","Conference USA",11,11577,218,423,2741,20,16,341,979,9,3530,10,26,197,174,68,11,25,0,0,NA,NA,NA,33,308,0,7,134,2
2005,"Tulsa","Conference USA",13,15098,255,406,3198,21,8,491,2158,29,5229,11,19,264,194,88,4,7,0,0,NA,NA,NA,38,232,1,22,171,0
2005,"UAB","Conference USA",11,10856,234,372,3094,19,11,319,1379,13,4408,5,16,224,132,48,6,13,0,0,NA,NA,NA,31,112,0,13,72,1
2005,"UCF","Conference USA",13,15050,233,394,3335,24,9,557,2172,18,5217,15,24,277,199,77,11,21,0,0,NA,NA,NA,33,463,2,19,235,0
2005,"UCLA","Pac-10",12,11757,247,389,3379,34,6,436,1928,21,5172,11,17,262,163,59,8,20,0,0,NA,NA,NA,22,475,3,8,100,0
2005,"UConn","Big East",11,12545,156,307,1847,14,10,486,1913,17,3557,14,24,208,182,58,5,11,0,0,NA,NA,NA,48,384,0,14,227,2
2005,"UL Monroe","Sun Belt",11,12496,217,405,2382,13,11,402,1551,17,3863,16,27,223,172,67,8,19,0,0,NA,NA,NA,29,64,0,17,214,1
2005,"UNLV","Mountain West",11,11104,215,394,2645,15,17,366,1188,10,3577,8,25,202,170,56,8,22,0,0,NA,NA,NA,22,97,0,5,24,0
2005,"USC","Pac-10",13,12696,283,438,3820,29,9,475,3068,47,6792,6,15,336,153,79,17,30,0,0,NA,NA,NA,27,166,1,22,211,1
2005,"Utah","Mountain West",12,13681,258,415,3720,26,10,494,2142,18,5676,17,27,274,186,70,11,20,0,0,NA,NA,NA,49,202,0,14,132,1
2005,"Utah State","Western Athletic",11,11971,185,307,2378,14,8,438,1287,10,3487,12,20,200,160,56,5,18,0,0,NA,NA,NA,35,270,1,5,37,0
2005,"UTEP","Conference USA",12,11670,235,406,3435,27,17,352,1312,13,4035,16,33,240,153,55,8,14,11,85,3,63,0,15,155,1,13,267,2
2005,"Vanderbilt","SEC",11,12674,274,467,3288,21,9,361,1266,16,4352,8,17,257,168,74,9,18,0,0,NA,NA,NA,25,76,0,8,80,1
2005,"Virginia","ACC",12,12220,224,363,2863,15,13,450,1706,20,3979,6,19,235,176,74,4,12,6,58,3,83,0,32,138,0,15,65,1
2005,"Virginia Tech","ACC",13,15593,181,301,2699,18,10,599,2479,30,4952,10,20,282,170,68,9,15,0,0,NA,NA,NA,57,403,0,19,320,5
2005,"Wake Forest","ACC",11,12432,172,292,2015,7,10,525,2173,19,3947,11,21,201,186,62,10,21,0,0,NA,NA,NA,36,149,0,14,204,3
2005,"Washington","Pac-10",11,11171,170,324,2604,12,8,380,1487,15,3938,14,22,192,143,44,7,21,0,0,NA,NA,NA,24,110,0,9,167,2
2005,"Washington State","Pac-10",11,9077,181,323,2772,22,11,370,1965,17,4643,8,19,218,135,55,5,12,0,0,NA,NA,NA,33,255,1,8,64,1
2005,"Western Michigan","Mid-American",11,10942,243,385,2839,30,11,427,1605,10,4317,11,22,232,163,63,8,16,0,0,NA,NA,NA,32,212,1,15,197,2
2005,"West Virginia","Big East",12,13617,122,193,1493,12,7,625,3269,34,4667,10,17,226,174,74,9,14,0,0,NA,NA,NA,32,358,2,17,151,2
2005,"Wisconsin","Big Ten",13,14924,200,337,3203,22,9,572,2186,31,5155,7,16,277,193,87,9,18,0,0,NA,NA,NA,43,484,3,16,243,2
2005,"Wyoming","Mountain West",11,11101,223,377,2876,18,19,356,1292,15,3995,14,33,214,151,54,7,16,0,0,NA,NA,NA,32,214,0,14,57,1
2006,"Air Force","Mountain West",12,13216,84,146,1317,12,4,660,2752,21,3967,10,14,241,174,95,12,22,47,410,NA,NA,NA,18,143,1,9,67,0
2006,"Akron","Mid-American",12,12443,202,384,2965,18,11,365,1005,13,3725,9,20,206,158,44,15,27,110,873,NA,NA,NA,38,59,0,7,68,0
2006,"Alabama","SEC",13,15271,224,393,2976,17,10,455,1600,10,4367,13,23,247,186,77,7,13,77,547,NA,NA,NA,41,308,2,16,266,3
2006,"Arizona","Pac-10",12,13495,191,356,2273,9,14,379,1010,11,3034,4,18,173,173,53,10,15,68,573,NA,NA,NA,33,260,1,13,168,1
2006,"Arizona State","Pac-10",13,13817,190,349,2788,23,14,497,2206,17,4775,13,27,249,169,64,7,20,103,845,NA,NA,NA,42,296,0,15,182,3
2006,"Arkansas","SEC",14,15263,154,302,2163,23,18,539,3199,26,4864,7,25,249,168,70,4,13,82,743,3,60,0,45,242,0,16,329,3
2006,"Arkansas State","Sun Belt",12,14711,144,300,1976,8,15,507,2012,12,3747,18,33,224,176,76,4,17,68,594,NA,NA,NA,21,68,0,19,293,1
2006,"Army","FBS Independents",12,12289,163,293,1746,10,24,417,1531,16,3132,15,39,187,155,58,10,15,51,432,NA,NA,NA,30,325,2,4,30,0
2006,"Auburn","SEC",13,15129,171,282,2382,14,10,470,1926,21,3990,10,20,220,156,63,11,14,72,595,1,12,0,38,153,1,10,169,0
2006,"Ball State","Mid-American",12,12449,232,373,3321,27,11,366,1103,10,4215,6,17,205,153,50,8,18,60,507,NA,NA,NA,43,138,1,9,120,1
2006,"Baylor","Big 12",12,12311,307,510,3614,24,17,235,482,9,3782,20,37,208,165,63,4,11,75,625,NA,NA,NA,37,228,0,16,158,1
2006,"Boise State","Western Athletic",13,14479,204,306,2830,25,9,551,2784,39,5468,12,21,274,154,67,17,21,76,648,NA,NA,NA,41,286,0,20,440,4
2006,"Boston College","ACC",13,14618,284,458,3309,16,11,436,1458,20,4589,11,22,256,184,71,7,21,78,566,NA,NA,NA,47,261,0,20,191,3
2006,"Bowling Green","Mid-American",12,13448,195,347,2137,12,11,505,2120,19,4149,10,21,226,186,76,16,33,66,578,NA,NA,NA,29,132,0,12,129,0
2006,"Buffalo","Mid-American",12,12819,200,354,2352,9,13,380,1082,15,3218,13,26,179,156,50,5,14,70,555,NA,NA,NA,20,192,1,10,196,1
2006,"BYU","Mountain West",13,14734,311,452,4326,33,9,437,1845,27,6051,5,14,307,168,94,6,11,91,719,NA,NA,NA,42,399,1,18,208,2
2006,"California","Pac-10",13,13826,245,413,3376,25,14,427,2116,21,5408,10,24,263,163,69,7,13,71,620,NA,NA,NA,34,466,4,21,330,3
2006,"Central Michigan","Mid-American",14,13659,280,447,3647,28,11,422,1811,21,5254,13,24,262,177,70,8,17,82,693,NA,NA,NA,46,144,0,16,322,4
2006,"Cincinnati","Big East",13,14995,207,345,2888,17,17,513,1737,11,4426,13,30,222,196,80,6,13,87,750,NA,NA,NA,53,251,0,14,180,2
2006,"Clemson","ACC",13,12657,186,314,2387,15,11,450,2495,25,4783,16,27,222,157,64,6,10,53,451,NA,NA,NA,37,181,1,11,167,1
2006,"Colorado","Big 12",12,12918,119,254,1594,7,8,461,2070,12,3492,8,16,182,159,53,2,13,63,559,NA,NA,NA,35,118,0,12,40,0
2006,"Colorado State","Mountain West",12,13250,221,363,2909,13,13,372,918,10,3535,5,18,196,177,72,11,16,56,454,NA,NA,NA,43,347,2,7,44,1
2006,"Duke","ACC",12,12953,189,358,2476,12,17,412,1179,10,3401,16,33,194,166,50,8,24,71,559,NA,NA,NA,29,107,0,10,184,2
2006,"East Carolina","Conference USA",13,14326,248,430,3236,12,11,450,1502,16,4526,13,24,264,186,80,10,18,59,511,NA,NA,NA,27,146,0,16,214,3
2006,"Eastern Michigan","Mid-American",12,12917,217,370,2203,7,16,374,1269,10,3315,5,21,185,164,49,6,14,87,704,NA,NA,NA,39,169,0,7,128,0
2006,"Florida","SEC",14,16793,255,399,3467,29,14,476,2241,24,5226,11,25,285,167,74,9,18,116,888,3,58,0,58,497,1,21,150,1
2006,"Florida Atlantic","Sun Belt",12,14095,189,352,2436,11,14,452,1314,9,3568,13,27,211,175,65,12,22,70,613,NA,NA,NA,23,207,0,18,219,2
2006,"Florida International","Sun Belt",12,12261,220,408,2336,5,15,299,682,5,2797,14,29,149,166,39,7,24,86,750,NA,NA,NA,39,268,2,11,145,2
2006,"Florida State","ACC",13,13863,239,439,3174,19,16,363,1255,17,4294,11,27,211,178,60,5,11,87,684,NA,NA,NA,54,317,1,12,263,3
2006,"Fresno State","Western Athletic",12,13242,178,322,1973,16,15,430,2160,15,4058,5,20,209,157,59,7,16,60,436,NA,NA,NA,38,238,1,5,88,1
2006,"Georgia","SEC",13,16208,184,342,2451,12,16,425,1651,21,3095,17,33,216,159,62,9,14,76,601,11,182,0,42,507,3,19,299,1
2006,"Georgia Tech","ACC",14,15269,174,369,2549,25,16,526,2274,17,4649,7,23,239,196,75,6,12,86,713,NA,NA,NA,61,336,0,13,185,2
2006,"Hawai'i","Western Athletic",14,9117,300,421,4470,45,9,211,1157,15,5521,11,20,240,81,45,6,14,66,590,NA,NA,NA,27,185,0,9,214,1
2006,"Houston","Conference USA",14,15156,300,445,4107,30,5,490,2356,29,6245,11,16,311,175,76,19,33,92,773,NA,NA,NA,26,160,0,12,135,0
2006,"Idaho","Western Athletic",12,11584,154,309,2309,7,15,368,1229,14,3389,10,25,172,143,46,5,9,82,785,NA,NA,NA,31,109,0,16,270,1
2006,"Illinois","Big Ten",12,12338,140,332,2076,0,14,434,2266,12,4144,23,37,198,169,61,4,9,58,445,NA,NA,NA,23,116,0,10,119,1
2006,"Indiana","Big Ten",12,13154,232,430,2854,16,12,392,1366,13,4031,15,27,233,168,56,8,23,59,510,NA,NA,NA,31,226,1,13,232,1
2006,"Iowa","Big Ten",13,13131,248,423,3237,21,19,432,1865,16,4983,15,34,261,161,65,6,9,65,589,NA,NA,NA,38,294,0,14,131,1
2006,"Iowa State","Big 12",12,13320,213,378,2759,12,12,401,1221,16,3593,8,20,227,158,61,11,24,56,429,4,97,0,36,227,1,6,41,0
2006,"Kansas","Big 12",12,13451,203,363,2509,19,19,438,2117,20,4489,14,33,224,167,61,6,11,67,554,NA,NA,NA,37,324,2,12,153,2
2006,"Kansas State","Big 12",13,13028,214,415,2804,10,20,372,1497,16,4098,12,32,200,176,61,10,23,91,762,NA,NA,NA,43,391,3,10,137,1
2006,"Kent State","Mid-American",12,12793,143,267,2173,10,12,486,1901,17,3859,15,27,192,151,49,9,22,82,674,NA,NA,NA,26,142,0,16,174,2
2006,"Kentucky","SEC",13,14208,273,436,3869,31,7,411,1282,12,4879,12,19,254,169,62,11,22,80,676,NA,NA,NA,25,368,1,14,97,0
2006,"Louisiana","Sun Belt",12,13751,142,276,1675,9,14,478,2261,20,3811,9,23,203,160,55,18,31,67,530,NA,NA,NA,24,134,1,6,86,1
2006,"Louisiana Tech","Western Athletic",13,14100,214,413,3034,17,19,415,1692,13,4479,21,40,237,169,59,3,15,68,612,NA,NA,NA,25,115,0,10,70,0
2006,"Louisville","Big East",13,14820,245,384,3899,22,7,483,2409,35,6179,17,24,296,161,74,8,12,64,572,NA,NA,NA,53,265,1,12,186,0
2006,"LSU","SEC",13,15255,245,368,3413,30,9,450,2155,25,5116,13,22,284,145,70,13,17,83,657,NA,NA,NA,43,263,1,16,243,2
2006,"Marshall","Conference USA",12,13382,180,295,2341,16,16,406,2005,23,4252,17,33,210,145,65,4,10,79,673,NA,NA,NA,26,176,1,11,179,1
2006,"Maryland","ACC",13,14156,204,336,2500,16,12,450,1693,14,4073,11,23,220,158,58,8,15,55,483,NA,NA,NA,32,238,0,8,97,1
2006,"Memphis","Conference USA",12,12442,234,394,2781,21,14,372,1340,11,4035,6,20,222,164,67,14,22,52,448,NA,NA,NA,27,155,0,10,169,0
2006,"Miami","ACC",13,14583,213,360,2779,16,15,431,1508,14,4075,11,26,207,168,58,2,8,88,805,NA,NA,NA,50,284,0,12,115,0
2006,"Miami (OH)","Mid-American",12,13617,241,420,3043,15,11,386,1040,11,3819,12,23,219,169,53,12,29,69,656,NA,NA,NA,27,222,1,14,152,0
2006,"Michigan","Big Ten",13,15904,206,331,2697,22,8,535,2282,21,4820,5,13,251,180,72,8,12,63,585,NA,NA,NA,51,357,1,12,96,2
2006,"Michigan State","Big Ten",12,12728,248,417,2935,18,13,387,1550,15,4281,9,22,222,173,73,5,16,81,672,NA,NA,NA,31,158,2,8,152,2
2006,"Middle Tennessee","Sun Belt",13,15203,181,313,2176,9,11,474,1705,24,3712,10,21,207,175,70,6,13,72,552,NA,NA,NA,27,142,0,13,269,2
2006,"Minnesota","Big Ten",13,14123,218,373,2978,22,11,467,2007,25,4881,4,15,246,167,61,18,28,68,564,NA,NA,NA,28,219,0,17,121,1
2006,"Mississippi State","SEC",12,13276,171,361,2463,10,16,393,1147,14,3144,12,28,189,162,58,5,15,66,623,3,65,0,34,355,1,12,193,3
2006,"Missouri","Big 12",13,13607,291,465,3750,29,11,457,1943,16,5533,17,28,291,190,92,9,17,59,480,NA,NA,NA,34,187,0,11,187,2
2006,"Navy","FBS Independents",13,15040,51,112,852,7,4,764,4251,39,4979,20,24,271,173,83,12,19,52,438,NA,NA,NA,32,171,0,12,149,1
2006,"NC State","ACC",12,12780,196,379,2312,10,16,375,1436,11,3624,8,24,193,170,55,7,14,86,696,NA,NA,NA,55,225,1,7,121,2
2006,"Nebraska","Big 12",14,16746,244,411,3614,32,8,554,2387,27,5804,20,28,285,199,90,14,23,74,614,NA,NA,NA,46,294,0,12,113,0
2006,"Nevada","Western Athletic",13,13922,190,306,2259,19,12,485,2109,25,4181,12,24,243,149,64,11,19,51,412,NA,NA,NA,34,299,0,20,292,3
2006,"New Mexico","Mountain West",13,13979,204,390,2929,18,9,433,1444,10,4120,15,24,218,184,71,7,13,65,544,NA,NA,NA,43,179,0,14,291,4
2006,"New Mexico State","Western Athletic",12,13586,421,607,5003,34,12,323,910,16,5702,25,37,295,175,73,26,44,87,794,NA,NA,NA,23,92,0,13,223,2
2006,"North Carolina","ACC",12,12617,169,333,2313,11,18,382,1360,12,3516,10,28,190,155,53,9,14,73,656,NA,NA,NA,29,212,1,7,96,0
2006,"Northern Illinois","Mid-American",13,13879,217,386,2775,16,15,443,2142,20,4722,5,20,245,177,64,10,19,62,513,NA,NA,NA,40,291,2,7,50,0
2006,"North Texas","Sun Belt",12,12995,136,253,1554,9,19,437,1404,5,2786,12,31,153,159,46,14,21,76,619,NA,NA,NA,31,140,1,6,26,0
2006,"Northwestern","Big Ten",12,12887,188,332,2190,8,17,422,1705,16,3733,13,30,197,160,58,2,11,39,336,NA,NA,NA,20,98,1,11,179,0
2006,"Notre Dame","FBS Independents",13,14581,290,471,3649,37,7,423,1634,13,5067,8,15,279,177,70,19,33,87,695,NA,NA,NA,33,169,1,11,100,1
2006,"Ohio","Mid-American",14,15907,180,331,1951,9,15,525,2067,22,3873,15,30,208,194,67,6,13,91,757,NA,NA,NA,42,485,1,13,144,0
2006,"Ohio State","Big Ten",13,14631,221,340,2935,31,6,480,2208,25,4999,14,20,262,159,78,7,11,60,545,NA,NA,NA,37,306,1,21,342,3
2006,"Oklahoma","Big 12",14,16150,205,340,2786,22,11,557,2480,25,5162,25,36,257,177,71,7,11,69,521,NA,NA,NA,60,299,1,18,223,3
2006,"Oklahoma State","Big 12",13,13767,174,321,2743,27,11,522,2704,28,5327,10,21,269,167,74,14,20,74,614,NA,NA,NA,38,404,0,10,168,1
2006,"Ole Miss","SEC",12,12649,134,280,1826,9,10,422,1505,11,3138,8,18,180,150,44,10,23,57,454,NA,NA,NA,31,222,1,3,54,0
2006,"Oregon","Pac-10",13,13646,288,486,3218,18,18,472,2364,26,5497,14,32,305,181,87,11,26,98,780,NA,NA,NA,35,400,1,15,180,1
2006,"Oregon State","Pac-10",14,15330,259,425,3613,20,9,474,1655,20,5048,21,30,252,170,62,11,18,84,799,NA,NA,NA,47,480,3,17,214,2
2006,"Penn State","Big Ten",13,14016,226,424,2800,12,9,457,1950,16,4549,16,25,243,186,70,6,18,57,427,NA,NA,NA,51,369,1,13,136,0
2006,"Pittsburgh","Big East",12,12589,228,332,3154,28,9,380,1476,15,4467,9,18,214,143,58,9,17,67,517,NA,NA,NA,41,222,1,11,241,4
2006,"Purdue","Big Ten",14,14132,322,541,4239,24,20,400,1738,23,5820,9,29,305,191,90,5,17,74,548,NA,NA,NA,30,149,0,11,104,0
2006,"Rice","Conference USA",13,15154,248,435,3049,29,14,438,1703,15,4486,8,22,254,182,68,10,17,75,557,NA,NA,NA,32,201,0,11,131,1
2006,"Rutgers","Big East",13,14928,165,298,2206,12,13,496,2342,28,4486,6,19,219,170,69,6,11,61,502,NA,NA,NA,50,187,2,14,305,2
2006,"San Diego State","Mountain West",12,13053,171,294,1950,5,17,422,1430,8,3234,8,25,174,162,55,9,17,68,587,NA,NA,NA,25,98,0,9,93,1
2006,"San José State","Western Athletic",13,13985,187,294,2476,23,8,489,2283,19,4644,13,21,224,163,65,8,15,63,491,NA,NA,NA,31,179,1,16,201,0
2006,"SMU","Conference USA",12,12118,203,316,2563,27,10,404,1503,7,3834,13,23,205,155,62,5,13,77,637,NA,NA,NA,27,180,0,11,70,1
2006,"South Carolina","SEC",13,14773,243,389,3408,24,13,414,1876,19,5135,12,25,270,151,72,9,20,85,673,NA,NA,NA,37,147,0,14,92,0
2006,"Southern Miss","Conference USA",14,15910,198,353,2371,14,7,535,2378,23,4635,12,19,264,181,75,6,18,74,584,NA,NA,NA,44,232,1,17,277,4
2006,"South Florida","Big East",13,13910,226,356,2971,16,15,485,1874,22,4701,14,29,239,165,62,13,23,104,921,NA,NA,NA,38,446,1,15,47,0
2006,"Stanford","Pac-10",12,12401,167,316,2363,10,11,367,781,3,2783,20,31,163,149,45,6,18,59,418,NA,NA,NA,18,73,0,7,147,2
2006,"Syracuse","Big East",12,12963,161,311,2221,13,5,420,1283,8,3168,14,19,183,172,63,3,11,70,552,NA,NA,NA,28,161,0,17,119,1
2006,"TCU","Mountain West",13,14887,216,352,2875,15,6,557,2530,28,5310,15,21,287,179,79,5,11,93,780,NA,NA,NA,55,417,0,16,176,2
2006,"Temple","FBS Independents",12,11830,171,283,2157,12,15,316,533,4,2367,13,28,127,143,36,4,20,64,489,NA,NA,NA,13,35,0,9,88,0
2006,"Tennessee","SEC",13,13612,265,415,3577,24,11,382,1404,17,4842,9,20,249,162,78,6,11,64,490,NA,NA,NA,36,239,1,16,237,2
2006,"Texas","Big 12",13,14802,244,371,3111,31,9,483,2114,22,5089,15,24,283,156,65,11,16,70,631,NA,NA,NA,50,362,3,13,110,1
2006,"Texas A&M","Big 12",13,15957,202,330,2589,13,4,540,2689,32,5166,9,13,265,177,89,9,16,76,613,NA,NA,NA,36,175,0,11,36,0
2006,"Texas Tech","Big 12",13,13930,437,654,4908,39,11,220,1020,13,5347,18,29,310,149,55,11,23,95,833,3,41,0,45,374,0,11,187,2
2006,"Toledo","Mid-American",12,13761,215,386,2252,13,11,470,1875,21,3923,13,24,220,194,76,19,36,83,801,NA,NA,NA,31,98,0,11,284,3
2006,"Troy","Sun Belt",13,13017,252,408,2710,22,18,436,1671,13,4159,16,34,215,179,62,16,24,79,750,NA,NA,NA,48,322,1,16,31,0
2006,"Tulane","Conference USA",12,12470,245,440,3178,18,12,353,1106,9,4064,16,28,227,173,69,4,14,72,584,NA,NA,NA,26,169,0,8,106,1
2006,"Tulsa","Conference USA",13,15300,243,365,3026,16,9,484,2107,30,5051,10,19,258,161,74,13,21,65,562,NA,NA,NA,43,206,0,8,62,1
2006,"UAB","Conference USA",12,13713,177,304,2440,12,12,432,1507,14,3721,9,21,211,149,48,10,18,94,702,NA,NA,NA,35,73,0,12,100,0
2006,"UCF","Conference USA",12,13053,227,381,2930,14,10,442,1673,11,4478,11,21,231,176,76,10,24,55,484,NA,NA,NA,30,257,1,10,89,0
2006,"UCLA","Pac-10",13,14643,224,400,2749,16,14,436,1687,11,4291,11,25,228,183,66,4,11,82,781,NA,NA,NA,41,186,1,13,192,2
2006,"UConn","Big East",12,13127,161,313,1878,14,12,486,2195,18,3887,10,22,199,180,63,10,19,64,506,NA,NA,NA,37,264,1,12,125,1
2006,"UL Monroe","Sun Belt",12,13930,178,312,2368,10,15,445,1863,19,3913,10,25,209,155,61,7,20,85,648,3,80,0,31,78,0,19,248,2
2006,"UNLV","Mountain West",12,11366,224,394,2693,15,16,317,1034,10,3530,14,30,193,146,45,17,27,69,613,NA,NA,NA,28,199,2,7,86,0
2006,"USC","Pac-10",13,13958,273,447,3539,30,11,416,1664,18,5094,8,19,272,178,82,20,28,80,650,NA,NA,NA,32,130,0,11,90,0
2006,"Utah","Mountain West",13,13166,224,389,2919,22,12,417,1678,14,4388,9,21,231,175,77,8,18,75,660,NA,NA,NA,47,301,0,16,192,3
2006,"Utah State","Western Athletic",12,12467,150,281,1700,9,13,407,1333,6,2955,8,21,162,152,43,6,18,62,523,NA,NA,NA,20,76,0,6,61,1
2006,"UTEP","Conference USA",12,12349,290,447,3940,29,17,288,691,8,4445,9,26,212,150,55,3,13,71,631,NA,NA,NA,11,-21,0,15,112,0
2006,"Vanderbilt","SEC",12,13299,187,337,2524,16,14,385,1796,17,3921,14,28,212,149,49,11,20,47,395,2,65,0,26,102,0,14,91,1
2006,"Virginia","ACC",12,12798,203,345,2106,8,11,364,1199,12,3086,5,16,168,167,51,3,9,53,381,NA,NA,NA,46,272,0,10,151,0
2006,"Virginia Tech","ACC",13,13915,181,322,2581,13,12,455,1474,22,3837,15,27,196,173,62,3,11,77,664,NA,NA,NA,53,353,1,17,305,2
2006,"Wake Forest","ACC",14,15353,188,287,2383,11,6,542,2099,16,4298,13,19,231,171,60,4,6,66,614,NA,NA,NA,41,366,1,22,318,2
2006,"Washington","Pac-10",12,12839,179,373,2448,19,16,402,1535,12,3861,8,24,189,173,58,9,19,57,476,NA,NA,NA,41,242,1,9,140,0
2006,"Washington State","Pac-10",12,13025,260,430,3298,23,12,392,1540,12,4657,12,24,243,166,62,9,20,66,583,NA,NA,NA,26,93,0,16,177,3
2006,"Western Michigan","Mid-American",13,14897,252,408,2538,20,13,471,1751,10,4154,11,24,226,199,75,17,24,84,715,NA,NA,NA,34,244,0,23,397,4
2006,"West Virginia","Big East",13,14189,149,233,2139,15,8,590,3939,48,5998,10,18,276,153,76,5,9,88,852,NA,NA,NA,32,234,1,15,170,0
2006,"Wisconsin","Big Ten",13,15772,195,331,2968,21,9,536,2102,24,4851,20,29,245,169,70,5,15,59,465,NA,NA,NA,56,237,1,15,113,1
2006,"Wyoming","Mountain West",12,13584,210,346,2375,17,13,441,1588,12,3736,12,25,220,168,54,14,21,67,544,NA,NA,NA,42,243,0,11,146,2
2007,"Air Force","Mountain West",13,14595,130,214,1656,9,5,721,3894,36,5452,13,18,277,188,79,17,25,63,575,NA,NA,NA,24,176,0,15,68,1
2007,"Akron","Mid-American",12,12684,201,374,2408,15,14,439,1534,11,3740,14,28,209,183,65,3,15,84,635,NA,NA,NA,23,232,0,15,178,1
2007,"Alabama","SEC",13,14949,263,472,3090,19,12,490,1940,19,4349,10,22,294,198,75,6,12,59,453,3,88,0,33,370,1,19,235,0
2007,"Arizona","Pac-10",12,12478,332,531,3955,28,12,320,921,7,4623,15,27,239,177,62,5,19,75,641,NA,NA,NA,42,279,2,15,306,2
2007,"Arizona State","Pac-10",13,15833,265,428,3798,27,11,549,1785,18,5199,15,26,289,206,81,12,18,81,734,NA,NA,NA,54,272,0,17,356,4
2007,"Arkansas","SEC",13,14771,179,313,2229,24,11,625,3725,33,5850,15,26,273,195,84,7,19,82,707,NA,NA,NA,52,161,0,20,300,2
2007,"Arkansas State","Sun Belt",12,12835,205,388,2694,16,16,460,2112,16,4558,9,25,241,171,62,11,24,84,721,NA,NA,NA,26,287,1,13,255,2
2007,"Army","FBS Independents",12,12033,201,380,2480,13,17,400,1049,6,3306,16,33,171,174,45,10,26,47,370,NA,NA,NA,36,342,1,6,117,2
2007,"Auburn","SEC",13,14950,204,356,2502,12,15,543,2040,23,4357,10,25,246,183,67,13,19,80,619,NA,NA,NA,45,310,0,14,238,1
2007,"Ball State","Mid-American",13,14710,273,484,3817,30,6,466,1936,18,5210,6,12,288,203,96,7,14,76,699,6,106,0,36,223,0,19,318,2
2007,"Baylor","Big 12",12,12323,309,561,3462,23,27,298,935,5,4216,14,41,222,185,65,6,20,69,521,NA,NA,NA,32,203,0,10,160,0
2007,"Boise State","Western Athletic",13,14279,307,460,3774,34,12,518,2404,35,6076,10,22,305,199,103,13,24,91,818,NA,NA,NA,63,625,1,14,175,0
2007,"Boston College","ACC",14,15889,390,659,4736,31,19,422,1416,17,5951,10,29,329,217,91,12,23,96,797,NA,NA,NA,43,118,0,25,270,3
2007,"Bowling Green","Mid-American",13,13484,332,522,3850,29,14,418,1607,16,5232,13,27,299,180,74,12,21,85,731,NA,NA,NA,32,113,0,14,277,1
2007,"Buffalo","Mid-American",12,12928,262,382,2794,16,6,427,1560,18,4175,11,17,219,171,60,13,25,74,642,NA,NA,NA,19,89,0,11,150,1
2007,"BYU","Mountain West",13,15192,300,503,4000,26,13,493,1877,24,5756,19,32,314,196,88,13,19,90,768,NA,NA,NA,49,157,0,16,219,2
2007,"California","Pac-10",13,14212,266,443,3206,21,14,441,2154,21,5297,14,28,270,176,79,5,10,91,799,NA,NA,NA,32,159,1,10,144,0
2007,"Central Michigan","Mid-American",14,14380,361,557,3875,28,14,519,2520,36,6258,10,24,329,191,79,6,21,82,823,NA,NA,NA,23,142,0,18,280,1
2007,"Cincinnati","Big East",13,13646,286,464,3878,36,12,477,1921,20,5641,15,27,283,180,71,10,21,121,1028,NA,NA,NA,50,173,2,26,422,4
2007,"Clemson","ACC",13,14457,295,455,3409,30,6,508,2095,18,5242,7,13,291,195,82,10,16,67,560,NA,NA,NA,57,309,1,16,81,0
2007,"Colorado","Big 12",13,14742,267,476,3164,22,17,485,1875,19,4921,11,28,251,210,76,13,27,88,731,NA,NA,NA,50,411,0,16,301,3
2007,"Colorado State","Mountain West",12,13197,197,316,2784,18,16,521,2000,15,4546,8,24,238,183,76,8,21,62,507,NA,NA,NA,35,127,0,7,182,3
2007,"Duke","ACC",12,12080,210,383,2774,21,10,376,768,6,3253,13,23,172,180,57,11,24,72,630,NA,NA,NA,27,123,0,11,68,0
2007,"East Carolina","Conference USA",13,13773,224,395,2807,21,9,484,2378,29,5011,5,14,244,183,71,4,12,103,765,NA,NA,NA,43,258,0,17,217,0
2007,"Eastern Michigan","Mid-American",12,14369,215,361,2244,17,16,457,1885,20,3669,4,20,218,180,74,12,27,74,601,6,196,0,19,55,0,16,41,0
2007,"Florida","SEC",13,14579,240,361,3407,32,6,487,2602,39,5516,9,15,305,146,78,7,13,107,805,3,111,0,31,415,2,11,104,1
2007,"Florida Atlantic","Sun Belt",13,14304,291,502,3920,33,11,465,1638,17,5422,5,16,274,202,79,9,22,83,659,NA,NA,NA,35,103,0,19,184,0
2007,"Florida International","Sun Belt",12,13146,159,347,2034,14,20,430,1429,6,3236,14,34,165,174,42,9,28,72,552,NA,NA,NA,27,236,2,7,16,0
2007,"Florida State","ACC",13,14278,256,466,3270,15,10,446,1657,12,4800,14,24,235,199,64,8,17,107,870,NA,NA,NA,46,359,0,17,317,5
2007,"Fresno State","Western Athletic",13,15384,215,343,2825,15,5,564,2742,34,5454,17,22,284,175,73,11,18,82,709,NA,NA,NA,38,333,2,4,19,0
2007,"Georgia","SEC",13,14521,199,365,2711,20,10,509,2305,32,4884,7,17,251,183,82,7,13,91,782,NA,NA,NA,40,318,0,15,120,0
2007,"Georgia Tech","ACC",13,14703,179,363,2579,10,12,548,2591,28,5004,13,25,261,189,72,7,17,90,771,NA,NA,NA,73,436,0,5,-4,0
2007,"Hawai'i","Western Athletic",13,15275,459,663,5879,45,23,279,944,16,4566,15,38,347,158,74,9,20,91,822,8,387,3,29,209,0,20,421,3
2007,"Houston","Conference USA",13,15287,291,437,3830,24,15,599,2911,32,6525,16,31,333,198,91,13,25,101,826,NA,NA,NA,43,246,0,14,207,1
2007,"Idaho","Western Athletic",12,12572,177,392,2513,14,23,474,1898,14,4196,13,36,234,189,60,17,30,82,777,NA,NA,NA,29,339,2,11,164,0
2007,"Illinois","Big Ten",13,14440,182,323,2293,2,15,595,3338,21,5525,12,27,277,181,78,6,8,64,636,NA,NA,NA,35,177,1,17,46,0
2007,"Indiana","Big Ten",13,12327,254,424,2998,25,10,424,1829,14,4603,21,31,240,176,76,9,16,68,622,NA,NA,NA,31,233,0,17,303,1
2007,"Iowa","Big Ten",12,12493,199,376,2558,17,7,438,1515,11,3796,7,14,203,187,59,8,16,65,550,NA,NA,NA,35,307,0,14,94,0
2007,"Iowa State","Big 12",12,14195,254,423,2552,9,14,473,1484,16,3923,12,26,230,210,88,13,23,56,509,NA,NA,NA,27,39,0,10,140,2
2007,"Kansas","Big 12",13,14844,301,475,3954,36,7,512,2454,28,6237,7,14,326,187,80,12,20,53,508,NA,NA,NA,50,215,2,23,352,2
2007,"Kansas State","Big 12",12,12659,322,510,3578,21,12,351,1593,23,5018,12,24,267,179,72,6,14,98,891,NA,NA,NA,48,766,5,17,103,1
2007,"Kent State","Mid-American",12,12603,162,314,2247,13,15,545,2403,15,4400,15,30,244,171,61,9,22,73,668,NA,NA,NA,40,137,1,9,159,0
2007,"Kentucky","SEC",13,14271,331,528,3946,40,12,485,2021,20,5252,19,31,335,195,94,12,22,81,681,7,169,0,40,252,0,17,138,1
2007,"Louisiana","Sun Belt",12,11817,170,311,1961,12,13,542,3017,23,4883,11,24,234,176,65,11,23,83,620,NA,NA,NA,24,119,0,9,69,0
2007,"Louisiana Tech","Western Athletic",12,12984,238,420,2613,13,10,490,1867,16,4215,17,27,238,187,55,8,24,94,802,NA,NA,NA,39,362,0,19,74,1
2007,"Louisville","Big East",12,13710,316,491,4266,30,14,418,1753,22,5856,12,26,309,165,73,9,17,93,818,NA,NA,NA,33,134,1,7,14,0
2007,"LSU","SEC",14,16466,256,442,3363,29,13,612,2998,35,6152,3,16,318,223,104,13,16,117,880,NA,NA,NA,44,136,0,23,282,1
2007,"Marshall","Conference USA",12,13553,266,432,3452,17,13,408,1701,19,4954,4,17,256,163,63,5,12,83,695,NA,NA,NA,26,110,0,4,31,0
2007,"Maryland","ACC",13,14810,223,346,2934,9,11,532,1787,28,4431,6,17,235,191,76,6,14,73,589,NA,NA,NA,43,184,0,13,143,0
2007,"Memphis","Conference USA",13,14673,323,551,4050,33,12,466,1792,13,5767,4,16,308,216,94,16,24,86,713,NA,NA,NA,21,131,0,13,89,0
2007,"Miami","ACC",12,12861,161,301,2209,16,20,478,1747,13,3781,12,32,190,168,51,15,24,78,622,NA,NA,NA,27,182,0,13,202,0
2007,"Miami (OH)","Mid-American",13,13136,232,425,2917,11,17,421,1643,14,4399,10,27,231,185,70,7,16,61,529,NA,NA,NA,38,288,0,11,50,0
2007,"Michigan","Big Ten",13,14199,225,423,3077,25,14,540,2144,20,5006,14,28,278,205,89,5,14,66,580,NA,NA,NA,52,261,0,14,165,0
2007,"Michigan State","Big Ten",13,14543,232,393,3035,21,11,580,2576,29,5418,8,19,266,203,83,11,19,65,629,NA,NA,NA,57,126,0,12,231,2
2007,"Middle Tennessee","Sun Belt",12,14076,187,324,2611,21,9,459,1617,17,4042,10,19,208,166,56,10,16,78,671,NA,NA,NA,30,137,1,18,174,0
2007,"Minnesota","Big Ten",12,12598,262,454,3037,25,19,433,1941,15,4890,10,29,260,183,78,10,23,67,502,NA,NA,NA,25,107,0,7,83,0
2007,"Mississippi State","SEC",13,14311,188,372,2255,12,18,508,1784,18,3863,10,28,215,191,72,6,15,76,655,NA,NA,NA,39,272,1,18,377,5
2007,"Missouri","Big 12",14,15185,394,582,4569,34,13,530,2467,29,6864,8,21,377,202,107,6,10,73,616,NA,NA,NA,43,307,2,17,171,2
2007,"Navy","FBS Independents",13,13982,74,136,1318,9,5,804,4534,53,5773,14,19,308,176,90,19,29,52,388,NA,NA,NA,21,164,0,10,90,0
2007,"NC State","ACC",12,12302,281,502,3154,14,24,355,1071,12,4019,11,35,220,195,71,7,19,79,654,NA,NA,NA,47,357,1,10,58,0
2007,"Nebraska","Big 12",12,12668,296,481,4001,31,17,417,1733,19,5619,14,31,292,171,73,14,22,77,584,NA,NA,NA,28,139,0,8,171,2
2007,"Nevada","Western Athletic",13,13245,189,359,3196,27,8,534,2609,24,5651,12,20,284,172,68,15,22,85,668,NA,NA,NA,40,137,0,6,103,2
2007,"New Mexico","Mountain West",13,14645,253,437,3208,16,10,503,1767,16,4837,18,28,244,212,76,14,23,85,683,NA,NA,NA,51,276,0,11,137,0
2007,"New Mexico State","Western Athletic",13,15283,429,623,4452,28,22,370,1190,10,5063,7,29,291,204,80,16,30,77,600,8,155,0,24,121,0,6,267,2
2007,"North Carolina","ACC",12,12866,220,368,2934,15,19,402,1190,11,3904,10,29,201,164,48,9,20,81,648,NA,NA,NA,39,284,1,11,278,2
2007,"Northern Illinois","Mid-American",12,12559,220,378,2597,14,19,428,1626,11,4055,15,34,213,171,55,12,22,60,554,NA,NA,NA,36,191,1,7,169,1
2007,"North Texas","Sun Belt",12,13626,330,553,3758,21,28,381,1425,16,4901,8,36,258,189,67,12,31,99,793,NA,NA,NA,33,169,1,10,119,2
2007,"Northwestern","Big Ten",12,14195,322,529,3897,20,19,397,1435,17,4616,9,28,277,190,87,7,18,58,573,3,81,0,29,120,0,9,152,1
2007,"Notre Dame","FBS Independents",12,12710,217,389,2441,12,9,437,903,11,2907,21,30,187,193,60,19,35,77,708,NA,NA,NA,35,237,0,11,206,2
2007,"Ohio","Mid-American",12,13245,193,345,2759,17,13,472,1810,22,4374,11,24,219,180,69,9,17,97,846,NA,NA,NA,28,107,0,13,180,2
2007,"Ohio State","Big Ten",13,15593,211,330,2706,26,14,553,2552,21,5117,11,25,268,183,84,9,14,72,574,NA,NA,NA,66,482,1,11,201,2
2007,"Oklahoma","Big 12",14,17272,271,402,3678,39,9,574,2679,34,5379,11,20,314,189,93,9,20,96,817,13,390,0,65,339,0,19,346,3
2007,"Oklahoma State","Big 12",13,14742,229,386,3215,26,10,592,3161,30,6023,12,22,310,185,88,11,23,94,866,7,144,0,35,205,1,12,118,2
2007,"Ole Miss","SEC",12,12240,199,391,2744,17,20,379,1578,8,4143,7,27,224,159,60,7,21,76,556,NA,NA,NA,30,134,2,8,202,1
2007,"Oregon","Pac-10",13,13513,244,413,2990,26,10,615,3272,32,6078,14,24,321,207,88,6,14,79,715,NA,NA,NA,49,287,0,20,295,2
2007,"Oregon State","Pac-10",13,15795,246,438,2786,11,21,541,2274,27,4831,16,37,253,207,75,9,14,86,756,NA,NA,NA,62,247,1,22,354,3
2007,"Penn State","Big Ten",13,14582,240,415,2808,19,10,528,2519,27,5201,17,27,289,194,89,11,14,58,446,NA,NA,NA,53,291,1,11,142,0
2007,"Pittsburgh","Big East",12,13669,207,342,2343,11,17,469,1697,20,3834,9,26,210,174,54,11,21,87,762,NA,NA,NA,38,254,0,8,45,0
2007,"Purdue","Big Ten",13,14255,369,594,4165,30,13,413,1674,22,5667,13,26,314,202,81,11,18,77,628,NA,NA,NA,30,137,0,14,138,1
2007,"Rice","Conference USA",12,11785,300,498,3645,29,14,344,1214,18,4630,12,26,260,160,63,8,17,63,499,NA,NA,NA,25,113,0,12,233,2
2007,"Rutgers","Big East",13,14854,212,378,3362,21,13,538,2574,28,5841,14,27,294,177,79,6,11,94,775,NA,NA,NA,37,187,1,9,52,1
2007,"San Diego State","Mountain West",12,11903,270,458,3482,15,10,359,1247,19,4519,7,17,218,188,74,10,16,71,579,NA,NA,NA,27,139,0,16,219,2
2007,"San José State","Western Athletic",12,11969,246,403,2972,17,10,345,919,8,3745,4,14,204,162,53,8,23,70,490,NA,NA,NA,29,288,1,20,148,2
2007,"SMU","Conference USA",12,12871,250,432,3230,26,19,469,2056,15,5081,16,35,281,181,77,6,16,91,818,NA,NA,NA,30,216,0,12,202,2
2007,"South Carolina","SEC",12,12628,258,443,3322,20,17,382,1364,16,4462,12,29,255,157,55,8,17,69,532,NA,NA,NA,34,216,0,14,177,1
2007,"Southern Miss","Conference USA",13,14166,217,380,2602,14,16,566,2621,30,5066,15,31,274,198,89,11,22,70,687,NA,NA,NA,43,159,0,17,199,1
2007,"South Florida","Big East",13,14582,250,426,3207,19,16,565,2405,30,5383,19,35,277,195,71,12,17,111,932,NA,NA,NA,53,333,0,23,406,5
2007,"Stanford","Pac-10",12,13152,227,424,2893,12,13,446,1334,14,3870,13,26,230,185,53,8,18,63,597,NA,NA,NA,34,177,0,11,100,1
2007,"Syracuse","Big East",12,12114,202,383,3067,18,10,375,753,5,3503,12,22,181,164,46,7,18,85,707,NA,NA,NA,30,46,0,9,213,0
2007,"TCU","Mountain West",13,14423,259,443,3066,13,12,574,2145,21,5026,19,31,288,211,82,12,26,85,738,NA,NA,NA,74,629,2,16,313,2
2007,"Temple","Mid-American",12,11972,204,347,2614,14,11,388,1009,5,3312,17,28,188,162,53,9,20,65,545,NA,NA,NA,37,169,0,12,52,0
2007,"Tennessee","SEC",14,15006,333,534,3718,33,12,459,1946,19,5259,8,20,293,203,81,9,17,74,635,8,164,0,45,302,1,16,393,3
2007,"Texas","Big 12",13,14521,277,436,3464,22,18,539,2698,35,6018,11,29,311,194,92,14,22,80,720,NA,NA,NA,39,182,0,17,219,3
2007,"Texas A&M","Big 12",13,15184,214,376,2527,14,8,576,2751,31,5161,10,18,275,200,92,13,20,81,614,NA,NA,NA,32,130,0,8,132,0
2007,"Texas Tech","Big 12",13,12357,496,699,5762,47,14,225,694,16,6324,9,23,325,156,71,18,30,96,876,NA,NA,NA,42,453,0,10,48,0
2007,"Toledo","Mid-American",12,13602,242,411,2997,19,16,505,2510,31,5381,10,26,268,188,86,13,26,86,768,NA,NA,NA,26,87,0,10,49,0
2007,"Troy","Sun Belt",12,13148,314,517,3391,23,17,462,2191,22,5434,15,32,283,190,80,9,20,86,697,NA,NA,NA,50,503,3,15,104,2
2007,"Tulane","Conference USA",12,13184,184,360,2457,10,12,489,2412,26,4751,11,23,223,191,78,9,14,72,623,NA,NA,NA,33,79,0,8,23,0
2007,"Tulsa","Conference USA",14,14613,336,564,5411,49,19,562,2421,28,7615,11,30,377,205,99,10,23,86,775,NA,NA,NA,32,123,0,11,106,1
2007,"UAB","Conference USA",12,12053,220,448,2719,15,15,358,1323,6,3907,5,20,211,183,65,8,15,75,611,NA,NA,NA,31,242,1,10,147,1
2007,"UCF","Conference USA",14,15785,198,346,2630,15,12,670,3287,41,5763,15,27,292,200,78,11,18,74,665,NA,NA,NA,48,388,2,24,392,2
2007,"UCLA","Pac-10",13,13765,185,389,2642,13,15,527,1963,12,4337,19,34,218,207,67,4,13,95,807,NA,NA,NA,61,321,0,13,289,3
2007,"UConn","Big East",13,14533,202,361,2645,14,6,534,2098,17,4513,10,16,243,192,67,3,13,79,594,NA,NA,NA,46,409,2,23,382,5
2007,"UL Monroe","Sun Belt",12,14842,194,336,2229,16,11,555,2508,18,4628,10,21,251,191,81,8,16,100,815,NA,NA,NA,33,162,0,15,191,1
2007,"UNLV","Mountain West",12,13416,224,408,2758,12,15,436,1688,11,4238,6,21,234,188,71,7,18,85,719,NA,NA,NA,24,118,0,11,88,1
2007,"USC","Pac-10",13,15114,286,460,3231,31,16,517,2564,23,5654,11,27,290,197,86,10,17,105,962,NA,NA,NA,50,246,0,12,101,0
2007,"Utah","Mountain West",13,15425,248,401,2794,18,13,541,2177,20,4805,10,23,255,204,73,10,21,81,739,NA,NA,NA,61,436,1,17,116,1
2007,"Utah State","Western Athletic",12,13283,177,272,1907,10,9,471,1499,14,2965,12,21,182,170,55,16,21,73,648,9,268,1,25,384,1,15,247,1
2007,"UTEP","Conference USA",12,11332,228,412,3346,26,9,370,1557,18,4643,10,19,236,156,59,7,21,77,707,NA,NA,NA,25,299,0,15,358,2
2007,"Vanderbilt","SEC",12,13797,193,355,2226,17,12,481,1802,13,3919,15,27,229,184,73,12,21,59,479,NA,NA,NA,48,249,0,16,109,1
2007,"Virginia","ACC",13,14421,250,428,2731,14,10,490,1763,22,4295,10,20,250,203,83,8,14,62,532,NA,NA,NA,41,252,0,11,134,1
2007,"Virginia Tech","ACC",14,15273,219,379,3061,17,10,560,1862,22,4618,12,22,238,213,77,5,9,92,749,NA,NA,NA,62,661,3,22,338,5
2007,"Wake Forest","ACC",13,15343,279,392,2727,13,16,550,1863,19,4426,10,26,245,213,85,9,19,68,621,NA,NA,NA,45,355,1,19,405,6
2007,"Washington","Pac-10",13,13622,177,385,2632,18,15,537,2640,27,5125,11,26,253,192,72,8,18,81,613,NA,NA,NA,38,254,0,11,97,1
2007,"Washington State","Pac-10",12,12547,309,525,4021,26,18,373,1391,11,5227,9,27,276,178,70,7,23,73,600,NA,NA,NA,28,143,0,14,160,1
2007,"Western Kentucky","FBS Independents",12,1789,94,150,1020,6,11,329,1628,12,2139,7,18,20,9,4,0,1,5,45,1,16,0,20,182,1,8,152,1
2007,"Western Michigan","Mid-American",12,14354,288,458,3352,23,17,463,1565,15,4343,16,33,253,193,74,15,26,95,785,3,84,0,34,179,0,10,212,2
2007,"West Virginia","Big East",13,15155,176,265,2125,16,6,628,3864,49,5406,18,24,274,173,83,6,15,71,686,6,127,0,52,529,0,16,188,1
2007,"Wisconsin","Big Ten",13,16453,199,347,2929,17,11,587,2610,29,5314,12,23,270,191,85,9,16,73,571,NA,NA,NA,52,432,0,12,137,0
2007,"Wyoming","Mountain West",12,12800,242,412,2533,12,19,467,1558,14,3873,15,34,241,193,76,4,18,73,638,NA,NA,NA,45,212,0,11,133,1
2008,"Air Force","Mountain West",13,14772,74,138,1097,9,6,777,3470,27,4538,11,17,240,203,87,13,24,73,602,NA,NA,NA,36,236,0,12,90,1
2008,"Akron","Mid-American",12,12445,232,404,2888,20,14,435,1982,23,4760,8,22,255,160,65,11,18,66,558,NA,NA,NA,22,79,1,9,122,0
2008,"Alabama","SEC",14,16355,195,334,2574,10,9,568,2585,32,4981,11,20,263,183,76,8,10,56,505,NA,NA,NA,64,701,4,15,305,4
2008,"Arizona","Pac-10",13,14652,266,412,3355,24,8,504,2059,33,5231,13,21,287,175,81,4,16,52,433,NA,NA,NA,42,587,3,16,307,2
2008,"Arizona State","Pac-10",12,12312,228,395,2873,17,11,369,1069,7,3713,8,19,205,160,47,5,13,93,787,NA,NA,NA,40,385,0,16,346,4
2008,"Arkansas","SEC",12,13787,245,428,3251,19,18,374,1357,13,4079,8,26,226,171,63,12,23,79,584,7,109,0,29,80,0,11,138,0
2008,"Arkansas State","Sun Belt",12,14289,167,308,2564,16,8,488,2445,19,4791,8,16,237,158,59,8,18,83,770,NA,NA,NA,30,240,0,14,193,1
2008,"Army","FBS Independents",12,13818,57,128,622,3,6,635,2897,17,3452,24,30,185,172,65,11,25,46,437,NA,NA,NA,32,99,0,7,58,1
2008,"Auburn","SEC",12,13280,184,341,2144,7,13,469,1650,12,3635,13,26,198,183,65,5,12,74,568,NA,NA,NA,45,273,1,11,176,1
2008,"Ball State","Mid-American",14,15433,261,405,3702,27,8,520,2583,32,6195,12,20,323,161,76,7,12,39,374,NA,NA,NA,36,243,0,16,139,3
2008,"Baylor","Big 12",12,12261,170,290,2359,16,5,481,2349,29,4517,6,11,237,144,53,16,28,80,656,NA,NA,NA,18,25,0,16,117,0
2008,"Boise State","Western Athletic",13,13647,298,438,3853,30,11,449,1980,28,5731,15,26,285,162,71,8,12,93,839,NA,NA,NA,54,539,3,22,178,0
2008,"Boston College","ACC",14,15767,233,448,2594,17,17,518,2000,18,4471,19,36,256,206,74,16,25,60,514,NA,NA,NA,56,204,2,26,618,5
2008,"Bowling Green","Mid-American",12,12947,274,411,2892,24,9,407,1608,19,4317,12,21,240,173,81,12,19,75,641,NA,NA,NA,34,166,0,15,239,0
2008,"Buffalo","Mid-American",14,15792,306,472,3519,25,6,486,1858,27,5184,11,17,281,201,87,18,24,66,629,NA,NA,NA,20,125,0,8,65,0
2008,"BYU","Mountain West",13,14339,338,494,4161,35,14,424,1738,21,5773,20,34,315,176,98,7,10,100,885,NA,NA,NA,33,78,0,9,31,1
2008,"California","Pac-10",13,13725,209,397,2650,25,10,435,2421,22,4888,9,19,230,159,47,5,14,77,649,NA,NA,NA,46,414,3,24,419,3
2008,"Central Michigan","Mid-American",13,14217,317,480,3974,28,8,484,1738,19,5505,4,12,301,193,92,5,18,75,736,NA,NA,NA,31,410,1,8,76,0
2008,"Cincinnati","Big East",14,14737,290,472,3767,26,15,455,1647,15,5189,15,30,272,174,58,9,21,99,903,NA,NA,NA,67,352,0,17,333,2
2008,"Clemson","ACC",13,13845,248,400,3044,15,16,431,1450,22,4282,14,30,235,167,50,8,21,72,618,NA,NA,NA,50,298,0,19,368,1
2008,"Colorado","Big 12",12,12617,226,404,2539,19,14,439,1494,10,3822,12,26,226,181,68,18,25,65,516,NA,NA,NA,41,293,0,9,167,1
2008,"Colorado State","Mountain West",13,14977,256,427,3413,19,16,456,1919,18,5146,5,21,262,178,80,8,25,60,541,NA,NA,NA,25,97,0,10,165,0
2008,"Duke","ACC",12,13392,248,410,2529,17,12,419,1274,9,3646,10,22,213,183,67,7,19,56,513,NA,NA,NA,35,127,0,15,151,1
2008,"East Carolina","Conference USA",14,15563,248,419,3148,15,9,518,1769,17,4765,23,32,241,206,76,9,16,82,742,NA,NA,NA,45,268,1,22,278,3
2008,"Eastern Michigan","Mid-American",12,14175,308,499,3336,17,13,418,1778,23,5010,5,18,277,183,74,18,33,65,622,NA,NA,NA,14,65,0,8,27,0
2008,"Florida","SEC",14,15416,211,329,3099,33,5,545,3235,42,6230,9,14,306,161,83,11,16,102,839,NA,NA,NA,52,592,2,26,527,5
2008,"Florida Atlantic","Sun Belt",13,13153,243,457,3435,25,15,416,1804,16,5116,15,30,266,176,73,2,12,95,887,NA,NA,NA,36,247,0,13,143,1
2008,"Florida International","Sun Belt",12,12054,183,343,2726,17,8,411,1169,15,3664,11,19,177,175,61,6,19,103,789,6,141,0,33,231,1,14,225,2
2008,"Florida State","ACC",13,14950,211,387,2693,18,16,483,2328,27,4834,12,28,265,172,79,4,12,101,932,NA,NA,NA,38,209,1,9,56,1
2008,"Fresno State","Western Athletic",13,14108,221,372,2800,18,12,479,2370,24,5034,12,24,269,165,68,8,12,64,543,NA,NA,NA,29,350,3,5,102,1
2008,"Georgia","SEC",13,13088,246,400,3737,27,10,426,1928,21,5538,9,19,273,157,66,6,13,112,938,NA,NA,NA,42,422,1,11,203,3
2008,"Georgia Tech","ACC",13,14710,74,165,1396,5,7,640,3552,32,4842,20,27,214,161,59,12,28,63,570,NA,NA,NA,42,182,0,18,245,3
2008,"Hawai'i","Western Athletic",14,15018,290,490,3876,24,22,412,1323,18,4841,19,41,262,182,63,6,13,121,1082,NA,NA,NA,41,62,0,15,252,1
2008,"Houston","Conference USA",13,12959,411,610,5410,45,12,406,2095,23,7316,18,30,355,182,93,10,20,81,736,NA,NA,NA,30,163,0,13,318,2
2008,"Idaho","Western Athletic",12,13173,200,379,2507,20,20,424,1598,9,3851,14,34,212,176,72,6,24,73,684,NA,NA,NA,20,92,1,9,51,0
2008,"Illinois","Big Ten",12,12901,223,393,3393,22,16,460,2034,17,5266,12,28,257,162,67,5,15,66,612,NA,NA,NA,25,117,0,6,73,1
2008,"Indiana","Big Ten",12,12287,193,358,2331,11,12,445,2003,19,3998,11,23,204,170,47,6,23,64,591,6,82,0,24,144,0,6,15,0
2008,"Iowa","Big Ten",13,14997,187,320,2524,16,11,515,2453,30,4815,15,26,269,159,65,7,14,53,446,NA,NA,NA,51,413,1,23,439,1
2008,"Iowa State","Big 12",12,13564,261,438,3092,17,11,403,1661,18,4642,12,23,241,177,67,10,20,77,679,NA,NA,NA,18,148,0,11,208,1
2008,"Kansas","Big 12",13,14532,325,486,4137,33,12,435,1591,23,5237,10,22,291,180,91,8,16,58,538,3,28,0,30,278,1,14,122,0
2008,"Kansas State","Big 12",12,12208,250,425,3359,22,10,408,1590,26,4825,15,25,250,167,69,17,34,67,549,NA,NA,NA,46,428,5,10,145,1
2008,"Kent State","Mid-American",12,12559,165,300,2158,14,11,527,2767,27,4803,16,27,254,162,66,12,24,62,466,NA,NA,NA,30,90,0,10,50,0
2008,"Kentucky","SEC",13,13702,227,415,2320,11,13,444,1657,18,3891,9,22,211,194,61,10,19,69,562,NA,NA,NA,53,386,0,12,81,1
2008,"Louisiana","Sun Belt",12,14615,183,288,2329,18,15,533,3164,32,4995,10,25,250,158,75,4,15,85,694,2,42,0,27,201,0,9,152,1
2008,"Louisiana Tech","Western Athletic",13,12769,158,343,2180,9,10,523,2432,23,4460,12,22,234,189,62,6,19,79,683,NA,NA,NA,46,402,3,17,230,3
2008,"Louisville","Big East",12,13851,227,391,2702,16,17,454,1974,18,4520,16,33,242,177,67,11,24,74,671,NA,NA,NA,40,222,1,8,15,0
2008,"LSU","SEC",14,14641,205,388,2770,21,18,490,2165,27,4481,2,20,252,181,70,7,18,81,634,6,160,0,50,380,1,8,51,0
2008,"Marshall","Conference USA",12,12217,176,351,2166,17,14,423,1893,13,3965,9,23,202,174,64,10,20,62,530,NA,NA,NA,32,103,0,9,118,0
2008,"Maryland","ACC",13,13060,227,399,2895,15,13,435,1872,18,4559,15,28,233,175,69,8,15,61,536,NA,NA,NA,39,189,0,10,43,0
2008,"Memphis","Conference USA",13,15517,247,437,2979,20,12,540,2533,25,5424,6,18,309,196,91,10,19,59,519,NA,NA,NA,39,221,0,7,56,0
2008,"Miami","ACC",13,14305,237,411,2763,22,20,426,1680,17,4238,6,26,221,189,64,13,19,74,605,NA,NA,NA,34,319,1,4,36,1
2008,"Miami (OH)","Mid-American",12,13835,265,461,2789,10,12,376,1287,10,3902,16,28,229,182,75,7,25,62,499,NA,NA,NA,29,245,3,6,172,0
2008,"Michigan","Big Ten",12,12125,165,338,1854,11,12,453,1771,17,3489,19,31,187,176,48,14,20,57,500,NA,NA,NA,39,224,2,9,119,1
2008,"Michigan State","Big Ten",13,14601,214,399,2969,11,10,511,1692,24,4465,14,24,243,191,66,9,15,66,600,NA,NA,NA,40,279,0,14,240,2
2008,"Middle Tennessee","Sun Belt",12,13385,256,414,3035,18,11,412,1283,15,3774,10,21,225,183,74,10,23,68,607,6,88,0,32,81,0,11,132,1
2008,"Minnesota","Big Ten",13,14299,258,415,3052,15,8,436,1350,20,4198,11,19,215,182,63,12,20,83,695,NA,NA,NA,39,179,0,15,247,2
2008,"Mississippi State","SEC",12,13237,210,384,2366,10,12,398,1207,13,3299,9,21,187,178,58,8,18,67,531,NA,NA,NA,40,173,0,8,86,0
2008,"Missouri","Big 12",14,13488,404,565,4719,41,18,417,2153,28,6778,8,26,358,163,87,6,14,58,533,NA,NA,NA,47,300,1,14,268,5
2008,"Navy","FBS Independents",13,14778,46,93,843,6,5,715,3801,32,4593,11,16,224,179,85,14,23,40,338,NA,NA,NA,22,126,2,16,245,1
2008,"NC State","ACC",13,13916,197,392,2879,20,14,442,1601,14,4279,7,21,224,180,68,6,16,71,550,NA,NA,NA,25,164,0,18,197,1
2008,"Nebraska","Big 12",13,16292,295,433,3782,27,11,486,2207,27,5860,18,29,295,179,84,5,13,93,785,NA,NA,NA,41,376,1,12,202,2
2008,"Nevada","Western Athletic",13,15342,224,418,3147,22,9,593,3611,39,6611,17,26,329,200,81,13,26,88,748,NA,NA,NA,37,163,0,16,227,3
2008,"New Mexico","Mountain West",12,13134,159,288,1693,4,14,540,2499,23,4075,9,23,220,182,64,14,24,82,684,NA,NA,NA,38,339,0,12,157,1
2008,"New Mexico State","Western Athletic",12,13167,330,492,3927,25,16,318,651,7,4267,13,29,219,174,64,15,37,65,544,NA,NA,NA,22,179,1,9,148,0
2008,"North Carolina","ACC",13,12935,182,320,2797,21,12,451,1594,18,4178,12,24,205,173,74,6,14,63,550,NA,NA,NA,31,240,2,20,467,4
2008,"Northern Illinois","Mid-American",13,14980,176,312,2212,13,12,501,2226,22,4356,6,18,230,170,74,10,19,63,570,NA,NA,NA,25,107,0,6,93,1
2008,"North Texas","Sun Belt",12,13538,318,514,3000,15,17,370,1528,14,4356,16,33,246,192,72,12,25,79,659,NA,NA,NA,21,46,0,10,246,1
2008,"Northwestern","Big Ten",13,13684,279,458,3008,20,18,491,1843,15,4660,11,29,263,209,97,2,7,61,567,NA,NA,NA,36,191,0,13,116,2
2008,"Notre Dame","FBS Independents",13,14841,271,447,3380,25,17,436,1426,11,4616,13,30,249,181,63,11,30,69,649,NA,NA,NA,48,232,1,14,228,1
2008,"Ohio","Mid-American",12,13054,228,386,2987,21,14,392,1542,9,4337,19,33,219,169,67,11,22,78,688,NA,NA,NA,34,255,1,12,220,0
2008,"Ohio State","Big Ten",13,14993,160,267,2148,17,6,540,2502,21,4455,8,14,230,171,73,4,9,68,567,NA,NA,NA,50,455,2,15,105,0
2008,"Oklahoma","Big 12",14,14885,350,517,4988,51,9,589,2779,45,7670,2,11,385,197,101,12,23,102,905,NA,NA,NA,49,272,1,19,271,1
2008,"Oklahoma State","Big 12",13,14767,210,326,3239,25,10,582,3191,38,6340,11,21,324,154,70,14,20,84,706,NA,NA,NA,28,368,2,12,87,2
2008,"Ole Miss","SEC",13,14367,190,340,2977,27,15,520,2424,21,5299,11,26,255,172,75,9,14,66,624,NA,NA,NA,51,380,1,16,274,1
2008,"Oregon","Pac-10",13,12053,204,374,2783,20,12,585,3641,47,6303,14,26,302,182,72,8,20,91,792,NA,NA,NA,41,363,1,16,236,3
2008,"Oregon State","Pac-10",13,15109,270,448,3403,25,15,487,2055,21,5292,8,23,280,183,72,10,16,87,738,NA,NA,NA,54,393,1,13,186,2
2008,"Penn State","Big Ten",13,15826,224,383,3213,24,6,511,2677,36,5394,11,17,299,173,90,5,13,49,408,2,42,0,52,259,1,16,199,0
2008,"Pittsburgh","Big East",13,14913,213,381,2828,10,14,492,1808,29,4452,17,31,239,181,63,13,19,57,440,NA,NA,NA,47,273,0,16,162,2
2008,"Purdue","Big Ten",12,13198,295,502,3143,16,13,392,1498,19,4493,11,24,254,184,71,15,29,60,484,NA,NA,NA,27,81,1,10,177,1
2008,"Rice","Conference USA",13,14634,339,516,4489,48,7,449,1868,21,6122,10,17,338,180,92,8,17,64,552,NA,NA,NA,35,155,0,16,278,4
2008,"Rutgers","Big East",13,14506,250,415,3666,26,15,423,1664,21,5179,7,22,264,163,66,6,15,58,505,NA,NA,NA,39,163,0,10,174,1
2008,"San Diego State","Mountain West",12,11418,271,489,3009,16,11,284,878,11,3749,17,28,207,166,54,7,15,72,597,NA,NA,NA,35,115,0,9,176,2
2008,"San José State","Western Athletic",12,12766,236,383,2575,12,13,386,1040,11,3394,7,20,174,178,51,7,19,81,623,NA,NA,NA,44,233,0,16,311,4
2008,"SMU","Conference USA",12,11446,269,476,3463,29,25,217,497,3,3772,8,33,205,139,48,4,9,73,570,NA,NA,NA,21,101,0,8,83,0
2008,"South Carolina","SEC",13,14188,249,452,3124,20,27,417,1223,7,4115,12,39,241,180,70,12,18,75,640,NA,NA,NA,40,136,0,14,234,1
2008,"Southern Miss","Conference USA",13,14441,262,457,3320,23,9,531,2502,29,5636,7,16,287,209,92,18,26,98,957,NA,NA,NA,39,192,0,17,98,0
2008,"South Florida","Big East",13,14535,255,407,3356,18,15,518,2150,24,5265,11,26,292,174,82,6,14,111,882,NA,NA,NA,55,425,2,10,90,0
2008,"Stanford","Pac-10",12,13067,162,287,1978,11,15,490,2395,26,4221,11,26,225,150,58,8,14,82,738,NA,NA,NA,34,222,1,7,102,1
2008,"Syracuse","Big East",12,12021,141,299,1621,11,8,392,1784,11,3242,12,20,164,156,45,8,20,54,460,NA,NA,NA,35,49,2,7,31,0
2008,"TCU","Mountain West",13,16062,217,371,2755,14,8,642,2863,39,5477,7,15,305,217,111,10,18,114,937,NA,NA,NA,62,417,0,15,156,2
2008,"Temple","Mid-American",12,11905,187,339,2642,22,13,413,1142,12,3577,12,25,179,170,66,3,13,81,664,NA,NA,NA,36,250,0,11,149,0
2008,"Tennessee","SEC",12,12843,153,309,1920,8,9,409,1475,14,3225,10,19,171,167,58,5,14,66,539,NA,NA,NA,36,212,0,17,478,4
2008,"Texas","Big 12",13,15472,343,447,4187,36,8,508,2177,33,6185,7,15,352,173,95,13,16,82,708,NA,NA,NA,35,106,1,6,105,2
2008,"Texas A&M","Big 12",12,12326,251,412,3341,23,12,365,1062,14,4091,20,32,223,167,75,12,19,86,681,NA,NA,NA,22,95,0,8,85,1
2008,"Texas Tech","Big 12",13,14505,465,662,5495,47,10,317,1532,28,6903,15,25,359,169,92,17,26,95,783,NA,NA,NA,28,283,1,18,179,3
2008,"Toledo","Mid-American",12,12296,229,381,2383,13,8,375,1755,18,4009,15,23,213,160,56,12,24,75,594,NA,NA,NA,28,74,0,10,181,1
2008,"Troy","Sun Belt",13,13387,319,523,3295,26,11,448,2179,23,5386,12,23,292,187,72,15,22,88,751,NA,NA,NA,42,292,0,21,207,1
2008,"Tulane","Conference USA",12,13775,228,409,2783,10,15,399,1421,14,4076,9,24,217,176,71,10,26,72,604,NA,NA,NA,26,117,0,9,179,1
2008,"Tulsa","Conference USA",14,14985,270,423,4338,47,21,674,3752,40,7978,10,31,391,193,110,9,21,61,518,NA,NA,NA,45,202,1,9,70,1
2008,"UAB","Conference USA",12,13615,208,353,2539,10,16,435,2027,19,4394,9,25,222,165,64,5,11,82,738,NA,NA,NA,25,58,0,16,196,1
2008,"UCF","Conference USA",12,12323,132,308,1652,12,11,453,1359,8,2754,16,27,155,188,55,9,18,66,607,NA,NA,NA,35,392,0,18,311,1
2008,"UCLA","Pac-10",12,12548,237,433,2610,9,21,379,993,10,3399,11,32,196,188,67,2,11,79,678,NA,NA,NA,41,294,0,11,52,0
2008,"UConn","Big East",13,15576,164,329,1903,5,17,556,2813,27,4629,13,30,248,179,61,2,7,66,571,NA,NA,NA,55,306,1,18,358,4
2008,"UL Monroe","Sun Belt",12,13704,201,347,2388,20,9,424,1832,15,4047,7,16,205,167,52,7,16,82,718,NA,NA,NA,30,111,0,7,92,1
2008,"UNLV","Mountain West",12,12700,223,385,2795,23,6,404,1460,15,4140,8,14,227,176,74,11,14,66,510,NA,NA,NA,32,134,1,7,110,0
2008,"USC","Pac-10",13,14930,254,388,3496,36,12,503,2533,27,5911,12,24,305,168,77,12,20,103,948,NA,NA,NA,63,392,0,19,276,2
2008,"Utah","Mountain West",13,15385,279,414,3359,29,9,499,2034,24,5212,11,20,281,182,82,9,15,90,817,NA,NA,NA,51,211,1,19,335,3
2008,"Utah State","Western Athletic",12,12338,193,342,2570,16,14,437,1653,18,4011,13,27,210,170,56,16,23,86,781,NA,NA,NA,24,97,0,12,135,0
2008,"UTEP","Conference USA",12,13513,258,448,3644,34,9,371,1468,9,4878,6,15,246,168,70,4,15,73,682,NA,NA,NA,19,88,0,12,85,1
2008,"Vanderbilt","SEC",13,14170,157,319,1781,14,12,471,1737,13,3331,9,21,193,184,58,6,12,56,473,NA,NA,NA,44,323,0,20,272,2
2008,"Virginia","ACC",12,12177,269,439,2570,9,20,339,1159,14,3597,12,32,209,170,60,8,20,59,500,NA,NA,NA,36,112,0,11,141,1
2008,"Virginia Tech","ACC",14,17286,167,291,2028,6,12,645,2441,23,4248,8,20,242,211,80,6,16,70,486,NA,NA,NA,42,247,0,20,335,3
2008,"Wake Forest","ACC",13,14813,234,370,2613,14,7,515,1578,14,4008,15,22,218,196,72,8,17,60,611,NA,NA,NA,45,195,0,18,221,1
2008,"Washington","Pac-10",12,12338,173,366,2223,6,15,419,1192,13,3158,15,30,200,179,75,5,14,56,478,NA,NA,NA,15,52,0,7,55,0
2008,"Washington State","Pac-10",13,13152,191,361,2228,6,21,450,1236,13,3134,19,40,184,179,48,9,18,92,857,NA,NA,NA,28,53,0,10,118,1
2008,"Western Kentucky","FBS Independents",12,NA,134,266,1531,7,11,330,1363,7,2690,8,19,0,0,0,0,0,0,0,NA,NA,NA,23,75,0,7,68,0
2008,"Western Michigan","Mid-American",13,13451,346,535,3936,37,10,358,1519,10,5350,13,23,279,170,70,11,22,81,616,NA,NA,NA,35,199,0,13,255,1
2008,"West Virginia","Big East",13,13828,202,305,2065,22,8,517,2729,15,4685,8,16,236,177,74,4,13,59,535,NA,NA,NA,38,221,0,16,204,1
2008,"Wisconsin","Big Ten",13,14607,180,333,2625,11,11,567,2745,31,5190,23,34,255,178,68,7,11,69,616,NA,NA,NA,41,175,0,12,248,0
2008,"Wyoming","Mountain West",12,12692,143,277,1542,8,17,502,2140,9,3552,24,41,195,166,59,5,14,70,622,NA,NA,NA,29,109,0,9,148,2
2009,"Air Force","Mountain West",13,15505,77,153,1230,8,3,815,3685,31,4834,9,12,261,226,100,27,38,63,568,37,901,1,33,308,1,20,265,3
2009,"Akron","Mid-American",12,11809,190,342,2351,12,13,393,1421,13,3611,11,24,198,149,48,3,14,70,610,56,1211,1,39,122,1,13,180,2
2009,"Alabama","SEC",14,17106,212,346,2743,17,5,601,3011,31,5642,7,12,289,194,76,10,17,69,598,33,791,0,64,587,1,24,319,2
2009,"Arizona","Pac-10",13,14835,301,484,3023,20,12,430,2072,19,4999,8,20,263,186,77,11,23,70,544,53,1320,1,37,245,2,12,148,2
2009,"Arizona State","Pac-10",12,13796,225,418,2761,17,12,382,1431,14,4013,14,26,218,169,52,12,22,111,1016,48,1014,1,51,277,0,15,243,2
2009,"Arkansas","SEC",13,14300,247,439,4010,32,9,395,1713,23,5555,6,15,255,162,54,10,20,85,699,56,1283,1,38,130,1,13,222,2
2009,"Arkansas State","Sun Belt",12,13453,192,330,2546,10,12,428,1623,21,3946,12,24,208,144,48,8,18,90,721,47,979,0,42,254,0,8,223,1
2009,"Army","FBS Independents",12,13931,73,161,928,5,5,593,2443,13,3304,14,19,175,173,50,7,15,65,517,46,889,0,48,139,0,13,197,1
2009,"Auburn","SEC",13,13850,218,364,3049,25,9,550,2756,24,5613,13,22,266,177,71,4,14,96,837,63,1493,1,36,107,0,17,243,4
2009,"Ball State","Mid-American",12,12525,160,313,1889,9,14,437,1895,14,3508,12,26,187,166,56,9,19,61,463,56,1125,0,40,192,1,10,127,0
2009,"Baylor","Big 12",12,11953,267,431,3110,13,16,346,1207,16,4115,7,23,210,167,60,8,20,94,758,54,1185,0,31,232,0,10,211,3
2009,"Boise State","Western Athletic",14,15861,294,458,3737,40,3,508,2605,30,6303,11,14,311,174,66,17,22,87,759,44,1172,2,65,391,0,24,293,4
2009,"Boston College","ACC",13,13824,177,351,2576,21,18,472,1780,17,4211,8,26,214,172,52,7,11,64,534,44,932,0,44,171,1,15,155,1
2009,"Bowling Green","Mid-American",13,14951,381,596,4282,27,7,360,1125,19,5235,8,15,282,204,93,8,21,70,611,62,1208,1,45,224,0,9,141,1
2009,"Buffalo","Mid-American",12,12819,228,402,3039,21,15,434,1962,16,4865,10,25,264,166,69,5,15,64,666,52,919,0,35,110,0,7,182,0
2009,"BYU","Mountain West",13,14547,282,419,3799,34,14,470,1894,26,5553,10,24,291,169,94,5,13,93,888,40,873,0,33,173,0,14,247,0
2009,"California","Pac-10",13,13927,214,393,3072,18,8,471,2203,27,5098,9,17,263,177,64,4,10,68,642,57,1152,0,49,247,1,11,159,2
2009,"Central Michigan","Mid-American",14,15354,329,479,3662,28,9,515,2347,29,5924,6,15,337,184,92,4,9,74,704,49,1021,1,28,270,2,11,128,1
2009,"Cincinnati","Big East",13,12587,311,472,4112,39,8,361,1803,23,5817,2,10,269,143,58,9,13,63,589,54,1540,3,45,247,1,16,189,0
2009,"Clemson","ACC",14,14466,220,390,2839,23,13,496,2385,24,5073,11,24,245,191,74,4,15,69,629,46,1094,4,42,374,2,21,367,1
2009,"Colorado","Big 12",12,13447,250,473,3086,18,18,379,1055,14,3772,13,31,221,189,67,12,26,107,903,62,1480,1,45,100,0,9,131,1
2009,"Colorado State","Mountain West",12,12865,181,325,2655,17,15,416,1731,15,4214,4,19,220,150,53,9,18,69,611,59,1335,0,20,108,0,11,227,1
2009,"Duke","ACC",12,13365,308,501,3860,24,10,339,762,6,4422,6,16,229,183,68,11,20,57,494,62,1375,0,32,117,0,8,162,2
2009,"East Carolina","Conference USA",14,16103,265,452,3135,15,12,529,2129,24,5172,11,23,277,209,91,7,13,101,806,56,1308,3,35,204,0,17,283,2
2009,"Eastern Michigan","Mid-American",12,14410,175,327,2000,9,16,421,1515,15,3340,10,26,176,172,65,9,17,66,551,72,1463,0,22,74,0,12,178,0
2009,"Florida","SEC",14,15637,249,364,3453,28,5,555,3105,30,6410,11,16,314,177,87,11,17,95,735,40,1055,1,52,300,1,20,199,3
2009,"Florida Atlantic","Sun Belt",12,13981,257,444,3533,26,7,434,1829,17,5185,8,15,291,165,75,7,19,99,840,63,1189,0,27,100,0,5,51,1
2009,"Florida International","Sun Belt",12,11891,231,433,2841,14,12,423,1251,19,3851,9,21,216,193,67,10,26,93,708,70,1466,1,31,322,0,10,95,1
2009,"Florida State","ACC",13,14693,296,437,3684,16,13,422,1943,27,5477,13,26,282,160,74,5,11,89,811,67,1390,0,33,390,1,14,251,3
2009,"Fresno State","Western Athletic",13,15222,194,321,2705,21,11,555,2976,30,5597,13,24,275,175,77,22,32,57,537,49,1094,0,34,289,1,8,167,3
2009,"Georgia","SEC",13,13939,190,346,2717,24,17,447,2093,17,4708,11,28,226,167,66,8,14,104,864,60,1324,3,42,255,0,10,135,1
2009,"Georgia Tech","ACC",14,17206,78,168,1860,11,6,792,4136,47,5910,12,18,287,199,104,15,27,83,644,54,1164,0,35,280,2,12,135,1
2009,"Hawai'i","Western Athletic",13,15513,339,569,4610,25,17,292,1306,12,5687,16,33,280,149,67,2,17,76,614,68,1518,0,30,150,0,12,69,0
2009,"Houston","Conference USA",14,13791,525,747,6208,47,15,403,1815,23,7887,11,26,424,191,98,14,20,63,571,68,1555,5,27,141,0,11,170,2
2009,"Idaho","Western Athletic",13,14463,240,396,3873,28,15,455,2137,25,5864,8,23,287,158,76,10,14,87,769,61,1270,1,25,153,0,7,123,1
2009,"Illinois","Big Ten",12,13176,184,331,2485,15,12,497,2405,22,4722,8,20,237,174,68,12,18,79,739,58,1101,0,24,60,0,5,175,1
2009,"Indiana","Big Ten",12,12887,272,440,3091,17,15,369,1405,15,4380,7,22,217,174,68,8,15,70,598,55,1328,2,23,103,0,16,255,0
2009,"Iowa","Big Ten",13,15196,213,392,3119,19,20,454,1485,13,4372,8,28,232,183,70,2,12,57,447,39,894,1,41,225,1,21,307,1
2009,"Iowa State","Big 12",13,13574,220,380,2507,16,17,516,2340,17,4741,11,28,252,191,79,7,12,71,648,52,1115,0,40,164,0,15,133,0
2009,"Kansas","Big 12",12,13912,320,506,4009,22,10,379,1345,20,5069,12,22,281,176,76,11,15,71,571,57,1206,1,33,171,0,7,90,1
2009,"Kansas State","Big 12",12,14773,175,298,2233,7,8,504,2159,22,4192,10,18,221,164,56,14,24,84,723,50,1316,4,41,286,1,13,131,1
2009,"Kent State","Mid-American",12,13324,217,393,2690,16,16,393,1375,9,3932,12,28,203,166,48,7,16,78,669,54,1118,1,32,242,0,15,76,0
2009,"Kentucky","SEC",13,14350,180,326,1909,13,11,551,2486,26,4310,9,20,248,193,75,17,23,58,502,56,1302,1,41,338,1,16,258,3
2009,"Louisiana","Sun Belt",12,13225,240,406,2781,14,8,460,1643,19,4341,14,22,240,184,78,12,19,65,590,52,939,0,26,144,1,16,180,1
2009,"Louisiana Tech","Western Athletic",12,12941,188,320,2442,19,5,499,2210,20,4467,8,13,241,167,70,9,16,71,658,61,1261,1,28,148,1,13,307,4
2009,"Louisville","Big East",12,13220,205,365,2713,9,11,424,1502,15,4009,9,20,214,171,63,8,20,79,691,49,1182,0,30,193,1,10,53,1
2009,"LSU","SEC",13,13476,198,336,2618,19,8,435,1596,15,3959,6,14,226,160,61,3,12,86,633,47,900,0,37,509,2,13,144,2
2009,"Marshall","Conference USA",13,16126,233,404,2846,14,13,471,1855,18,4538,9,22,244,191,81,3,11,94,885,49,957,0,33,312,1,9,106,0
2009,"Maryland","ACC",12,12369,226,392,2782,12,10,410,1269,13,3797,14,24,194,186,68,11,25,65,538,66,1481,2,43,168,0,10,208,1
2009,"Memphis","Conference USA",12,13516,242,405,2707,13,15,436,1899,20,4477,11,26,243,167,59,5,17,82,700,67,1357,0,31,62,0,9,135,0
2009,"Miami","ACC",13,14288,246,416,3660,25,17,463,1794,21,5199,4,21,275,178,79,9,20,93,703,58,1235,0,34,223,2,9,89,1
2009,"Miami (OH)","Mid-American",12,14069,317,534,3665,15,21,351,841,9,4122,15,36,252,183,71,11,22,75,605,67,1039,0,27,149,0,7,62,1
2009,"Michigan","Big Ten",12,12559,189,329,2559,15,15,494,2234,27,4614,13,28,235,167,66,7,19,58,517,54,1285,1,49,234,1,11,80,1
2009,"Michigan State","Big Ten",13,13638,251,423,3581,28,12,419,1779,16,5281,8,20,258,170,62,7,13,83,720,55,1422,1,43,192,0,6,65,1
2009,"Middle Tennessee","Sun Belt",13,13078,238,436,3223,25,15,519,2418,22,5482,6,21,251,208,73,8,21,81,745,57,1119,0,49,155,1,19,311,2
2009,"Minnesota","Big Ten",13,13761,199,385,2948,15,16,430,1293,13,3984,13,29,207,179,61,5,15,80,678,57,1291,0,34,132,1,12,158,0
2009,"Mississippi State","SEC",12,13828,153,266,1862,9,17,555,2731,21,4463,13,30,229,160,53,14,25,66,535,61,1514,1,37,151,1,17,417,5
2009,"Missouri","Big 12",13,13115,274,467,3904,26,11,444,1651,15,5362,8,19,268,185,68,11,20,69,716,64,1313,0,46,238,0,8,102,1
2009,"Navy","FBS Independents",14,17373,58,110,1175,6,4,820,3933,44,4991,10,14,267,196,91,19,28,48,415,46,851,0,32,109,1,13,203,0
2009,"NC State","ACC",12,14218,248,421,3485,32,13,419,1451,15,4726,12,25,266,154,69,7,19,64,519,61,1332,1,37,276,0,8,65,0
2009,"Nebraska","Big 12",14,16162,210,364,2581,16,12,512,2062,20,4522,11,23,226,201,77,5,8,100,894,33,795,0,60,510,2,20,296,2
2009,"Nevada","Western Athletic",13,15114,170,293,2196,21,6,607,4484,48,6573,16,22,310,159,79,11,16,87,783,47,1112,0,33,55,0,8,22,0
2009,"New Mexico","Mountain West",12,12310,268,470,2839,13,15,361,1203,8,3784,11,26,217,186,56,17,32,78,701,54,1035,0,27,68,0,7,31,1
2009,"New Mexico State","Western Athletic",13,14196,133,269,1312,6,18,503,1840,10,2981,10,28,161,181,55,9,20,67,587,61,1273,0,32,231,0,7,97,1
2009,"North Carolina","ACC",13,15613,220,368,2427,14,17,477,1727,14,4001,10,27,228,186,69,9,15,81,735,40,821,0,45,399,1,19,464,3
2009,"Northern Illinois","Mid-American",13,15127,168,274,2074,14,8,531,2537,27,4487,8,16,232,176,76,7,12,70,579,53,1160,1,29,224,1,8,197,2
2009,"North Texas","Sun Belt",12,13498,277,413,2776,15,17,420,2223,27,4904,12,29,249,164,69,4,13,80,695,64,1382,0,30,65,0,7,92,0
2009,"Northwestern","Big Ten",13,14747,342,531,3945,20,14,503,1532,18,5257,13,27,302,221,101,12,20,73,584,57,1175,0,39,126,0,16,123,1
2009,"Notre Dame","FBS Independents",12,14053,301,447,4055,30,5,401,1539,13,5421,9,14,293,156,64,9,16,75,646,50,1085,0,40,232,1,12,132,0
2009,"Ohio","Mid-American",14,15269,228,402,3023,23,13,455,1568,9,4342,11,24,219,193,62,7,18,86,757,50,1038,1,53,437,4,20,338,3
2009,"Ohio State","Big Ten",13,15090,174,316,2443,19,11,563,2540,20,4797,7,18,250,193,81,4,9,71,543,40,849,1,55,319,0,24,337,2
2009,"Oklahoma","Big 12",13,14493,300,519,3880,28,15,485,1750,18,5510,11,26,303,202,81,7,20,107,1044,33,687,0,59,699,1,18,225,1
2009,"Oklahoma State","Big 12",13,15873,196,336,2401,20,14,555,2441,22,4774,16,30,249,179,66,10,21,96,817,55,1037,0,38,355,2,18,136,2
2009,"Ole Miss","SEC",13,14651,205,377,2959,22,21,503,2387,22,5231,10,31,266,177,73,10,19,71,549,46,1068,2,46,292,0,13,253,2
2009,"Oregon","Pac-10",13,13584,197,338,2470,16,7,547,3012,38,5356,16,23,263,168,59,15,22,95,815,57,1395,1,42,336,2,14,159,2
2009,"Oregon State","Pac-10",13,15081,319,478,3748,23,7,440,1818,26,5338,4,11,278,183,84,11,18,100,772,47,1029,0,42,191,0,8,55,0
2009,"Penn State","Big Ten",13,16448,241,397,3186,25,10,467,2207,20,5290,7,17,273,182,88,3,6,55,401,38,729,0,61,144,0,14,276,1
2009,"Pittsburgh","Big East",13,14585,219,338,2848,23,8,479,2344,25,5091,6,14,250,172,74,8,14,67,656,49,1075,0,36,169,0,15,129,1
2009,"Purdue","Big Ten",12,13123,272,449,3189,23,14,388,1633,17,4696,15,29,236,177,75,6,17,64,495,58,1201,1,39,215,1,12,89,0
2009,"Rice","Conference USA",12,12899,248,452,2560,14,17,407,1311,14,3655,10,27,216,181,56,11,22,69,523,77,1653,0,25,210,0,6,37,0
2009,"Rutgers","Big East",13,15691,165,327,2796,15,10,484,1747,21,4242,4,14,211,184,63,7,18,81,574,37,876,3,45,123,1,15,239,4
2009,"San Diego State","Mountain West",12,12218,246,448,3283,25,16,328,940,8,4103,9,25,215,168,71,5,10,67,570,62,1192,0,33,156,0,10,150,1
2009,"San José State","Western Athletic",12,12938,240,403,2759,13,15,351,920,8,3408,10,25,192,166,55,6,16,74,554,64,1184,0,26,26,0,6,132,0
2009,"SMU","Conference USA",13,15074,286,472,3879,22,14,378,1427,23,5093,12,26,255,161,50,5,11,94,766,55,1206,0,40,275,1,17,166,1
2009,"South Carolina","SEC",13,15094,244,440,3194,18,10,435,1576,12,4516,11,21,239,188,70,12,24,80,695,55,1149,0,43,181,0,6,113,1
2009,"Southern Miss","Conference USA",13,14250,242,391,3209,27,6,513,2358,23,5413,11,17,287,174,73,11,19,101,900,65,1586,2,46,367,1,12,84,0
2009,"South Florida","Big East",13,15571,168,297,2786,20,12,508,2222,22,4753,11,23,226,172,72,10,14,91,749,48,946,0,27,121,0,13,202,1
2009,"Stanford","Pac-10",13,15701,174,313,2776,14,6,536,2837,38,5559,11,17,275,157,70,10,17,72,685,63,1597,3,41,229,1,8,152,2
2009,"Syracuse","Big East",12,13901,229,354,2642,16,15,421,1519,15,3965,12,27,225,148,47,5,12,72,599,55,1250,0,42,145,0,9,77,0
2009,"TCU","Mountain West",13,14983,202,326,2899,24,8,595,3114,35,5937,15,23,310,158,65,4,10,72,679,34,965,1,71,619,2,14,140,3
2009,"Temple","Mid-American",13,14657,133,280,2062,13,14,551,2431,29,4335,9,23,245,172,62,7,17,68,557,53,1264,2,39,263,2,16,362,2
2009,"Tennessee","SEC",13,14673,233,401,3088,28,14,476,2045,19,4987,7,21,272,176,70,13,25,63,516,58,1369,0,27,112,0,10,86,2
2009,"Texas","Big 12",14,16430,362,540,4018,29,16,513,2066,28,5897,11,27,332,209,94,8,14,93,802,43,1119,3,68,370,3,25,349,4
2009,"Texas A&M","Big 12",13,14861,302,509,3886,30,8,544,2394,25,6055,16,24,338,207,104,8,19,99,901,72,1580,1,34,161,0,12,192,0
2009,"Texas Tech","Big 12",13,13743,448,669,5337,38,17,319,1092,24,6120,13,30,335,173,71,22,32,117,1064,47,1148,0,36,245,0,10,49,0
2009,"Toledo","Mid-American",12,14061,270,444,3451,21,16,409,1918,23,5255,15,31,254,175,72,16,20,97,841,71,1527,1,30,119,0,12,69,0
2009,"Troy","Sun Belt",13,13802,333,529,4506,24,10,444,1939,29,6314,17,27,311,184,80,4,17,106,888,62,1305,1,47,106,0,10,131,1
2009,"Tulane","Conference USA",12,13060,234,373,2686,13,14,395,1264,10,3750,12,26,207,167,73,7,18,59,497,76,1486,1,19,52,0,5,54,0
2009,"Tulsa","Conference USA",12,12687,228,389,3395,25,10,480,1809,19,4921,12,22,248,175,68,3,16,58,582,63,1424,0,25,282,1,9,121,0
2009,"UAB","Conference USA",12,12759,169,291,2496,22,8,463,2759,17,5111,5,13,229,141,52,0,10,89,773,52,1078,0,19,59,0,11,244,2
2009,"UCF","Conference USA",13,14592,223,379,2935,21,13,480,1697,20,4431,8,21,249,178,67,9,13,51,473,54,1314,1,40,311,0,12,138,1
2009,"UCLA","Pac-10",13,13687,244,436,3069,10,12,421,1490,12,4386,12,24,226,185,63,8,15,81,711,48,1140,0,46,309,0,20,248,3
2009,"UConn","Big East",13,13892,214,375,2958,16,13,528,2219,30,5034,9,22,254,194,79,12,16,51,386,53,1365,3,46,412,1,12,77,1
2009,"UL Monroe","Sun Belt",12,14619,185,329,2598,18,20,488,2207,21,4708,9,29,239,170,73,7,9,90,733,59,1138,0,48,108,0,13,116,0
2009,"UNLV","Mountain West",12,13473,248,417,2806,17,14,389,1522,20,4215,5,19,252,166,77,8,16,63,579,64,1411,1,23,59,0,5,40,1
2009,"USC","Pac-10",13,13841,228,379,2997,16,15,438,2168,24,5058,7,22,237,157,56,7,17,90,798,51,943,0,52,381,2,11,230,2
2009,"Utah","Mountain West",13,15050,245,405,3101,19,9,485,2084,23,5064,11,20,245,186,70,5,16,100,871,53,1188,0,53,339,0,17,215,3
2009,"Utah State","Western Athletic",12,12863,218,376,3175,19,4,496,2311,25,5272,11,15,255,181,65,13,19,89,853,58,1345,0,37,135,0,12,103,0
2009,"UTEP","Conference USA",12,12597,229,422,3522,17,13,401,1813,27,5144,8,21,262,158,65,8,15,91,842,61,1274,0,21,110,0,11,198,1
2009,"Vanderbilt","SEC",12,11406,170,352,1924,6,10,451,1920,12,3676,6,16,194,192,68,6,13,75,590,54,1180,3,47,149,0,12,93,0
2009,"Virginia","ACC",12,12105,189,363,2365,8,8,410,1189,15,3235,12,20,184,178,60,2,14,68,659,66,1171,0,42,155,1,12,171,2
2009,"Virginia Tech","ACC",13,14314,137,249,2574,14,5,573,2706,33,5097,10,15,231,172,74,4,12,75,634,42,994,1,51,373,2,11,80,1
2009,"Wake Forest","ACC",12,14014,273,417,3431,26,12,429,1582,13,4841,7,19,267,175,77,7,13,70,580,49,1086,0,33,59,0,9,154,1
2009,"Washington","Pac-10",12,13245,231,397,3011,21,11,390,1668,13,4506,8,19,245,169,78,9,15,83,704,63,1173,0,26,104,0,8,169,1
2009,"Washington State","Pac-10",12,11448,195,372,2453,11,16,354,848,5,2983,15,31,159,168,40,7,15,80,681,63,1168,0,19,62,0,10,209,2
2009,"Western Kentucky","Sun Belt",12,13697,181,313,2061,11,12,446,2074,17,3849,16,28,214,147,46,6,17,85,682,82,1797,0,17,60,0,6,74,0
2009,"Western Michigan","Mid-American",12,12750,317,528,3464,24,14,344,1348,13,4654,14,28,255,178,74,11,25,56,487,53,1153,0,42,172,0,10,98,0
2009,"West Virginia","Big East",13,15038,220,347,2705,12,10,509,2409,29,4893,15,25,243,173,73,3,12,67,574,55,1209,1,37,231,0,17,182,1
2009,"Wisconsin","Big Ten",13,16101,218,340,2924,16,12,581,2650,33,5420,12,24,274,180,85,8,12,69,616,50,999,0,45,175,2,15,26,0
2009,"Wyoming","Mountain West",13,13657,225,410,2512,11,7,496,1770,14,4022,7,14,227,206,72,11,26,82,732,43,959,0,33,206,0,12,14,0
2010,"Air Force","Mountain West",13,14679,88,168,1576,12,6,748,3985,41,5536,11,17,286,186,94,18,30,58,526,39,892,1,27,164,0,12,189,0
2010,"Akron","Mid-American",12,12693,174,349,2069,12,14,393,1361,10,3222,8,22,175,175,61,5,12,65,546,65,1227,0,21,36,0,8,70,0
2010,"Alabama","SEC",13,15071,253,362,3562,24,5,467,2378,30,5773,9,14,287,151,68,9,14,66,490,41,986,1,45,349,1,22,239,2
2010,"Arizona","Pac-10",13,14285,357,524,4221,25,12,435,1712,20,5712,10,22,308,194,94,9,18,91,682,48,1103,1,41,129,0,9,130,1
2010,"Arizona State","Pac-10",12,11892,279,464,3617,23,17,413,1671,19,5108,6,23,255,180,72,8,14,96,835,51,1405,3,49,309,1,12,154,1
2010,"Arkansas","SEC",13,14331,301,465,4495,36,15,421,1935,22,6273,9,24,291,165,68,9,19,103,831,54,1047,0,39,311,1,11,98,1
2010,"Arkansas State","Sun Belt",12,11734,264,436,3220,23,12,420,1789,23,4841,12,24,262,153,52,7,16,83,699,55,1198,0,27,97,0,11,173,1
2010,"Army","FBS Independents",13,15633,72,138,1077,7,3,728,3271,34,4286,11,14,239,193,89,14,19,55,532,51,954,0,33,142,0,13,241,1
2010,"Auburn","SEC",14,15869,194,296,3154,31,7,652,3987,41,6989,10,17,343,162,86,5,8,78,740,63,1482,1,40,136,0,12,94,1
2010,"Ball State","Mid-American",12,12998,166,309,1944,18,16,445,1827,11,3670,15,31,196,153,51,7,13,68,594,52,1078,1,26,146,0,17,158,1
2010,"Baylor","Big 12",13,14794,313,471,3781,23,8,468,2530,25,6179,12,20,310,180,72,12,22,108,1007,62,1231,1,40,149,0,10,120,1
2010,"Boise State","Western Athletic",13,14790,299,424,4238,38,6,485,2603,34,6777,13,19,326,155,76,6,16,73,711,34,777,0,49,506,1,14,181,3
2010,"Boston College","ACC",13,13769,180,351,2422,13,19,464,1663,10,3888,6,25,195,192,63,4,6,74,661,55,983,0,41,114,0,20,313,2
2010,"Bowling Green","Mid-American",12,13455,266,459,3023,12,20,361,754,16,3533,12,32,209,185,65,10,26,72,639,68,1213,1,31,222,2,14,354,4
2010,"Buffalo","Mid-American",12,12017,185,410,2414,17,23,440,1361,3,3572,10,33,206,200,73,3,18,60,567,51,974,0,23,201,0,15,123,1
2010,"BYU","Mountain West",13,15396,243,428,2754,17,11,518,2185,23,4764,10,21,283,199,92,8,20,69,562,48,1041,0,37,217,0,16,211,0
2010,"California","Pac-10",12,13593,185,332,2271,16,11,428,1907,19,4008,7,18,213,149,52,6,15,80,685,48,1002,0,44,304,1,9,72,1
2010,"Central Michigan","Mid-American",12,13642,288,477,3618,17,18,383,1269,18,4677,11,29,264,171,64,16,27,67,619,53,1037,0,40,170,1,4,69,1
2010,"Cincinnati","Big East",12,12415,251,435,3384,27,15,402,1880,15,5008,14,29,263,170,77,6,14,81,761,60,1191,0,41,152,0,8,23,0
2010,"Clemson","ACC",13,13766,230,409,2675,17,14,457,1807,19,4350,9,23,233,191,75,8,16,78,718,46,1018,1,47,331,0,15,189,2
2010,"Colorado","Big 12",12,13948,237,397,2864,21,11,450,1644,15,4316,9,20,236,182,82,8,14,78,588,50,1164,0,31,131,0,10,31,0
2010,"Colorado State","Mountain West",12,13271,253,393,2906,11,13,392,1356,10,4018,9,22,217,169,62,7,25,54,486,62,1482,0,27,104,0,4,28,0
2010,"Duke","ACC",12,12609,295,489,3421,14,19,383,1320,19,4576,9,28,239,183,73,9,19,55,487,68,1419,0,31,188,0,8,63,0
2010,"East Carolina","Conference USA",13,13184,408,632,4272,39,16,358,1546,21,5689,14,30,307,181,78,21,28,103,879,84,1653,1,28,227,0,11,120,1
2010,"Eastern Michigan","Mid-American",12,14529,150,282,2074,14,14,511,2080,17,4001,10,24,205,173,61,13,28,67,639,72,1403,0,27,27,0,2,34,0
2010,"Florida","SEC",13,14710,230,381,2540,12,12,504,2165,31,4561,15,27,247,172,64,17,33,101,745,54,1392,2,45,302,2,22,538,4
2010,"Florida Atlantic","Sun Belt",12,12876,193,342,2793,17,14,400,1127,8,3627,13,27,189,164,53,6,14,86,700,56,1116,0,31,149,0,11,136,1
2010,"Florida International","Sun Belt",13,15175,234,384,2865,16,14,522,2438,26,5136,7,21,250,183,68,9,19,106,916,60,1334,2,42,183,0,15,188,2
2010,"Florida State","ACC",14,15808,250,397,3096,24,13,500,2400,27,5338,10,23,274,185,89,7,10,89,823,58,1169,0,44,318,1,15,185,1
2010,"Fresno State","Western Athletic",13,15181,228,364,3086,24,9,494,1958,19,4818,15,24,251,178,63,13,20,73,642,59,1347,0,40,299,1,8,151,1
2010,"Georgia","SEC",13,14786,218,359,3353,25,8,455,1854,21,5005,8,16,245,163,66,8,15,68,545,44,930,1,33,223,0,16,169,3
2010,"Georgia Tech","ACC",13,15796,64,168,1173,9,7,753,4203,31,5294,20,27,265,183,74,22,40,80,663,53,1057,0,33,134,0,8,214,2
2010,"Hawai'i","Western Athletic",14,15105,394,618,5775,42,17,308,1489,25,7009,9,26,333,150,56,10,19,90,786,58,1143,0,42,72,0,23,322,3
2010,"Houston","Conference USA",12,11813,298,484,4008,34,20,410,1839,20,5766,7,27,307,163,79,12,21,60,481,60,1331,1,30,231,1,13,245,2
2010,"Idaho","Western Athletic",13,14912,313,549,4189,27,17,373,1146,12,5028,11,28,259,198,86,8,19,87,866,61,1299,1,38,81,0,11,119,0
2010,"Illinois","Big Ten",13,16093,165,284,2111,18,12,619,3199,29,5162,7,19,268,177,72,9,11,79,713,49,968,0,45,60,0,11,199,3
2010,"Indiana","Big Ten",12,13683,311,513,3537,25,12,348,1204,13,4650,8,20,260,169,74,5,13,52,476,63,1479,0,17,61,0,8,91,1
2010,"Iowa","Big Ten",13,14820,226,357,3190,26,6,449,1929,16,4978,5,11,261,158,73,5,10,64,486,32,809,1,41,180,1,19,315,4
2010,"Iowa State","Big 12",12,12547,211,373,2282,14,10,455,1718,15,3809,7,17,220,181,68,9,23,71,616,54,1185,1,35,144,1,13,231,3
2010,"Kansas","Big 12",12,12625,203,353,2179,11,14,470,1615,13,3557,6,20,219,198,81,10,23,72,681,66,1384,1,24,57,0,7,18,0
2010,"Kansas State","Big 12",13,14557,189,293,2519,16,8,554,2593,40,4924,10,18,250,176,82,13,20,62,469,57,1421,2,43,189,0,13,125,0
2010,"Kent State","Mid-American",12,13295,228,390,2546,11,14,383,1363,15,3772,13,27,201,160,49,10,17,74,670,48,983,1,51,211,1,16,177,2
2010,"Kentucky","SEC",13,14246,298,458,3644,26,9,452,2061,26,5562,11,20,289,179,79,17,29,71,592,59,1343,0,44,239,1,9,4,0
2010,"Louisiana","Sun Belt",12,13561,229,436,3238,18,15,414,1207,14,4207,10,25,210,196,69,13,27,68,486,69,1217,1,25,91,0,14,80,0
2010,"Louisiana Tech","Western Athletic",12,11815,260,424,2745,16,14,465,2051,22,4678,13,27,251,181,68,14,26,59,527,67,1576,1,38,218,1,12,154,0
2010,"Louisville","Big East",13,14689,217,363,2636,22,8,472,2275,17,4797,8,16,243,178,71,7,13,103,829,44,1147,1,38,290,1,9,104,1
2010,"LSU","SEC",13,14845,173,301,2196,10,11,538,2438,29,4461,12,23,228,184,70,11,12,77,603,46,1190,0,44,432,2,19,363,1
2010,"Marshall","Conference USA",12,12404,235,421,2680,22,15,345,1166,7,3771,8,23,197,178,66,4,13,79,646,59,1286,1,32,146,1,11,180,1
2010,"Maryland","ACC",13,14024,219,389,2951,27,10,433,1796,21,4587,4,14,228,171,61,14,21,102,890,53,914,0,37,576,2,19,310,4
2010,"Memphis","Conference USA",12,13222,187,335,2560,14,13,383,1099,5,3420,13,26,172,165,53,1,7,76,584,74,1351,0,24,5,0,8,120,0
2010,"Miami","ACC",13,13485,240,443,3238,21,27,494,2372,19,5477,9,36,288,186,76,8,21,107,893,44,865,1,45,154,1,16,155,2
2010,"Miami (OH)","Mid-American",14,16618,323,504,3797,19,15,438,1376,14,4928,9,24,265,195,70,4,16,77,636,48,986,0,34,133,1,21,300,2
2010,"Michigan","Big Ten",13,13596,243,385,3320,23,15,556,3101,35,6353,14,29,299,172,77,12,28,60,597,72,1544,0,23,104,0,12,170,0
2010,"Michigan State","Big Ten",13,15787,244,373,3289,23,10,444,1978,25,5051,9,19,252,168,63,12,17,87,754,50,979,0,38,260,1,16,197,0
2010,"Middle Tennessee","Sun Belt",13,12123,226,384,2642,9,24,525,2350,32,4835,14,38,242,199,75,7,12,80,726,54,1356,1,42,174,0,11,286,2
2010,"Minnesota","Big Ten",12,14365,209,378,2841,21,9,447,1623,14,4336,8,17,239,172,67,12,25,67,513,61,1248,0,23,99,0,11,123,0
2010,"Mississippi State","SEC",13,15200,168,288,2558,18,13,619,2793,28,5217,8,21,268,196,90,15,19,68,559,51,1083,1,39,153,0,13,82,1
2010,"Missouri","Big 12",13,13890,312,490,3434,17,10,439,2033,28,5325,8,18,286,184,70,6,12,79,747,33,696,1,44,158,0,18,359,0
2010,"Navy","FBS Independents",13,14973,84,157,1626,13,6,692,3702,37,5262,10,16,265,170,88,13,20,44,359,50,1123,0,21,70,0,7,66,0
2010,"NC State","ACC",13,15337,319,545,3883,28,14,461,1603,17,5258,8,22,304,208,90,13,20,65,473,46,855,0,41,205,3,9,164,2
2010,"Nebraska","Big 12",14,16197,163,282,2305,16,8,634,3466,32,5574,16,24,254,192,79,9,14,109,993,39,895,1,44,297,1,19,313,4
2010,"Nevada","Western Athletic",14,17028,241,375,3244,22,9,669,4091,52,7268,10,19,369,187,101,18,24,72,681,48,1076,0,37,244,1,12,210,2
2010,"New Mexico","Mountain West",12,13013,192,365,2096,11,15,440,1296,10,3188,16,31,188,183,59,8,19,79,718,70,1648,1,28,23,0,4,53,0
2010,"New Mexico State","Western Athletic",12,14391,185,376,2141,9,9,449,1549,8,3558,9,18,204,189,56,10,19,75,741,67,1586,0,33,107,0,4,89,2
2010,"North Carolina","ACC",13,15102,283,425,3697,19,9,440,1634,18,5066,14,23,246,182,71,14,23,99,757,45,917,0,32,128,0,19,287,2
2010,"Northern Illinois","Mid-American",14,16171,208,329,2737,23,8,581,3645,42,6300,6,14,302,170,86,5,13,63,587,39,857,1,44,266,1,16,176,2
2010,"North Texas","Sun Belt",12,13794,182,316,2262,16,9,489,2426,17,4503,9,18,224,179,71,9,16,84,603,58,1409,2,34,43,0,8,74,0
2010,"Northwestern","Big Ten",13,14778,263,385,3276,17,10,557,2027,22,5084,13,23,283,192,90,5,11,82,736,51,1149,1,27,167,0,15,244,3
2010,"Notre Dame","FBS Independents",13,13826,285,481,3402,28,16,414,1646,11,4936,8,24,259,179,69,5,11,58,531,49,1038,0,49,91,1,18,131,1
2010,"Ohio","Mid-American",13,14338,159,272,2270,20,20,496,2125,25,4235,12,32,221,145,50,13,19,73,628,53,1130,0,35,273,0,16,136,1
2010,"Ohio State","Big Ten",13,15346,228,349,3104,30,13,547,2861,27,5832,2,15,289,171,80,8,10,62,580,40,1055,1,45,289,1,19,311,3
2010,"Oklahoma","Big 12",14,15990,414,633,5001,38,12,578,1932,23,6739,6,18,371,246,109,14,27,72,592,42,935,0,65,323,0,19,223,3
2010,"Oklahoma State","Big 12",13,13204,357,532,4615,36,14,450,2267,26,6763,8,22,336,176,76,7,15,88,825,56,1261,2,46,273,3,19,324,3
2010,"Ole Miss","SEC",12,13447,185,330,2382,17,14,496,2491,28,4798,10,24,224,175,60,16,27,68,613,63,1338,0,35,240,1,6,63,0
2010,"Oregon","Pac-10",13,13250,248,395,3235,31,9,630,3717,42,6895,15,24,344,185,83,22,34,93,798,46,984,0,53,679,5,21,231,2
2010,"Oregon State","Pac-10",12,12230,221,375,2718,19,12,384,1435,18,3918,4,16,222,153,56,4,13,72,669,52,1372,0,36,266,1,10,95,1
2010,"Penn State","Big Ten",13,14619,236,425,3102,19,17,448,1853,16,4839,4,21,250,189,79,8,17,52,402,58,1224,1,50,272,1,10,108,0
2010,"Pittsburgh","Big East",13,16027,230,360,2790,16,11,470,2154,24,4770,11,22,239,175,74,8,18,87,712,51,1040,0,39,344,0,13,126,1
2010,"Purdue","Big Ten",12,12646,197,354,1913,13,17,442,1930,12,3739,10,27,190,180,58,12,22,77,684,56,1087,0,36,137,0,10,212,2
2010,"Rice","Conference USA",12,13625,218,360,2820,20,12,494,1913,24,4504,9,21,237,185,84,13,18,62,529,78,1723,0,28,208,0,6,53,0
2010,"Rutgers","Big East",12,13558,176,324,2734,16,10,445,1211,11,3539,5,15,186,173,54,8,18,84,605,56,1280,0,40,211,3,8,91,0
2010,"San Diego State","Mountain West",13,13613,244,426,3921,28,14,439,2097,29,5937,7,21,264,173,80,7,12,77,672,44,851,0,49,169,0,10,106,0
2010,"San José State","Western Athletic",13,13512,254,437,3309,17,18,352,1021,7,4096,8,26,204,173,45,7,13,84,658,72,1480,0,27,75,0,9,141,0
2010,"SMU","Conference USA",14,16554,304,516,4044,31,14,404,1943,14,5804,13,27,290,182,80,14,22,75,706,57,1238,0,42,136,0,10,99,1
2010,"South Carolina","SEC",14,16155,252,389,3498,23,17,522,2161,26,5499,9,26,289,181,89,3,6,73,568,55,1103,0,33,63,0,10,252,5
2010,"Southern Miss","Conference USA",13,15114,294,471,3400,24,8,559,2611,28,5894,10,18,316,215,105,8,15,98,905,57,1324,1,49,217,1,16,118,2
2010,"South Florida","Big East",13,13730,185,323,2308,13,16,487,1883,19,4022,6,22,214,162,51,4,8,74,599,49,1102,2,43,312,2,15,219,1
2010,"Stanford","Pac-10",13,16433,266,379,3411,32,8,535,2779,34,6142,9,17,316,172,99,11,16,65,581,44,936,0,41,261,0,18,153,1
2010,"Syracuse","Big East",13,13517,205,364,2615,19,8,448,1822,14,4197,13,21,224,174,67,3,10,93,771,49,1079,0,46,294,0,9,211,0
2010,"TCU","Mountain West",13,15849,218,331,3047,29,6,600,3216,41,6199,7,13,326,159,85,9,13,68,542,31,803,0,63,533,0,12,164,3
2010,"Temple","Mid-American",12,13226,169,297,2354,15,13,430,1803,20,4009,13,26,201,147,52,2,9,71,553,40,867,0,46,201,0,10,112,0
2010,"Tennessee","SEC",13,14623,238,419,3597,26,15,408,1420,14,4729,9,24,230,189,69,7,17,76,573,53,1133,0,34,73,0,18,294,4
2010,"Texas","Big 12",12,14317,262,445,2917,10,17,433,1806,19,4590,13,30,241,192,77,10,17,75,664,39,720,0,36,302,0,8,151,1
2010,"Texas A&M","Big 12",13,15168,311,515,3873,28,15,519,2145,19,5744,15,30,309,201,84,10,20,101,812,51,1206,2,49,247,1,16,209,1
2010,"Texas Tech","Big 12",13,13617,406,617,4335,39,11,437,1837,17,5983,16,27,323,210,93,11,25,77,776,60,1319,0,34,119,0,15,250,1
2010,"Toledo","Mid-American",13,15078,228,365,2737,23,14,495,2176,22,4750,9,23,231,188,75,7,19,102,834,59,1471,3,39,99,0,20,226,1
2010,"Troy","Sun Belt",13,13818,340,528,4025,33,15,469,2036,21,5895,15,30,303,199,86,2,13,110,945,54,957,1,41,309,1,14,128,0
2010,"Tulane","Conference USA",12,14158,268,465,3144,19,12,434,1530,17,4479,13,25,256,183,71,7,15,61,438,71,1309,0,38,97,0,10,102,0
2010,"Tulsa","Conference USA",13,14514,280,469,3917,32,11,537,2820,32,6573,8,19,332,181,87,7,13,57,544,50,1097,1,29,296,1,24,444,4
2010,"UAB","Conference USA",12,12987,254,465,3284,28,14,417,1870,14,5074,10,24,256,186,78,13,28,63,610,65,1339,0,39,83,0,9,184,0
2010,"UCF","Conference USA",14,17456,191,296,2728,16,11,602,2626,36,5236,7,18,290,177,90,10,15,71,566,44,1250,2,47,394,0,17,351,5
2010,"UCLA","Pac-10",12,13101,162,318,1881,9,14,484,2107,20,3800,15,29,221,167,59,6,16,80,725,53,1121,0,33,121,0,7,132,0
2010,"UConn","Big East",13,14443,188,357,2047,10,9,501,2271,20,4235,10,19,210,192,60,11,19,63,522,55,1487,3,36,229,0,20,486,5
2010,"UL Monroe","Sun Belt",12,14551,247,401,2921,18,14,473,1444,13,4164,11,25,223,189,67,16,33,96,790,68,1432,0,27,71,0,12,145,1
2010,"UNLV","Mountain West",13,14608,191,352,2458,18,13,453,1343,9,3565,7,20,205,179,61,10,27,75,699,75,1719,0,28,88,1,7,67,1
2010,"USC","Pac-10",13,15695,279,453,3256,28,13,477,2461,20,5609,9,22,301,178,77,18,32,90,766,51,1248,1,34,364,1,15,152,2
2010,"Utah","Mountain West",13,13988,248,398,3148,24,12,428,1988,27,5057,14,26,243,175,74,11,17,76,665,46,1100,1,40,616,3,12,194,1
2010,"Utah State","Western Athletic",12,12823,172,324,2324,8,14,528,2024,24,4168,7,21,230,186,74,8,14,78,696,62,1561,1,27,72,0,13,13,0
2010,"UTEP","Conference USA",13,13935,228,432,3064,23,14,412,1782,18,4685,7,21,262,178,84,6,15,77,668,62,1538,2,30,321,0,11,203,0
2010,"Vanderbilt","SEC",12,12524,169,360,2159,11,11,421,1666,13,3579,9,20,180,172,46,4,19,65,526,65,1369,0,46,181,1,9,67,1
2010,"Virginia","ACC",12,13436,262,443,3333,20,17,419,1672,17,4858,6,23,256,172,64,16,28,97,865,51,1107,2,30,133,0,11,165,0
2010,"Virginia Tech","ACC",14,16481,200,343,3071,24,5,570,2782,30,5632,8,13,290,180,80,5,12,67,602,50,1136,2,43,261,1,23,364,2
2010,"Wake Forest","ACC",12,12553,166,302,1927,9,10,459,1902,23,3628,7,17,190,179,61,10,15,59,544,69,1420,0,20,133,0,11,113,1
2010,"Washington","Pac-10",13,14560,205,376,2619,19,9,481,2240,15,4715,8,17,240,184,59,10,24,80,706,56,1148,0,39,128,0,12,51,1
2010,"Washington State","Pac-10",12,13042,227,384,3147,19,12,417,1092,11,3962,11,23,211,179,70,7,21,76,714,46,983,0,29,113,0,11,92,0
2010,"Western Kentucky","Sun Belt",12,14318,151,295,1888,11,6,500,2106,21,3828,8,14,215,184,72,11,20,73,555,61,1306,1,28,130,1,8,109,1
2010,"Western Michigan","Mid-American",12,12563,298,475,3609,30,12,385,1511,18,4940,15,27,249,183,73,17,30,69,614,47,1038,1,42,144,0,15,111,2
2010,"West Virginia","Big East",13,14490,245,382,2992,24,8,526,2076,18,4845,20,28,258,199,89,8,15,62,530,42,805,0,46,185,0,12,199,0
2010,"Wisconsin","Big Ten",13,15518,202,276,2688,17,6,584,3194,48,5787,3,9,310,145,73,7,10,41,399,54,1208,1,39,202,0,14,250,3
2010,"Wyoming","Mountain West",12,12745,174,289,2223,12,9,402,1434,17,3426,9,18,174,146,45,7,17,65,561,47,1016,0,30,46,0,9,144,1
2011,"Air Force","Mountain West",13,14019,123,204,1885,16,8,723,4092,43,5913,18,26,301,181,85,26,32,61,562,44,938,0,33,140,0,12,67,0
2011,"Akron","Mid-American",12,12485,171,376,2182,12,11,413,1373,7,3333,13,24,189,180,50,13,24,63,523,63,1091,0,24,47,0,2,0,0
2011,"Alabama","SEC",13,16073,237,357,2894,16,8,508,2788,34,5585,4,12,281,168,78,9,13,49,369,23,530,0,62,507,1,13,218,3
2011,"Arizona","Pac-12",12,12734,398,577,4633,29,15,331,1134,17,5583,6,21,308,164,71,14,26,95,786,60,1199,0,25,66,0,11,234,3
2011,"Arizona State","Pac-12",13,13457,333,527,4274,27,13,423,1678,23,5795,10,23,308,178,69,10,20,104,1037,67,1658,3,29,276,1,15,223,1
2011,"Arkansas","SEC",13,13626,299,471,4095,26,7,412,1786,25,5695,15,22,277,184,78,11,16,80,593,42,974,2,51,420,4,12,215,0
2011,"Arkansas State","Sun Belt",13,14070,301,463,3634,18,15,475,1872,24,5333,11,26,277,187,78,16,26,83,706,40,817,0,50,204,1,17,214,1
2011,"Army","FBS Independents",12,15080,37,97,673,5,4,740,4158,35,4763,30,34,254,158,72,18,34,49,436,55,1027,0,24,55,0,8,151,1
2011,"Auburn","SEC",13,13288,164,292,2219,17,13,536,2370,20,4392,8,21,227,171,61,6,12,75,676,56,1356,2,39,155,0,11,180,2
2011,"Ball State","Mid-American",12,11840,256,407,2624,17,9,377,1583,15,4158,6,15,227,162,66,8,13,52,416,51,1108,0,28,87,0,10,103,0
2011,"Baylor","Big 12",13,13435,307,424,4742,40,6,576,3063,37,7632,22,28,378,161,73,19,27,92,837,63,1239,0,23,136,0,16,344,2
2011,"Boise State","Mountain West",13,15311,352,477,4070,45,10,492,2235,31,6257,9,19,334,172,88,15,24,69,614,31,724,1,53,404,0,15,161,1
2011,"Boston College","ACC",12,13408,173,324,2145,12,10,437,1571,12,3585,10,20,191,166,62,9,17,50,411,46,921,0,37,78,0,13,128,1
2011,"Bowling Green","Mid-American",12,13575,254,428,3285,28,14,402,1475,13,4614,14,28,234,164,59,8,25,57,490,59,1271,1,33,116,0,6,85,0
2011,"Buffalo","Mid-American",12,13413,236,422,2673,12,9,436,1860,21,4382,6,15,238,185,63,14,27,67,627,57,1117,0,30,102,0,6,107,1
2011,"BYU","FBS Independents",13,14906,262,464,3302,28,15,494,2084,16,5274,12,27,306,191,98,7,14,75,653,47,1071,1,42,275,1,13,210,1
2011,"California","Pac-12",13,15096,246,440,3411,17,12,484,2013,25,5219,13,25,279,179,73,8,23,98,941,51,1022,1,38,116,0,12,210,1
2011,"Central Michigan","Mid-American",12,12720,258,458,3399,25,18,333,1389,7,4679,5,23,236,161,57,6,15,57,565,63,1269,0,38,101,0,8,52,0
2011,"Cincinnati","Big East",13,13539,223,392,2851,20,14,500,2321,28,5014,7,21,255,183,69,6,13,67,607,49,1181,1,47,187,0,16,244,3
2011,"Clemson","ACC",14,14547,311,525,4181,33,12,530,2219,22,6171,13,25,314,217,94,9,19,62,562,63,1405,1,40,90,0,14,270,1
2011,"Colorado","Pac-12",13,15507,250,450,3305,21,11,401,1413,10,4502,10,21,241,189,68,8,17,103,866,69,1281,0,30,56,0,7,85,0
2011,"Colorado State","Mountain West",12,13854,208,344,2435,12,14,452,2002,17,4217,12,26,219,164,56,11,26,82,719,52,1251,0,27,248,0,8,132,2
2011,"Duke","ACC",12,13477,315,493,3412,15,12,365,1129,19,4395,9,21,235,189,76,22,36,55,467,63,1286,0,39,226,0,6,158,1
2011,"East Carolina","Conference USA",12,13263,355,524,3647,25,20,397,1309,15,4742,15,35,271,178,82,15,19,59,550,58,1114,0,30,162,0,7,60,0
2011,"Eastern Michigan","Mid-American",12,12908,99,177,1478,13,8,527,2487,16,3860,9,17,193,158,63,7,11,85,724,51,963,0,42,272,1,5,18,0
2011,"Florida","SEC",13,14338,182,320,2583,13,13,469,1859,17,4273,13,26,222,159,51,6,11,100,773,47,1137,2,40,178,2,8,148,2
2011,"Florida Atlantic","Sun Belt",12,11528,172,323,1890,8,14,356,1199,10,2837,11,25,166,151,44,8,18,87,781,59,1221,0,24,66,0,9,138,1
2011,"Florida International","Sun Belt",13,12923,223,367,2783,13,5,436,1712,16,4363,10,15,225,173,62,6,14,91,768,40,926,0,34,235,1,12,239,2
2011,"Florida State","ACC",13,14109,247,383,3622,25,12,437,1458,20,4799,7,19,247,154,59,2,7,103,875,30,795,0,63,417,1,16,189,1
2011,"Fresno State","Western Athletic",13,15140,279,448,3670,26,10,439,1810,18,5354,14,24,269,179,67,10,18,88,809,80,1643,0,41,466,2,5,27,0
2011,"Georgia","SEC",14,17176,257,434,3624,37,14,582,2296,15,5719,11,25,296,218,93,11,20,86,664,48,1035,0,53,259,1,20,294,1
2011,"Georgia Tech","ACC",13,15264,82,167,1927,11,8,718,4114,45,5964,11,19,265,182,98,10,19,58,480,42,807,0,32,130,0,14,177,3
2011,"Hawai'i","Western Athletic",13,14070,359,598,4269,29,10,301,1240,22,5254,16,26,292,176,79,12,19,79,597,60,1434,0,47,227,2,14,240,2
2011,"Houston","Conference USA",14,13688,479,682,6469,54,6,420,2086,33,8387,9,15,393,203,103,14,26,85,699,43,906,1,46,317,2,21,238,2
2011,"Idaho","Western Athletic",12,12296,221,419,2421,11,16,391,1359,12,3618,10,26,187,185,54,9,16,76,714,65,1312,1,30,255,3,9,164,2
2011,"Illinois","Big Ten",13,15385,226,362,2653,14,13,550,2232,21,4624,15,28,251,194,82,9,21,64,549,34,534,0,49,70,0,10,81,2
2011,"Indiana","Big Ten",12,12294,211,378,2583,10,11,492,1932,18,4325,7,18,240,196,80,11,21,81,710,70,1345,1,25,46,0,5,51,1
2011,"Iowa","Big Ten",13,13639,240,412,3260,25,8,454,1790,18,4842,10,18,265,166,66,11,21,62,463,46,1008,0,31,111,0,10,260,2
2011,"Iowa State","Big 12",13,14334,249,484,2913,17,17,538,2265,20,5025,18,35,273,221,89,16,29,88,680,65,1552,0,41,121,0,10,181,1
2011,"Kansas","Big 12",12,13851,191,301,2211,15,12,543,1913,20,3922,11,23,226,188,73,16,26,69,540,73,1426,0,20,95,0,8,160,1
2011,"Kansas State","Big 12",13,16474,167,290,2217,13,6,606,2411,34,4381,10,16,255,195,82,8,11,61,465,51,1260,2,36,160,0,18,273,3
2011,"Kent State","Mid-American",12,12189,148,308,1697,10,9,404,1194,10,2679,10,19,143,177,50,3,17,70,713,48,944,0,35,134,0,14,103,0
2011,"Kentucky","SEC",12,12523,171,336,1851,12,12,428,1490,9,3117,12,24,170,176,51,9,23,59,467,47,952,0,37,35,0,15,198,0
2011,"Louisiana","Sun Belt",13,14384,266,437,3672,25,10,456,1627,19,5130,13,23,245,198,76,11,15,99,859,64,1226,0,44,332,1,14,455,7
2011,"Louisiana Tech","Western Athletic",13,13840,278,478,3400,21,11,509,1901,21,5130,9,20,260,217,79,10,17,88,769,52,1176,1,49,269,1,21,289,5
2011,"Louisville","Big East",13,15502,243,381,2981,19,13,466,1580,13,4329,8,21,214,188,74,7,17,90,735,45,1085,1,40,94,0,10,115,1
2011,"LSU","SEC",14,16060,173,279,2250,21,5,591,2836,35,4971,5,10,269,170,76,4,6,86,668,38,828,1,51,524,2,18,298,3
2011,"Marshall","Conference USA",13,13662,246,407,2927,22,15,446,1561,9,4334,13,28,211,194,70,4,16,72,544,57,1272,0,37,246,1,14,115,1
2011,"Maryland","ACC",12,11232,233,434,2664,14,16,421,2032,16,4556,7,23,243,174,62,13,29,49,434,70,1396,0,22,95,0,11,147,3
2011,"Memphis","Conference USA",12,12601,224,408,2437,10,8,378,1008,10,3291,10,18,182,184,57,4,11,57,523,66,1207,0,23,93,0,12,161,1
2011,"Miami","ACC",12,13100,222,339,2915,21,11,398,1748,18,4533,11,22,220,148,63,8,17,69,508,43,915,0,29,121,0,6,74,1
2011,"Miami (OH)","Mid-American",12,13374,301,459,3941,24,11,375,886,11,4475,10,21,240,171,70,8,21,69,546,42,839,0,30,59,0,10,28,1
2011,"Michigan","Big Ten",13,14153,146,271,2440,22,16,534,2694,28,4973,6,22,254,162,77,9,16,52,453,32,588,0,34,193,0,8,69,0
2011,"Michigan State","Big Ten",14,16051,288,451,3640,26,10,489,1931,21,5466,8,18,273,202,78,10,18,94,770,47,1113,0,58,327,2,18,346,4
2011,"Middle Tennessee","Sun Belt",12,10858,271,464,2804,21,13,392,1659,12,4420,13,26,237,181,72,7,26,52,466,58,1087,0,30,166,0,4,176,0
2011,"Minnesota","Big Ten",12,12686,134,274,1895,10,10,470,1920,14,3724,7,17,195,160,61,12,22,68,593,55,1289,2,19,54,1,4,19,0
2011,"Mississippi State","SEC",13,12914,198,349,2542,19,13,513,2279,19,4643,7,20,240,186,72,9,18,71,567,43,779,0,45,311,2,12,186,2
2011,"Missouri","Big 12",13,14216,243,383,3128,23,11,589,3172,30,6182,8,19,315,184,73,10,17,70,593,44,967,0,40,169,1,13,113,0
2011,"Navy","FBS Independents",12,14663,65,135,1122,10,6,694,3747,34,4776,9,15,255,171,81,15,30,28,240,54,1091,1,18,97,0,10,152,2
2011,"NC State","ACC",13,14969,291,466,3354,32,12,448,1363,10,4483,15,27,239,201,87,11,23,60,440,52,1121,0,39,208,1,27,381,3
2011,"Nebraska","Big Ten",13,14454,164,293,2214,13,8,611,2824,31,4939,11,19,264,194,82,9,16,85,683,45,1146,1,42,139,0,10,85,0
2011,"Nevada","Western Athletic",13,17320,270,409,3485,20,12,628,3218,29,6587,14,26,345,192,88,11,22,89,730,56,1170,0,42,307,1,15,163,1
2011,"New Mexico","Mountain West",12,12479,201,355,2346,7,8,405,1358,10,3554,13,21,187,173,53,11,23,81,567,63,1343,1,15,12,0,3,16,0
2011,"New Mexico State","Western Athletic",13,13993,249,451,3790,24,14,446,1625,16,5175,12,26,264,192,76,7,17,90,681,71,1664,3,27,56,0,10,60,0
2011,"North Carolina","ACC",13,13797,249,371,3514,26,14,442,1805,22,5112,12,26,249,158,64,6,13,70,623,59,1365,1,37,74,0,14,55,0
2011,"Northern Illinois","Mid-American",14,14178,244,388,3374,28,6,558,3090,33,6378,12,18,323,184,85,10,12,71,698,54,1097,2,27,109,1,13,119,2
2011,"North Texas","Sun Belt",12,14171,199,347,2381,14,9,480,1829,19,4101,8,17,214,185,70,8,19,60,497,66,1246,0,27,69,1,9,150,2
2011,"Northwestern","Big Ten",13,15027,289,407,3585,26,9,577,2166,25,5471,8,17,305,186,89,17,28,56,492,48,1033,0,16,127,0,12,79,0
2011,"Notre Dame","FBS Independents",13,14837,302,473,3404,21,17,433,2085,25,5369,12,29,308,174,81,6,7,82,758,59,1281,2,46,48,0,8,186,1
2011,"Ohio","Mid-American",14,15929,274,427,3668,30,11,599,2750,18,6236,16,27,326,208,99,9,13,85,810,58,1255,0,55,317,1,15,242,1
2011,"Ohio State","Big Ten",13,14783,125,245,1902,18,5,563,2485,20,4136,10,15,221,173,67,6,12,70,572,42,1035,0,36,214,1,13,128,0
2011,"Oklahoma","Big 12",13,14374,365,583,4639,29,16,469,2118,30,6660,13,29,336,194,80,9,14,64,592,41,886,0,56,234,0,15,265,1
2011,"Oklahoma State","Big 12",13,12870,428,595,5136,40,13,392,2062,36,7096,10,23,337,184,90,8,15,72,656,52,1157,2,41,79,0,24,280,1
2011,"Ole Miss","SEC",12,12487,155,313,2079,9,13,460,1555,12,3375,12,25,186,173,57,7,20,80,684,56,1147,0,32,219,2,10,153,1
2011,"Oregon","Pac-12",14,12894,236,386,3232,39,7,629,4189,42,7319,13,20,339,183,82,14,31,100,910,58,1420,2,43,315,2,17,426,3
2011,"Oregon State","Pac-12",12,12997,320,503,3657,16,19,318,1043,12,4484,13,32,237,167,67,8,17,89,824,56,1233,0,34,181,2,11,108,1
2011,"Penn State","Big Ten",13,14665,181,376,2413,10,12,515,2150,18,4451,13,25,238,193,70,10,18,64,585,43,981,1,60,317,0,14,218,0
2011,"Pittsburgh","Big East",13,13720,263,426,3148,12,14,518,1824,21,4551,8,22,259,193,65,5,12,68,511,51,1117,1,50,165,1,8,116,0
2011,"Purdue","Big Ten",13,14824,233,391,2682,17,11,535,2361,22,4899,9,20,267,196,79,4,9,96,782,44,1262,1,39,136,0,12,142,1
2011,"Rice","Conference USA",12,14407,222,384,2519,15,7,467,1811,13,4172,12,19,219,192,70,4,14,56,446,49,951,0,34,215,0,13,139,1
2011,"Rutgers","Big East",13,15636,256,475,3366,21,16,461,1271,14,4407,12,28,256,202,74,11,18,88,581,38,879,1,39,104,1,19,237,2
2011,"San Diego State","Mountain West",13,14812,238,449,3250,23,8,486,2398,28,5556,9,17,281,200,90,9,23,60,534,58,1175,2,41,115,0,15,98,0
2011,"San José State","Western Athletic",12,12958,297,479,3451,13,15,363,1222,17,4544,18,33,234,175,69,3,10,40,378,62,1352,1,23,63,0,13,101,0
2011,"SMU","Conference USA",13,14860,281,476,3745,17,19,355,1479,25,5052,15,34,246,168,68,6,17,80,657,39,779,0,40,217,1,6,32,0
2011,"South Carolina","SEC",13,16006,191,317,2534,19,15,553,2497,28,4856,12,27,248,181,78,23,31,82,633,38,808,0,47,156,1,19,151,2
2011,"Southern Miss","Conference USA",14,15059,292,489,3715,32,12,553,2872,17,6459,20,32,327,213,89,11,18,108,879,52,1174,0,58,448,4,19,519,8
2011,"South Florida","Big East",12,12896,253,434,3119,15,11,476,2198,22,5193,13,24,293,175,70,6,11,85,721,51,1054,0,46,215,1,12,75,2
2011,"Stanford","Pac-12",13,15976,297,417,3703,38,10,518,2738,32,6361,7,17,325,175,92,11,12,81,717,44,992,1,44,215,0,7,131,1
2011,"Syracuse","Big East",12,12673,261,418,2883,23,9,396,1445,10,4178,10,19,228,177,75,8,17,77,734,59,1336,1,25,37,0,10,95,0
2011,"TCU","Mountain West",13,15416,231,350,3125,25,7,532,2712,38,5723,14,21,281,169,88,9,11,72,685,49,1355,3,41,339,1,10,202,3
2011,"Temple","Mid-American",13,14659,108,186,1647,11,4,588,3133,35,4668,6,10,228,162,76,9,17,64,497,33,785,0,33,214,0,15,184,0
2011,"Tennessee","SEC",12,13393,223,400,3060,18,12,392,1081,11,3992,6,18,216,171,70,11,28,69,561,43,976,0,28,130,0,9,250,2
2011,"Texas","Big 12",13,16036,207,358,2715,16,15,589,2634,24,5103,11,26,262,206,90,9,18,84,722,53,1276,2,42,269,1,12,125,1
2011,"Texas A&M","Big 12",13,14183,331,537,3825,29,15,507,2589,29,6373,9,24,345,191,88,2,10,91,855,42,909,0,53,435,1,7,216,0
2011,"Texas Tech","Big 12",12,13713,409,600,4273,31,10,391,1502,20,5647,8,18,314,191,92,9,20,92,778,60,1299,0,28,91,0,5,76,0
2011,"Toledo","Mid-American",13,13972,264,392,3284,30,7,505,2537,31,5750,7,14,282,172,83,8,14,83,707,55,1036,1,43,239,1,12,141,1
2011,"Troy","Sun Belt",12,10969,300,479,3354,19,13,311,1002,12,4187,14,27,214,170,65,7,19,77,603,53,1055,0,45,224,0,7,135,1
2011,"Tulane","Conference USA",13,14861,248,461,2924,13,15,429,1642,17,4424,11,26,228,200,75,10,21,72,642,83,1667,0,38,205,0,12,214,3
2011,"Tulsa","Conference USA",13,13284,256,421,3359,31,17,521,2492,20,5725,17,34,287,180,75,6,14,52,466,51,1115,1,36,82,0,18,347,3
2011,"UAB","Conference USA",12,12972,246,440,2918,12,15,402,1553,13,4368,10,25,242,166,67,2,13,59,509,72,1458,1,18,143,0,9,165,2
2011,"UCF","Conference USA",12,15212,235,346,3010,11,8,466,2025,27,4881,10,18,252,158,70,10,21,68,587,42,1131,1,37,201,0,9,117,1
2011,"UCLA","Pac-12",14,15340,193,346,2933,18,9,552,2497,23,5273,17,26,261,180,65,10,23,91,811,63,1317,0,29,49,0,14,140,1
2011,"UConn","Big East",12,13565,182,359,2594,14,9,466,1422,13,3758,14,23,207,172,49,4,10,63,502,43,1039,0,40,132,1,18,168,1
2011,"UL Monroe","Sun Belt",12,13377,257,448,2857,14,9,414,1605,20,4263,9,18,243,182,71,11,26,62,521,49,1212,2,30,64,0,11,71,0
2011,"UNLV","Mountain West",12,13685,144,269,1502,10,10,500,1971,14,3286,7,17,181,175,49,12,26,78,729,71,1685,2,25,63,0,7,67,0
2011,"USC","Pac-12",12,14159,309,447,3581,39,7,392,1951,12,5481,11,18,295,149,72,9,16,71,600,42,870,1,39,267,0,9,95,1
2011,"Utah","Pac-12",13,14247,188,334,2470,19,10,472,1789,16,4041,13,23,213,176,59,9,15,74,672,41,946,0,42,298,0,19,313,2
2011,"Utah State","Western Athletic",13,14500,186,290,2364,23,6,623,3675,37,5945,19,25,273,186,90,10,18,80,778,61,1363,0,37,125,0,4,19,0
2011,"UTEP","Conference USA",12,13486,225,399,2956,14,17,410,1859,24,4566,12,29,237,162,63,14,22,55,460,50,1291,0,34,220,1,12,169,1
2011,"Vanderbilt","SEC",13,14120,179,346,2456,15,18,497,2138,26,4408,10,28,223,185,63,15,20,80,648,55,1189,1,44,171,0,19,400,4
2011,"Virginia","ACC",13,15941,255,443,3210,17,16,496,2107,18,5197,12,28,272,193,79,10,22,68,535,55,1138,0,42,150,0,12,100,1
2011,"Virginia Tech","ACC",14,17323,243,405,3284,21,10,590,2616,26,5782,8,18,294,205,94,9,20,82,737,48,937,0,50,334,1,16,203,0
2011,"Wake Forest","ACC",13,14297,278,457,3540,22,8,464,1490,18,4781,4,12,262,189,67,13,25,63,566,62,1195,0,35,148,1,13,241,0
2011,"Washington","Pac-12",13,13923,267,406,3513,36,13,452,2006,19,5328,9,22,274,172,79,9,16,78,773,76,1751,0,35,194,1,10,51,0
2011,"Washington State","Pac-12",12,13136,297,492,4104,30,12,392,1202,13,5069,9,21,279,180,75,7,19,77,731,59,1348,0,31,46,0,8,173,2
2011,"Western Kentucky","Sun Belt",12,15743,168,301,2148,11,13,544,2179,25,4187,10,23,218,187,81,6,15,89,732,54,1409,1,32,130,0,13,75,0
2011,"Western Michigan","Mid-American",13,12967,347,523,4377,40,15,366,1479,16,5681,16,31,303,158,66,17,25,82,666,56,1221,0,27,203,0,12,101,1
2011,"West Virginia","Big East",13,13822,353,542,4713,32,9,417,1595,25,6104,13,22,301,180,73,9,18,80,697,57,1349,2,47,294,0,14,190,2
2011,"Wisconsin","Big Ten",14,16808,233,328,3454,34,5,609,3298,48,6578,5,10,326,170,93,7,10,66,545,49,1072,0,47,332,1,16,100,0
2011,"Wyoming","Mountain West",13,13810,260,430,2781,21,11,485,2361,20,5050,8,19,254,198,85,10,19,63,613,46,958,0,20,179,1,13,150,1
2012,"Air Force","Mountain West",13,22153,83,151,1334,9,8,804,4111,39,5445,21,29,290,189,92,25,43,44,341,38,878,0,10,76,0,8,208,1
2012,"Akron","Mid-American",12,20216,364,583,3753,30,18,365,1373,9,5126,9,27,287,189,75,9,20,99,777,46,745,0,24,165,0,5,62,1
2012,"Alabama","SEC",14,29579,219,328,3052,31,3,570,3171,37,6223,12,15,303,167,80,7,11,54,467,21,503,1,34,337,0,18,221,1
2012,"Arizona","Pac-12",13,21105,326,538,3879,30,15,544,2961,33,6840,13,28,380,182,80,11,23,83,716,29,560,0,17,170,1,12,236,1
2012,"Arizona State","Pac-12",13,23031,275,413,3369,33,12,598,2670,27,6039,12,24,329,194,80,7,18,55,454,34,761,1,33,269,0,21,383,3
2012,"Arkansas","SEC",12,21362,272,459,3618,23,16,367,1424,12,5042,15,31,253,158,58,6,18,72,528,31,566,0,22,124,0,6,34,0
2012,"Arkansas State","Sun Belt",13,24597,279,412,3386,25,5,540,2681,31,6067,9,14,319,173,81,7,14,63,569,37,712,0,12,47,0,13,227,0
2012,"Army","FBS Independents",12,22867,51,115,797,3,2,806,4438,32,5235,20,22,283,180,84,21,41,47,361,46,916,0,13,58,0,7,119,0
2012,"Auburn","SEC",12,21670,147,257,1879,8,15,438,1781,16,3660,10,25,188,143,44,3,9,75,601,36,808,1,18,161,0,2,72,1
2012,"Ball State","Mid-American",13,25045,319,492,3302,28,10,543,2642,24,5944,7,17,363,189,89,9,15,61,614,45,1056,0,17,177,0,7,53,0
2012,"Baylor","Big 12",13,21513,294,475,4427,34,13,597,3012,38,7439,10,23,367,184,85,21,30,86,753,50,1039,0,15,144,0,18,316,3
2012,"Boise State","Mountain West",13,24256,263,394,2901,20,7,478,2186,25,5087,9,16,274,176,78,10,22,58,535,27,686,0,27,281,0,18,213,2
2012,"Boston College","ACC",12,19322,256,473,3102,18,13,345,1086,7,4188,11,24,235,164,48,5,18,48,388,49,859,0,13,282,1,10,80,0
2012,"Bowling Green","Mid-American",13,25560,239,442,2757,16,13,453,1992,19,4749,5,18,247,193,71,8,23,92,775,39,775,0,26,277,1,10,147,2
2012,"Buffalo","Mid-American",12,20866,196,380,2391,17,10,486,2119,13,4510,12,22,242,186,63,10,23,73,741,45,841,0,14,66,1,13,153,1
2012,"BYU","FBS Independents",13,25850,296,498,3214,25,17,505,1989,22,5203,8,25,299,212,97,20,28,80,703,26,616,0,31,258,0,12,149,1
2012,"California","Pac-12",12,19764,212,366,2499,13,13,451,2190,18,4689,17,30,239,160,56,4,13,99,996,56,1144,0,20,216,1,14,159,1
2012,"Central Michigan","Mid-American",13,22881,244,413,3170,23,9,415,1952,22,5122,7,16,268,156,61,4,13,55,487,54,1214,0,13,31,0,13,178,2
2012,"Cincinnati","Big East",13,22866,210,371,3104,25,11,492,2619,25,5723,8,19,265,171,73,4,8,73,695,34,839,0,26,252,0,16,303,2
2012,"Clemson","ACC",13,22491,318,474,4181,40,14,588,2484,26,6665,7,21,344,206,106,14,18,66,561,35,717,0,23,99,0,13,136,1
2012,"Colorado","Pac-12",12,23475,222,404,2310,11,19,425,1323,16,3633,15,34,206,177,53,13,26,73,693,57,1195,1,16,89,0,3,37,0
2012,"Colorado State","Mountain West",12,19969,206,351,2522,17,15,399,1542,12,4064,11,26,216,155,53,10,21,75,685,41,914,0,14,123,0,7,165,3
2012,"Duke","ACC",13,24388,352,551,3691,27,12,439,1628,18,5319,9,21,288,199,69,15,27,76,637,57,1043,0,25,358,2,11,86,2
2012,"East Carolina","Conference USA",13,23884,319,488,3551,25,14,459,1760,23,5311,8,22,286,191,82,11,15,54,554,49,972,1,22,188,0,10,88,1
2012,"Eastern Michigan","Mid-American",12,21991,159,308,2054,19,15,448,1950,13,4004,6,21,200,163,53,8,16,70,634,60,1228,0,19,94,0,7,100,1
2012,"Florida","SEC",13,25216,183,288,1902,13,5,539,2440,22,4342,10,15,227,179,65,7,11,103,875,36,835,1,20,249,1,20,276,2
2012,"Florida Atlantic","Sun Belt",12,23473,265,416,2851,18,6,410,1347,12,4198,13,19,220,186,77,8,22,77,616,41,787,0,22,143,0,8,102,1
2012,"Florida International","Sun Belt",12,22742,219,369,2861,17,6,489,1747,20,4608,16,22,234,175,66,11,24,89,695,60,1438,1,24,198,1,10,81,0
2012,"Florida State","ACC",14,27797,288,428,3709,24,10,513,2882,40,6591,18,28,322,163,69,3,6,89,809,31,764,0,37,536,3,11,172,0
2012,"Fresno State","Mountain West",13,24446,352,535,4233,38,8,471,1975,19,6208,12,20,304,200,81,16,32,88,799,48,995,0,26,228,1,22,374,6
2012,"Georgia","SEC",14,24059,254,399,3991,37,11,525,2556,32,6547,8,19,297,179,85,4,9,96,749,32,709,1,27,203,0,13,161,1
2012,"Georgia Tech","ACC",14,28617,102,194,1818,12,8,808,4357,48,6175,13,21,302,194,88,23,37,67,539,44,1046,2,20,252,0,16,131,1
2012,"Hawai'i","Mountain West",12,21446,207,399,2277,12,13,439,1303,12,3580,20,33,207,184,63,10,26,71,648,58,1488,3,26,321,2,9,79,1
2012,"Houston","Conference USA",12,19365,337,591,3941,27,20,393,1814,18,5755,15,35,292,197,81,9,25,74,634,42,801,0,24,84,0,19,286,2
2012,"Idaho","Western Athletic",12,21623,262,448,2690,15,22,350,1056,3,3746,17,39,188,176,49,8,18,87,767,49,839,1,17,17,0,9,112,0
2012,"Illinois","Big Ten",12,22853,223,354,2026,11,14,443,1504,12,3530,16,30,198,173,59,6,15,71,595,49,904,0,15,35,0,7,97,1
2012,"Indiana","Big Ten",12,19048,331,540,3734,24,13,399,1570,21,5304,3,16,272,198,73,11,22,68,565,44,973,1,14,57,0,7,113,0
2012,"Iowa","Big Ten",12,21315,223,389,2249,7,8,404,1476,15,3725,3,11,209,176,64,7,20,55,491,33,783,1,17,119,0,10,147,2
2012,"Iowa State","Big 12",13,21082,266,458,2783,28,17,465,1951,10,4734,9,26,255,198,76,8,14,63,552,36,698,0,10,121,0,14,300,3
2012,"Kansas","Big 12",12,23077,148,313,1784,7,13,558,2540,19,4324,10,23,239,186,60,11,32,45,360,42,819,0,11,90,0,11,141,1
2012,"Kansas State","Big 12",13,25305,203,315,2696,16,9,526,2522,42,5218,3,12,281,160,80,5,8,49,403,38,1082,2,19,360,1,18,270,2
2012,"Kent State","Mid-American",14,25989,198,358,2275,14,11,584,3161,36,5436,7,18,264,197,69,15,22,73,653,48,1039,3,10,52,0,23,154,2
2012,"Kentucky","SEC",12,18340,220,387,2115,13,10,403,1665,13,3780,6,16,216,178,71,3,22,55,496,48,1009,0,22,165,0,5,32,0
2012,"Louisiana","Sun Belt",13,22954,242,393,3399,22,9,480,2515,33,5914,13,22,268,164,64,8,11,73,643,47,861,0,21,127,1,13,114,1
2012,"Louisiana Tech","Western Athletic",12,20101,365,533,4209,33,5,521,2726,47,6935,8,13,378,182,77,20,29,97,946,50,1186,1,28,121,0,10,111,2
2012,"Louisville","Big East",13,25683,307,456,3849,27,8,462,1589,23,5438,5,13,299,185,92,9,13,81,693,35,606,0,24,102,0,11,89,1
2012,"LSU","SEC",13,23809,208,356,2607,12,7,527,2258,29,4865,10,17,242,194,78,4,7,94,753,31,744,0,36,327,2,18,274,3
2012,"Marshall","Conference USA",12,21174,424,607,4381,39,12,480,2030,24,6411,8,20,353,207,113,12,23,78,726,51,1014,0,17,124,1,9,73,1
2012,"Maryland","ACC",12,23026,165,304,2181,17,12,472,1236,11,3417,17,29,184,174,52,10,17,48,435,41,959,2,26,232,0,4,44,0
2012,"Massachusetts","Mid-American",12,21135,237,444,2240,9,19,410,1099,8,3339,9,28,206,205,74,14,32,81,666,57,1133,0,23,154,0,13,210,1
2012,"Memphis","Conference USA",12,22629,182,283,1999,16,3,489,1821,18,3820,21,24,211,166,60,20,28,85,832,50,1141,0,26,300,1,8,48,2
2012,"Miami","ACC",12,20178,264,447,3545,23,7,371,1737,19,5282,8,15,243,170,67,8,17,88,685,46,1235,2,18,118,0,11,123,1
2012,"Miami (OH)","Mid-American",12,22170,311,495,3584,26,12,339,1039,7,4623,7,19,251,176,69,7,20,57,443,35,672,0,6,19,0,12,85,1
2012,"Michigan","Big Ten",13,24242,169,318,2591,20,19,502,2389,27,4980,8,27,249,173,87,9,13,62,628,42,926,0,16,141,0,7,127,1
2012,"Michigan State","Big Ten",13,25894,244,465,2729,14,10,492,1942,13,4671,8,18,252,215,85,6,11,75,735,41,707,0,26,208,0,14,157,0
2012,"Middle Tennessee","Sun Belt",12,21028,217,344,2593,16,8,468,2120,19,4713,10,18,242,161,69,12,18,68,549,44,1129,1,18,54,0,12,263,2
2012,"Minnesota","Big Ten",13,24811,175,330,2203,19,15,517,1975,14,4178,7,22,229,179,65,7,16,81,653,41,842,0,31,233,0,13,125,2
2012,"Mississippi State","SEC",13,23199,249,424,3091,28,10,424,1866,18,4957,7,17,265,164,57,13,21,61,517,45,1016,1,24,171,0,19,336,2
2012,"Missouri","SEC",12,21354,228,414,2615,15,14,453,1662,16,4277,8,22,217,186,62,10,23,67,519,35,864,2,29,421,3,7,124,1
2012,"Navy","FBS Independents",13,24199,99,172,1362,11,5,700,3620,28,4982,14,19,280,156,64,18,28,47,363,44,1034,1,12,105,0,8,60,2
2012,"NC State","ACC",13,23764,330,569,4031,31,17,471,1444,12,5475,16,33,283,230,95,14,27,87,656,53,1219,2,36,316,1,16,192,1
2012,"Nebraska","Big Ten",14,28264,233,378,2904,24,13,662,3547,33,6451,22,35,330,196,84,7,11,86,842,42,908,0,29,270,1,13,205,3
2012,"Nevada","Mountain West",13,23710,271,406,3170,24,10,674,3523,41,6693,12,22,377,193,102,18,28,85,814,42,891,0,16,242,0,6,107,1
2012,"New Mexico","Mountain West",13,26137,79,154,895,5,4,688,3911,34,4806,10,14,253,168,66,13,27,62,501,40,956,2,15,49,0,11,233,2
2012,"New Mexico State","Western Athletic",12,23531,215,402,2853,19,11,389,1171,11,4024,16,27,223,163,54,8,22,61,501,44,951,1,13,15,0,4,-5,0
2012,"North Carolina","ACC",12,20042,287,441,3501,29,7,457,2326,28,5827,11,18,292,170,71,14,21,90,772,49,1139,1,35,496,2,16,180,2
2012,"Northern Illinois","Mid-American",14,23826,245,410,3239,26,6,613,3335,44,6574,14,20,326,204,95,20,27,82,762,38,882,1,32,263,0,15,187,0
2012,"North Texas","Sun Belt",12,23673,214,375,2629,14,14,478,2077,17,4706,4,18,240,180,59,11,22,52,520,38,729,0,8,17,0,11,45,0
2012,"Northwestern","Big Ten",13,23538,231,369,2198,14,7,595,2932,31,5130,8,15,291,196,90,8,15,68,657,31,647,0,20,331,2,13,243,2
2012,"Notre Dame","FBS Independents",13,24716,226,388,2896,14,8,506,2462,23,5358,7,15,281,177,82,3,6,71,550,30,588,0,21,46,0,16,172,0
2012,"Ohio","Mid-American",13,23694,250,402,3139,23,5,596,2643,24,5782,5,10,300,203,87,10,20,69,650,45,968,1,30,287,0,13,51,1
2012,"Ohio State","Big Ten",12,21673,161,278,2178,17,7,559,2907,37,5085,11,18,257,158,67,7,9,84,774,30,578,0,28,280,3,14,164,2
2012,"Oklahoma","Big 12",13,25796,376,571,4374,30,11,434,2098,30,6472,9,20,353,185,96,7,11,74,598,35,904,1,27,387,2,13,124,1
2012,"Oklahoma State","Big 12",13,21229,312,495,4312,34,16,519,2799,35,7111,6,22,348,184,85,7,14,83,777,46,1148,2,36,412,1,11,146,0
2012,"Ole Miss","SEC",13,23057,261,411,3249,24,18,551,2260,25,5509,11,29,291,201,90,13,18,62,480,43,861,1,27,134,0,15,199,0
2012,"Oregon","Pac-12",13,22188,250,373,2888,35,9,685,4098,48,6986,10,19,356,194,89,20,31,103,924,35,702,1,19,268,1,26,502,4
2012,"Oregon State","Pac-12",13,25678,315,504,3992,27,16,442,1617,26,5609,7,23,310,174,60,12,23,79,724,35,642,0,13,84,0,20,284,1
2012,"Penn State","Big Ten",12,23122,272,456,3283,24,5,475,1727,18,5010,8,13,271,195,83,19,34,63,584,30,542,0,32,182,1,10,201,0
2012,"Pittsburgh","Big East",13,24084,258,395,3341,21,3,489,1730,19,5071,7,10,258,189,75,8,15,87,746,41,939,0,23,226,1,15,158,0
2012,"Purdue","Big Ten",13,24427,296,482,3100,30,14,475,2131,16,5231,13,27,266,204,81,16,27,74,662,60,1376,1,18,63,0,14,237,3
2012,"Rice","Conference USA",13,26749,236,401,2933,19,5,625,2623,26,5556,17,22,306,220,100,12,17,72,660,38,876,1,20,82,1,11,159,2
2012,"Rutgers","Big East",13,23974,223,392,2711,23,16,431,1576,6,4287,6,22,215,184,63,3,10,94,780,24,557,0,31,140,1,18,173,2
2012,"San Diego State","Mountain West",13,24628,182,309,2287,21,11,578,2869,30,5156,14,25,278,182,84,16,24,72,628,42,1005,2,15,114,0,14,219,3
2012,"San José State","Western Athletic",13,26328,336,468,4325,35,9,446,1475,17,5800,15,24,292,176,76,7,14,67,611,42,1059,2,17,66,0,15,250,1
2012,"SMU","Conference USA",13,26330,273,516,3059,16,15,400,1716,22,4775,8,23,249,199,78,5,16,66,503,30,692,0,22,205,0,21,557,8
2012,"South Alabama","Sun Belt",13,23875,244,449,2728,16,16,489,1606,10,4334,17,33,253,204,66,12,24,96,877,40,833,0,16,141,0,11,152,0
2012,"South Carolina","SEC",13,23591,225,365,3095,29,9,491,1800,19,4895,11,20,259,176,75,10,17,63,526,27,563,0,31,427,2,15,246,2
2012,"Southern Miss","Conference USA",12,20198,151,313,2019,9,13,479,1855,17,3874,15,28,215,170,61,7,16,57,477,53,1128,1,8,40,0,5,77,2
2012,"South Florida","Big East",12,20482,225,409,2589,14,15,426,1776,14,4365,13,28,251,176,77,5,10,77,678,38,624,0,20,133,0,2,29,0
2012,"Stanford","Pac-12",14,26459,240,399,2802,19,10,549,2440,23,5242,8,18,266,197,75,7,13,84,710,32,739,0,26,299,1,15,359,4
2012,"Syracuse","Big East",13,22849,295,473,3757,26,10,555,2427,21,6184,12,22,328,213,105,12,19,100,863,40,735,0,30,119,0,9,106,1
2012,"TCU","Big 12",13,27069,237,402,3075,26,12,512,1977,13,5052,17,29,245,191,64,10,20,89,819,35,807,0,27,322,1,21,276,2
2012,"Temple","Big East",11,20234,116,221,1329,10,6,468,2213,21,3542,13,19,181,152,57,5,16,59,509,47,1126,1,27,271,0,4,71,1
2012,"Tennessee","SEC",12,19175,285,477,3787,35,14,413,1924,18,5711,8,22,289,166,62,9,19,82,630,52,1046,1,22,261,1,12,113,1
2012,"Texas","Big 12",13,24164,268,399,3421,25,11,492,2229,33,5650,5,16,281,179,87,13,23,67,555,44,996,1,14,123,0,15,107,2
2012,"Texas A&M","SEC",13,22693,329,492,4114,28,10,533,3147,46,7261,11,21,357,194,106,7,12,80,735,32,697,0,35,452,1,12,196,2
2012,"Texas State","Western Athletic",12,21352,217,361,2405,17,8,413,2122,24,4527,8,16,233,159,62,8,22,87,791,54,1356,0,18,363,1,14,92,0
2012,"Texas Tech","Big 12",13,23467,418,594,4627,44,16,399,1819,15,6446,8,24,350,174,85,10,16,100,981,35,812,2,17,176,0,8,200,1
2012,"Toledo","Mid-American",13,24863,272,442,3268,19,11,521,2512,21,5780,9,20,293,193,82,8,17,89,884,53,1170,3,22,226,1,17,394,4
2012,"Troy","Sun Belt",12,21979,337,509,3978,22,12,457,2007,22,5985,15,27,308,193,94,6,14,92,811,39,721,0,18,141,0,6,123,1
2012,"Tulane","Conference USA",12,21994,310,536,3359,23,20,280,479,3,3838,13,33,214,184,71,5,18,76,647,44,847,0,13,144,0,15,321,1
2012,"Tulsa","Conference USA",14,25677,248,471,2960,19,13,689,3440,41,6400,11,24,324,237,91,21,37,63,586,36,959,1,30,247,1,12,67,1
2012,"UAB","Conference USA",12,22622,279,479,3681,21,13,416,1323,19,5004,14,27,269,177,70,10,28,86,746,33,687,0,27,261,2,6,71,1
2012,"UCF","Conference USA",14,26636,257,412,3158,28,7,527,2545,33,5703,8,15,301,186,91,9,15,60,507,38,943,3,25,266,0,11,246,2
2012,"UCLA","Pac-12",14,26095,325,497,3837,29,11,599,2671,29,6508,14,25,329,218,83,11,22,130,1253,46,967,0,34,302,0,15,129,0
2012,"UConn","Big East",12,22406,219,388,2760,10,18,419,1055,10,3815,8,26,203,177,64,1,7,56,466,31,587,0,23,274,3,6,36,1
2012,"UL Monroe","Sun Belt",13,23763,343,539,3779,33,15,450,1847,24,5626,4,19,309,209,98,24,35,70,567,43,933,0,26,149,0,16,137,1
2012,"UNLV","Mountain West",13,22602,250,468,2845,18,17,452,1938,16,4783,6,23,252,200,82,10,26,67,678,56,1077,0,17,103,0,9,97,0
2012,"USC","Pac-12",13,23221,284,461,3670,39,20,392,1958,12,5628,14,34,280,152,52,13,27,100,808,37,976,1,27,158,1,19,256,2
2012,"Utah","Pac-12",12,23877,220,351,2288,16,9,446,1605,17,3893,9,18,213,170,57,13,26,83,740,31,803,4,31,150,0,8,96,1
2012,"Utah State","Western Athletic",13,21738,285,420,3445,27,10,473,2653,30,6098,11,21,271,181,82,5,10,90,936,37,816,0,32,308,1,14,191,1
2012,"UTEP","Conference USA",12,21093,198,376,2688,16,13,455,1782,13,4470,10,23,232,174,62,8,21,58,501,47,1096,2,20,191,1,7,20,0
2012,"UTSA","Western Athletic",12,22778,221,368,2772,23,7,430,1911,21,4683,8,15,233,163,73,5,13,93,898,45,810,0,18,281,1,13,112,1
2012,"Vanderbilt","SEC",13,23419,207,350,2774,17,5,524,2162,25,4936,13,18,241,188,63,17,30,77,584,41,874,0,36,373,3,11,320,2
2012,"Virginia","ACC",12,23830,276,474,3216,23,15,417,1542,10,4758,11,26,228,192,70,15,27,82,706,55,1152,0,23,89,0,4,77,0
2012,"Virginia Tech","ACC",13,23548,224,437,3002,18,17,507,1896,18,4898,8,25,250,212,81,7,20,78,663,45,1082,1,36,383,1,13,100,0
2012,"Wake Forest","ACC",12,21660,239,427,2410,13,7,402,1206,15,3616,8,15,188,198,63,10,21,53,461,39,644,0,16,156,0,11,45,1
2012,"Washington","Pac-12",13,25060,266,438,2767,19,14,466,1851,19,4618,14,28,248,188,67,10,24,108,969,43,909,0,22,135,0,17,204,1
2012,"Washington State","Pac-12",12,19905,363,624,3965,23,21,252,349,6,4314,9,30,250,186,59,12,27,86,789,43,942,0,13,89,0,15,202,0
2012,"Western Kentucky","Sun Belt",13,25239,213,335,2667,24,12,506,2318,21,4985,12,24,264,166,80,7,18,80,765,48,1083,0,22,234,1,13,141,1
2012,"Western Michigan","Mid-American",12,20996,304,511,3477,28,21,404,1794,17,5271,10,31,284,182,84,6,12,76,611,53,1033,0,17,190,0,8,8,0
2012,"West Virginia","Big 12",13,22274,378,537,4292,44,7,461,2234,21,6526,6,13,330,182,80,17,34,72,665,57,1118,1,15,165,1,10,123,0
2012,"Wisconsin","Big Ten",14,27517,170,291,2197,15,6,635,3309,38,5506,6,12,267,194,69,9,18,53,506,23,489,0,26,212,1,8,180,1
2012,"Wyoming","Mountain West",12,20293,249,411,3180,29,8,441,1492,13,4672,5,13,248,179,75,12,20,54,507,30,541,0,14,188,0,6,264,1
2013,"Air Force","Mountain West",12,20284,93,174,1259,8,4,637,3152,30,4411,9,13,230,172,76,16,27,53,428,29,657,0,7,23,0,4,38,0
2013,"Akron","Mid-American",12,21001,234,419,2633,18,10,418,1471,12,4104,11,21,227,183,72,7,18,78,642,44,817,0,22,72,0,13,132,1
2013,"Alabama","SEC",13,24923,244,365,3230,30,7,461,2673,28,5903,10,17,302,147,70,7,12,63,520,30,736,1,30,413,3,11,253,3
2013,"Arizona","Pac-12",13,22295,233,383,2516,16,7,647,3444,36,5960,11,18,311,212,100,12,30,52,478,34,676,0,27,166,0,18,303,5
2013,"Arizona State","Pac-12",14,25435,309,494,3723,28,12,608,2679,36,6402,6,18,340,215,84,15,25,56,439,45,970,0,37,206,0,21,345,5
2013,"Arkansas","SEC",12,21897,150,301,1782,15,11,474,2504,14,4286,12,23,222,156,65,7,15,49,461,36,740,0,9,67,0,8,62,1
2013,"Arkansas State","Sun Belt",13,23927,255,368,2627,14,7,579,2674,31,5301,7,14,275,194,86,6,21,94,783,40,957,1,22,184,1,9,117,0
2013,"Army","FBS Independents",12,22828,75,154,931,4,4,693,3717,34,4648,13,17,251,168,72,13,26,45,390,40,611,0,14,47,0,7,0,0
2013,"Auburn","SEC",14,25369,173,285,2422,20,8,729,4596,48,7018,11,19,334,187,87,8,15,70,569,40,936,2,35,377,1,13,112,1
2013,"Ball State","Mid-American",13,22381,322,509,4214,35,8,451,1988,28,6202,11,19,329,170,76,5,14,49,404,44,905,0,10,84,0,13,130,0
2013,"Baylor","Big 12",13,21404,277,448,4668,35,6,626,3376,47,8044,10,16,371,202,95,13,25,120,1070,49,1056,1,29,250,2,19,441,5
2013,"Boise State","Mountain West",13,22047,329,466,3610,28,11,563,2578,33,6188,13,24,326,201,95,12,23,54,489,47,1137,1,23,361,0,16,134,1
2013,"Boston College","ACC",13,22899,165,269,2012,17,8,523,2762,24,4774,9,17,211,177,61,5,9,47,399,47,946,1,20,194,0,9,163,1
2013,"Bowling Green","Mid-American",14,28511,255,404,3725,27,7,578,2706,30,6431,4,11,323,177,81,10,22,72,633,25,605,1,16,215,2,8,200,0
2013,"Buffalo","Mid-American",13,24520,243,427,2955,25,8,538,2176,21,5131,7,15,276,203,81,8,17,77,798,48,1036,1,10,60,0,15,222,3
2013,"BYU","FBS Independents",13,22614,237,447,2942,19,14,664,3475,24,6417,7,21,325,231,87,11,21,102,863,44,1088,0,38,335,1,13,143,3
2013,"California","Pac-12",12,20825,368,622,3977,22,14,424,1466,10,5443,14,28,292,214,72,16,38,85,811,71,1408,0,22,57,0,5,0,0
2013,"Central Michigan","Mid-American",12,21755,192,346,2500,15,17,410,1593,16,4093,10,27,208,154,66,3,10,52,500,43,999,1,18,118,0,14,296,3
2013,"Cincinnati","American Athletic",13,24958,311,469,3947,28,17,516,2190,28,6137,11,28,315,190,92,9,19,80,752,33,711,0,30,162,0,13,249,1
2013,"Clemson","ACC",13,23374,341,493,4330,39,12,544,2270,26,6600,12,24,327,197,88,15,26,73,650,29,545,0,27,252,0,18,264,2
2013,"Colorado","Pac-12",12,20642,235,411,2989,21,15,421,1450,10,4439,9,24,233,172,58,4,14,52,461,49,1085,1,10,45,0,10,202,2
2013,"Colorado State","Mountain West",14,25820,298,480,3730,24,11,571,2861,37,6591,9,20,321,213,92,15,25,76,676,41,976,0,21,279,1,10,26,0
2013,"Duke","ACC",14,24884,298,472,3474,26,19,544,2492,28,5966,6,25,298,200,79,16,23,64,570,37,890,2,30,423,2,18,216,2
2013,"East Carolina","Conference USA",13,22853,397,565,4265,35,10,463,1821,30,6086,6,16,346,196,100,12,17,69,584,28,703,0,31,308,0,18,298,2
2013,"Eastern Michigan","Mid-American",12,21569,178,336,2137,14,14,445,1896,13,4033,9,23,222,162,55,12,21,64,511,69,1288,1,8,59,0,7,66,1
2013,"Florida","SEC",12,24329,199,311,2051,11,9,482,1749,14,3800,11,20,213,172,67,11,19,89,711,34,844,1,24,228,0,10,172,1
2013,"Florida Atlantic","Conference USA",12,23006,196,353,2375,16,11,499,2190,21,4565,11,22,233,185,74,8,15,57,486,25,537,0,34,204,1,13,220,2
2013,"Florida International","Conference USA",12,22776,153,293,1713,8,10,445,915,5,2628,10,20,156,173,39,10,23,58,509,33,693,0,17,153,0,7,48,0
2013,"Florida State","ACC",14,24612,288,442,4423,42,13,505,2844,42,7267,5,18,357,157,82,3,4,79,694,32,873,2,37,340,0,26,529,5
2013,"Fresno State","Mountain West",13,21501,460,675,5133,50,10,413,1967,21,7100,11,21,369,197,83,21,32,68,660,55,1048,0,24,278,2,14,223,2
2013,"Georgia","SEC",13,24082,293,459,4085,31,12,486,2209,26,6294,10,22,324,166,69,13,22,83,617,26,465,0,25,73,0,7,78,1
2013,"Georgia State","Sun Belt",12,20153,218,430,3036,18,12,364,1227,9,4263,11,23,208,181,60,9,20,77,569,58,1160,0,17,142,1,6,16,0
2013,"Georgia Tech","ACC",13,25854,92,203,1695,12,13,713,3891,46,5586,11,24,283,175,90,8,18,63,529,40,881,0,19,160,0,14,255,2
2013,"Hawai'i","Mountain West",12,19039,296,519,3617,31,22,428,1375,12,4992,12,34,261,198,64,12,27,88,777,52,1111,0,25,186,0,9,85,1
2013,"Houston","American Athletic",13,20556,299,518,3647,30,10,435,1807,19,5454,8,18,282,191,68,4,17,98,881,47,1187,1,21,73,0,25,305,2
2013,"Idaho","FBS Independents",12,23582,224,424,2770,15,13,501,1650,12,4420,14,27,231,209,69,15,35,77,608,48,991,0,28,131,0,10,67,0
2013,"Illinois","Big Ten",12,20963,302,455,3452,23,14,411,1668,20,5120,7,21,288,170,81,5,15,70,563,52,1015,1,22,272,1,3,22,0
2013,"Indiana","Big Ten",12,18507,279,470,3680,36,14,458,2422,25,6102,6,20,300,184,86,12,24,62,515,50,1052,0,11,130,1,7,55,0
2013,"Iowa","Big Ten",13,24160,213,375,2562,19,15,557,2339,18,4901,7,22,256,202,88,5,17,52,425,39,857,0,25,337,2,13,174,2
2013,"Iowa State","Big 12",12,22777,232,415,2630,19,14,488,1726,16,4356,8,22,227,203,70,13,19,66,564,50,1085,2,20,178,0,8,18,0
2013,"Kansas","Big 12",12,21249,154,329,1685,9,12,496,1849,12,3534,11,23,174,190,53,7,28,88,713,44,927,0,18,203,0,14,171,1
2013,"Kansas State","Big 12",13,25372,197,314,2921,22,13,514,2314,29,5235,12,25,260,162,79,4,7,66,585,37,866,1,16,200,0,17,401,3
2013,"Kent State","Mid-American",12,21963,209,362,2238,14,9,434,2189,16,4427,8,17,227,172,68,9,19,74,641,53,923,1,17,66,0,9,84,0
2013,"Kentucky","SEC",12,20713,204,343,2319,14,6,431,1775,16,4094,9,15,212,165,51,17,28,69,591,39,784,0,24,136,0,3,70,0
2013,"Louisiana","Sun Belt",13,23192,196,319,2759,21,14,564,2659,33,5418,8,22,283,174,87,4,14,68,641,44,853,1,15,157,1,14,352,3
2013,"Louisiana Tech","Conference USA",12,19483,254,448,2472,10,15,410,1922,14,4394,14,29,234,184,66,5,16,56,479,36,766,0,24,103,0,18,134,1
2013,"Louisville","American Athletic",13,26299,311,439,4082,33,4,455,1909,18,5991,6,10,304,175,98,2,6,92,836,28,636,1,28,206,1,16,191,2
2013,"LSU","SEC",13,24162,205,326,3263,23,9,523,2630,37,5893,10,19,286,161,92,3,9,90,732,37,917,0,25,172,0,11,76,0
2013,"Marshall","Conference USA",14,23044,315,522,4122,42,10,571,2883,34,7005,13,23,364,210,108,13,22,84,649,48,1111,0,36,431,1,18,184,3
2013,"Maryland","ACC",13,23479,230,415,3231,18,10,476,1929,18,5160,18,28,246,189,60,6,18,58,477,51,1165,0,19,204,1,11,118,2
2013,"Massachusetts","Mid-American",12,21415,177,339,1877,9,18,448,1502,5,3379,8,26,182,186,67,9,22,60,459,61,1227,1,12,147,0,8,41,0
2013,"Memphis","American Athletic",12,21542,206,361,2078,9,11,438,1660,14,3738,15,26,212,173,53,13,27,92,862,46,1088,0,27,204,0,11,269,2
2013,"Miami","ACC",13,20161,226,384,3452,25,14,436,2084,25,5536,8,22,247,160,56,8,19,71,582,61,1505,1,27,305,1,18,250,2
2013,"Miami (OH)","Mid-American",12,20588,131,286,1491,8,11,451,1219,5,2710,10,21,156,167,41,11,26,52,410,48,894,0,15,139,0,10,35,0
2013,"Michigan","Big Ten",13,25126,237,395,3221,21,13,498,1634,27,4855,8,21,266,181,71,7,13,54,448,51,1128,0,19,114,1,17,322,2
2013,"Michigan State","Big Ten",14,29242,248,430,2964,23,7,569,2433,23,5397,8,15,293,214,94,9,14,76,706,18,345,0,37,353,0,17,145,2
2013,"Middle Tennessee","Conference USA",13,21951,238,403,2707,17,15,526,2591,25,5298,6,21,283,191,88,6,16,54,555,39,821,0,19,123,2,15,270,4
2013,"Minnesota","Big Ten",13,25619,137,267,1925,12,7,586,2538,23,4463,9,16,238,182,77,14,20,57,469,40,884,1,20,170,1,10,191,3
2013,"Mississippi State","SEC",13,26450,253,429,3178,18,12,527,2469,29,5647,6,18,305,177,69,13,29,64,516,29,607,0,25,87,0,14,233,1
2013,"Missouri","SEC",14,25132,267,454,3540,31,8,588,3330,35,6870,8,16,343,194,85,10,16,73,543,30,692,0,25,168,0,20,232,2
2013,"Navy","FBS Independents",13,24607,74,146,1117,8,4,775,4230,50,5347,6,10,310,174,89,19,28,34,282,32,700,0,10,74,0,13,120,0
2013,"NC State","ACC",12,22758,249,426,2890,14,15,519,1952,14,4842,6,21,249,215,82,14,31,69,520,44,835,0,22,275,2,12,146,1
2013,"Nebraska","Big Ten",13,22740,218,378,2557,25,13,584,2804,24,5361,16,29,289,186,73,10,15,76,665,41,934,1,24,70,0,14,257,4
2013,"Nevada","Mountain West",12,23236,275,415,3003,17,5,559,2148,23,5151,6,11,278,199,86,14,28,69,553,38,662,0,17,124,0,10,69,0
2013,"New Mexico","Mountain West",12,23132,90,177,1356,9,5,604,3706,40,5062,9,14,241,152,58,15,28,44,363,67,1608,3,14,60,0,4,51,0
2013,"New Mexico State","FBS Independents",12,21681,265,407,2886,18,13,444,1699,14,4585,13,26,234,172,62,4,11,51,455,47,835,0,14,91,0,10,84,0
2013,"North Carolina","ACC",13,22339,283,453,3606,28,11,490,1928,19,5534,7,18,279,189,77,14,21,96,831,50,1166,2,31,544,5,13,95,1
2013,"Northern Illinois","Mid-American",14,23836,261,418,3116,29,8,655,4161,39,7277,9,17,365,197,89,14,21,75,621,44,1006,1,21,161,0,19,244,2
2013,"North Texas","Conference USA",13,25722,261,402,2987,16,14,549,2349,31,5336,9,23,279,202,95,8,15,82,687,37,858,1,35,457,4,18,266,2
2013,"Northwestern","Big Ten",12,21031,241,382,2726,15,13,507,2069,16,4795,7,20,255,188,75,6,14,49,417,30,652,0,9,64,0,19,261,4
2013,"Notre Dame","FBS Independents",13,22672,226,429,3313,27,13,440,1963,12,5276,4,17,267,176,74,5,13,73,598,42,998,0,15,106,0,13,93,3
2013,"Ohio","Mid-American",13,22081,256,425,3190,22,13,462,1742,16,4932,11,24,254,189,74,5,12,74,700,57,1104,0,36,315,0,14,180,3
2013,"Ohio State","Big Ten",14,26316,238,368,2846,38,9,635,4321,45,7167,10,19,361,169,79,14,22,73,638,29,665,0,31,243,1,16,197,2
2013,"Oklahoma","Big 12",13,25182,225,383,2588,24,11,559,2911,19,5499,5,16,280,195,77,11,16,87,723,33,761,0,24,326,2,16,258,3
2013,"Oklahoma State","Big 12",13,20820,280,484,3599,26,13,503,2235,35,5834,5,18,287,197,76,5,11,87,780,38,871,1,30,403,2,21,337,2
2013,"Ole Miss","SEC",13,23091,310,490,3683,24,13,528,2470,22,6153,8,21,317,197,90,15,28,72,541,35,661,0,17,113,2,13,61,0
2013,"Oregon","Pac-12",13,20303,256,405,3789,32,6,568,3556,42,7345,12,18,348,160,69,15,31,106,912,49,1063,1,24,285,2,17,309,3
2013,"Oregon State","Pac-12",13,25082,413,625,4844,38,16,355,1227,15,6071,10,26,323,180,73,14,26,82,658,69,1367,1,24,103,0,19,200,3
2013,"Penn State","Big Ten",12,21509,241,409,3110,21,10,501,2088,22,5198,12,22,270,172,59,13,24,55,403,37,689,0,24,184,0,13,127,0
2013,"Pittsburgh","ACC",13,24018,244,401,3074,21,9,452,1634,20,4708,8,17,250,173,66,5,10,75,605,50,1077,0,17,169,1,8,116,1
2013,"Purdue","Big Ten",12,19793,235,426,2590,15,13,319,805,6,3395,9,22,178,172,53,12,25,61,508,50,1129,2,10,97,0,13,59,0
2013,"Rice","Conference USA",14,27508,177,347,2495,20,9,699,3183,31,5678,10,19,302,216,85,9,16,74,624,33,608,0,21,132,0,14,113,1
2013,"Rutgers","American Athletic",13,22679,240,442,3063,22,22,455,1684,17,4747,8,30,254,186,65,21,27,84,699,48,1057,2,21,216,2,8,47,0
2013,"San Diego State","Mountain West",13,25360,260,462,3358,19,14,510,2166,30,5524,16,30,269,211,86,15,38,88,768,56,1157,0,17,213,2,8,54,1
2013,"San José State","Mountain West",12,22349,317,496,4271,34,14,432,1648,12,5919,8,22,295,189,82,16,26,61,561,44,814,0,10,52,0,12,58,0
2013,"SMU","American Athletic",12,20767,400,619,4097,23,12,326,1125,13,5222,12,24,276,198,77,13,27,90,770,47,907,0,18,134,1,11,96,1
2013,"South Alabama","Sun Belt",12,21371,231,394,3033,16,9,488,2073,25,5106,4,13,266,180,72,8,22,64,549,27,621,0,18,104,1,11,206,1
2013,"South Carolina","SEC",13,25132,239,383,3300,30,4,537,2580,27,5880,13,17,291,180,79,21,30,68,543,38,709,0,22,83,0,18,121,0
2013,"Southern Miss","Conference USA",12,19399,249,485,2911,19,26,335,875,5,3786,12,38,208,179,53,7,16,67,508,57,1124,0,13,161,0,6,43,0
2013,"South Florida","American Athletic",12,20515,166,357,2002,7,16,359,1064,4,3066,12,28,154,172,49,5,16,102,861,47,920,0,14,198,1,11,56,1
2013,"Stanford","Pac-12",14,26525,190,311,2771,21,10,584,2904,30,5675,9,19,263,197,98,8,14,74,620,43,1178,2,17,135,0,13,172,3
2013,"Syracuse","ACC",13,23660,242,405,2366,13,17,553,2533,25,4899,5,22,251,209,81,8,17,99,804,37,722,0,33,258,0,15,163,0
2013,"TCU","Big 12",12,22489,240,419,2715,14,17,403,1423,20,4138,13,30,213,175,56,6,15,79,649,41,1025,2,27,298,0,19,195,1
2013,"Temple","American Athletic",12,21782,235,418,2996,23,11,422,1792,17,4788,8,19,249,173,73,11,23,77,641,48,927,0,19,91,1,3,10,0
2013,"Tennessee","SEC",12,20616,191,344,1979,12,17,460,2261,18,4240,7,24,223,159,57,5,11,55,455,37,880,0,16,143,1,14,243,4
2013,"Texas","Big 12",13,23585,246,431,2762,18,15,574,2551,25,5313,7,22,273,222,90,11,24,67,597,43,862,0,34,355,1,10,78,1
2013,"Texas A&M","SEC",13,21052,339,489,4593,40,13,465,2406,33,6999,8,21,356,161,81,11,18,81,690,47,1012,0,22,147,0,17,247,4
2013,"Texas State","Sun Belt",12,22879,166,300,1857,11,11,471,2058,22,3915,6,17,195,172,59,11,21,87,751,39,897,2,21,284,0,11,169,1
2013,"Texas Tech","Big 12",13,22386,453,714,5107,35,18,422,1536,19,6643,15,33,359,218,98,8,18,104,978,39,885,1,32,212,0,8,178,1
2013,"Toledo","Mid-American",12,20976,213,361,2481,19,10,482,2887,26,5368,6,16,274,152,64,8,16,69,609,48,875,0,11,100,0,8,45,0
2013,"Troy","Sun Belt",12,21129,325,483,3867,28,9,437,1692,23,5559,9,18,275,186,82,14,21,88,895,44,701,0,12,149,1,6,170,2
2013,"Tulane","Conference USA",13,23403,219,409,2399,19,16,461,1639,15,4038,8,24,217,194,69,6,11,92,815,30,606,0,30,132,0,19,382,3
2013,"Tulsa","Conference USA",12,20631,210,429,2297,12,19,483,1977,15,4274,15,34,237,203,71,17,30,37,305,41,940,0,23,154,0,15,169,0
2013,"UAB","Conference USA",12,21915,185,353,2578,19,9,455,2137,17,4715,11,20,240,168,63,10,21,72,579,54,1080,1,10,117,1,7,43,0
2013,"UCF","American Athletic",13,25072,269,404,3661,26,11,471,2079,28,5740,10,21,291,158,77,3,8,62,541,41,923,0,18,196,0,14,112,0
2013,"UCLA","Pac-12",13,23071,265,390,3274,25,9,566,2556,36,5830,7,16,303,192,94,5,12,106,955,46,1168,0,28,232,1,14,230,1
2013,"UConn","American Athletic",12,22338,241,439,2810,16,18,388,1013,12,3823,7,25,217,184,63,11,20,56,493,40,747,0,20,62,0,13,124,1
2013,"UL Monroe","Sun Belt",12,23412,262,471,2850,22,14,389,1474,10,4324,9,23,212,203,77,6,20,61,503,34,643,1,18,127,1,13,229,2
2013,"UNLV","Mountain West",13,22992,299,483,3105,27,10,507,2243,25,5348,5,15,307,193,77,12,25,45,406,51,1168,0,18,52,0,11,87,0
2013,"USC","Pac-12",14,28813,250,389,3180,20,9,535,2419,29,5599,8,17,278,185,65,8,15,94,811,32,476,0,33,425,3,17,150,1
2013,"Utah","Pac-12",12,21626,208,391,2835,22,21,473,1924,19,4759,4,25,235,187,64,11,18,56,542,37,688,0,33,314,0,3,22,1
2013,"Utah State","Mountain West",14,26177,297,481,3268,30,10,592,2493,21,5761,9,19,310,232,105,8,19,84,782,24,539,0,38,372,2,17,241,2
2013,"UTEP","Conference USA",12,23225,169,292,1959,14,10,534,2216,17,4175,8,18,218,187,75,14,21,48,409,46,1130,2,16,87,0,3,0,0
2013,"UTSA","Conference USA",12,23812,259,412,2909,13,13,426,2105,23,5014,8,21,263,167,75,10,13,75,666,36,755,0,10,52,0,8,166,1
2013,"Vanderbilt","SEC",13,24919,243,376,2958,15,16,504,1807,34,4765,7,23,244,182,60,22,28,63,518,45,872,0,25,88,0,18,277,0
2013,"Virginia","ACC",12,23984,277,506,2542,9,17,489,1879,18,4421,9,26,253,229,87,6,25,81,659,54,1003,0,33,235,0,10,42,0
2013,"Virginia Tech","ACC",13,26275,243,432,3071,16,15,493,1557,17,4628,4,19,233,203,65,10,17,86,672,34,690,0,47,206,1,19,94,1
2013,"Wake Forest","ACC",12,21894,219,414,2359,14,14,388,1129,11,3488,9,23,200,184,65,10,12,71,596,21,366,0,22,126,0,12,213,2
2013,"Washington","Pac-12",13,22797,270,413,3384,25,8,610,3107,35,6491,8,16,319,202,99,8,19,105,932,39,907,1,15,77,0,16,233,2
2013,"Washington State","Pac-12",13,22785,470,756,4784,36,24,243,694,10,5478,11,35,301,200,79,15,25,75,628,51,1047,0,23,188,0,16,330,4
2013,"Western Kentucky","Sun Belt",12,24079,266,407,3140,15,16,468,2362,31,5502,15,31,288,158,73,12,24,74,559,40,773,0,20,136,0,14,118,0
2013,"Western Michigan","Mid-American",12,20627,215,438,2532,12,18,389,1394,10,3926,8,26,212,188,58,10,22,83,724,43,860,0,11,89,0,8,23,0
2013,"West Virginia","Big 12",12,21691,251,464,3145,16,16,427,1784,18,4929,16,32,246,185,59,4,18,63,588,54,984,0,18,76,0,12,151,1
2013,"Wisconsin","Big Ten",13,26184,217,355,2562,22,15,557,3689,35,6251,4,19,286,177,74,11,20,54,474,31,716,1,29,208,0,9,30,0
2013,"Wyoming","Mountain West",12,18502,297,473,3389,29,12,449,2285,21,5674,12,24,280,188,85,10,22,66,582,33,523,0,18,78,0,9,162,2
2014,"Air Force","Mountain West",13,24560,117,206,1893,15,4,796,3550,35,5443,13,17,287,213,100,20,28,46,460,34,709,0,14,71,0,10,72,0
2014,"Akron","Mid-American",12,20988,284,527,2995,14,14,363,1484,18,4479,12,26,259,179,61,7,21,101,870,32,626,0,19,75,0,12,201,1
2014,"Alabama","SEC",14,27657,290,451,3890,32,10,567,2893,35,6783,12,22,340,199,102,10,13,69,562,50,1006,0,25,234,0,11,84,0
2014,"App State","Sun Belt",12,22806,205,340,2637,21,11,537,2901,33,5538,10,21,283,172,84,14,23,88,755,32,551,0,12,65,1,12,97,1
2014,"Arizona","Pac-12",14,23611,320,564,3945,29,10,575,2546,26,6491,8,18,346,234,89,16,26,92,881,38,817,1,17,174,1,13,138,1
2014,"Arizona State","Pac-12",13,22292,281,467,3556,34,9,508,2194,20,5750,4,13,301,199,76,10,23,58,421,23,555,0,15,55,0,14,276,3
2014,"Arkansas","SEC",13,26599,199,359,2444,21,6,557,2834,32,5278,11,17,288,188,88,12,19,68,581,24,617,1,22,206,0,12,241,1
2014,"Arkansas State","Sun Belt",13,23064,276,448,3381,25,8,576,2813,35,6194,14,22,304,207,78,18,36,104,905,48,1057,0,35,250,1,16,266,3
2014,"Army","FBS Independents",12,22234,50,105,747,3,2,665,3558,33,4305,11,13,216,154,63,16,31,49,435,41,659,0,18,65,2,11,237,2
2014,"Auburn","SEC",13,23800,208,332,2984,23,7,607,3321,32,6305,13,20,314,179,94,3,7,92,896,35,701,0,17,303,2,22,130,1
2014,"Ball State","Mid-American",12,21476,232,409,2590,19,7,448,1841,16,4431,8,15,243,186,71,11,13,50,469,44,1002,0,9,60,0,10,177,0
2014,"Baylor","Big 12",13,22578,323,519,4757,38,8,619,2802,43,7559,5,13,391,214,100,25,34,127,1149,40,801,0,20,93,0,13,203,0
2014,"Boise State","Mountain West",14,27070,310,451,3926,27,15,609,2994,39,6920,9,24,338,206,91,10,21,92,801,63,1114,0,29,286,1,22,284,5
2014,"Boston College","ACC",13,25768,135,243,1681,13,10,635,3307,31,4988,3,13,248,178,64,12,21,57,478,35,854,1,16,125,0,9,86,0
2014,"Bowling Green","Mid-American",14,22045,317,547,3639,17,13,556,2422,30,6061,10,23,310,231,87,7,23,110,872,62,1288,1,18,163,2,16,172,0
2014,"Buffalo","Mid-American",11,22215,235,367,2855,32,12,443,1965,16,4820,6,18,244,164,75,12,23,58,588,46,879,0,13,89,0,2,0,0
2014,"BYU","FBS Independents",13,21831,289,483,3623,32,12,567,2363,28,5986,15,27,325,206,89,15,23,110,1053,49,975,1,30,224,0,14,249,2
2014,"California","Pac-12",12,22079,329,535,4152,37,10,440,1790,22,5942,10,20,319,191,88,19,28,107,987,53,1170,2,24,175,0,12,60,0
2014,"Central Michigan","Mid-American",13,25946,243,382,3157,27,13,504,2018,19,5175,14,27,287,162,70,7,16,70,592,42,811,0,18,75,0,14,94,1
2014,"Cincinnati","American Athletic",13,22281,294,491,3947,35,14,454,2035,18,5982,8,22,310,177,73,11,16,59,542,49,961,0,14,79,0,8,46,0
2014,"Clemson","ACC",13,25603,292,451,3404,23,12,539,1904,20,5308,6,18,267,223,93,5,14,52,450,29,544,0,34,198,1,12,213,2
2014,"Colorado","Pac-12",12,23351,348,545,3415,29,15,451,1855,13,5270,6,21,296,202,81,14,29,86,822,41,972,0,18,117,0,3,28,0
2014,"Colorado State","Mountain West",13,23460,286,447,4181,34,7,435,2071,24,6252,10,17,299,174,85,5,14,72,705,40,843,0,24,90,0,13,128,0
2014,"Duke","ACC",13,22605,268,471,2814,23,8,492,2364,24,5178,7,15,286,201,84,16,29,64,503,36,909,1,24,325,2,11,159,2
2014,"East Carolina","American Athletic",13,23122,402,637,4835,31,11,433,2094,28,6929,12,23,378,194,92,11,24,109,1004,47,875,0,27,120,0,14,132,2
2014,"Eastern Michigan","Mid-American",12,19033,149,290,1722,13,11,403,1362,6,3084,19,30,160,160,52,3,10,65,568,50,863,0,13,90,0,6,3,0
2014,"Florida","SEC",12,21515,169,324,2159,18,14,517,2252,22,4411,10,24,210,192,70,8,15,80,710,41,826,0,27,325,1,17,138,2
2014,"Florida Atlantic","Conference USA",12,21363,206,365,2394,18,5,443,1963,14,4357,13,18,220,182,70,11,18,51,474,55,1203,0,24,333,1,8,111,2
2014,"Florida International","Conference USA",12,22510,171,324,2016,15,10,488,1502,11,3518,12,22,196,185,60,5,11,84,673,33,759,0,21,382,1,14,325,5
2014,"Florida State","ACC",14,25427,330,516,4246,26,20,451,1933,27,6179,12,32,322,176,80,0,6,87,668,18,306,0,18,179,0,14,156,2
2014,"Fresno State","Mountain West",14,23956,299,530,3132,25,21,566,2553,22,5685,6,27,296,243,91,16,34,59,546,46,871,0,24,216,1,10,105,1
2014,"Georgia","SEC",13,22740,217,322,2599,24,6,555,3352,38,5951,7,13,298,165,81,12,15,65,527,29,649,2,32,325,2,16,166,1
2014,"Georgia Southern","Sun Belt",12,23230,90,155,1286,7,4,642,4573,55,5859,8,12,262,149,73,10,16,57,556,33,786,0,25,128,0,13,277,2
2014,"Georgia State","Sun Belt",12,20394,264,446,3348,23,18,390,1156,13,4504,12,30,244,172,80,9,16,66,514,55,990,0,7,77,0,3,28,0
2014,"Georgia Tech","ACC",14,28525,106,203,1882,19,6,790,4789,47,6671,12,18,350,171,99,12,17,69,576,41,892,0,13,97,0,18,328,5
2014,"Hawai'i","Mountain West",13,23201,231,469,2794,15,14,524,1943,15,4737,13,27,254,231,77,19,27,80,640,42,789,0,26,229,0,11,139,0
2014,"Houston","American Athletic",13,24436,272,450,2993,18,15,495,2390,28,5383,7,22,286,195,79,12,23,84,771,44,728,0,16,85,0,19,286,1
2014,"Idaho","Sun Belt",11,20979,257,442,3018,13,20,439,1558,22,4576,8,28,260,181,76,20,35,74,712,48,1016,0,14,80,0,8,46,0
2014,"Illinois","Big Ten",13,21936,287,470,3247,25,12,413,1527,16,4774,10,22,249,187,68,5,13,79,669,40,778,0,21,176,0,7,203,3
2014,"Indiana","Big Ten",12,20717,168,313,1697,7,9,539,3163,29,4860,10,19,226,182,55,7,20,78,713,49,928,0,19,106,0,13,110,1
2014,"Iowa","Big Ten",13,24489,265,437,3081,21,7,514,2120,22,5201,15,22,280,201,90,14,23,46,384,47,869,0,24,123,2,13,169,2
2014,"Iowa State","Big 12",12,20432,282,510,2981,21,11,402,1489,12,4470,5,16,256,201,85,6,19,51,490,30,619,0,14,156,1,10,65,0
2014,"Kansas","Big 12",12,21632,204,376,2435,14,13,466,1454,11,3889,5,18,195,201,69,4,20,76,669,46,909,0,14,174,1,9,168,0
2014,"Kansas State","Big 12",13,25481,271,415,3736,23,8,476,1745,30,5481,5,13,293,172,79,11,16,57,511,35,769,1,25,432,2,15,42,1
2014,"Kent State","Mid-American",11,20014,244,442,2570,16,17,277,900,6,3470,4,21,198,152,46,9,14,65,574,42,865,0,16,93,0,8,87,0
2014,"Kentucky","SEC",12,21060,228,404,2774,14,11,445,1840,21,4614,4,15,230,183,62,10,24,66,606,37,845,0,26,191,0,15,309,4
2014,"Louisiana","Sun Belt",13,24733,238,370,2494,15,9,548,2925,31,5419,5,14,283,180,76,9,18,64,534,34,645,0,18,125,0,7,99,0
2014,"Louisiana Tech","Conference USA",14,25075,270,467,3531,30,13,490,2080,32,5611,13,26,280,198,79,8,12,69,555,44,1067,1,25,199,0,26,288,2
2014,"Louisville","ACC",13,25597,237,428,3276,21,10,511,1855,28,5131,16,26,265,199,78,11,21,90,641,36,758,1,38,274,0,26,310,1
2014,"LSU","SEC",13,25778,138,276,2118,17,9,621,2919,25,5037,8,17,262,178,71,9,16,71,595,27,695,1,27,280,1,10,83,1
2014,"Marshall","Conference USA",14,24398,279,473,4022,40,13,559,3807,40,7829,11,24,366,184,94,10,20,119,1124,44,1083,1,33,264,1,14,175,1
2014,"Maryland","Big Ten",13,21346,228,418,2863,19,14,429,1582,21,4445,8,22,227,185,60,7,13,77,675,42,1073,1,22,237,2,9,172,2
2014,"Massachusetts","Mid-American",12,19634,269,492,3741,27,13,387,1312,16,5053,10,23,268,176,63,19,36,73,617,50,1122,1,6,33,0,13,227,1
2014,"Memphis","American Athletic",13,23357,262,418,3076,23,9,594,2476,31,5552,11,20,294,208,76,10,14,81,770,39,866,0,42,371,0,17,170,3
2014,"Miami","ACC",13,22875,227,391,3249,26,12,446,2345,19,5594,12,24,258,163,60,14,23,93,827,35,704,0,23,158,1,10,93,1
2014,"Miami (OH)","Mid-American",12,21616,226,468,3333,23,10,358,1171,11,4504,10,20,246,166,56,8,23,95,739,46,884,0,16,165,0,11,59,1
2014,"Michigan","Big Ten",12,22267,189,326,2042,10,18,425,1954,17,3996,8,26,222,156,61,5,13,42,381,23,457,0,18,88,1,5,13,1
2014,"Michigan State","Big Ten",13,27492,236,400,3453,26,9,594,3057,44,6510,6,15,321,195,97,9,17,80,754,37,874,1,24,127,0,18,128,3
2014,"Middle Tennessee","Conference USA",12,21304,224,343,2610,17,13,530,2566,31,5176,11,24,254,169,75,9,16,78,690,39,808,0,21,272,2,13,58,0
2014,"Minnesota","Big Ten",13,24622,127,254,1844,12,9,599,2801,32,4645,11,20,238,177,71,7,10,69,605,37,825,1,25,210,1,15,179,2
2014,"Mississippi State","SEC",13,23568,261,423,3649,31,12,578,3030,29,6679,11,23,334,198,91,9,21,67,513,27,536,1,25,149,0,16,186,1
2014,"Missouri","SEC",14,24280,221,415,2648,25,13,539,2490,17,5138,3,16,270,217,93,13,16,102,815,26,641,2,27,281,1,12,197,1
2014,"Navy","FBS Independents",13,23556,62,130,1058,9,5,727,4395,45,5453,17,22,269,159,76,14,24,33,322,41,835,0,10,34,0,13,279,1
2014,"NC State","ACC",13,23350,224,381,2652,24,6,508,2659,26,5311,9,15,282,177,81,5,10,63,558,37,650,0,15,66,0,10,159,1
2014,"Nebraska","Big Ten",13,23510,190,359,2757,24,12,587,3123,35,5880,13,25,289,184,76,6,13,75,655,43,894,0,40,620,3,13,124,0
2014,"Nevada","Mountain West",13,25357,239,406,2498,18,11,560,2671,27,5169,5,16,274,209,86,16,27,73,646,18,389,0,18,163,0,13,215,3
2014,"New Mexico","Mountain West",12,21551,76,149,1069,7,6,586,3725,34,4794,12,18,205,152,56,10,25,52,489,45,976,2,14,79,0,11,151,1
2014,"New Mexico State","Sun Belt",12,19777,278,452,2899,19,24,469,2152,19,5051,10,34,258,202,84,14,25,57,407,33,617,0,17,158,0,13,116,2
2014,"North Carolina","ACC",13,20387,315,509,3614,29,13,496,1973,26,5587,10,23,311,198,84,11,23,98,821,49,1046,0,38,173,0,12,232,3
2014,"Northern Illinois","Mid-American",14,24045,229,385,2689,19,3,688,3488,36,6177,9,12,319,227,108,8,14,82,794,49,946,0,25,178,0,14,108,1
2014,"North Texas","Conference USA",12,22149,182,332,2079,13,13,472,1838,21,3917,9,22,213,181,70,6,13,63,603,33,767,1,37,298,1,12,198,2
2014,"Northwestern","Big Ten",12,21632,261,455,2598,10,14,486,1639,20,4237,9,23,244,212,84,14,29,61,522,40,808,1,9,136,1,15,213,1
2014,"Notre Dame","FBS Independents",13,23236,277,463,3711,30,14,484,2073,24,5784,12,26,309,191,90,8,16,58,487,46,918,0,27,195,0,16,138,0
2014,"Ohio","Mid-American",12,21987,202,375,2474,11,9,470,1969,16,4443,14,23,234,176,69,6,13,72,648,38,830,1,16,140,0,12,174,0
2014,"Ohio State","Big Ten",15,28787,260,409,3707,42,12,690,3967,41,7674,14,26,386,198,103,13,22,84,711,39,886,0,42,451,1,25,295,2
2014,"Oklahoma","Big 12",13,24151,210,386,2646,17,17,557,3395,40,6041,7,24,293,178,72,9,15,70,648,37,840,2,16,93,0,12,191,3
2014,"Oklahoma State","Big 12",13,21763,222,401,3149,19,17,506,1776,18,4925,5,22,246,195,64,8,16,79,700,51,1024,2,31,293,1,12,155,2
2014,"Old Dominion","Conference USA",12,19181,290,458,3510,30,16,365,1793,22,5303,4,20,275,149,62,18,30,44,439,43,690,0,12,112,1,5,0,0
2014,"Ole Miss","SEC",13,23220,258,428,3427,24,15,476,2021,21,5448,10,25,265,183,72,9,20,69,549,32,629,0,23,140,0,22,371,3
2014,"Oregon","Pac-12",15,24977,326,474,4687,44,4,644,3518,42,8205,7,11,406,198,98,17,28,123,1080,45,886,0,27,333,2,13,163,0
2014,"Oregon State","Pac-12",12,23394,290,472,3305,15,8,376,1417,19,4722,6,14,249,167,53,8,19,107,958,54,1204,1,19,109,0,11,109,1
2014,"Penn State","Big Ten",13,24335,276,497,3034,13,15,451,1325,13,4359,11,26,249,215,85,7,19,75,600,35,731,0,19,130,0,16,143,2
2014,"Pittsburgh","ACC",13,26309,188,308,2417,17,7,610,3243,35,5660,12,19,307,170,79,10,15,83,695,41,909,0,23,169,0,10,95,0
2014,"Purdue","Big Ten",12,20806,233,434,2249,16,16,402,1886,17,4135,8,24,206,190,68,12,31,60,518,50,959,0,16,237,0,10,223,1
2014,"Rice","Conference USA",13,26013,204,352,3009,25,8,571,2181,22,5190,4,12,252,202,90,5,15,77,695,35,667,0,13,99,0,9,152,1
2014,"Rutgers","Big Ten",13,23485,199,357,2956,22,13,489,2114,21,5070,7,20,241,171,61,8,17,61,545,47,1109,0,7,58,0,7,42,0
2014,"San Diego State","Mountain West",13,24371,183,349,2319,10,15,517,2809,26,5128,7,22,252,180,76,5,12,77,694,36,764,0,20,207,1,14,182,1
2014,"San José State","Mountain West",12,22786,283,449,3038,16,14,454,1696,11,4734,12,26,254,197,85,17,29,52,439,40,805,0,10,69,1,6,40,0
2014,"SMU","American Athletic",12,22631,230,430,2024,6,14,362,1204,9,3228,16,30,175,187,61,14,28,74,632,58,1090,0,14,60,0,6,14,0
2014,"South Alabama","Sun Belt",13,23581,218,412,2561,17,17,537,2327,16,4888,11,28,273,191,69,3,12,81,717,36,797,0,12,85,0,6,111,1
2014,"South Carolina","SEC",13,23989,277,468,3661,28,11,479,2093,23,5754,10,21,305,176,76,12,23,70,596,40,746,0,20,100,0,11,203,2
2014,"Southern Miss","Conference USA",12,21291,277,482,3231,14,15,376,1149,9,4380,11,26,249,184,63,3,13,77,731,48,1063,1,17,152,0,7,53,0
2014,"South Florida","American Athletic",12,20251,179,364,2361,11,11,376,1295,11,3656,9,20,182,174,65,9,19,75,728,43,866,0,20,126,0,6,46,1
2014,"Stanford","Pac-12",13,25697,248,381,2988,20,8,477,2064,22,5052,13,21,266,165,70,3,10,75,630,30,651,0,23,403,2,12,68,0
2014,"Syracuse","ACC",12,19200,207,383,2209,6,17,424,1742,12,3951,4,21,202,179,61,6,12,86,709,38,713,0,20,167,0,8,91,2
2014,"TCU","Big 12",13,24565,325,529,4240,37,11,509,2689,32,6929,11,22,331,198,85,7,14,82,752,35,735,1,35,345,1,26,378,5
2014,"Temple","American Athletic",12,19995,214,403,2408,13,16,369,1293,11,3701,11,27,182,166,39,11,22,78,653,33,652,0,20,221,3,11,315,2
2014,"Tennessee","SEC",13,23507,281,453,2914,23,14,524,1903,20,4817,8,22,277,208,81,7,12,54,444,36,817,0,22,213,1,16,157,1
2014,"Texas","Big 12",13,23142,243,418,2599,14,11,474,1786,18,4385,14,25,232,201,69,7,14,77,664,39,763,0,22,177,0,15,183,2
2014,"Texas A&M","SEC",13,20423,332,514,3971,39,15,421,1949,20,5920,5,20,299,179,73,11,19,68,663,52,1170,0,21,274,0,5,45,0
2014,"Texas State","Sun Belt",12,20374,250,382,2711,22,7,538,2862,29,5573,5,12,278,179,69,12,20,75,708,34,618,0,15,155,1,13,225,1
2014,"Texas Tech","Big 12",12,18742,332,559,4213,40,18,355,1836,8,6049,10,28,296,174,76,10,23,112,1070,45,840,0,18,65,0,6,42,0
2014,"Toledo","Mid-American",13,25250,244,398,3053,24,9,576,3333,35,6386,8,17,322,187,86,9,14,78,678,46,957,0,26,169,0,10,93,0
2014,"Troy","Sun Belt",12,21085,238,357,2381,12,4,460,1971,18,4352,10,14,220,182,70,13,26,74,713,54,1157,2,9,59,0,11,95,1
2014,"Tulane","American Athletic",12,22688,240,443,2415,13,18,419,1746,11,4161,7,25,226,187,62,7,27,89,813,38,637,0,9,41,0,17,86,0
2014,"Tulsa","American Athletic",12,22840,263,481,3176,23,18,477,1774,11,4950,5,23,270,203,78,11,28,78,768,43,876,0,18,127,1,8,116,1
2014,"UAB","Conference USA",12,22402,203,328,2637,17,12,613,2545,27,5182,9,21,265,193,83,12,28,77,674,47,1323,4,32,305,0,9,99,2
2014,"UCF","American Athletic",13,25414,233,416,3059,23,15,526,1668,19,4727,14,29,265,205,85,13,25,76,706,37,957,1,28,241,0,18,115,0
2014,"UCLA","Pac-12",13,22561,298,435,3358,24,6,557,2724,26,6082,10,16,304,202,87,9,16,104,979,48,916,1,22,199,0,11,231,3
2014,"UConn","American Athletic",12,20934,185,340,2032,12,12,396,1283,8,3315,16,28,178,164,50,8,14,74,708,48,949,0,13,81,1,8,174,1
2014,"UL Monroe","Sun Belt",12,21512,317,529,3359,15,7,363,834,9,4193,10,17,221,200,69,11,22,53,425,44,867,0,16,151,1,11,103,1
2014,"UNLV","Mountain West",13,21397,268,498,3357,16,22,466,1679,18,5036,3,25,267,215,76,14,27,80,692,53,1157,0,21,124,0,7,72,0
2014,"USC","Pac-12",13,23741,318,460,3856,39,5,524,2092,18,5948,7,12,308,208,97,15,24,115,1023,44,974,2,23,214,2,14,212,2
2014,"Utah","Pac-12",13,22925,229,378,2570,20,8,565,2475,21,5045,8,16,253,218,89,7,13,77,702,32,736,1,28,386,3,12,172,3
2014,"Utah State","Mountain West",14,24737,243,389,2782,20,11,512,2521,22,5303,10,21,243,191,63,2,13,101,918,32,656,0,33,296,2,19,298,2
2014,"UTEP","Conference USA",13,27523,159,287,1858,12,6,572,2701,27,4559,6,12,225,192,81,5,15,65,508,42,926,2,28,142,0,11,138,2
2014,"UTSA","Conference USA",12,23162,203,356,2104,8,12,440,1466,15,3570,10,22,200,177,50,10,16,85,789,44,933,0,36,144,0,9,95,0
2014,"Vanderbilt","SEC",12,21323,180,357,2149,13,19,383,1311,7,3460,10,29,193,155,46,9,18,73,630,56,1113,2,18,111,1,6,75,1
2014,"Virginia","ACC",12,23112,248,432,2837,18,16,451,1653,13,4490,8,24,241,196,82,8,17,78,693,35,885,0,28,115,0,15,130,3
2014,"Virginia Tech","ACC",13,24441,271,456,2826,19,15,507,1923,12,4749,11,26,261,213,83,7,14,98,770,36,702,0,47,315,1,12,228,2
2014,"Wake Forest","ACC",12,21407,225,385,2116,12,14,383,479,4,2595,7,21,172,184,52,8,20,60,574,36,664,0,21,165,1,6,136,1
2014,"Washington","Pac-12",14,24600,255,400,2801,19,6,607,2640,23,5441,11,17,280,216,88,11,22,98,865,44,982,2,33,302,1,13,289,4
2014,"Washington State","Pac-12",12,22447,510,771,5732,45,18,243,478,5,6210,7,25,326,188,78,18,40,94,812,50,970,0,23,165,0,3,19,0
2014,"Western Kentucky","Conference USA",13,22576,378,557,4866,49,10,429,2084,21,6950,8,18,350,180,92,5,12,76,743,55,1166,1,12,80,0,13,414,4
2014,"Western Michigan","Mid-American",13,25718,253,372,3475,26,10,503,2221,29,5696,10,20,270,178,85,4,12,69,665,39,949,1,17,26,0,13,167,1
2014,"West Virginia","Big 12",13,24350,340,534,4121,26,10,563,2376,18,6497,19,29,337,229,97,10,22,85,757,46,1101,2,25,82,0,12,106,2
2014,"Wisconsin","Big Ten",14,28207,177,322,2082,15,16,648,4482,46,6564,10,26,308,178,68,14,18,65,607,31,671,0,25,277,0,6,121,0
2014,"Wyoming","Mountain West",12,23325,212,375,2733,12,10,448,1838,17,4571,8,18,221,191,76,9,20,63,520,29,581,0,16,163,0,3,51,0
2015,"Air Force","Mountain West",14,27169,87,170,1847,15,12,816,4468,45,6315,11,23,300,196,84,14,23,53,532,33,669,0,15,139,1,11,92,1
2015,"Akron","Mid-American",13,25600,184,370,2508,18,12,535,2134,20,4642,6,18,257,200,73,7,15,98,839,31,525,0,2,25,0,14,29,0
2015,"Alabama","SEC",15,30191,301,446,3407,22,10,642,2999,33,6406,7,17,329,215,80,12,24,89,835,39,803,1,47,597,5,19,462,4
2015,"App State","Sun Belt",13,24402,180,297,2546,33,9,605,3529,25,6075,13,22,292,170,73,15,24,84,739,38,804,0,20,99,0,18,280,3
2015,"Arizona","Pac-12",13,20521,273,466,3548,27,10,526,2886,31,6434,10,20,320,189,77,10,27,74,633,32,729,0,9,144,1,11,98,2
2015,"Arizona State","Pac-12",13,24584,320,534,3887,30,9,536,2319,19,6206,10,19,305,230,94,10,18,60,518,55,1237,1,27,189,0,15,189,2
2015,"Arkansas","SEC",13,26824,246,374,3486,31,8,512,2565,31,6051,3,11,304,161,75,12,21,55,477,38,782,0,14,186,0,11,80,0
2015,"Arkansas State","Sun Belt",13,23748,207,365,2693,23,15,608,3007,35,5700,11,26,290,192,74,10,20,108,996,43,1112,2,37,413,1,27,503,6
2015,"Army","FBS Independents",12,23227,49,108,1128,10,9,616,2931,24,4059,13,22,194,160,70,9,22,48,474,38,691,0,24,135,1,6,98,0
2015,"Auburn","SEC",13,22123,179,306,2257,11,12,587,2553,28,4810,5,17,257,179,74,9,15,62,603,34,950,0,15,179,0,14,144,1
2015,"Ball State","Mid-American",12,20606,263,459,2619,17,9,437,1840,15,4459,6,15,250,199,76,12,23,44,425,50,1275,1,14,127,0,7,3,0
2015,"Baylor","Big 12",13,21733,229,389,3764,44,13,714,4247,41,8011,13,26,382,195,91,28,40,118,1043,31,675,0,15,64,0,14,137,0
2015,"Boise State","Mountain West",13,24864,334,526,4032,24,12,553,2488,36,6520,10,22,344,211,87,17,27,82,691,29,609,0,32,170,0,22,211,2
2015,"Boston College","ACC",12,21543,111,249,1334,8,9,502,1973,17,3307,11,20,174,172,46,5,13,78,682,32,806,0,36,230,1,13,63,1
2015,"Bowling Green","Mid-American",14,23456,398,594,5135,47,8,542,2520,34,7655,7,15,389,210,105,16,30,123,1123,46,770,0,14,90,0,20,245,1
2015,"Buffalo","Mid-American",12,22375,283,455,2994,16,16,425,1643,17,4637,4,20,246,188,68,15,23,84,768,35,581,0,10,116,1,13,278,5
2015,"BYU","FBS Independents",13,22372,302,504,3854,26,12,413,1668,28,5522,8,20,275,184,73,11,21,85,750,34,727,0,26,217,0,15,231,2
2015,"California","Pac-12",13,22726,352,550,4892,44,14,439,1987,16,6879,9,23,341,179,84,13,26,67,568,43,892,0,17,82,0,16,65,2
2015,"Central Michigan","Mid-American",13,25683,326,495,3905,25,11,420,1307,16,5212,5,16,271,193,84,10,16,81,703,38,707,0,12,52,0,6,0,0
2015,"Charlotte","Conference USA",12,20411,196,375,2089,12,23,562,1957,9,4046,12,35,234,209,71,12,23,64,652,53,1037,1,23,78,0,10,30,1
2015,"Cincinnati","American Athletic",13,24084,341,547,4679,29,22,512,2313,25,6992,11,33,370,197,100,7,11,104,948,52,1046,0,15,141,0,9,53,0
2015,"Clemson","ACC",15,28733,356,528,4373,35,15,679,3345,34,7718,12,27,393,232,109,8,14,84,694,39,865,0,29,78,0,16,137,2
2015,"Colorado","Pac-12",13,22221,286,465,3130,13,12,542,2031,23,5161,9,21,268,189,69,14,25,75,654,34,745,0,16,99,0,14,262,1
2015,"Colorado State","Mountain West",13,23617,233,392,2965,24,15,534,2571,20,5536,12,27,301,187,86,10,17,97,898,35,852,1,25,314,2,8,84,0
2015,"Duke","ACC",13,22367,294,509,3204,18,10,524,2508,25,5712,11,21,311,215,93,11,22,71,615,39,995,4,34,212,0,11,57,0
2015,"East Carolina","American Athletic",12,20240,321,473,3375,21,12,404,1600,19,4975,7,19,260,187,80,11,17,89,825,39,760,0,24,225,1,8,150,2
2015,"Eastern Michigan","Mid-American",12,19486,249,409,2666,18,14,421,1894,20,4560,11,25,241,168,64,10,17,81,701,59,1150,0,10,78,0,5,63,1
2015,"Florida","SEC",14,26018,229,405,2899,20,10,510,1777,19,4676,7,17,234,206,75,14,27,91,737,33,693,0,34,446,2,14,247,2
2015,"Florida Atlantic","Conference USA",12,20918,206,392,2557,12,12,498,1961,15,4518,13,25,249,185,61,17,33,75,683,40,851,0,20,135,0,14,347,3
2015,"Florida International","Conference USA",12,21444,274,440,2854,22,8,385,1319,15,4173,7,15,227,182,76,9,21,69,594,49,1003,0,21,206,1,9,129,2
2015,"Florida State","ACC",13,22944,264,419,3325,22,9,425,2187,27,5512,6,15,268,162,61,4,9,89,702,25,624,0,36,127,0,8,104,0
2015,"Fresno State","Mountain West",12,19673,202,403,2140,20,16,423,1642,14,3782,7,23,207,185,69,9,29,59,471,53,1015,0,11,117,0,9,190,1
2015,"Georgia","SEC",13,22743,199,327,2406,14,8,486,2498,22,4904,10,18,241,158,49,5,12,67,592,32,579,0,30,394,3,12,258,1
2015,"Georgia Southern","Sun Belt",13,26506,59,137,824,4,10,728,4719,41,5543,11,21,250,181,75,20,31,67,629,41,1012,0,24,372,1,18,239,1
2015,"Georgia State","Sun Belt",13,22645,308,496,4367,28,12,407,1260,15,5627,11,23,261,186,81,1,9,92,852,39,877,1,10,35,0,15,133,1
2015,"Georgia Tech","ACC",12,22417,81,192,1462,14,10,583,3074,30,4536,14,24,233,149,52,13,26,38,329,32,590,0,23,189,0,9,70,1
2015,"Hawai'i","Mountain West",13,16729,202,422,2501,12,21,425,1611,15,4112,13,34,203,161,49,7,21,98,847,53,1130,1,26,201,1,3,36,0
2015,"Houston","American Athletic",14,26314,285,432,3477,22,7,669,3301,46,6778,7,14,332,233,117,13,26,85,783,33,777,2,29,302,1,21,342,3
2015,"Idaho","Sun Belt",12,22778,297,472,3372,17,15,458,1777,23,5149,8,23,277,185,76,15,24,54,511,43,747,0,11,22,0,6,45,1
2015,"Illinois","Big Ten",12,21381,285,519,2921,16,8,388,1551,13,4472,9,17,245,204,74,11,25,66,589,31,614,0,33,290,2,13,195,1
2015,"Indiana","Big Ten",13,22743,269,461,3820,27,8,592,2736,27,6556,6,14,337,203,77,13,29,91,778,51,979,0,18,199,2,12,238,2
2015,"Iowa","Big Ten",14,26571,227,369,2862,17,5,568,2544,35,5406,11,16,283,192,80,9,14,73,683,35,797,0,18,251,0,19,321,4
2015,"Iowa State","Big 12",12,22704,237,411,2716,18,12,498,2184,18,4900,12,24,257,195,78,13,29,59,489,38,690,0,22,383,1,5,23,0
2015,"Kansas","Big 12",12,20299,243,452,2623,12,14,445,1355,10,3978,11,25,212,208,76,7,26,70,674,57,1143,1,13,26,0,9,159,1
2015,"Kansas State","Big 12",13,25068,162,345,2288,14,13,531,2050,29,4338,6,19,240,179,70,8,15,66,505,51,1268,4,25,167,1,5,2,0
2015,"Kent State","Mid-American",12,20236,175,343,1657,9,10,447,1593,6,3250,11,21,169,186,47,9,26,93,872,40,727,0,30,103,0,12,137,1
2015,"Kentucky","SEC",12,21081,218,397,2512,10,16,419,1952,22,4464,6,22,222,179,67,13,19,69,676,30,653,0,12,81,0,11,164,2
2015,"Louisiana","Sun Belt",12,21722,225,386,2491,13,12,451,2074,25,4565,8,20,246,176,66,13,24,85,853,36,684,1,27,242,1,5,114,1
2015,"Louisiana Tech","Conference USA",13,23871,297,479,4201,28,11,431,2075,27,6276,10,21,309,166,64,8,11,72,654,54,1094,0,17,148,1,13,229,3
2015,"Louisville","ACC",13,23001,227,409,3186,21,15,491,2223,23,5409,12,27,271,181,69,7,15,97,814,32,625,1,30,212,0,17,229,1
2015,"LSU","SEC",12,22561,149,278,2165,13,6,505,3082,36,5247,4,10,246,148,59,5,9,97,784,36,714,0,24,235,1,10,77,1
2015,"Marshall","Conference USA",13,23473,275,471,3009,25,13,496,2196,19,5205,11,24,279,199,78,9,16,91,860,30,800,2,25,241,1,15,222,2
2015,"Maryland","Big Ten",12,19876,183,387,2092,15,29,441,2408,20,4500,7,36,217,172,50,7,21,85,746,51,1039,1,27,449,2,9,59,0
2015,"Massachusetts","Mid-American",12,19429,281,495,3090,18,13,392,1707,15,4797,6,19,255,186,64,12,32,89,767,60,1196,1,14,114,0,13,94,0
2015,"Memphis","American Athletic",13,23673,311,465,3997,30,5,563,2333,29,6330,9,14,322,209,101,10,18,98,946,44,985,0,28,224,1,12,156,2
2015,"Miami","ACC",13,23054,268,449,3602,18,9,423,1548,20,5150,5,14,249,183,64,13,18,121,1083,39,575,1,22,198,1,15,172,0
2015,"Miami (OH)","Mid-American",12,20675,177,374,2502,18,19,428,1556,7,4058,12,31,199,186,58,8,18,89,720,50,836,0,13,69,0,10,165,2
2015,"Michigan","Big Ten",13,26101,258,415,3090,21,10,491,2057,27,5147,6,16,265,186,86,6,16,87,778,29,795,1,18,205,0,10,97,1
2015,"Michigan State","Big Ten",14,27603,244,440,3279,26,8,552,2118,24,5397,6,14,300,205,99,8,19,75,600,24,488,0,13,44,0,15,164,2
2015,"Middle Tennessee","Conference USA",13,23324,334,501,4052,31,10,503,1894,23,5946,19,29,302,197,83,14,24,62,550,44,947,0,21,98,0,17,349,3
2015,"Minnesota","Big Ten",13,22620,251,427,2793,15,11,446,1873,17,4666,11,22,229,193,75,6,17,73,591,41,781,0,24,84,0,10,53,2
2015,"Mississippi State","SEC",13,20500,331,500,4113,33,5,427,1873,21,5986,13,18,301,176,75,11,22,53,506,36,773,1,21,212,1,13,125,1
2015,"Missouri","SEC",12,19464,186,373,1986,10,12,397,1375,5,3361,5,17,181,179,54,7,17,63,507,39,573,0,29,158,1,9,156,0
2015,"Navy","American Athletic",13,25587,64,122,1280,9,2,748,4247,53,5527,6,8,272,178,89,24,26,40,339,32,775,0,11,67,0,12,93,0
2015,"NC State","ACC",13,25782,246,413,2740,20,6,540,2627,36,5367,7,13,280,198,81,19,31,72,687,42,1055,1,28,363,1,13,77,1
2015,"Nebraska","Big Ten",13,25242,256,458,3470,27,21,496,2340,24,5810,6,27,295,181,81,5,8,94,829,35,637,0,11,114,0,10,143,1
2015,"Nevada","Mountain West",13,23407,186,331,2139,15,7,556,2738,24,4877,5,12,256,177,69,9,20,68,608,31,752,1,12,152,0,13,104,1
2015,"New Mexico","Mountain West",13,24291,118,230,1768,6,14,638,3278,42,5046,7,21,235,186,70,16,22,89,840,39,871,1,11,58,0,14,170,1
2015,"New Mexico State","Sun Belt",12,20202,241,453,3034,26,14,443,2166,16,5200,7,21,241,200,71,12,30,77,666,33,522,0,17,141,0,12,110,1
2015,"North Carolina","ACC",14,21229,261,409,3675,31,10,527,3142,40,6817,9,19,335,165,80,7,12,80,650,33,663,0,25,303,2,17,204,0
2015,"Northern Illinois","Mid-American",14,22184,240,404,2918,22,10,643,2661,31,5579,17,27,283,224,84,17,33,80,695,55,1340,2,21,148,0,22,389,2
2015,"North Texas","Conference USA",12,19155,190,407,1937,12,11,436,1904,7,3841,14,25,224,182,59,12,27,74,681,52,1090,0,20,172,1,4,11,0
2015,"Northwestern","Big Ten",13,23245,174,352,1801,8,13,600,2451,16,4252,7,20,230,231,94,5,11,58,516,32,802,2,14,108,0,12,228,2
2015,"Notre Dame","FBS Independents",13,23106,241,385,3364,25,10,479,2699,29,6063,10,20,292,160,68,5,8,67,586,38,825,1,29,215,2,9,65,1
2015,"Ohio","Mid-American",13,25174,240,403,3024,18,13,547,2352,22,5376,4,17,285,196,80,11,20,90,868,38,730,0,20,119,0,12,226,3
2015,"Ohio State","Big Ten",13,22827,204,325,2455,19,9,567,3188,39,5643,9,18,280,172,70,11,19,76,656,17,410,0,30,392,0,12,142,3
2015,"Oklahoma","Big 12",13,23941,292,439,4006,38,9,574,2887,32,6893,9,18,351,181,79,9,17,80,800,33,708,0,22,165,0,20,317,2
2015,"Oklahoma State","Big 12",13,23004,325,517,4591,35,10,460,1649,25,6240,5,15,305,194,84,8,10,75,657,42,868,0,24,160,2,17,256,2
2015,"Old Dominion","Conference USA",12,20034,235,433,2634,20,9,401,1821,16,4455,10,19,230,177,62,8,25,49,437,45,951,0,20,34,0,8,114,0
2015,"Ole Miss","SEC",13,20691,318,489,4351,35,14,463,2380,29,6731,9,23,340,169,70,7,15,79,702,35,602,0,30,112,0,15,356,4
2015,"Oregon","Pac-12",13,21255,236,375,3358,33,10,618,3639,34,6997,7,17,334,180,70,16,28,90,793,62,1459,1,13,151,1,13,118,1
2015,"Oregon State","Pac-12",12,18869,161,343,1909,10,11,446,2128,16,4037,5,16,210,165,52,3,17,76,704,50,1033,1,13,160,1,8,96,1
2015,"Penn State","Big Ten",13,23009,215,404,2788,20,6,425,1744,15,4532,12,18,214,186,51,12,23,67,529,43,942,0,35,221,0,10,123,0
2015,"Pittsburgh","ACC",13,24734,212,343,2478,21,9,510,2430,19,4908,7,16,256,181,79,11,13,65,530,41,1017,2,21,120,1,10,135,1
2015,"Purdue","Big Ten",12,19936,290,504,2847,18,16,417,1576,22,4423,10,26,237,200,70,24,44,65,647,43,849,0,10,73,0,12,137,0
2015,"Rice","Conference USA",12,24132,212,373,2691,20,9,533,2131,21,4822,13,22,273,191,94,6,12,84,752,41,876,0,15,113,0,2,37,0
2015,"Rutgers","Big Ten",12,22516,203,337,2485,19,12,469,2039,17,4524,6,18,236,156,57,9,20,79,624,54,1093,3,12,167,1,13,117,1
2015,"San Diego State","Mountain West",14,27460,141,252,1988,17,3,675,3266,32,5254,9,12,260,204,85,8,10,89,813,34,988,3,26,258,1,23,308,4
2015,"San José State","Mountain West",13,25827,264,391,2882,21,12,531,2378,24,5260,5,17,282,183,88,10,23,57,464,31,712,0,9,112,1,9,206,2
2015,"SMU","American Athletic",12,22638,203,366,2620,19,8,503,1974,23,4594,17,25,246,182,71,7,20,65,604,56,1246,1,13,41,0,10,82,0
2015,"South Alabama","Sun Belt",12,20460,184,352,2394,15,16,481,1928,18,4322,9,25,217,184,64,7,16,81,693,40,967,1,16,86,0,10,21,0
2015,"South Carolina","SEC",12,20512,191,351,2490,17,12,423,1856,11,4346,3,15,216,165,58,11,20,60,468,34,796,1,12,55,0,12,37,0
2015,"Southern Miss","Conference USA",14,25479,338,531,4616,40,12,502,2517,31,7133,13,25,323,209,96,16,31,98,936,42,978,1,27,134,0,14,267,3
2015,"South Florida","American Athletic",13,22018,179,301,2536,26,9,592,3205,28,5741,6,15,263,181,67,11,19,79,714,42,1093,1,23,229,0,18,226,1
2015,"Stanford","Pac-12",14,29232,213,318,2965,30,8,610,3132,33,6097,5,13,309,182,91,13,16,78,648,51,1265,1,18,154,1,8,125,2
2015,"Syracuse","ACC",12,21094,164,306,1881,19,9,445,1958,15,3839,9,18,203,164,54,11,15,64,577,39,822,0,19,271,2,11,134,2
2015,"TCU","Big 12",13,24464,326,517,4517,39,15,561,2800,26,7317,4,19,358,199,86,7,15,94,922,35,857,0,20,192,1,7,133,2
2015,"Temple","American Athletic",14,27660,250,439,3038,20,8,517,2096,25,5134,11,19,271,212,87,11,23,81,773,40,810,1,30,294,1,16,301,2
2015,"Tennessee","SEC",13,23820,220,371,2582,17,5,617,2908,32,5490,7,12,293,211,97,13,17,66,530,27,902,3,35,567,3,13,208,1
2015,"Texas","Big 12",12,19526,139,252,1751,9,6,529,2698,27,4449,8,14,202,173,61,6,15,77,709,48,929,0,23,279,1,13,239,1
2015,"Texas A&M","SEC",13,22003,273,482,3323,25,15,505,2198,13,5521,9,24,293,208,88,6,20,83,713,38,718,0,19,374,2,11,140,2
2015,"Texas State","Sun Belt",12,20845,249,431,2729,15,12,470,2248,24,4977,9,21,256,186,67,16,26,73,648,42,832,1,16,183,1,3,73,0
2015,"Texas Tech","Big 12",13,21749,389,620,5046,39,15,464,2487,34,7533,8,23,368,203,105,11,23,91,826,56,1129,2,14,88,0,15,168,2
2015,"Toledo","Mid-American",12,21271,231,411,3036,24,10,492,2495,26,5531,4,14,268,186,86,10,22,96,818,41,888,0,25,252,0,12,175,1
2015,"Troy","Sun Belt",12,18928,250,418,2890,21,11,381,1429,14,4319,8,19,226,169,59,7,19,80,691,30,530,0,23,235,1,6,89,1
2015,"Tulane","American Athletic",12,20396,205,403,2415,18,10,397,1389,11,3804,5,15,195,184,63,5,16,70,641,48,859,0,15,88,0,8,100,0
2015,"Tulsa","American Athletic",13,21632,305,492,4332,25,8,591,2264,33,6596,12,20,332,227,100,14,26,91,730,38,687,0,9,114,0,10,325,4
2015,"UCF","American Athletic",12,19869,211,425,2246,13,23,356,975,4,3221,10,33,189,172,50,6,18,64,541,65,1492,0,13,72,0,4,132,1
2015,"UCLA","Pac-12",13,20223,300,510,3749,23,13,459,2308,26,6057,6,19,301,195,88,8,13,108,916,49,1103,0,20,219,0,12,156,2
2015,"UConn","American Athletic",13,24044,201,342,2412,10,10,477,1622,14,4034,6,16,215,181,57,6,20,74,595,29,551,0,6,2,0,18,185,1
2015,"UL Monroe","Sun Belt",13,21735,256,477,2703,25,19,425,1338,7,4041,11,30,216,212,63,13,28,95,754,47,873,0,11,24,0,5,138,2
2015,"UNLV","Mountain West",12,22383,196,365,2537,21,13,500,2324,20,4861,4,17,254,172,62,5,19,57,538,34,717,0,12,66,0,13,301,2
2015,"USC","Pac-12",14,24548,309,463,3776,30,7,527,2355,26,6131,5,12,308,189,74,17,26,103,961,54,984,0,27,255,2,14,284,2
2015,"Utah","Pac-12",13,25522,224,352,2340,15,11,571,2379,24,4719,10,21,263,200,82,16,24,72,693,22,455,1,33,325,2,22,338,3
2015,"Utah State","Mountain West",13,22430,229,403,2672,21,10,481,2146,22,4818,14,24,252,188,66,11,22,83,766,33,846,1,47,429,2,10,177,1
2015,"UTEP","Conference USA",12,24225,214,386,2346,18,10,447,1749,8,4095,13,23,211,202,79,9,18,57,489,42,809,0,20,149,1,5,116,2
2015,"UTSA","Conference USA",12,20557,211,360,2321,17,11,510,2026,16,4347,12,23,244,186,75,3,14,84,788,70,1453,0,20,98,0,14,218,2
2015,"Vanderbilt","SEC",12,23128,192,376,2062,11,16,495,1856,9,3918,9,25,211,205,76,7,18,73,566,40,784,0,31,197,0,6,49,1
2015,"Virginia","ACC",12,23538,252,413,2859,21,18,424,1737,13,4596,6,24,243,178,74,8,15,91,766,39,689,0,11,160,1,4,8,0
2015,"Virginia Tech","ACC",13,24846,223,394,2936,24,14,545,2070,19,5006,7,21,262,193,74,8,13,96,816,34,757,0,33,275,2,10,12,1
2015,"Wake Forest","ACC",12,22427,236,417,2739,13,18,417,1262,12,4001,6,24,227,189,66,7,17,61,557,25,437,0,25,90,0,6,46,0
2015,"Washington","Pac-12",13,23396,245,396,3110,17,11,477,2130,27,5240,11,22,260,169,64,8,19,71,651,35,708,0,23,368,2,15,358,2
2015,"Washington State","Pac-12",13,23578,500,738,5059,41,12,294,1046,8,6105,13,25,331,192,77,26,39,70,499,38,781,0,17,126,0,13,253,1
2015,"Western Kentucky","Conference USA",14,25363,398,554,5211,50,9,465,2158,30,7369,8,17,349,185,88,12,21,83,810,39,823,1,18,136,0,17,133,1
2015,"Western Michigan","Mid-American",13,26925,273,404,3732,30,9,526,2648,28,6380,8,17,309,172,79,14,22,81,722,51,1102,1,10,88,0,10,143,1
2015,"West Virginia","Big 12",13,23028,232,429,3269,26,15,622,2967,25,6236,7,22,324,209,81,9,19,87,910,32,820,1,24,133,0,23,80,1
2015,"Wisconsin","Big Ten",13,26410,252,419,2968,14,13,512,1954,27,4922,5,18,274,184,75,6,8,75,689,28,555,1,29,211,0,12,120,0
2015,"Wyoming","Mountain West",12,21794,183,308,2247,20,11,478,2081,12,4328,10,21,237,156,52,14,23,75,681,34,776,0,15,105,0,5,32,0
2016,"Air Force","Mountain West",13,26564,68,150,1752,14,8,827,4126,39,5878,9,17,302,196,99,8,15,67,681,20,508,1,10,99,1,15,145,1
2016,"Akron","Mid-American",12,18707,217,396,3063,25,14,380,1586,13,4649,8,22,232,158,60,10,21,91,807,37,683,0,18,298,3,8,107,1
2016,"Alabama","SEC",15,27839,265,417,3154,26,9,639,3675,33,6829,10,19,315,209,91,10,17,85,660,28,547,0,36,528,4,16,398,6
2016,"App State","Sun Belt",13,26206,203,334,2327,16,8,578,3262,29,5589,5,13,288,175,59,16,29,79,750,34,702,1,21,185,0,20,271,2
2016,"Arizona","Pac-12",12,18605,157,306,2137,13,12,509,2820,26,4957,9,21,245,157,57,5,18,76,768,33,516,0,12,56,0,8,32,0
2016,"Arizona State","Pac-12",12,21822,257,425,3111,16,14,475,1578,27,4689,7,21,244,195,74,8,17,66,624,57,1213,1,23,248,1,9,203,1
2016,"Arkansas","SEC",13,27088,247,406,3434,26,15,517,2135,21,5569,10,25,288,176,70,10,18,80,680,36,684,0,17,143,0,10,229,4
2016,"Arkansas State","Sun Belt",13,22645,231,402,3148,21,9,517,1784,19,4932,8,17,242,187,55,15,26,107,835,27,575,0,39,287,2,11,136,1
2016,"Army","FBS Independents",13,25371,51,112,925,7,10,747,4245,45,5170,12,22,276,160,81,20,33,57,504,29,486,0,21,145,0,17,98,0
2016,"Auburn","SEC",13,22761,178,289,2203,12,6,645,3527,33,5730,8,14,286,183,76,10,21,61,475,23,438,0,16,171,0,11,83,0
2016,"Ball State","Mid-American",12,22356,263,436,2750,14,15,519,2640,25,5390,9,24,294,195,88,12,23,48,426,42,878,0,19,94,1,7,42,0
2016,"Baylor","Big 12",13,21071,269,480,3652,33,15,628,3143,25,6795,12,27,330,222,94,26,46,129,1068,35,670,0,23,223,0,12,310,2
2016,"Boise State","Mountain West",13,21857,253,406,3878,28,8,493,2268,29,6146,10,18,300,166,79,9,17,56,491,31,635,0,24,159,0,7,114,1
2016,"Boston College","ACC",13,26104,150,296,1869,14,8,566,1938,16,3807,12,20,189,211,66,11,22,90,746,30,683,1,26,321,0,12,149,1
2016,"Bowling Green","Mid-American",12,20644,243,449,2713,19,25,503,2170,18,4883,8,33,280,181,55,26,44,70,696,48,834,0,22,99,0,9,135,1
2016,"Buffalo","Mid-American",12,19422,212,397,2406,11,11,426,1839,12,4245,8,19,220,181,66,7,16,63,516,54,878,0,16,107,0,5,0,0
2016,"BYU","FBS Independents",13,25477,245,412,2573,15,12,544,2615,28,5188,7,19,299,195,93,12,19,83,782,33,700,0,24,204,0,21,372,3
2016,"California","Pac-12",12,20403,383,621,4306,37,12,414,1852,16,6158,3,15,336,202,78,23,31,89,909,56,1072,0,17,65,0,11,173,1
2016,"Central Michigan","Mid-American",13,25217,280,471,3589,23,16,407,1507,18,5096,8,24,257,183,76,7,13,62,630,60,1122,0,15,80,0,13,178,4
2016,"Charlotte","Conference USA",12,20874,214,413,2313,17,6,487,2114,18,4427,9,15,237,196,63,16,33,88,818,52,1023,0,18,49,1,16,155,1
2016,"Cincinnati","American Athletic",12,19077,259,453,3071,19,15,397,1418,8,4489,8,23,232,182,69,7,17,55,544,36,716,0,15,92,0,17,218,1
2016,"Clemson","ACC",15,27541,422,629,5009,45,17,591,2546,30,7555,11,28,403,233,117,15,26,95,870,35,723,0,42,278,0,20,309,2
2016,"Colorado","Pac-12",14,25980,289,469,3563,21,11,635,2557,30,6120,9,20,326,236,104,8,19,76,661,27,566,0,34,310,1,15,203,1
2016,"Colorado State","Mountain West",13,22858,218,361,3181,29,7,539,2831,30,6012,8,15,292,173,73,13,23,78,699,35,711,0,25,174,1,8,85,1
2016,"Duke","ACC",12,20644,269,427,2833,16,9,424,1698,19,4531,13,22,250,168,73,9,23,56,446,38,939,1,21,172,0,9,50,1
2016,"East Carolina","American Athletic",12,21700,359,554,4016,26,12,404,1589,13,5605,12,24,286,193,76,21,35,60,521,54,990,0,10,18,0,5,44,0
2016,"Eastern Michigan","Mid-American",13,24021,309,519,3849,25,17,480,2068,21,5917,6,23,303,203,95,8,13,76,773,51,979,0,9,27,0,11,150,1
2016,"Florida","SEC",13,24357,241,410,2805,18,15,452,1667,11,4472,7,22,235,192,80,7,15,88,758,26,580,1,32,242,0,17,321,4
2016,"Florida Atlantic","Conference USA",12,19956,215,366,2521,9,13,472,2258,31,4779,7,20,247,171,58,7,18,63,570,62,1379,0,14,50,0,10,84,1
2016,"Florida International","Conference USA",12,22729,238,407,2720,19,17,423,1821,16,4541,6,23,238,170,61,13,26,64,574,45,893,0,15,148,0,6,106,1
2016,"Florida State","ACC",13,25680,244,421,3433,23,8,518,2630,33,6063,12,20,321,170,74,3,5,100,948,33,745,0,23,163,1,15,37,0
2016,"Fresno State","Mountain West",12,20744,210,405,2557,13,13,440,1394,11,3951,5,18,206,201,76,8,23,76,669,41,877,0,24,159,0,5,0,0
2016,"Georgia","SEC",13,26296,212,386,2515,16,9,533,2486,18,5001,10,19,261,195,81,7,13,74,547,29,585,1,25,245,1,15,108,1
2016,"Georgia Southern","Sun Belt",12,23511,147,264,1868,13,9,606,2690,16,4558,9,18,248,187,82,8,18,91,772,52,1026,0,16,207,0,9,45,0
2016,"Georgia State","Sun Belt",12,19050,231,419,2955,17,15,336,1052,10,4007,8,23,201,172,65,5,14,73,581,32,737,1,7,10,0,11,91,2
2016,"Georgia Tech","ACC",13,23625,83,160,1679,9,4,611,3355,34,5034,11,15,231,154,64,11,22,58,512,27,578,1,12,131,0,11,137,1
2016,"Hawai'i","Mountain West",14,24830,257,438,3185,25,15,477,2293,25,5478,10,25,263,183,64,15,25,116,1003,65,1403,0,8,63,0,11,78,1
2016,"Houston","American Athletic",13,25790,352,523,3852,24,15,561,1912,29,5764,10,25,312,233,109,19,30,58,554,37,783,1,19,73,0,7,132,2
2016,"Idaho","Sun Belt",13,25014,265,432,3240,19,11,489,1925,24,5165,6,17,281,182,72,13,22,73,680,53,981,0,19,148,2,17,130,1
2016,"Illinois","Big Ten",12,18713,183,358,2095,13,9,353,1686,14,3781,11,20,180,155,44,7,16,75,639,40,754,0,24,101,0,7,133,1
2016,"Indiana","Big Ten",13,21947,263,456,3559,21,18,534,1979,18,5538,11,29,279,203,81,7,27,79,686,52,1008,0,24,179,0,13,142,2
2016,"Iowa","Big Ten",13,23310,175,310,1991,17,10,502,2234,23,4225,2,12,217,173,56,11,17,65,538,32,831,0,33,412,1,9,56,1
2016,"Iowa State","Big 12",12,21353,235,398,3106,21,8,458,1953,18,5059,8,16,254,178,76,11,23,76,681,44,1017,1,25,226,0,9,90,1
2016,"Kansas","Big 12",12,20017,278,464,2885,16,22,405,1429,11,4314,14,36,213,183,60,5,20,71,654,48,868,1,10,-10,0,10,131,1
2016,"Kansas State","Big 12",13,25422,177,309,2041,10,5,572,3013,39,5054,7,12,278,175,79,9,15,88,710,38,991,1,22,227,1,16,205,3
2016,"Kent State","Mid-American",12,20858,147,292,1700,11,8,473,2008,15,3708,5,13,178,181,60,5,14,63,539,42,750,0,22,123,0,12,157,0
2016,"Kentucky","SEC",13,23286,170,312,2419,17,12,560,3044,31,5463,16,28,260,184,72,12,16,65,595,39,863,0,17,131,1,13,129,1
2016,"Louisiana","Sun Belt",13,23162,203,342,2308,12,13,586,2326,21,4634,4,17,255,198,74,7,24,94,721,40,710,0,19,87,0,10,120,1
2016,"Louisiana Tech","Conference USA",14,23838,362,543,5087,43,9,417,2119,30,7206,8,17,358,155,78,6,10,71,675,57,1436,3,17,178,0,10,127,1
2016,"Louisville","ACC",13,22448,248,436,3777,32,10,525,3148,37,6925,22,32,323,180,74,11,16,101,919,41,825,0,29,211,1,15,221,1
2016,"LSU","SEC",12,22416,174,298,2281,12,7,459,2796,30,5077,10,17,235,152,66,1,8,58,492,24,459,0,24,186,1,9,80,1
2016,"Marshall","Conference USA",12,21498,264,438,2902,28,12,396,1298,12,4200,4,16,241,175,59,16,24,90,921,62,1279,1,18,148,0,8,107,0
2016,"Maryland","Big Ten",13,21665,196,342,2317,15,9,533,2594,26,4911,10,19,236,181,62,11,29,88,794,42,874,0,27,223,2,5,54,1
2016,"Massachusetts","FBS Independents",12,19419,253,436,3080,27,15,366,1194,10,4274,10,25,230,160,52,12,24,93,794,62,1213,0,14,102,0,4,84,0
2016,"Memphis","American Athletic",13,21235,303,477,3957,34,10,487,2071,23,6028,11,21,304,196,79,13,22,82,771,49,1249,3,21,175,0,16,200,3
2016,"Miami","ACC",13,21824,263,426,3564,27,7,435,1973,24,5537,3,10,260,172,62,6,13,95,876,21,445,0,22,243,1,8,58,0
2016,"Miami (OH)","Mid-American",13,25272,212,358,2998,27,7,484,1772,9,4770,13,20,254,164,62,7,15,88,720,44,854,0,6,18,0,14,98,1
2016,"Michigan","Big Ten",13,25778,228,370,2756,20,7,574,2768,41,5524,5,12,284,183,79,13,20,63,593,27,486,0,26,357,2,13,147,3
2016,"Michigan State","Big Ten",12,22810,211,370,2668,19,11,471,2072,14,4740,7,18,246,174,67,10,21,77,724,30,621,0,20,132,0,8,129,2
2016,"Middle Tennessee","Conference USA",13,21936,349,556,4236,39,15,417,2494,26,6730,6,21,323,184,82,4,14,78,730,30,569,0,22,162,0,11,175,2
2016,"Minnesota","Big Ten",13,24263,181,328,2257,9,12,558,2387,34,4644,5,17,250,193,73,5,10,88,743,39,928,1,24,136,0,9,136,1
2016,"Mississippi State","SEC",13,22506,230,411,2726,24,10,532,2997,24,5723,6,16,287,192,78,14,28,68,617,42,868,0,20,76,0,14,300,3
2016,"Missouri","SEC",12,16892,249,448,3545,25,10,500,2461,24,6006,13,23,291,194,83,13,24,80,657,43,811,0,27,265,1,15,170,2
2016,"Navy","American Athletic",14,26199,93,158,1794,9,7,742,4342,61,6136,9,16,295,167,91,17,28,39,341,48,1111,0,15,146,0,7,60,2
2016,"NC State","ACC",13,24839,263,438,3383,20,12,504,2030,23,5413,8,20,284,193,84,12,27,78,810,39,880,1,16,132,1,10,130,2
2016,"Nebraska","Big Ten",13,25087,201,400,2752,18,9,523,2199,24,4951,5,14,265,196,86,12,21,75,695,33,687,0,24,168,0,16,122,2
2016,"Nevada","Mountain West",12,21092,210,356,2498,18,9,474,2088,20,4586,2,11,262,167,81,8,13,52,482,28,571,0,10,101,0,5,101,0
2016,"New Mexico","Mountain West",13,26454,96,179,1389,11,6,688,4550,48,5939,8,14,271,172,79,16,22,82,737,40,883,1,22,150,0,8,86,2
2016,"New Mexico State","Sun Belt",12,19137,253,459,2925,22,15,453,2051,13,4976,7,22,266,190,64,13,24,76,600,29,491,0,6,19,0,13,138,1
2016,"North Carolina","ACC",13,19025,313,458,3811,30,6,401,1896,21,5707,10,16,282,165,75,6,15,99,797,33,890,2,17,134,0,1,58,1
2016,"Northern Illinois","Mid-American",12,19988,232,400,2688,20,13,548,2877,27,5565,4,17,284,202,83,9,19,84,834,45,1034,1,17,70,0,14,75,0
2016,"North Texas","Conference USA",13,21453,261,449,2708,15,13,426,1736,24,4444,8,21,240,181,63,8,22,97,888,49,948,0,18,152,1,14,221,2
2016,"Northwestern","Big Ten",13,22341,282,483,3186,22,9,501,1991,22,5177,7,16,281,211,83,17,32,47,389,29,671,1,20,132,0,16,163,0
2016,"Notre Dame","FBS Independents",12,20830,224,388,3051,27,9,438,1960,18,5011,9,18,254,168,68,13,20,78,638,38,877,2,21,191,0,8,73,0
2016,"Ohio","Mid-American",14,26070,251,459,3147,22,12,546,2350,17,5497,13,25,292,213,80,8,18,79,757,43,885,0,20,90,0,15,202,0
2016,"Ohio State","Big Ten",13,25886,255,409,2781,26,7,583,3188,33,5969,5,12,313,200,93,13,21,82,658,28,682,0,27,131,0,21,443,7
2016,"Oklahoma","Big 12",13,25170,271,384,4134,43,8,573,3078,30,7212,9,17,330,169,87,7,13,66,679,36,815,1,12,122,1,9,157,2
2016,"Oklahoma State","Big 12",13,22500,295,465,4211,29,4,491,2221,32,6432,10,14,308,180,77,5,12,69,643,27,557,0,14,152,0,14,150,0
2016,"Old Dominion","Conference USA",13,23143,220,374,3042,31,6,500,2559,27,5601,4,10,273,172,64,18,32,66,572,40,881,0,22,204,0,11,76,1
2016,"Ole Miss","SEC",12,18673,289,483,3779,27,14,422,1793,17,5572,5,19,298,169,68,6,16,59,520,37,839,0,10,60,0,8,150,2
2016,"Oregon","Pac-12",12,18528,257,399,3183,28,6,493,2717,29,5900,9,15,279,171,66,18,29,99,910,47,1065,1,22,151,0,9,154,0
2016,"Oregon State","Pac-12",12,22412,193,353,2086,13,11,442,2300,24,4386,8,19,218,172,64,3,15,96,862,36,842,1,22,126,0,7,181,0
2016,"Penn State","Big Ten",14,23375,226,391,3650,29,8,540,2406,34,6056,12,20,285,173,56,10,20,68,622,50,965,0,31,194,0,10,126,1
2016,"Pittsburgh","ACC",13,24093,189,324,2882,28,9,542,2926,36,5808,9,18,265,175,79,7,13,74,647,40,1037,3,18,253,1,9,182,3
2016,"Purdue","Big Ten",12,21113,312,557,3539,25,25,361,1154,12,4693,8,33,254,203,91,15,33,52,447,42,836,0,12,91,0,12,272,1
2016,"Rice","Conference USA",12,21904,241,412,2582,16,10,483,2036,23,4618,8,18,261,182,67,11,17,69,566,34,648,0,18,47,0,5,23,1
2016,"Rutgers","Big Ten",12,19560,159,332,1659,11,7,489,1739,8,3398,12,19,186,195,60,7,16,63,516,42,791,1,28,168,1,8,97,1
2016,"San Diego State","Mountain West",14,26358,155,256,2023,20,6,636,3680,34,5703,9,15,278,173,70,6,13,98,843,35,984,3,30,271,0,27,364,5
2016,"San José State","Mountain West",12,22167,214,371,2665,18,15,480,1869,16,4534,5,20,253,177,71,10,23,52,439,44,855,0,15,91,0,10,149,0
2016,"SMU","American Athletic",12,22053,248,456,3168,22,17,478,1959,14,5127,7,24,262,209,90,6,16,69,624,53,933,0,14,48,0,18,416,4
2016,"South Alabama","Sun Belt",13,23014,233,415,3169,15,14,469,1879,25,5048,8,22,251,174,67,10,22,98,818,34,674,1,17,71,0,10,89,1
2016,"South Carolina","SEC",13,23357,248,402,2771,12,7,475,1747,20,4518,13,20,241,185,63,13,25,65,606,33,825,1,15,89,0,15,37,0
2016,"Southern Miss","Conference USA",13,26096,285,478,3877,26,16,544,2264,26,6141,16,32,307,204,83,22,35,97,834,59,1042,0,27,252,1,10,180,2
2016,"South Florida","American Athletic",13,20915,225,358,2941,26,8,570,3709,47,6650,9,17,300,191,84,17,19,83,763,44,857,0,24,238,1,15,233,2
2016,"Stanford","Pac-12",13,25569,179,304,2056,15,9,523,2720,20,4776,9,18,235,177,74,6,12,85,702,40,574,0,12,85,0,14,261,3
2016,"Syracuse","ACC",12,20653,332,522,3855,24,13,449,1435,15,5290,7,20,268,213,84,17,27,96,729,64,1293,0,18,313,0,10,93,1
2016,"TCU","Big 12",13,21931,295,503,3486,18,14,488,2535,30,6021,6,20,296,198,80,10,17,88,797,44,1025,0,23,227,1,8,80,1
2016,"Temple","American Athletic",14,28175,232,403,3324,22,13,564,2466,31,5790,6,19,297,190,79,10,23,75,604,32,660,0,20,190,0,12,130,0
2016,"Tennessee","SEC",13,21373,238,379,3100,28,12,517,2668,31,5768,14,26,280,175,72,2,9,80,735,42,1047,1,33,365,1,11,120,1
2016,"Texas","Big 12",12,20352,241,402,3024,21,12,597,2871,27,5895,11,23,302,195,70,11,22,85,769,42,773,0,28,182,0,10,101,0
2016,"Texas A&M","SEC",13,20678,255,469,3317,25,9,484,2754,28,6071,12,21,281,194,76,10,18,81,685,41,967,0,15,355,4,12,19,0
2016,"Texas State","Sun Belt",12,19241,257,415,2639,14,17,426,1027,13,3666,8,25,212,188,58,11,23,82,687,55,922,0,23,205,0,3,53,1
2016,"Texas Tech","Big 12",12,22275,428,653,5556,47,11,389,1243,22,6799,6,17,361,196,101,11,25,94,744,28,489,0,19,171,0,5,15,0
2016,"Toledo","Mid-American",13,23540,291,423,4196,46,9,512,2535,17,6731,5,14,315,183,93,4,10,91,783,51,916,0,27,237,2,6,19,0
2016,"Troy","Sun Belt",13,24135,315,492,3386,25,13,485,2199,28,5585,7,20,300,192,71,17,26,88,803,38,831,1,25,199,1,22,239,0
2016,"Tulane","American Athletic",12,23322,109,258,1360,10,8,591,2737,25,4097,10,18,208,187,52,20,36,77,661,32,712,1,15,62,0,12,216,1
2016,"Tulsa","American Athletic",13,23165,267,449,3449,33,12,667,3410,33,6841,9,21,373,210,97,9,15,78,684,40,810,0,28,224,0,10,184,3
2016,"UCF","American Athletic",13,21425,244,448,2726,14,9,526,1839,25,4565,16,25,249,214,63,15,35,91,729,40,838,1,29,203,1,15,295,4
2016,"UCLA","Pac-12",12,19254,273,494,3547,22,16,345,1011,13,4558,9,25,237,177,62,5,11,79,716,40,844,0,29,182,1,15,205,1
2016,"UConn","American Athletic",12,21509,213,380,2432,8,11,418,1408,11,3840,8,19,205,181,61,11,23,43,339,39,740,0,3,21,0,7,6,0
2016,"UL Monroe","Sun Belt",12,21199,198,364,2304,15,16,512,2176,21,4480,8,24,247,191,81,13,26,50,507,43,907,0,12,98,0,7,24,0
2016,"UNLV","Mountain West",12,20477,138,294,1955,16,10,521,2898,28,4853,3,13,236,172,65,9,16,67,614,65,1212,0,14,-1,1,5,102,1
2016,"USC","Pac-12",13,24885,304,463,3593,33,11,506,2609,18,6202,9,20,322,179,85,7,14,99,873,41,929,2,29,414,2,14,131,1
2016,"Utah","Pac-12",13,26053,212,399,2817,15,8,570,2782,27,5599,17,25,284,194,74,13,22,90,785,27,631,1,36,273,1,19,150,2
2016,"Utah State","Mountain West",12,19255,221,383,2474,10,9,411,2046,25,4520,6,15,227,178,69,9,19,85,696,36,686,0,22,120,1,7,63,0
2016,"UTEP","Conference USA",12,21728,195,327,2204,21,8,409,2226,20,4430,8,16,218,156,64,5,15,67,543,44,809,0,25,210,1,6,47,0
2016,"UTSA","Conference USA",13,24527,216,383,2777,28,8,524,2104,22,4881,7,15,255,207,91,14,26,92,778,38,847,0,27,164,0,7,24,0
2016,"Vanderbilt","SEC",13,24808,210,394,2486,9,11,497,2138,26,4624,4,15,253,183,65,6,18,67,575,37,850,0,21,138,0,5,63,0
2016,"Virginia","ACC",12,20885,266,487,2872,23,16,384,1363,13,4235,10,26,238,184,63,12,23,76,695,40,865,0,22,216,0,9,70,0
2016,"Virginia Tech","ACC",14,26255,279,449,3666,31,8,638,2563,27,6229,18,26,330,212,90,9,16,71,656,45,943,0,43,337,1,16,40,0
2016,"Wake Forest","ACC",13,24038,190,353,2154,9,13,533,1895,17,4049,6,19,225,204,71,7,17,61,501,35,647,0,25,70,0,12,213,2
2016,"Washington","Pac-12",14,26064,254,408,3623,47,9,529,2774,24,6397,6,15,314,170,75,5,10,72,628,31,650,2,27,292,2,19,222,2
2016,"Washington State","Pac-12",13,25202,467,664,4713,40,12,362,1561,23,6274,5,17,340,191,90,17,31,103,896,37,768,1,23,283,1,12,160,0
2016,"Western Kentucky","Conference USA",14,24224,305,471,4715,42,8,487,2609,35,7324,11,19,344,168,78,7,17,93,931,56,1280,1,16,269,3,14,252,1
2016,"Western Michigan","Mid-American",14,28593,263,378,3533,33,4,634,3194,36,6727,4,8,353,189,102,15,17,69,629,43,894,1,22,225,1,15,372,4
2016,"West Virginia","Big 12",13,22707,249,409,3343,26,11,574,2969,24,6312,10,21,314,188,80,8,16,85,823,32,677,0,21,39,0,14,134,1
2016,"Wisconsin","Big Ten",14,29375,202,323,2507,14,10,658,2843,31,5350,6,16,284,204,90,6,12,48,455,28,527,0,22,143,0,22,252,1
2016,"Wyoming","Mountain West",14,26522,210,379,3207,29,15,628,2865,31,6072,9,24,312,202,88,10,18,66,604,34,734,0,32,203,1,15,349,3
2017,"Air Force","Mountain West",12,24085,69,142,1321,10,6,766,3683,38,5004,14,20,290,167,81,16,26,48,459,26,454,0,12,103,0,5,64,1
2017,"Akron","Mid-American",14,24147,242,447,2949,24,11,459,1480,14,4429,6,17,257,203,81,6,14,88,873,33,602,0,6,12,0,19,398,3
2017,"Alabama","SEC",14,24993,204,332,2708,28,3,612,3509,36,6217,7,10,311,177,72,15,18,70,569,20,438,0,39,301,0,19,279,2
2017,"App State","Sun Belt",13,24382,215,356,2811,28,6,529,2904,27,5715,8,14,272,177,71,13,24,91,831,30,666,0,26,222,0,18,382,0
2017,"Arizona","Pac-12",13,22264,183,295,2343,19,13,613,4021,48,6364,9,22,306,170,71,12,17,68,705,31,771,0,18,186,2,19,320,2
2017,"Arizona State","Pac-12",13,24492,264,416,3324,21,9,565,2276,27,5600,6,15,282,211,93,10,18,50,487,39,734,0,20,115,1,11,95,2
2017,"Arkansas","SEC",12,22617,192,340,2465,18,9,462,2016,24,4481,9,18,238,165,69,9,18,58,505,46,957,1,4,51,0,8,143,0
2017,"Arkansas State","Sun Belt",12,20777,317,512,4106,38,17,463,1831,17,5937,8,25,320,180,80,5,15,94,828,36,676,0,31,370,1,14,198,1
2017,"Army","FBS Independents",13,27089,20,65,361,2,6,785,4710,50,5071,4,10,270,165,91,19,30,55,472,39,712,0,12,109,1,6,93,1
2017,"Auburn","SEC",14,26343,255,382,3267,21,6,642,3056,34,6323,14,20,312,210,95,7,15,63,537,27,627,0,23,175,1,6,82,2
2017,"Ball State","Mid-American",12,23881,228,405,2126,11,14,497,1896,15,4022,7,21,225,203,79,8,24,49,479,49,1042,1,10,87,0,6,13,0
2017,"Baylor","Big 12",12,21417,269,462,3452,23,14,414,1407,10,4859,11,25,239,189,61,17,33,88,671,37,662,0,7,60,0,3,20,0
2017,"Boise State","Mountain West",14,26252,281,449,3677,26,7,532,2004,25,5681,6,13,296,203,93,3,17,82,700,38,917,0,30,310,2,15,225,1
2017,"Boston College","ACC",13,23736,198,367,2162,16,12,618,2865,24,5027,8,20,246,221,85,12,30,47,388,43,946,0,27,354,0,18,388,2
2017,"Bowling Green","Mid-American",12,19596,226,417,2820,21,12,430,1820,13,4640,13,25,232,176,64,6,18,89,827,47,970,0,13,104,0,9,78,0
2017,"Buffalo","Mid-American",12,21449,234,400,3490,24,6,428,1693,18,5183,7,13,252,169,70,8,12,67,597,36,634,0,17,142,0,8,39,0
2017,"BYU","FBS Independents",13,21753,228,418,2530,13,19,404,1697,12,4227,8,27,215,179,64,8,26,59,509,38,667,0,24,118,0,8,224,1
2017,"California","Pac-12",12,21230,278,476,3107,19,12,416,1507,17,4614,8,20,265,194,78,17,25,78,658,48,945,0,9,89,0,14,193,1
2017,"Central Michigan","Mid-American",13,22249,263,469,3324,27,17,454,1743,19,5067,14,31,238,186,56,10,18,83,804,52,1049,1,21,109,0,19,172,1
2017,"Charlotte","Conference USA",12,19125,146,312,1643,10,16,428,1995,13,3638,4,20,168,173,45,9,20,78,771,44,994,0,17,81,0,2,0,0
2017,"Cincinnati","American Athletic",12,19150,245,434,2597,20,9,371,1624,11,4221,7,16,236,172,67,8,15,94,876,35,724,0,13,108,0,5,83,1
2017,"Clemson","ACC",14,25764,309,470,3297,17,9,578,2717,40,6014,7,16,309,218,101,13,18,69,608,28,538,0,29,322,1,14,214,3
2017,"Coastal Carolina","Sun Belt",12,21822,158,304,2269,18,11,446,1875,15,4144,7,18,220,153,55,7,17,84,754,51,1036,0,26,185,0,5,110,0
2017,"Colorado","Pac-12",12,20773,244,410,3125,19,9,499,1886,17,5011,5,14,271,189,79,13,26,75,668,27,585,0,20,200,1,8,185,1
2017,"Colorado State","Mountain West",13,24906,284,459,3799,29,10,518,2603,26,6402,6,16,331,184,92,7,20,81,741,24,517,0,14,122,0,12,76,1
2017,"Duke","ACC",13,24529,266,469,2774,16,12,547,2228,22,5002,7,19,299,209,82,17,27,62,541,30,698,0,19,107,0,15,224,4
2017,"East Carolina","American Athletic",12,22420,307,541,3815,26,16,396,1292,10,5107,5,21,279,199,82,17,29,80,705,45,878,0,6,-4,0,7,72,0
2017,"Eastern Michigan","Mid-American",12,21574,257,435,3088,21,15,422,1555,14,4643,7,22,243,174,60,10,17,74,690,37,618,0,27,128,1,8,162,2
2017,"Florida","SEC",11,20495,174,312,1975,10,10,400,1720,15,3695,10,20,185,157,51,12,18,88,646,26,553,0,14,66,0,14,228,3
2017,"Florida Atlantic","Conference USA",14,23068,234,361,2983,21,7,665,3994,52,6977,6,13,340,184,73,24,39,82,733,34,734,1,17,155,0,20,190,0
2017,"Florida International","Conference USA",13,23981,252,396,3031,19,10,495,2064,20,5095,11,21,269,185,79,10,21,84,844,37,716,0,14,49,0,7,58,1
2017,"Florida State","ACC",13,23435,202,345,2551,21,13,463,2024,18,4575,8,21,234,163,57,5,10,78,699,27,653,0,32,255,0,9,88,2
2017,"Fresno State","Mountain West",14,26276,268,437,3331,19,7,515,2170,22,5501,6,13,269,191,68,10,15,74,610,39,844,0,16,103,0,9,82,2
2017,"Georgia","SEC",15,28908,186,305,2653,24,9,670,3876,42,6529,7,16,306,197,89,7,12,95,834,27,612,0,28,283,0,12,173,0
2017,"Georgia Southern","Sun Belt",12,24472,105,195,1320,8,7,644,2668,19,3988,13,20,210,191,67,17,28,77,648,52,1050,1,15,143,0,14,80,0
2017,"Georgia State","Sun Belt",12,22800,265,413,3248,15,9,439,1403,12,4651,12,21,239,185,78,7,14,62,569,31,614,1,16,96,0,10,67,0
2017,"Georgia Tech","ACC",11,22122,43,119,927,10,5,632,3381,30,4308,10,15,214,158,72,8,19,44,394,45,775,1,17,125,0,5,71,1
2017,"Hawai'i","Mountain West",12,22658,260,423,2814,19,8,420,2018,15,4832,6,14,239,168,64,10,28,93,826,40,812,0,6,30,0,9,130,1
2017,"Houston","American Athletic",12,20191,281,411,3136,16,12,446,2002,25,5138,11,23,252,179,81,8,18,72,646,32,721,0,16,70,0,15,292,1
2017,"Idaho","Sun Belt",12,22211,230,378,2699,21,7,446,1495,10,4194,9,16,210,182,65,9,25,64,567,32,529,0,13,77,0,9,131,0
2017,"Illinois","Big Ten",12,20336,168,339,2098,8,19,386,1267,11,3365,7,26,174,173,58,4,10,85,768,36,693,0,12,74,0,9,105,1
2017,"Indiana","Big Ten",12,20437,306,502,3188,25,13,449,1561,11,4749,7,20,252,212,80,9,19,71,707,33,623,0,29,368,2,5,34,0
2017,"Iowa","Big Ten",13,23525,199,355,2473,27,6,481,1810,17,4283,13,19,226,180,62,14,22,66,534,34,831,0,20,123,0,21,423,4
2017,"Iowa State","Big 12",13,23602,300,477,3548,27,9,427,1470,16,5018,1,10,274,186,73,14,20,57,516,29,576,0,20,181,1,12,286,3
2017,"Kansas","Big 12",12,19809,249,460,2717,14,17,391,1231,11,3948,9,26,194,201,58,13,24,66,537,51,1045,0,14,65,0,4,12,0
2017,"Kansas State","Big 12",13,23878,156,270,2259,16,8,519,2584,29,4843,5,13,226,152,51,3,9,67,596,47,1135,2,29,395,1,12,130,2
2017,"Kent State","Mid-American",12,22630,114,234,1472,8,15,520,1830,10,3302,11,26,169,174,50,4,20,94,895,51,883,0,21,121,0,12,66,0
2017,"Kentucky","SEC",13,23661,196,330,2446,10,7,488,2102,27,4548,8,15,242,168,66,6,10,71,626,48,1036,0,8,112,0,11,90,0
2017,"Louisiana","Sun Belt",12,21295,214,376,2578,16,12,452,2204,27,4782,4,16,247,165,59,9,18,58,487,42,900,2,19,233,0,9,109,0
2017,"Louisiana Tech","Conference USA",13,23541,233,420,2997,17,5,495,2242,22,5239,10,15,281,182,74,9,16,61,527,30,668,0,15,94,1,19,414,5
2017,"Louisville","ACC",13,23728,277,464,3898,29,10,495,3186,33,7084,11,21,352,182,80,19,30,82,664,25,483,0,24,123,0,13,230,2
2017,"LSU","SEC",13,25414,179,300,2645,17,4,563,2699,25,5344,4,8,260,173,72,4,10,75,658,21,385,0,19,191,2,12,54,0
2017,"Marshall","Conference USA",13,24200,266,443,3115,25,14,455,1823,14,4938,9,23,265,187,83,9,21,84,777,42,862,2,22,41,0,6,170,3
2017,"Maryland","Big Ten",12,19637,175,318,1940,15,8,436,1940,19,3880,6,14,201,162,46,11,24,83,774,61,1294,1,19,189,1,8,42,0
2017,"Massachusetts","FBS Independents",12,20993,272,447,3570,26,6,418,1626,19,5196,11,17,260,174,60,15,24,79,679,46,889,0,18,79,0,13,205,2
2017,"Memphis","American Athletic",13,20596,307,488,4355,39,10,453,2562,33,6917,6,16,327,171,74,11,20,111,1006,48,1249,4,21,115,0,17,245,2
2017,"Miami","ACC",13,20719,226,425,3144,26,14,415,2104,19,5248,4,18,251,163,47,6,9,69,656,36,757,0,14,220,0,17,228,2
2017,"Miami (OH)","Mid-American",12,22626,213,388,2861,24,11,443,1742,12,4603,7,18,248,168,63,9,18,86,757,40,708,0,6,25,0,11,161,1
2017,"Michigan","Big Ten",13,24923,185,346,2226,9,10,529,2310,26,4536,11,21,227,191,62,9,16,86,743,31,577,0,43,328,1,10,206,2
2017,"Michigan State","Big Ten",13,27546,247,424,2798,20,8,546,2182,18,4980,12,20,281,208,93,11,19,84,768,33,706,0,21,82,0,14,151,1
2017,"Middle Tennessee","Conference USA",13,22967,282,473,3264,23,17,427,1850,15,5114,6,23,274,178,67,7,16,84,809,27,531,0,18,130,1,5,64,0
2017,"Minnesota","Big Ten",12,22286,110,232,1513,9,11,526,2187,20,3700,7,18,197,158,53,10,13,39,338,35,753,1,9,36,0,8,98,2
2017,"Mississippi State","SEC",13,26040,191,353,2170,17,14,634,3272,30,5442,8,22,299,198,91,13,25,80,710,29,604,0,25,247,2,13,384,3
2017,"Missouri","SEC",13,19517,247,430,4012,44,14,486,2516,16,6528,11,25,304,173,78,3,11,96,774,42,908,0,14,232,2,12,140,1
2017,"Navy","American Athletic",13,28316,42,102,1005,10,10,822,4568,42,5573,9,19,275,187,85,23,35,53,528,38,730,0,8,58,0,7,52,0
2017,"NC State","ACC",13,25552,315,484,3576,17,6,497,2297,35,5873,7,13,302,188,84,14,25,78,712,33,750,0,18,197,2,14,202,2
2017,"Nebraska","Big Ten",12,22008,265,459,3330,23,17,368,1290,13,4620,2,19,236,181,68,13,27,75,728,39,859,1,15,93,0,9,138,2
2017,"Nevada","Mountain West",12,18528,270,451,3245,30,15,362,1526,12,4771,6,21,238,167,66,11,28,58,519,44,908,0,15,130,1,8,156,0
2017,"New Mexico","Mountain West",12,23333,120,242,1489,8,14,542,2825,21,4314,15,29,211,163,49,10,23,73,613,43,906,1,17,58,0,6,162,1
2017,"New Mexico State","Sun Belt",13,22100,397,641,4422,29,22,357,1388,18,5810,7,29,290,211,92,7,13,89,729,29,677,2,12,77,0,16,82,1
2017,"North Carolina","ACC",12,19113,221,407,2705,20,16,427,1730,17,4435,6,22,235,165,50,13,21,93,872,43,1011,2,21,226,0,7,100,0
2017,"Northern Illinois","Mid-American",13,22298,231,405,2599,25,11,558,2312,18,4911,13,24,263,207,80,5,17,80,722,41,848,0,34,154,2,15,267,3
2017,"North Texas","Conference USA",14,25418,327,519,4078,32,15,518,2288,28,6366,12,27,340,194,84,18,32,69,613,47,876,0,21,198,2,8,16,0
2017,"Northwestern","Big Ten",13,24013,276,461,3040,17,12,537,2264,30,5304,6,18,296,204,72,22,39,64,637,25,479,0,13,94,0,17,207,1
2017,"Notre Dame","FBS Independents",13,21496,181,351,2327,20,10,560,3501,35,5828,7,17,273,192,84,10,18,75,633,36,712,0,24,156,0,10,209,2
2017,"Ohio","Mid-American",13,24120,178,321,2451,20,9,554,3179,44,5630,12,21,290,164,67,8,12,67,590,36,749,0,21,167,0,9,145,2
2017,"Ohio State","Big Ten",14,23860,287,440,3679,39,10,589,3405,34,7084,9,19,354,185,86,15,22,97,943,28,678,0,33,166,0,13,160,1
2017,"Oklahoma","Big 12",14,26733,309,433,5065,47,6,546,3049,33,8114,7,13,362,162,69,12,23,82,808,40,751,0,18,95,0,8,145,1
2017,"Oklahoma State","Big 12",13,21927,325,503,5059,37,10,505,2337,34,7396,11,21,360,180,82,13,20,66,597,29,533,0,17,83,0,17,244,2
2017,"Old Dominion","Conference USA",12,20620,193,350,2021,9,14,461,1967,17,3988,6,20,205,180,62,8,25,48,430,34,872,3,25,210,0,8,76,0
2017,"Ole Miss","SEC",12,18155,281,434,3941,28,13,370,1607,19,5548,5,18,255,156,59,4,10,91,749,43,939,1,8,47,0,8,104,0
2017,"Oregon","Pac-12",13,22031,203,311,2469,18,12,628,3263,40,5732,13,25,284,178,73,7,17,122,1148,40,909,1,19,116,0,15,242,2
2017,"Oregon State","Pac-12",12,21019,214,362,2355,11,12,411,1650,18,4005,16,28,228,165,66,8,13,84,816,58,1184,0,6,35,0,7,49,1
2017,"Penn State","Big Ten",13,23671,301,458,3772,32,10,451,2212,36,5984,3,13,296,171,82,8,14,54,490,31,671,2,28,329,1,10,114,0
2017,"Pittsburgh","ACC",12,23373,224,362,2612,12,8,460,1780,21,4392,8,16,236,168,60,13,20,46,458,30,562,0,23,329,2,9,81,0
2017,"Purdue","Big Ten",13,22593,292,491,3270,27,11,447,1970,12,5240,6,17,281,186,62,13,23,75,658,30,514,0,20,62,0,11,316,2
2017,"Rice","Conference USA",12,21317,122,246,1738,6,16,486,2244,20,3982,13,29,206,147,57,7,19,53,460,38,659,0,14,103,0,3,80,1
2017,"Rutgers","Big Ten",12,20525,135,275,1387,7,11,436,1765,19,3152,9,20,165,164,52,4,14,71,601,41,714,0,19,128,0,12,154,2
2017,"San Diego State","Mountain West",13,24883,150,252,1920,13,4,575,3282,33,5202,9,13,256,166,74,4,9,85,758,34,879,4,27,264,1,14,196,1
2017,"San José State","Mountain West",13,19342,226,415,2574,15,20,483,1561,6,4135,22,42,224,191,58,9,21,84,694,44,898,1,16,85,0,6,137,1
2017,"SMU","American Athletic",13,23046,283,487,3823,35,13,486,2397,26,6220,6,19,312,193,83,14,20,83,769,50,935,0,7,26,0,12,168,2
2017,"South Alabama","Sun Belt",12,21316,222,411,2845,15,14,375,1167,10,4012,4,18,213,164,50,8,18,73,679,32,612,0,8,34,0,8,7,0
2017,"South Carolina","SEC",13,22375,245,397,2794,18,12,405,1588,16,4382,5,17,231,171,65,6,14,62,494,33,713,2,21,141,0,14,140,2
2017,"Southern Miss","Conference USA",13,23632,246,438,3121,24,7,498,2399,19,5520,12,19,275,193,72,12,23,99,872,40,782,0,19,110,0,9,260,3
2017,"South Florida","American Athletic",12,21950,196,367,2987,25,6,634,3169,30,6156,8,14,309,206,90,12,20,111,1047,30,552,0,27,226,0,20,310,2
2017,"Stanford","Pac-12",14,25425,208,363,2608,23,8,480,2833,31,5441,4,12,248,177,75,7,12,81,662,45,1130,0,21,172,1,18,191,1
2017,"Syracuse","ACC",12,21713,320,548,3538,20,16,479,1938,16,5476,8,24,293,226,90,22,38,74,593,38,863,0,19,137,0,4,62,1
2017,"TCU","Big 12",14,25776,285,430,3431,28,8,533,2438,27,5869,9,17,298,199,91,5,14,89,750,27,687,1,21,347,2,13,199,2
2017,"Temple","American Athletic",13,23701,263,454,3278,21,15,461,1773,15,5051,7,22,263,198,82,10,20,101,907,47,1046,1,22,168,1,10,234,0
2017,"Tennessee","SEC",12,20326,180,319,2084,11,10,413,1409,14,3493,8,18,197,163,50,3,10,67,497,33,680,1,14,112,0,5,186,2
2017,"Texas","Big 12",13,24467,298,499,3365,18,11,507,1815,24,5180,7,18,266,226,86,14,30,92,869,27,621,0,20,179,1,16,328,5
2017,"Texas A&M","SEC",13,22766,253,449,3266,22,12,506,2023,26,5289,7,19,260,205,78,7,14,67,588,42,905,1,14,240,2,10,75,2
2017,"Texas State","Sun Belt",12,21254,215,374,2468,15,10,480,1609,11,4077,14,24,231,181,61,3,13,53,458,32,535,0,19,130,0,NA,NA,NA
2017,"Texas Tech","Big 12",13,23007,353,541,4338,35,12,459,1832,19,6170,6,18,321,194,86,9,21,104,996,31,713,1,18,102,0,14,284,2
2017,"Toledo","Mid-American",14,26556,267,423,3919,28,9,558,2856,32,6775,10,19,321,179,70,8,18,106,951,42,859,1,28,305,1,15,91,0
2017,"Troy","Sun Belt",13,21525,293,460,3505,19,7,412,1937,30,5442,12,19,264,176,75,12,19,90,742,36,970,3,25,173,0,17,241,1
2017,"Tulane","American Athletic",12,23498,136,241,1920,12,6,575,2778,31,4698,5,11,248,163,65,16,25,70,579,28,580,0,7,23,0,13,63,0
2017,"Tulsa","American Athletic",12,20174,156,292,2077,6,8,592,2967,36,5044,5,13,261,190,83,14,23,84,720,44,809,0,4,4,0,7,147,1
2017,"UAB","Conference USA",13,22311,207,342,2347,16,5,530,2375,27,4722,10,15,250,185,84,4,12,76,691,43,884,0,18,169,0,19,324,4
2017,"UCF","American Athletic",13,21903,287,424,4313,38,9,500,2583,39,6896,6,15,327,166,75,10,20,109,888,37,911,2,17,233,1,20,303,3
2017,"UCLA","Pac-12",13,20652,337,535,4439,31,10,397,1513,19,5952,12,22,304,183,75,13,20,106,977,54,1039,0,14,73,0,8,82,2
2017,"UConn","American Athletic",12,21246,256,421,3230,18,11,486,1752,17,4982,8,19,256,191,76,11,27,63,586,51,1054,0,10,67,0,6,40,1
2017,"UL Monroe","Sun Belt",12,21402,246,404,3452,22,9,459,2038,27,5490,9,18,259,178,77,13,23,64,531,57,1409,4,15,99,0,9,82,0
2017,"UNLV","Mountain West",12,22424,162,299,2243,10,9,528,2882,29,5125,6,15,254,172,70,12,20,56,479,37,617,0,9,65,0,7,106,1
2017,"USC","Pac-12",14,25966,309,491,4186,26,13,543,2591,29,6777,14,27,340,191,78,12,27,107,975,41,901,0,21,229,2,16,209,3
2017,"Utah","Pac-12",13,25366,261,427,3242,18,14,526,2132,22,5374,12,26,299,176,62,11,19,88,789,18,324,0,29,291,0,14,126,1
2017,"Utah State","Mountain West",13,20784,254,435,2938,17,13,485,2228,24,5166,11,24,248,201,69,10,19,80,729,36,786,1,31,287,1,13,234,3
2017,"UTEP","Conference USA",12,20007,150,330,1619,7,14,346,1147,9,2766,6,20,146,161,43,9,20,70,625,36,777,0,14,54,0,6,52,1
2017,"UTSA","Conference USA",11,21925,191,309,2225,15,7,445,2030,11,4255,11,18,232,155,65,8,14,79,641,29,608,0,19,81,0,13,95,1
2017,"Vanderbilt","SEC",12,21146,232,403,2923,27,10,348,1286,14,4209,4,14,221,169,70,9,20,69,601,30,659,0,17,121,0,7,65,0
2017,"Virginia","ACC",13,23711,300,519,3233,25,11,389,1216,10,4449,8,19,241,209,82,11,28,63,592,41,1106,2,22,98,0,15,154,1
2017,"Virginia Tech","ACC",13,25487,245,412,3113,21,9,584,2254,19,5367,5,14,290,211,86,11,27,60,548,26,613,0,39,413,2,13,267,2
2017,"Wake Forest","ACC",13,21101,268,426,3599,33,7,537,2456,22,6055,6,13,296,195,77,12,20,69,544,44,933,0,31,323,1,14,187,1
2017,"Washington","Pac-12",13,22247,240,348,2889,19,5,473,2382,37,5271,6,11,271,153,69,6,12,54,445,27,608,0,26,458,4,15,243,2
2017,"Washington State","Pac-12",13,25199,487,713,4769,37,20,303,884,8,5653,11,31,302,204,86,10,18,73,666,25,449,0,22,91,0,15,130,1
2017,"Western Kentucky","Conference USA",13,22913,381,577,4355,27,10,391,791,15,5146,13,23,294,193,85,11,27,74,633,48,901,0,15,39,0,10,57,1
2017,"Western Michigan","Mid-American",12,22064,172,294,1978,19,8,562,2697,26,4675,10,18,250,178,70,9,15,68,639,40,806,2,15,105,0,10,170,2
2017,"West Virginia","Big 12",13,21256,294,481,4021,37,14,460,1954,18,5975,12,26,301,185,62,16,21,79,776,40,973,0,24,106,2,11,259,3
2017,"Wisconsin","Big Ten",14,29809,204,325,2689,25,15,629,3121,25,5810,9,24,296,185,90,4,6,75,703,35,733,0,24,206,1,20,346,5
2017,"Wyoming","Mountain West",13,21572,195,348,2304,18,8,446,1414,13,3718,6,14,198,183,60,9,14,55,522,23,651,2,24,236,0,20,262,2
2018,"Air Force","Mountain West",12,24640,93,168,1576,10,5,713,3404,33,4980,10,15,264,169,70,24,39,54,521,12,233,0,12,110,1,7,131,2
2018,"Akron","Mid-American",12,20269,187,374,2390,16,14,390,1159,5,3549,12,26,202,169,49,5,17,80,733,24,343,0,17,150,1,10,209,2
2018,"Alabama","SEC",15,27411,301,438,4854,52,8,572,2974,33,7828,8,16,372,165,86,7,16,86,796,24,523,1,20,250,1,14,276,4
2018,"App State","Sun Belt",13,23860,196,319,2478,27,12,539,3117,31,5595,5,17,264,170,71,13,22,80,747,22,640,1,29,378,3,17,253,1
2018,"Arizona","Pac-12",12,18729,216,389,3063,29,10,493,2429,14,5492,9,19,264,164,73,8,13,90,852,41,773,1,21,202,0,7,164,1
2018,"Arizona State","Pac-12",13,22959,246,395,3023,20,7,501,2393,26,5416,4,11,277,181,76,14,18,80,636,29,563,0,22,227,1,12,177,1
2018,"Arkansas","SEC",12,21398,202,370,2301,17,18,440,1720,11,4021,8,26,219,168,52,5,14,68,606,23,530,0,9,91,0,5,5,0
2018,"Arkansas State","Sun Belt",13,23491,303,472,3659,28,10,508,2414,18,6073,6,16,300,201,80,16,30,99,885,31,695,0,34,278,1,12,120,2
2018,"Army","FBS Independents",13,29889,52,97,1041,7,2,822,4059,47,5100,5,7,283,195,111,31,36,63,626,12,152,0,13,218,0,5,11,0
2018,"Auburn","SEC",13,20252,233,382,2892,21,5,512,2177,25,5069,8,13,248,164,61,11,22,73,651,22,466,1,29,332,1,14,173,3
2018,"Ball State","Mid-American",12,20083,288,476,3023,17,12,448,1868,20,4891,10,22,283,190,81,15,25,82,803,36,513,0,10,87,0,12,92,0
2018,"Baylor","Big 12",13,25541,296,486,3775,22,13,501,2190,25,5965,6,19,331,184,80,13,22,101,962,30,532,0,17,112,2,8,37,0
2018,"Boise State","Mountain West",13,25640,310,460,3796,31,8,518,2178,24,5974,5,13,314,202,106,13,22,75,699,28,521,1,33,260,1,7,145,1
2018,"Boston College","ACC",12,20090,194,337,2577,25,9,557,2292,23,4869,10,19,234,186,64,16,31,75,590,47,1114,0,23,300,3,18,331,2
2018,"Bowling Green","Mid-American",12,21106,250,405,2864,29,13,416,1396,9,4260,9,22,229,177,69,9,18,93,788,35,600,0,18,99,0,6,20,0
2018,"Buffalo","Mid-American",14,26348,230,419,3155,28,13,585,2660,38,5815,7,20,309,198,84,19,32,69,572,36,646,0,26,255,0,14,94,0
2018,"BYU","FBS Independents",13,23487,236,373,2753,18,7,482,1993,27,4746,10,17,249,168,62,9,20,74,633,20,352,0,24,158,0,9,163,0
2018,"California","Pac-12",13,23301,250,413,2401,16,20,482,2043,13,4444,9,29,248,191,68,16,24,73,658,35,813,1,28,166,0,21,301,5
2018,"Central Michigan","Mid-American",12,19186,176,362,1614,10,18,446,1456,8,3070,9,27,181,189,55,6,13,99,858,38,702,0,17,61,0,10,138,0
2018,"Charlotte","Conference USA",12,25206,182,304,2146,10,8,525,1924,18,4070,7,15,234,180,76,6,19,64,565,27,464,0,12,57,0,9,194,2
2018,"Cincinnati","American Athletic",13,25631,228,376,2832,22,8,601,3109,37,5941,13,21,305,198,95,11,23,107,958,27,486,0,26,137,0,11,59,1
2018,"Clemson","ACC",15,24158,328,508,4185,37,8,568,3722,49,7907,9,17,332,190,86,10,18,66,610,20,454,0,43,302,1,12,328,2
2018,"Coastal Carolina","Sun Belt",12,23374,163,264,2154,19,7,513,2339,20,4493,11,18,245,146,61,11,16,53,504,31,565,0,9,49,0,4,57,1
2018,"Colorado","Pac-12",12,22232,270,419,2994,19,12,453,1718,21,4712,7,19,247,183,66,9,23,70,658,24,499,0,33,260,0,8,98,1
2018,"Colorado State","Mountain West",12,21970,303,502,3659,26,16,392,1267,8,4926,6,22,274,189,81,9,17,94,823,39,799,0,15,55,0,7,59,1
2018,"Duke","ACC",13,21612,278,476,3199,31,10,480,2075,19,5274,10,20,267,205,87,12,28,54,452,36,734,0,28,160,0,4,76,1
2018,"East Carolina","American Athletic",12,21803,285,567,3417,18,15,426,1553,13,4970,10,25,273,220,79,13,24,58,547,41,714,0,14,104,0,5,38,0
2018,"Eastern Michigan","Mid-American",13,23397,246,387,2947,21,4,491,1881,23,4828,10,14,237,181,60,13,27,95,895,9,170,0,21,209,0,13,155,1
2018,"Florida","SEC",13,23250,217,364,2776,28,6,522,2760,23,5536,8,14,285,170,70,11,19,95,788,12,214,0,29,261,2,14,266,4
2018,"Florida Atlantic","Conference USA",12,21162,226,364,2844,14,15,566,2902,35,5746,6,21,287,170,56,24,44,79,754,30,723,1,16,69,0,11,47,0
2018,"Florida International","Conference USA",13,21974,251,383,3194,27,8,482,2277,27,5471,5,13,260,161,74,14,20,59,520,29,499,0,12,157,1,17,197,2
2018,"Florida State","ACC",12,19870,260,455,3247,20,13,392,1092,11,4339,13,26,207,189,54,12,24,108,843,36,696,0,23,245,1,12,125,1
2018,"Fresno State","Mountain West",14,25507,301,440,3739,26,6,501,2161,31,5900,8,14,282,184,82,7,10,72,613,24,487,0,19,137,0,19,435,4
2018,"Georgia","SEC",14,26407,241,356,3165,34,6,567,3343,30,6508,8,14,330,161,77,8,13,75,670,20,457,0,22,366,2,8,168,0
2018,"Georgia Southern","Sun Belt",13,23148,70,117,1027,10,0,642,3462,35,4489,5,5,213,143,57,6,11,56,530,27,481,0,12,156,1,15,257,2
2018,"Georgia State","Sun Belt",12,23870,207,352,2481,15,6,462,2066,20,4547,12,18,243,160,66,16,27,50,530,17,346,0,11,159,1,6,46,1
2018,"Georgia Tech","ACC",13,26097,56,126,1089,7,4,745,4225,46,5314,13,17,275,164,73,18,34,47,459,29,643,2,13,91,0,12,231,2
2018,"Hawai'i","Mountain West",14,24371,320,545,4344,43,12,416,1525,11,5869,9,21,302,178,59,22,38,83,737,40,866,0,21,173,1,4,17,0
2018,"Houston","American Athletic",13,19507,284,474,3841,45,9,534,2815,29,6656,10,19,333,194,89,14,28,86,672,23,484,0,18,199,0,14,236,2
2018,"Illinois","Big Ten",12,20566,177,329,1988,10,14,493,2931,25,4919,10,24,233,168,58,8,14,76,781,40,666,0,20,98,1,15,159,0
2018,"Indiana","Big Ten",12,20738,315,480,3089,20,13,428,1888,17,4977,8,21,279,184,78,13,27,71,727,18,325,0,16,147,1,13,85,1
2018,"Iowa","Big Ten",13,25363,241,407,2919,27,11,486,1909,19,4828,6,17,259,191,83,16,24,62,552,29,825,0,27,272,1,20,227,1
2018,"Iowa State","Big 12",13,22417,237,363,3132,20,9,464,1659,20,4791,10,19,250,168,67,9,17,62,521,34,727,0,15,177,0,8,113,1
2018,"Kansas","Big 12",12,21436,230,393,2312,18,4,422,1887,14,4199,7,11,214,180,70,7,19,78,670,25,465,0,15,74,0,16,304,3
2018,"Kansas State","Big 12",12,21158,166,290,1945,12,7,507,2191,20,4136,10,17,210,157,62,9,20,57,523,39,683,0,18,218,2,11,63,0
2018,"Kent State","Mid-American",12,20032,247,420,2543,14,10,494,2060,20,4603,10,20,247,200,68,15,27,108,919,31,699,0,18,71,0,9,82,0
2018,"Kentucky","SEC",13,23705,193,295,2097,13,10,534,2583,27,4680,8,18,261,161,63,9,15,78,716,26,553,0,15,198,2,9,204,1
2018,"Liberty","FBS Independents",12,21240,245,448,3138,21,18,488,1943,30,5081,6,24,277,191,80,12,20,51,458,32,614,0,14,114,0,12,185,2
2018,"Louisiana","Sun Belt",14,23985,220,348,2878,27,14,553,3062,31,5940,3,17,276,181,85,8,19,69,616,50,1207,0,21,86,0,8,71,0
2018,"Louisiana Tech","Conference USA",13,23597,270,476,3245,16,11,439,1683,22,4928,8,19,272,188,75,11,20,60,581,27,509,0,10,110,0,13,147,1
2018,"Louisville","ACC",12,19637,210,393,2533,10,15,403,1698,18,4231,10,25,205,153,56,8,22,91,798,44,997,1,14,196,1,6,81,0
2018,"LSU","SEC",13,24819,224,387,2969,17,5,563,2258,29,5227,8,13,295,205,81,9,12,83,793,18,444,0,17,99,0,17,126,1
2018,"Marshall","Conference USA",13,21007,240,433,2965,20,13,475,2152,22,5117,11,24,236,174,68,11,16,77,712,44,807,0,26,278,1,12,153,1
2018,"Maryland","Big Ten",12,20820,125,241,1695,12,5,487,2762,25,4457,9,14,202,160,64,7,10,100,956,40,959,2,18,78,1,18,170,3
2018,"Massachusetts","FBS Independents",12,19697,262,411,3576,27,10,409,1674,22,5250,14,24,260,157,58,13,27,68,582,52,1000,1,8,58,0,12,252,2
2018,"Memphis","American Athletic",14,23921,256,413,3405,28,10,614,3912,48,7317,7,17,343,191,89,11,18,100,830,54,959,1,31,317,1,9,130,2
2018,"Miami","ACC",13,22550,181,355,2174,19,14,479,2475,25,4649,12,26,221,178,72,10,23,73,602,29,673,0,22,436,3,16,230,2
2018,"Miami (OH)","Mid-American",12,21871,226,376,2547,17,5,442,1917,24,4464,5,10,228,179,67,17,28,78,696,34,874,1,12,32,0,8,58,1
2018,"Michigan","Big Ten",13,26529,219,340,2761,24,9,547,2643,26,5404,3,12,276,184,88,9,19,86,806,27,533,1,28,287,1,11,274,4
2018,"Michigan State","Big Ten",13,25612,254,491,2826,12,14,466,1621,13,4447,8,22,263,206,69,7,19,78,709,19,448,0,22,143,0,14,154,1
2018,"Middle Tennessee","Conference USA",14,25567,334,485,3639,29,11,501,1803,15,5442,9,20,291,200,75,17,32,75,712,5,78,0,8,115,1,16,360,4
2018,"Minnesota","Big Ten",13,24933,190,346,2714,20,14,522,2225,24,4939,11,25,269,167,66,10,20,51,508,29,679,0,12,267,2,11,88,0
2018,"Mississippi State","SEC",13,22364,165,323,2264,22,10,514,2906,26,5170,3,13,233,157,64,6,16,73,687,22,437,0,20,117,0,13,102,0
2018,"Missouri","SEC",13,23871,281,451,3632,28,8,553,2631,27,6263,7,15,319,207,96,8,15,90,800,17,334,0,20,52,0,10,117,1
2018,"Navy","American Athletic",13,26028,54,129,947,5,5,732,3590,37,4537,12,17,233,184,70,22,36,48,390,21,339,0,14,106,0,9,139,0
2018,"NC State","ACC",13,23868,303,453,3717,21,10,448,1694,24,5411,7,17,287,170,77,10,17,58,556,18,375,0,14,125,0,10,113,1
2018,"Nebraska","Big Ten",12,19969,257,404,2966,19,11,464,2508,25,5474,11,22,277,156,58,9,20,91,860,32,515,0,17,153,1,11,16,0
2018,"Nevada","Mountain West",13,22736,294,492,3595,25,17,436,1975,24,5570,10,27,272,185,60,16,30,77,738,16,293,0,19,213,1,11,141,1
2018,"New Mexico","Mountain West",12,19788,153,288,2137,21,17,504,1838,17,3975,9,26,210,160,59,4,12,57,584,24,378,0,17,330,1,9,213,1
2018,"New Mexico State","FBS Independents",12,17907,297,537,3124,16,16,353,1270,14,4394,9,25,245,196,71,10,21,76,634,36,758,3,20,164,2,6,124,2
2018,"North Carolina","ACC",11,18648,243,414,2749,14,14,402,2123,19,4872,9,23,234,168,58,10,21,66,631,34,723,0,21,286,1,7,38,0
2018,"Northern Illinois","Mid-American",14,23641,236,401,2175,15,11,597,2337,16,4512,9,20,270,211,76,10,26,91,856,17,277,0,23,132,1,8,84,1
2018,"North Texas","Conference USA",13,24351,321,504,3989,28,9,460,1996,28,5985,8,17,320,176,65,10,24,57,644,23,546,1,18,224,1,18,177,2
2018,"Northwestern","Big Ten",14,25159,318,527,3350,17,16,519,1611,25,4961,3,19,287,223,86,12,32,40,363,17,369,0,23,131,0,12,72,0
2018,"Notre Dame","FBS Independents",13,22638,268,418,3347,23,13,533,2376,27,5723,4,17,302,193,83,16,25,67,596,14,257,0,23,220,0,12,159,0
2018,"Ohio","Mid-American",13,25946,185,311,2707,25,8,556,3361,40,6068,11,19,318,156,76,9,13,64,653,41,954,1,20,191,3,15,90,0
2018,"Ohio State","Big Ten",14,25651,394,559,5020,50,8,566,2460,24,7480,9,17,399,201,93,14,21,115,1040,26,463,0,26,231,2,11,107,1
2018,"Oklahoma","Big 12",14,24266,273,400,4523,43,7,525,3468,42,7991,5,12,367,139,70,11,16,86,855,37,841,0,19,285,3,5,60,0
2018,"Oklahoma State","Big 12",13,21649,291,491,4000,33,13,516,2492,30,6492,8,21,337,192,86,15,24,89,917,29,568,0,19,123,1,5,39,1
2018,"Old Dominion","Conference USA",12,21015,292,479,3557,21,12,425,1569,24,5126,8,20,280,174,64,17,30,62,595,40,712,0,16,191,1,9,200,1
2018,"Ole Miss","SEC",12,18969,282,440,4157,21,9,418,1971,24,6128,5,14,288,157,55,8,15,88,803,21,438,1,11,36,0,7,116,1
2018,"Oregon","Pac-12",13,21768,246,418,3222,29,8,527,2335,27,5557,10,18,279,196,84,17,28,65,623,34,686,0,22,263,1,17,99,2
2018,"Oregon State","Pac-12",12,21727,259,430,2990,17,9,485,1868,23,4858,9,18,263,196,71,26,37,67,602,42,826,0,11,79,0,3,80,0
2018,"Penn State","Big Ten",13,21483,205,379,2842,21,8,518,2660,34,5502,11,19,278,174,65,9,17,60,560,24,626,0,33,270,1,13,170,0
2018,"Pittsburgh","ACC",14,28087,182,315,1985,12,6,570,3209,30,5194,10,16,241,184,67,9,20,101,940,26,634,2,21,158,1,8,123,0
2018,"Purdue","Big Ten",13,23107,333,509,3998,28,13,398,1773,20,5771,6,19,284,183,70,10,19,81,838,40,737,0,14,80,0,11,61,1
2018,"Rice","Conference USA",13,25466,197,367,2272,13,15,490,1867,15,4139,6,21,210,194,56,18,30,58,513,38,910,0,6,30,0,8,87,0
2018,"Rutgers","Big Ten",12,20816,170,349,1585,5,22,422,1610,12,3195,7,29,182,172,55,9,19,75,748,31,583,0,11,55,0,9,26,0
2018,"San Diego State","Mountain West",13,23568,166,311,2433,14,6,519,2102,16,4535,11,17,225,180,63,10,18,94,862,32,631,0,24,131,1,10,67,0
2018,"San José State","Mountain West",12,19122,258,449,3131,21,13,356,738,8,3869,6,19,200,186,61,4,14,82,655,40,877,0,14,157,1,13,220,1
2018,"SMU","American Athletic",12,19598,267,466,3245,28,7,400,1393,17,4638,7,14,240,184,61,20,34,62,544,41,1023,1,22,184,0,12,-3,0
2018,"South Alabama","Sun Belt",12,21445,200,320,2439,19,10,490,1835,17,4274,12,22,213,176,62,16,26,108,1013,38,837,0,8,117,1,12,115,1
2018,"South Carolina","SEC",13,19509,272,443,3547,32,14,443,2003,15,5550,7,21,281,168,70,11,26,82,694,38,813,1,12,95,0,6,54,1
2018,"Southern Miss","Conference USA",11,19789,269,389,2805,19,13,399,1239,11,4044,10,23,214,140,53,7,16,53,455,27,545,0,21,229,1,14,276,1
2018,"South Florida","American Athletic",13,19657,252,432,3168,17,12,515,2516,26,5684,10,22,265,178,69,10,17,93,833,50,1166,2,21,82,0,11,163,0
2018,"Stanford","Pac-12",13,23360,270,423,3531,29,11,384,1403,16,4934,4,15,249,169,66,8,12,70,518,32,695,0,24,245,0,11,113,0
2018,"Syracuse","ACC",13,23624,271,462,3441,22,12,598,2591,38,6032,6,18,303,212,85,10,18,96,805,29,556,0,23,356,2,18,93,0
2018,"TCU","Big 12",13,23712,238,409,2740,18,15,495,2038,14,4778,11,26,244,192,69,6,17,56,508,34,606,0,18,327,2,12,207,0
2018,"Temple","American Athletic",13,22046,252,443,3297,20,19,493,2029,28,5326,6,25,276,185,72,13,27,95,911,49,1113,1,23,295,3,18,235,4
2018,"Tennessee","SEC",12,21010,176,297,2356,15,5,419,1549,15,3905,11,16,192,156,60,5,11,68,558,18,374,0,15,192,2,9,128,2
2018,"Texas","Big 12",14,26932,309,475,3617,28,6,568,2134,24,5751,4,10,324,207,96,13,15,100,853,22,427,0,15,183,1,12,149,0
2018,"Texas A&M","SEC",13,26806,253,439,3275,25,9,537,2854,28,6129,8,17,336,169,70,5,10,79,653,22,550,1,24,209,0,7,115,1
2018,"Texas State","Sun Belt",12,19993,193,330,2188,15,12,447,1766,15,3954,11,23,208,166,53,7,14,72,590,30,666,0,17,201,0,6,74,1
2018,"Texas Tech","Big 12",12,21625,361,535,4231,28,15,437,1591,26,5822,7,22,319,182,86,11,18,93,892,35,830,0,13,124,0,12,179,1
2018,"Toledo","Mid-American",13,22877,220,394,2963,32,11,533,2809,30,5772,7,18,300,176,65,9,20,98,911,39,755,1,36,474,3,12,115,2
2018,"Troy","Sun Belt",13,23433,248,373,2799,25,8,483,2269,21,5068,13,21,248,182,69,11,23,91,727,37,925,1,23,220,1,18,322,1
2018,"Tulane","American Athletic",13,25139,152,301,2380,15,7,603,2834,29,5214,12,19,244,189,67,10,28,88,805,38,817,0,27,144,0,12,116,1
2018,"Tulsa","American Athletic",12,20729,171,317,2125,13,10,582,2408,23,4533,14,24,242,200,86,18,31,86,761,30,546,0,12,149,0,9,73,0
2018,"UAB","Conference USA",14,27519,191,340,2862,15,16,622,2815,32,5677,4,20,299,190,85,5,13,95,1020,29,621,0,20,213,1,9,39,1
2018,"UCF","American Athletic",13,19639,224,392,3347,29,7,594,3448,42,6795,7,14,347,173,86,13,21,96,843,27,485,0,20,190,0,14,226,2
2018,"UCLA","Pac-12",12,19363,239,402,2853,13,10,444,1853,20,4706,7,17,252,175,67,14,25,82,684,9,248,1,11,100,0,11,81,1
2018,"UConn","American Athletic",12,22830,199,351,2136,20,17,500,2378,16,4514,11,28,250,177,75,13,24,54,460,48,871,0,3,14,0,5,11,0
2018,"UL Monroe","Sun Belt",12,19914,239,387,2970,17,12,414,2008,22,4978,11,23,246,154,63,9,16,64,588,37,689,0,7,93,1,5,160,1
2018,"UNLV","Mountain West",12,21652,177,347,2002,24,12,542,2696,23,4698,5,17,246,190,71,17,31,65,548,37,628,0,12,37,0,10,118,0
2018,"USC","Pac-12",12,20710,244,400,2978,18,10,393,1613,17,4591,9,19,231,166,63,8,16,93,842,29,659,0,23,308,2,4,2,1
2018,"Utah","Pac-12",14,24750,250,407,2995,19,12,563,2537,23,5532,14,26,285,200,76,11,20,71,653,16,295,0,31,221,0,15,259,3
2018,"Utah State","Mountain West",13,21574,302,464,3810,32,6,473,2629,37,6439,11,17,300,181,85,6,10,100,911,30,957,2,27,201,2,22,475,6
2018,"UTEP","Conference USA",12,22256,161,324,2208,10,19,427,1484,17,3692,9,28,187,163,57,6,16,64,536,33,645,0,21,129,0,5,2,0
2018,"UTSA","Conference USA",12,19903,204,404,1918,9,10,354,1047,7,2965,8,18,183,172,56,10,20,65,499,36,703,0,16,102,0,9,55,1
2018,"Vanderbilt","SEC",13,24039,258,416,3168,24,6,434,2178,22,5346,8,14,275,163,60,11,22,71,568,33,648,0,16,176,0,13,86,0
2018,"Virginia","ACC",13,27156,228,358,2750,26,9,497,2245,19,4995,9,18,276,171,83,8,13,59,529,32,814,1,36,247,0,17,287,0
2018,"Virginia Tech","ACC",13,23466,250,429,3300,29,10,520,2266,19,5566,6,16,289,193,72,15,27,75,714,41,928,0,27,152,1,7,27,0
2018,"Wake Forest","ACC",13,22007,247,442,3069,25,13,625,2794,21,5863,6,19,320,229,96,15,26,55,543,25,506,0,31,325,2,5,125,2
2018,"Washington","Pac-12",14,27154,264,405,3337,19,12,563,2472,26,5809,6,18,310,194,88,11,21,69,622,16,285,0,23,122,0,11,100,1
2018,"Washington State","Pac-12",13,25305,478,677,4856,39,10,279,1021,24,5877,5,15,318,174,76,18,26,85,840,26,706,1,15,95,1,12,146,0
2018,"Western Kentucky","Conference USA",12,19503,251,427,2676,15,10,440,1640,15,4316,6,16,226,168,63,9,23,74,657,35,725,0,11,48,0,12,212,2
2018,"Western Michigan","Mid-American",13,26215,242,395,3101,20,9,567,2598,32,5699,10,19,296,189,69,20,34,77,698,39,607,0,16,343,2,9,55,0
2018,"West Virginia","Big 12",12,20737,291,445,4216,38,10,425,1927,22,6143,7,17,290,157,68,9,16,83,780,21,372,0,11,62,0,15,189,1
2018,"Wisconsin","Big Ten",13,25051,179,304,2096,19,14,571,3554,32,5650,10,24,280,155,64,5,12,74,703,30,578,0,19,91,0,14,98,0
2018,"Wyoming","Mountain West",12,21361,135,276,1576,8,4,495,2395,19,3971,7,11,204,174,63,5,13,72,596,12,235,0,27,156,0,10,123,1
2019,"Air Force","Mountain West",13,26885,68,126,1602,14,6,755,3881,41,5483,12,18,286,157,84,16,21,42,368,13,93,0,5,6,0,7,240,3
2019,"Akron","Mid-American",12,19072,204,398,2344,12,14,327,562,2,2906,12,26,156,161,42,7,23,81,628,40,859,0,12,35,0,5,120,1
2019,"Alabama","SEC",13,23390,287,406,4449,49,6,436,2191,27,6640,4,10,318,153,80,13,19,95,855,31,637,1,24,531,3,17,245,2
2019,"App State","Sun Belt",14,25733,230,369,2815,30,6,599,3240,35,6055,3,9,294,198,88,14,16,95,900,25,562,1,24,220,1,14,149,4
2019,"Arizona","Pac-12",12,19733,261,422,3193,23,12,451,2088,19,5281,6,18,269,186,82,13,20,76,677,37,716,0,14,89,0,11,129,0
2019,"Arizona State","Pac-12",13,22795,233,383,3235,21,4,459,1602,13,4837,10,14,233,187,72,9,16,85,818,23,606,0,19,247,1,13,113,1
2019,"Arkansas","SEC",12,20031,202,407,2315,14,15,376,1766,14,4081,6,21,219,166,55,8,20,61,492,42,649,0,14,160,0,6,60,0
2019,"Arkansas State","Sun Belt",13,21572,298,469,4065,37,11,456,1654,13,5719,11,22,287,193,78,13,23,99,878,50,954,1,24,228,0,12,205,2
2019,"Army","FBS Independents",13,25472,59,126,1066,6,7,743,3863,45,4929,11,18,272,168,76,26,39,60,496,26,285,0,14,37,0,7,155,0
2019,"Auburn","SEC",13,22683,228,396,2684,20,6,548,2591,31,5275,11,17,277,189,76,7,15,92,718,23,451,1,24,308,0,9,181,2
2019,"Ball State","Mid-American",12,21796,239,373,2923,24,7,536,2633,27,5556,9,16,292,173,71,12,23,71,635,43,948,1,14,112,0,15,71,0
2019,"Baylor","Big 12",14,23734,277,444,3571,24,8,504,2329,35,5900,11,19,309,180,75,6,15,89,740,24,472,0,15,134,1,16,250,0
2019,"Boise State","Mountain West",14,25981,287,464,3664,31,11,519,2309,26,5973,8,19,316,196,93,10,17,75,680,38,826,1,25,301,2,9,84,1
2019,"Boston College","ACC",13,21691,161,305,2288,20,6,659,3291,27,5579,6,12,277,207,89,13,24,67,516,48,978,0,19,159,0,10,61,1
2019,"Bowling Green","Mid-American",12,21114,189,336,1888,9,15,502,1941,15,3829,6,21,204,184,61,7,32,84,710,43,799,0,18,94,0,7,77,0
2019,"Buffalo","Mid-American",13,26548,150,278,1795,14,6,659,3256,36,5051,8,14,276,194,87,16,25,64,580,12,181,0,14,94,0,11,152,2
2019,"BYU","FBS Independents",13,23231,296,468,3700,20,11,465,2068,25,5768,10,21,293,186,79,7,19,79,668,23,427,0,21,283,0,15,240,1
2019,"California","Pac-12",13,22639,204,365,2561,19,9,475,1710,16,4271,4,13,244,175,66,6,16,62,544,29,442,0,14,171,0,8,65,0
2019,"Central Michigan","Mid-American",14,25435,290,473,3531,19,13,523,2545,36,6076,17,30,311,200,81,17,30,118,925,38,749,0,27,212,0,13,135,0
2019,"Charlotte","Conference USA",13,24958,195,321,2749,24,14,527,2605,26,5354,5,19,270,157,64,13,23,68,594,30,380,0,19,127,1,9,101,1
2019,"Cincinnati","American Athletic",14,26673,208,377,2552,19,11,616,2937,30,5489,9,20,291,213,92,11,17,122,977,27,590,0,31,250,0,16,300,3
2019,"Clemson","ACC",15,27242,326,509,4325,40,10,566,3606,45,7931,5,15,392,181,80,6,12,85,675,23,504,0,34,185,0,19,254,2
2019,"Coastal Carolina","Sun Belt",12,24056,217,334,2379,21,9,520,2346,24,4725,8,17,267,172,70,23,29,67,586,20,267,0,14,183,1,11,127,0
2019,"Colorado","Pac-12",12,22027,257,411,2858,18,11,436,1804,14,4662,3,14,257,179,74,12,20,85,726,25,480,0,10,57,0,11,40,0
2019,"Colorado State","Mountain West",12,21712,279,445,3660,21,11,395,1586,18,5246,13,24,257,169,67,11,21,80,782,34,591,1,21,142,0,6,105,1
2019,"Duke","ACC",12,20898,213,378,2152,18,14,495,1804,16,3956,15,29,224,195,64,20,33,63,544,37,923,2,22,231,1,9,88,0
2019,"East Carolina","American Athletic",12,21288,270,451,3466,22,10,449,1696,12,5162,7,17,288,178,70,3,7,71,615,42,653,1,17,79,1,11,108,0
2019,"Eastern Michigan","Mid-American",13,22260,313,465,3681,26,12,418,1590,21,5271,5,17,285,169,67,12,25,59,531,23,254,0,16,180,1,11,137,0
2019,"Florida","SEC",13,23536,317,467,3910,33,10,398,1687,21,5597,8,18,297,158,65,16,26,67,618,10,184,0,15,68,0,16,160,0
2019,"Florida Atlantic","Conference USA",14,23934,314,502,3922,30,8,551,2325,32,6247,4,12,329,202,80,13,22,95,852,27,406,0,21,114,1,22,221,0
2019,"Florida International","Conference USA",13,22739,223,389,2754,14,6,487,2154,23,4908,8,14,259,184,70,13,24,79,751,35,496,0,13,205,2,12,150,1
2019,"Florida State","ACC",13,20480,279,432,3479,24,13,477,1829,24,5308,8,21,265,192,68,11,19,119,953,21,483,0,21,132,0,8,94,1
2019,"Fresno State","Mountain West",12,20927,240,372,2719,17,11,394,1911,27,4630,7,18,232,148,55,6,13,75,634,34,625,0,9,120,0,11,165,1
2019,"Georgia","SEC",14,27109,255,415,3122,26,6,525,2591,21,5713,7,13,295,188,77,6,10,76,685,16,268,0,25,282,1,8,102,0
2019,"Georgia Southern","Sun Belt",13,25414,80,155,968,9,1,667,3323,29,4291,10,11,224,166,51,6,14,66,569,20,398,1,8,117,1,9,98,2
2019,"Georgia State","Sun Belt",13,23100,238,385,2577,22,9,596,3141,30,5718,7,16,305,195,89,13,27,56,557,21,114,0,10,32,0,9,148,1
2019,"Georgia Tech","ACC",12,19230,124,269,1607,14,10,448,1829,12,3436,10,20,181,164,49,8,17,57,493,36,715,0,16,76,0,7,65,0
2019,"Hawai'i","Mountain West",15,28108,396,635,5059,42,17,420,2011,21,7070,13,30,368,186,88,20,33,103,918,52,1092,0,22,102,1,14,323,4
2019,"Houston","American Athletic",12,22289,176,314,2440,19,12,466,2258,20,4698,9,21,231,155,54,12,17,58,579,28,564,2,17,182,2,8,83,1
2019,"Illinois","Big Ten",13,19974,197,364,2397,19,9,484,1845,19,4242,9,18,223,177,62,5,14,87,797,35,710,0,22,119,0,12,249,4
2019,"Indiana","Big Ten",13,26311,321,473,3931,24,9,467,1695,24,5626,6,15,304,178,83,8,18,88,830,37,688,0,17,68,0,7,159,2
2019,"Iowa","Big Ten",13,24981,243,411,2976,16,7,453,1789,17,4765,5,12,248,190,78,15,21,56,421,23,531,2,15,121,0,12,73,1
2019,"Iowa State","Big 12",13,23715,315,484,4047,29,9,412,1729,22,5776,7,16,298,169,64,9,21,61,497,26,477,0,10,96,0,6,102,1
2019,"Kansas","Big 12",12,19240,235,389,2775,25,14,383,1730,10,4505,6,20,221,167,66,7,20,66,601,45,873,0,9,46,0,6,69,1
2019,"Kansas State","Big 12",13,26090,180,302,2344,12,5,538,2314,29,4658,8,13,254,174,75,9,15,77,679,34,1003,4,16,163,1,11,128,0
2019,"Kent State","Mid-American",13,20484,238,355,2846,24,2,550,2427,17,5273,10,12,283,196,86,8,12,81,781,52,1083,1,14,119,0,7,22,0
2019,"Kentucky","SEC",13,25080,128,257,1478,9,8,573,3624,36,5102,12,20,252,162,63,14,27,75,661,22,437,0,19,143,0,8,95,0
2019,"Liberty","FBS Independents",13,21746,257,452,3756,29,8,435,1956,25,5712,8,16,289,168,68,5,16,88,801,44,970,1,19,10,0,12,147,1
2019,"Louisiana","Sun Belt",14,25549,268,412,3314,27,4,574,3604,42,6918,10,14,351,167,80,9,17,98,817,40,932,0,29,191,0,10,102,0
2019,"Louisiana Tech","Conference USA",13,23978,285,458,3490,21,10,475,2189,27,5679,9,19,304,175,72,6,16,72,611,36,727,1,13,70,0,17,237,5
2019,"Louisville","ACC",13,24347,178,302,3048,32,9,567,2768,23,5816,10,19,263,174,76,13,22,93,780,35,904,1,16,187,0,7,38,0
2019,"LSU","SEC",15,27200,426,567,6024,61,7,513,2502,32,8526,5,12,419,183,90,7,10,93,936,23,291,0,22,252,2,17,87,0
2019,"Marshall","Conference USA",13,24112,200,355,2605,16,11,532,2504,21,5109,7,18,271,181,69,6,14,75,680,37,578,0,21,248,2,10,166,1
2019,"Maryland","Big Ten",12,18541,172,342,2088,16,12,425,2034,23,4122,9,21,201,169,54,8,26,70,585,45,1023,2,9,123,1,10,94,0
2019,"Massachusetts","FBS Independents",12,18772,218,392,2022,15,16,429,1495,14,3517,4,20,190,192,66,11,29,82,717,75,1550,0,13,113,1,10,118,1
2019,"Memphis","American Athletic",14,25713,281,441,4177,33,11,551,2614,32,6791,9,20,325,194,89,14,24,103,839,46,1206,3,26,187,1,11,53,1
2019,"Miami","ACC",13,23558,255,437,3239,27,10,407,1535,16,4774,7,17,252,164,44,13,25,91,782,25,511,0,21,299,0,10,136,0
2019,"Miami (OH)","Mid-American",14,23736,183,337,2495,11,10,533,1833,22,4328,8,18,216,201,67,6,17,80,683,41,881,0,23,313,1,11,219,3
2019,"Michigan","Big Ten",13,23032,228,410,3261,25,9,495,1959,26,5220,11,20,286,175,68,12,22,80,649,27,665,1,37,271,0,9,31,0
2019,"Michigan State","Big Ten",13,24483,270,464,3182,17,15,468,1653,12,4835,9,24,274,192,70,13,21,75,700,28,446,0,27,167,0,12,124,1
2019,"Middle Tennessee","Conference USA",12,19270,225,365,2815,22,9,406,2085,18,4900,5,14,247,148,52,9,17,57,511,39,163,0,4,11,0,8,68,1
2019,"Minnesota","Big Ten",13,26620,212,323,3293,31,8,560,2323,25,5616,7,15,295,161,78,13,20,55,502,19,344,0,11,37,0,14,240,3
2019,"Mississippi State","SEC",13,24701,186,315,2333,19,10,529,2868,27,5201,13,23,279,149,58,7,18,72,578,26,430,0,11,48,0,10,163,2
2019,"Missouri","SEC",12,21529,226,376,2671,17,8,476,1820,14,4491,6,14,243,181,66,7,13,83,809,9,161,0,21,223,1,8,266,4
2019,"Navy","American Athletic",13,26104,55,104,1238,10,4,773,4687,52,5925,12,16,282,170,80,26,34,54,459,20,220,0,19,112,0,12,57,1
2019,"NC State","ACC",12,21154,244,463,2749,14,10,418,1814,14,4563,11,21,259,182,64,14,29,71,627,23,412,0,15,203,1,4,27,0
2019,"Nebraska","Big Ten",12,20813,194,323,2551,12,9,544,2439,27,4990,11,20,250,187,77,10,23,61,518,25,420,0,17,128,1,11,177,2
2019,"Nevada","Mountain West",13,24614,309,499,3238,14,13,442,1498,16,4736,11,24,250,206,75,14,24,96,772,36,645,0,19,185,0,11,85,1
2019,"New Mexico","Mountain West",12,21459,163,331,2340,13,15,501,2463,20,4803,11,26,245,169,62,6,16,81,729,29,627,0,24,147,0,4,71,1
2019,"New Mexico State","FBS Independents",12,19576,278,446,2611,15,15,386,1722,16,4333,12,27,228,171,55,16,26,68,544,31,378,0,18,171,1,5,18,0
2019,"North Carolina","ACC",13,23655,265,431,3716,39,7,528,2446,13,6162,5,12,315,191,79,15,23,80,701,24,518,0,13,81,0,14,58,1
2019,"Northern Illinois","Mid-American",12,23584,215,370,2621,14,11,454,1683,15,4304,8,19,220,179,58,12,23,62,539,21,141,0,16,83,1,4,103,2
2019,"North Texas","Conference USA",12,20261,283,454,3400,33,12,396,1626,11,5026,7,19,252,173,64,18,32,64,672,51,1141,1,20,160,1,4,39,0
2019,"Northwestern","Big Ten",12,21573,155,311,1414,6,15,530,2160,17,3574,8,23,211,193,69,11,28,65,582,23,374,0,21,174,0,7,47,0
2019,"Notre Dame","FBS Independents",13,22220,253,416,3278,37,6,472,2311,20,5589,5,11,272,185,74,17,25,84,665,29,403,0,24,211,0,9,107,1
2019,"Ohio","Mid-American",13,24780,203,335,2866,21,6,526,2883,36,5749,13,19,296,168,83,5,9,70,627,35,803,0,30,154,0,5,23,0
2019,"Ohio State","Big Ten",14,26854,271,406,3684,48,3,663,3735,39,7419,13,16,393,183,101,8,13,81,770,17,283,0,29,212,0,16,280,1
2019,"Oklahoma","Big 12",14,25995,262,381,4164,36,9,565,3361,38,7525,10,19,348,155,77,8,12,101,1038,35,608,0,28,187,1,7,31,1
2019,"Oklahoma State","Big 12",13,22497,232,362,2916,23,12,562,3019,27,5935,8,20,287,186,73,11,21,67,612,34,540,0,20,164,0,12,121,2
2019,"Old Dominion","Conference USA",12,22126,207,379,2117,5,12,431,1168,16,3285,7,19,203,183,57,20,33,71,729,31,700,0,14,100,0,9,132,0
2019,"Ole Miss","SEC",12,20326,186,331,2328,11,5,559,3012,29,5340,9,14,271,182,67,17,31,59,585,25,404,1,15,87,0,10,44,0
2019,"Oregon","Pac-12",14,23722,298,446,3615,35,6,510,2448,26,6063,5,11,319,177,74,13,25,84,860,29,762,2,18,258,0,20,293,2
2019,"Oregon State","Pac-12",12,20499,260,420,3061,30,4,411,1881,21,4942,2,6,267,163,69,13,24,78,702,40,713,0,13,72,0,8,55,1
2019,"Penn State","Big Ten",13,21761,217,369,2877,25,9,516,2479,34,5356,5,14,275,172,73,11,18,57,589,31,549,0,33,178,0,10,147,2
2019,"Pittsburgh","ACC",13,23926,316,513,3402,17,10,441,1544,11,4946,12,22,268,211,84,8,17,102,888,18,287,0,36,199,1,9,132,1
2019,"Purdue","Big Ten",12,19870,320,520,3719,29,15,342,999,9,4718,8,23,247,181,73,8,16,55,452,36,521,0,12,67,0,9,135,1
2019,"Rice","Conference USA",12,22472,180,320,1992,13,4,433,1538,14,3530,12,16,204,175,66,8,18,45,345,28,530,0,15,138,0,6,7,0
2019,"Rutgers","Big Ten",12,21627,154,278,1672,7,15,457,1605,11,3277,8,23,160,178,61,6,14,76,709,39,727,0,13,35,0,6,8,0
2019,"San Diego State","Mountain West",13,26459,253,397,2634,15,6,536,1827,12,4461,2,8,259,207,79,13,23,78,655,23,503,1,28,181,1,18,58,0
2019,"San José State","Mountain West",12,19030,305,497,4056,24,7,308,1073,19,5129,5,12,257,159,65,7,16,73,603,27,492,0,10,63,0,16,116,0
2019,"SMU","American Athletic",13,22509,313,503,4018,35,11,534,2317,35,6335,5,16,322,212,94,22,30,83,743,46,1113,2,23,186,0,9,91,1
2019,"South Alabama","Sun Belt",12,20556,149,282,1906,14,11,509,2058,15,3964,11,22,216,169,51,12,26,69,541,40,712,0,12,41,0,9,37,0
2019,"South Carolina","SEC",12,19453,268,466,2667,12,7,396,1796,18,4463,7,14,232,186,59,13,27,79,656,22,425,0,12,146,0,12,102,1
2019,"Southern Miss","Conference USA",13,24465,291,438,3764,20,17,434,1527,17,5291,9,26,246,176,68,8,17,81,716,37,779,3,17,156,1,10,159,1
2019,"South Florida","American Athletic",12,20047,177,328,2035,18,10,445,1935,15,3970,9,19,200,177,70,7,17,101,854,33,609,0,15,125,0,12,279,0
2019,"Stanford","Pac-12",12,23174,274,442,3122,18,8,348,1286,8,4408,5,13,236,166,64,5,14,75,591,32,770,0,14,93,1,8,15,0
2019,"Syracuse","ACC",12,21110,250,408,2887,23,7,501,1848,16,4735,9,16,239,206,78,11,28,107,887,35,649,0,16,137,0,13,163,1
2019,"TCU","Big 12",12,23704,211,394,2444,15,10,510,2448,23,4892,9,19,257,201,94,5,11,78,736,33,535,0,18,319,2,16,228,1
2019,"Temple","American Athletic",13,22807,282,472,3312,25,13,479,1784,16,5096,7,20,263,201,76,15,36,92,801,40,781,0,13,68,0,8,110,1
2019,"Tennessee","SEC",13,22904,200,360,2878,19,13,462,1874,13,4752,7,20,241,176,76,2,12,83,683,19,290,0,17,235,3,15,174,0
2019,"Texas","Big 12",13,24006,306,470,3761,32,10,480,2295,26,6056,4,14,324,185,90,7,19,95,890,26,450,1,17,155,0,12,100,0
2019,"Texas A&M","SEC",13,25827,273,452,3060,22,10,429,2069,24,5129,10,20,287,160,64,7,11,87,719,26,431,0,26,330,0,10,87,0
2019,"Texas State","Sun Belt",12,19248,278,441,2893,17,20,327,921,8,3814,4,24,203,170,58,4,13,66,617,41,899,0,15,124,0,7,38,0
2019,"Texas Tech","Big 12",12,20323,342,531,3896,24,8,404,1795,20,5691,8,16,298,178,68,12,25,75,695,37,779,0,15,88,0,14,162,0
2019,"Toledo","Mid-American",12,21437,193,339,2515,15,7,516,2689,27,5204,12,19,261,171,65,18,31,67,603,46,957,0,20,154,0,7,54,0
2019,"Troy","Sun Belt",12,20726,316,491,3758,30,11,402,1717,19,5475,7,18,295,177,83,13,23,64,597,45,929,1,11,16,0,11,130,2
2019,"Tulane","American Athletic",13,23801,197,336,2679,19,10,612,3162,33,5841,8,18,299,181,70,20,34,103,883,43,980,1,17,168,0,12,129,2
2019,"Tulsa","American Athletic",12,22070,254,444,3376,20,9,503,1660,18,5036,10,19,263,207,88,13,23,109,949,29,495,0,14,58,0,5,37,0
2019,"UAB","Conference USA",14,26475,192,338,2812,20,20,558,2111,16,4923,8,28,252,182,57,8,20,101,989,28,534,1,13,44,0,7,87,1
2019,"UCF","American Athletic",13,20660,271,457,4117,36,8,559,2909,34,7026,7,15,332,201,81,19,33,111,959,22,327,0,27,285,1,13,239,2
2019,"UCLA","Pac-12",12,21861,260,426,3066,22,12,490,1802,18,4868,10,22,269,185,77,13,29,81,663,29,416,1,8,180,1,5,76,0
2019,"UConn","American Athletic",12,23354,228,382,2592,14,15,428,1544,13,4136,7,22,223,165,48,10,25,74,618,43,790,0,10,107,0,7,147,1
2019,"UL Monroe","Sun Belt",12,21183,245,411,3041,21,12,457,2490,29,5531,6,18,272,175,70,16,28,95,773,40,621,0,10,52,0,10,167,1
2019,"UNLV","Mountain West",12,21614,208,388,2474,20,12,443,2018,17,4492,6,18,232,169,48,17,33,65,536,27,454,0,20,49,0,9,95,0
2019,"USC","Pac-12",13,22458,365,514,4365,35,15,391,1540,18,5905,11,26,299,168,77,6,10,90,877,40,844,1,21,112,0,9,81,0
2019,"Utah","Pac-12",14,28820,233,321,3187,20,4,591,2819,34,6006,9,13,300,176,81,11,26,103,870,11,176,0,26,249,1,14,273,4
2019,"Utah State","Mountain West",13,19415,315,504,3628,22,18,461,1979,18,5607,8,26,289,197,84,3,9,74,615,35,749,2,12,138,1,11,161,1
2019,"UTEP","Conference USA",12,23126,177,330,2292,9,8,438,1662,18,3954,6,14,214,162,57,18,25,80,738,31,630,1,18,88,0,5,0,0
2019,"UTSA","Conference USA",12,21119,213,366,2189,13,11,452,1950,15,4139,12,23,216,181,65,17,31,89,829,35,652,0,24,52,0,6,91,2
2019,"Vanderbilt","SEC",12,21067,202,381,2064,10,10,363,1496,11,3560,3,13,190,166,48,8,21,76,649,24,423,0,17,158,0,6,69,1
2019,"Virginia","ACC",14,27768,337,520,3748,23,15,442,1697,28,5445,6,21,296,203,92,9,16,66,612,42,1204,2,27,158,0,12,279,2
2019,"Virginia Tech","ACC",13,24034,184,317,2715,24,8,565,2289,22,5004,14,22,257,179,69,9,13,69,680,28,540,0,25,242,0,14,88,1
2019,"Wake Forest","ACC",13,23609,282,469,3748,31,13,586,2282,18,6030,4,17,307,230,108,7,17,57,460,26,424,0,28,211,0,14,10,0
2019,"Washington","Pac-12",13,23490,263,411,3164,24,8,461,1922,24,5086,6,14,264,171,61,23,32,79,639,21,388,0,25,268,1,13,139,0
2019,"Washington State","Pac-12",13,23144,505,710,5679,50,16,210,885,12,6564,9,25,335,141,60,13,22,84,779,41,858,0,6,97,0,10,126,0
2019,"Western Kentucky","Conference USA",13,24956,313,469,3371,20,12,431,1670,18,5041,9,21,267,184,75,15,25,53,514,36,671,0,16,65,0,11,49,1
2019,"Western Michigan","Mid-American",13,23655,246,413,3128,21,8,503,2666,35,5794,6,14,288,190,86,16,28,82,759,36,882,0,15,51,0,13,220,2
2019,"West Virginia","Big 12",12,20418,289,454,2984,21,15,334,879,7,3863,5,20,212,179,62,10,19,71,586,35,656,1,12,55,0,8,102,1
2019,"Wisconsin","Big Ten",14,29957,246,351,2802,18,5,612,3262,38,6064,17,22,320,189,91,18,23,69,636,28,766,2,32,259,0,12,200,2
2019,"Wyoming","Mountain West",13,23865,120,256,1770,11,9,575,2792,27,4562,6,15,230,188,81,6,12,67,634,11,305,0,34,366,0,12,199,2
2020,"Air Force","Mountain West",6,11700,34,61,502,3,3,312,1834,16,2336,5,8,128,68,33,8,11,27,245,1,32,0,1,5,0,5,88,0
2020,"Akron","Mid-American",6,10800,83,148,838,4,6,211,842,7,1680,3,9,95,77,26,4,9,23,185,25,496,0,3,-8,1,2,44,0
2020,"Alabama","SEC",13,24032,324,425,4656,42,4,475,2378,37,7034,8,12,365,145,87,6,9,78,625,18,276,0,20,299,1,12,212,3
2020,"App State","Sun Belt",12,22821,190,300,2244,21,11,545,3180,28,5424,6,17,281,162,83,11,20,88,816,33,739,1,18,173,0,15,231,2
2020,"Arizona","Pac-12",5,8396,113,188,1065,6,7,184,846,4,1911,5,12,107,78,26,3,12,34,294,14,235,0,5,35,0,2,15,0
2020,"Arizona State","Pac-12",4,7034,51,87,777,5,1,165,1058,16,1835,3,4,81,45,21,2,6,28,218,9,301,1,5,35,0,5,12,0
2020,"Arkansas","SEC",10,15171,182,283,2386,20,6,394,1513,11,3899,7,13,206,138,46,7,11,64,457,9,157,0,4,18,0,13,172,3
2020,"Arkansas State","Sun Belt",11,18901,276,464,4008,39,9,384,1377,7,5385,7,16,269,173,69,15,30,70,631,36,711,0,6,11,0,6,115,1
2020,"Army","FBS Independents",12,24575,35,76,537,4,6,716,3273,36,3810,8,14,232,168,76,23,34,56,495,14,272,0,17,157,0,12,172,2
2020,"Auburn","SEC",11,18967,216,362,2422,12,7,392,1788,16,4210,2,9,228,158,71,3,11,64,556,23,497,0,8,78,0,9,278,1
2020,"Ball State","Mid-American",8,14345,164,251,2154,17,6,366,1424,15,3578,3,9,195,120,56,7,13,46,391,23,439,0,4,-2,0,10,144,2
2020,"Baylor","Big 12",9,15738,205,331,1979,14,8,297,821,8,2800,1,9,165,142,47,12,20,64,562,32,826,2,11,43,0,12,204,2
2020,"Boise State","Mountain West",7,12391,139,221,1693,12,3,230,741,13,2434,4,7,129,96,42,4,7,34,336,21,541,2,16,296,2,2,21,0
2020,"Boston College","ACC",11,20116,242,390,3126,23,8,361,1119,11,4245,6,14,239,147,65,9,14,85,740,23,406,0,12,55,0,9,148,0
2020,"Bowling Green","Mid-American",5,7922,54,125,712,1,7,189,920,5,1632,4,11,78,65,17,3,14,30,216,20,506,0,6,32,0,NA,NA,NA
2020,"Buffalo","Mid-American",7,12835,97,156,1334,7,4,301,2015,32,3349,2,6,154,81,39,7,13,42,369,17,312,0,8,73,0,6,108,1
2020,"BYU","FBS Independents",12,21539,272,375,3984,33,4,424,2284,35,6268,5,9,308,132,65,13,22,50,430,16,330,0,20,80,0,8,54,1
2020,"California","Pac-12",4,7364,85,139,771,6,3,148,507,4,1278,2,5,73,68,25,4,8,17,135,3,55,0,8,42,0,3,54,0
2020,"Central Michigan","Mid-American",6,10364,106,173,1214,6,4,259,1311,15,2525,5,9,118,85,24,11,19,35,351,17,304,0,9,30,0,7,48,0
2020,"Charlotte","Conference USA",6,12345,98,179,1337,10,2,237,930,11,2267,4,6,119,96,39,7,12,42,370,20,418,1,6,30,0,5,78,0
2020,"Cincinnati","American Athletic",10,19205,197,295,2386,20,6,381,2126,29,4512,10,16,219,132,60,10,15,87,762,17,476,1,15,123,0,16,130,1
2020,"Clemson","ACC",12,21885,326,490,4182,31,6,410,1848,33,6030,9,15,295,179,83,10,15,64,568,19,434,0,13,123,0,14,121,0
2020,"Coastal Carolina","Sun Belt",12,23907,191,286,2778,29,5,518,2622,30,5400,7,12,281,149,79,13,17,44,428,19,299,0,10,76,0,16,227,1
2020,"Colorado","Pac-12",6,11362,98,178,1209,6,7,276,1274,15,2483,4,11,120,96,41,3,7,34,338,14,274,0,11,158,1,4,23,0
2020,"Colorado State","Mountain West",4,5895,59,118,779,4,3,155,496,6,1275,1,4,68,60,12,3,8,24,199,20,427,0,8,59,0,1,30,1
2020,"Duke","ACC",11,18806,219,390,2441,11,19,438,1724,19,4165,20,39,237,168,65,11,23,62,554,35,704,0,18,212,1,9,36,0
2020,"East Carolina","American Athletic",9,16773,176,293,2071,19,9,361,1562,11,3633,11,20,198,130,43,10,18,57,524,31,591,1,13,190,1,10,80,1
2020,"Eastern Michigan","Mid-American",6,10523,126,199,1657,12,6,219,744,11,2401,6,12,131,81,34,11,14,29,263,21,304,0,6,35,0,3,110,0
2020,"Florida","SEC",12,22351,321,473,4543,46,10,367,1576,12,6119,9,19,316,141,70,7,12,66,557,17,272,0,11,139,1,9,84,0
2020,"Florida Atlantic","Conference USA",9,15579,122,232,1300,8,6,360,1608,12,2908,5,11,160,132,49,12,24,42,350,16,332,0,10,89,0,6,30,0
2020,"Florida International","Conference USA",5,7802,57,127,550,4,2,176,782,8,1332,2,4,68,77,27,5,12,30,225,23,636,2,7,86,0,2,55,0
2020,"Florida State","ACC",9,16466,160,293,1770,10,13,351,1789,19,3559,4,17,185,132,47,15,28,80,713,29,604,0,8,65,0,8,124,1
2020,"Fresno State","Mountain West",6,11361,157,247,2131,14,5,216,738,12,2869,5,10,146,88,38,8,13,33,287,21,409,0,7,55,0,4,54,0
2020,"Georgia","SEC",10,18022,178,306,2496,19,11,377,1742,18,4238,4,15,209,135,62,6,13,54,513,20,594,0,17,136,0,9,185,2
2020,"Georgia Southern","Sun Belt",13,24893,96,174,1355,9,11,639,3472,29,4827,6,17,223,163,66,8,17,53,440,21,369,0,19,200,3,18,142,1
2020,"Georgia State","Sun Belt",10,17180,179,307,2303,18,10,441,1937,22,4240,10,20,207,166,75,9,14,55,583,11,169,0,6,28,0,12,112,1
2020,"Georgia Tech","ACC",10,16221,152,283,1991,14,13,407,1904,18,3895,12,25,199,146,60,9,25,89,749,21,403,0,16,65,0,6,77,0
2020,"Hawai'i","Mountain West",9,15495,195,315,2083,14,6,324,1375,15,3458,6,12,183,137,54,10,13,49,386,25,583,1,12,64,0,12,16,0
2020,"Houston","American Athletic",8,14987,175,297,2126,15,10,292,1140,12,3266,6,16,181,121,49,14,19,60,531,17,425,1,20,369,1,3,22,0
2020,"Illinois","Big Ten",8,12983,91,194,1223,10,4,325,1559,9,2782,5,9,144,114,43,7,15,39,401,24,400,0,4,32,0,7,61,0
2020,"Indiana","Big Ten",8,14818,167,291,2011,16,5,274,875,12,2886,6,11,161,114,44,8,14,34,357,6,105,0,10,72,0,17,268,0
2020,"Iowa","Big Ten",8,14044,141,248,1581,9,5,296,1369,18,2950,4,9,159,107,36,6,9,38,317,12,216,0,23,223,1,11,233,2
2020,"Iowa State","Big 12",12,23784,249,372,2896,20,9,454,2343,31,5239,5,14,273,161,73,11,16,62,512,21,561,0,11,59,0,9,14,0
2020,"Kansas","Big 12",9,16617,155,283,1389,7,10,354,944,9,2333,4,14,143,142,33,10,24,51,418,47,1043,2,4,-5,0,4,23,0
2020,"Kansas State","Big 12",10,17249,137,247,1857,12,10,353,1522,17,3379,5,15,155,127,42,6,10,65,564,34,593,0,14,299,2,7,65,2
2020,"Kent State","Mid-American",4,6994,90,126,1294,14,2,199,1132,13,2426,2,4,129,57,32,7,8,37,325,11,207,0,3,10,0,3,2,0
2020,"Kentucky","SEC",11,20460,143,241,1340,7,5,438,2160,19,3500,7,12,190,142,52,8,17,63,616,16,298,0,6,62,0,16,252,3
2020,"Liberty","FBS Independents",11,21321,192,306,2526,25,7,482,2779,27,5305,9,16,273,147,71,16,21,65,609,20,424,0,15,166,1,11,127,0
2020,"Louisiana","Sun Belt",11,18981,179,308,2290,20,7,429,2345,25,4635,6,13,231,138,59,11,26,68,674,35,810,2,23,171,1,16,175,1
2020,"Louisiana Tech","Conference USA",10,18162,221,359,2166,21,14,342,992,10,3158,2,16,198,154,60,16,18,50,456,43,854,0,9,177,0,9,207,1
2020,"Louisville","ACC",11,20775,202,315,2686,20,12,420,2199,21,4885,12,24,229,143,64,13,24,69,577,33,661,0,7,22,0,5,54,0
2020,"LSU","SEC",10,18560,247,421,3121,24,9,362,1219,8,4340,4,13,235,155,52,12,17,61,462,13,320,1,12,113,0,14,258,4
2020,"Marshall","Conference USA",10,17884,171,281,2129,19,10,387,1784,18,3913,2,12,221,128,58,8,21,60,627,22,417,0,21,175,0,5,4,0
2020,"Maryland","Big Ten",5,7296,96,157,1291,9,9,148,715,5,2006,2,11,90,66,25,1,1,44,395,16,251,0,2,5,0,2,0,0
2020,"Massachusetts","FBS Independents",4,6422,54,100,486,1,5,117,269,0,755,2,7,42,54,14,4,9,21,216,12,178,0,4,55,0,NA,NA,NA
2020,"Memphis","American Athletic",11,19116,253,421,3383,31,10,395,1597,9,4980,8,18,259,172,77,14,24,61,520,27,484,0,21,188,1,12,58,0
2020,"Miami","ACC",11,17950,239,381,3050,26,6,419,1800,18,4850,6,12,250,162,65,13,19,86,794,22,452,0,15,52,0,7,11,0
2020,"Miami (OH)","Mid-American",3,5171,47,85,715,8,1,100,381,2,1096,1,2,56,42,17,2,3,18,182,3,50,0,5,50,0,2,80,1
2020,"Michigan","Big Ten",6,9185,123,213,1502,9,4,172,787,12,2289,2,6,116,75,27,4,9,35,345,22,514,1,7,47,0,1,18,0
2020,"Michigan State","Big Ten",7,11440,132,243,1672,11,12,238,645,2,2317,8,20,113,113,37,5,12,48,456,19,370,0,4,32,0,5,107,0
2020,"Middle Tennessee","Conference USA",9,15837,205,311,2074,13,10,323,1202,11,3276,6,16,180,128,54,6,12,51,470,24,395,0,7,18,0,8,138,0
2020,"Minnesota","Big Ten",7,14263,107,184,1394,7,5,298,1350,19,2744,2,7,151,86,41,7,13,32,288,14,248,0,6,21,0,4,30,0
2020,"Mississippi State","SEC",11,20401,373,557,3259,17,18,203,485,8,3744,7,25,207,157,51,12,21,72,662,14,393,0,10,69,0,10,252,2
2020,"Missouri","SEC",10,18411,246,363,2668,9,6,350,1362,21,4030,8,14,222,141,61,10,18,58,500,10,163,0,10,56,0,2,67,1
2020,"Navy","American Athletic",10,18192,57,124,974,6,4,483,1776,15,2750,7,11,143,140,47,20,30,44,402,12,277,0,10,26,0,3,25,0
2020,"NC State","ACC",12,21565,251,400,3143,24,15,434,1480,20,4623,4,19,267,161,71,8,12,97,891,23,526,1,12,130,1,9,67,1
2020,"Nebraska","Big Ten",8,13642,155,228,1504,5,9,334,1611,15,3115,9,18,170,103,37,8,13,54,485,15,274,0,9,120,0,5,102,0
2020,"Nevada","Mountain West",9,17038,249,357,2857,26,4,254,1091,7,3948,5,9,191,118,49,12,18,71,625,27,590,0,14,113,0,6,87,0
2020,"New Mexico","Mountain West",7,12765,122,215,1386,8,6,289,1370,12,2756,3,9,152,107,46,2,8,42,404,28,560,0,5,32,0,6,76,0
2020,"New Mexico State","FBS Independents",2,NA,NA,NA,NA,NA,NA,NA,NA,NA,NA,NA,NA,NA,NA,NA,NA,NA,NA,NA,NA,NA,NA,NA,NA,NA,NA,NA,NA
2020,"North Carolina","ACC",12,22169,244,357,3617,31,8,492,2830,35,6447,5,13,316,141,64,11,19,83,808,11,214,0,18,167,0,8,91,0
2020,"Northern Illinois","Mid-American",6,12112,127,221,1443,11,2,221,738,7,2181,8,10,129,92,26,12,19,41,414,32,721,0,3,16,0,5,8,0
2020,"North Texas","Conference USA",10,15007,185,336,2830,28,9,443,2302,18,5132,6,15,248,150,70,11,24,68,536,35,587,0,15,57,0,7,21,0
2020,"Northwestern","Big Ten",9,16906,173,283,1790,12,8,391,1476,16,3266,6,14,183,148,59,18,26,45,364,10,235,0,10,66,0,14,17,0
2020,"Notre Dame","FBS Independents",12,24357,231,362,2849,15,3,506,2537,33,5386,8,11,290,167,81,11,17,53,456,23,492,0,14,128,2,7,68,0
2020,"Ohio","Mid-American",3,5260,36,54,446,4,0,117,650,8,1096,2,2,52,32,12,0,1,21,148,11,367,2,5,25,0,5,55,0
2020,"Ohio State","Big Ten",8,15442,158,225,2100,22,6,344,2050,19,4150,3,9,200,106,52,5,9,49,437,7,93,0,10,62,0,7,105,2
2020,"Oklahoma","Big 12",11,21294,249,362,3465,30,8,419,1977,27,5442,6,14,274,135,55,8,10,79,721,16,391,0,16,198,0,16,215,1
2020,"Oklahoma State","Big 12",11,19744,207,340,2630,18,10,505,2065,17,4695,6,16,261,174,73,5,10,73,602,27,467,1,19,109,0,6,95,1
2020,"Ole Miss","SEC",10,16700,238,335,3450,30,14,461,2116,23,5566,4,18,276,141,70,22,33,60,516,17,328,0,7,51,0,6,50,0
2020,"Oregon","Pac-12",7,10938,120,190,1704,15,6,237,1168,13,2872,9,15,151,74,32,3,5,41,371,22,423,0,6,42,0,5,91,1
2020,"Oregon State","Pac-12",7,11741,134,233,1479,11,5,258,1383,15,2862,3,8,155,99,40,12,19,43,387,27,612,0,9,153,1,5,1,0
2020,"Penn State","Big Ten",9,18169,184,306,2298,17,9,402,1569,15,3867,8,17,223,133,56,11,22,39,335,18,290,0,8,197,1,4,18,0
2020,"Pittsburgh","ACC",11,20552,246,426,2857,14,12,388,1343,20,4200,4,16,226,173,63,9,18,86,753,17,370,0,19,179,1,14,150,1
2020,"Purdue","Big Ten",6,9961,176,261,1854,15,4,150,488,4,2342,3,7,136,80,30,6,11,42,360,20,401,0,3,16,0,3,21,0
2020,"Rice","Conference USA",5,10599,82,133,1076,11,2,214,601,1,1677,6,8,107,75,28,6,11,17,119,13,261,0,8,67,0,6,77,1
2020,"Rutgers","Big Ten",9,15093,195,309,1787,14,8,343,1261,13,3048,5,13,171,144,49,11,22,66,537,33,851,2,10,99,1,8,54,0
2020,"San Diego State","Mountain West",8,16630,116,203,1200,6,5,360,1590,14,2790,6,11,152,120,43,8,18,38,339,16,430,1,23,245,1,7,156,2
2020,"San José State","Mountain West",8,14141,183,288,2387,19,9,236,1060,8,3447,0,9,164,101,38,5,13,54,455,19,591,2,14,127,0,3,0,0
2020,"SMU","American Athletic",10,17625,246,376,3180,23,6,376,1778,24,4958,6,12,250,148,69,7,17,69,617,29,551,0,21,267,0,7,48,1
2020,"South Alabama","Sun Belt",11,20073,218,350,2718,18,6,419,1238,7,3956,9,15,218,167,67,16,34,42,384,22,369,0,8,40,0,7,134,1
2020,"South Carolina","SEC",10,17508,175,295,1872,8,9,365,1671,19,3543,6,15,195,136,50,17,23,49,432,13,256,0,8,29,0,8,90,0
2020,"Southern Miss","Conference USA",10,17169,169,272,2113,12,9,367,1595,18,3708,7,16,187,135,57,6,17,44,367,31,678,1,9,63,0,6,41,0
2020,"South Florida","American Athletic",9,15367,187,312,1949,12,6,337,1339,11,3288,11,17,189,124,38,7,24,48,440,34,710,0,9,71,1,10,220,2
2020,"Stanford","Pac-12",6,11365,143,220,1726,7,3,194,790,15,2516,1,4,130,84,40,6,7,35,341,21,513,0,4,20,0,2,0,0
2020,"Syracuse","ACC",11,16182,173,336,1906,15,12,318,1007,5,2913,9,21,145,153,40,6,17,77,725,31,725,1,14,185,0,13,265,2
2020,"TCU","Big 12",10,18050,163,272,1933,10,5,410,2151,23,4084,9,14,192,143,52,8,14,76,628,20,395,0,25,326,2,8,84,1
2020,"Temple","American Athletic",7,13512,146,240,1456,11,11,283,978,5,2434,3,14,146,115,44,8,14,36,311,13,228,0,5,46,0,3,45,0
2020,"Tennessee","SEC",10,16763,179,285,2047,14,9,375,1415,12,3462,6,15,201,128,38,16,24,61,502,19,394,0,5,35,0,5,131,2
2020,"Texas","Big 12",10,16565,208,345,2801,32,5,368,1954,20,4755,4,9,224,134,49,6,12,82,790,23,666,1,18,78,1,10,184,0
2020,"Texas A&M","SEC",10,20275,189,301,2267,20,4,374,2050,21,4317,4,8,232,133,73,3,8,61,564,2,27,0,16,96,0,10,116,1
2020,"Texas State","Sun Belt",12,18532,247,404,2864,26,14,372,1577,15,4441,4,18,247,151,50,10,26,62,592,48,992,1,17,209,1,7,156,1
2020,"Texas Tech","Big 12",10,16241,257,395,2649,18,11,337,1637,17,4286,7,18,215,148,55,12,22,66,574,23,395,0,18,96,1,5,45,0
2020,"Toledo","Mid-American",6,12081,143,219,1955,18,7,243,1008,7,2963,5,12,163,85,41,6,13,57,449,23,349,0,17,68,0,4,69,1
2020,"Troy","Sun Belt",11,17702,299,456,3192,22,13,328,1129,11,4321,5,18,240,164,75,10,17,55,552,39,755,0,10,96,0,8,103,2
2020,"Tulane","American Athletic",12,20526,165,313,2119,21,10,515,2606,32,4725,4,14,258,150,52,12,22,74,607,25,602,0,20,253,0,9,142,1
2020,"Tulsa","American Athletic",9,15318,173,306,2274,15,11,355,1418,13,3692,7,18,199,138,57,9,17,81,736,16,267,0,15,54,0,6,160,2
2020,"UAB","Conference USA",9,15243,136,244,1812,14,9,366,1800,17,3612,7,16,145,115,47,4,7,74,676,13,269,0,7,75,1,8,75,0
2020,"UCF","American Athletic",10,16500,244,408,3521,32,4,444,2107,23,5628,6,10,281,158,78,12,22,92,750,20,317,0,9,53,0,9,56,0
2020,"UCLA","Pac-12",7,12109,130,200,1571,18,6,319,1614,13,3185,7,13,172,96,43,7,17,48,374,10,201,0,5,49,0,8,55,0
2020,"UL Monroe","Sun Belt",10,16347,223,383,2290,14,12,249,761,8,3051,6,18,166,133,34,17,32,48,437,42,758,0,6,30,0,4,111,0
2020,"UNLV","Mountain West",6,10538,115,196,1115,6,4,223,841,7,1956,5,9,112,92,34,10,15,39,324,21,409,0,5,39,0,2,23,0
2020,"USC","Pac-12",6,10887,178,263,1916,17,7,184,584,8,2500,4,11,134,89,39,10,15,40,431,13,305,0,10,43,0,9,141,0
2020,"Utah","Pac-12",5,9978,95,156,1079,6,7,190,971,9,2050,6,13,102,69,26,5,11,26,238,4,113,0,9,147,1,7,201,1
2020,"Utah State","Mountain West",6,9065,89,169,815,6,4,192,840,4,1655,5,9,82,91,35,5,10,32,284,23,564,1,5,22,0,2,11,0
2020,"UTEP","Conference USA",8,15691,126,239,1674,7,9,299,1121,16,2795,6,15,149,109,48,6,13,57,519,26,668,1,7,23,0,2,8,0
2020,"UTSA","Conference USA",12,21272,222,370,2399,16,8,496,2585,24,4984,4,12,262,179,78,10,19,84,803,29,508,0,21,66,0,11,147,1
2020,"Vanderbilt","SEC",9,16028,192,300,1979,13,11,330,980,4,2959,6,17,180,139,55,12,20,42,343,20,336,0,5,46,0,2,32,0
2020,"Virginia","ACC",10,18644,221,379,2605,22,14,366,1629,16,4234,5,19,236,143,53,16,25,53,483,23,533,0,14,71,0,11,175,2
2020,"Virginia Tech","ACC",11,19894,157,253,2212,13,6,472,2648,27,4860,8,14,246,133,51,7,12,58,514,23,546,0,17,66,0,12,140,0
2020,"Wake Forest","ACC",9,14795,175,310,2533,14,5,378,1491,22,4024,2,7,212,139,56,10,21,48,401,15,352,1,10,96,0,13,132,3
2020,"Washington","Pac-12",4,7593,68,111,906,4,3,156,705,11,1611,0,3,87,54,26,5,6,21,162,7,124,0,3,56,0,3,24,0
2020,"Washington State","Pac-12",4,7553,94,152,1019,6,4,110,517,8,1536,4,8,78,51,20,3,7,21,187,10,200,0,1,10,0,2,36,0
2020,"Western Kentucky","Conference USA",12,20839,208,369,1984,12,4,389,1500,11,3484,11,15,197,156,50,18,32,54,481,31,492,0,11,28,0,6,69,1
2020,"Western Michigan","Mid-American",6,10138,98,155,1704,18,2,236,1175,13,2879,4,6,142,67,29,5,8,46,391,28,536,1,9,31,0,2,42,1
2020,"West Virginia","Big 12",10,19093,253,401,2775,16,4,358,1350,15,4125,8,12,219,162,67,12,22,82,741,23,460,0,21,105,0,11,112,1
2020,"Wisconsin","Big Ten",7,15263,124,202,1267,10,7,293,1152,13,2419,5,12,137,100,38,5,12,36,296,11,251,0,11,30,0,8,217,0
2020,"Wyoming","Mountain West",6,11047,62,134,920,1,5,275,1317,16,2237,4,9,111,89,27,6,12,31,279,15,290,0,12,66,0,4,60,0
2021,"Air Force","Mountain West",13,28564,55,113,1242,8,4,836,4267,44,5509,6,10,284,195,88,32,41,55,505,14,68,0,5,36,0,8,53,0
2021,"Akron","Mid-American",12,22428,226,352,2610,21,5,432,1463,8,4073,12,17,225,163,62,14,32,68,553,53,662,1,9,50,0,6,79,1
2021,"Alabama","SEC",15,29142,380,571,5073,48,7,548,2250,21,7323,6,13,367,225,117,9,17,107,990,20,480,2,33,260,2,15,189,2
2021,"App State","Sun Belt",14,25964,255,413,3487,29,12,567,2691,26,6178,14,26,317,188,68,25,38,85,744,43,1141,2,25,168,0,15,347,4
2021,"Arizona","Pac-12",12,21767,268,444,2716,12,18,426,1556,6,4272,5,23,248,190,61,18,28,105,845,27,483,0,23,202,1,4,89,1
2021,"Arizona State","Pac-12",13,22955,206,313,2530,12,10,495,2514,34,5044,12,22,260,150,67,9,14,113,1015,37,681,0,21,255,0,16,229,2
2021,"Arkansas","SEC",13,23010,205,314,2781,22,5,588,2961,26,5742,6,11,284,173,64,12,19,103,820,20,310,0,25,264,1,13,97,0
2021,"Arkansas State","Sun Belt",12,20968,310,525,3757,27,17,349,975,4,4732,5,22,257,179,58,5,17,67,552,63,1400,2,17,131,1,9,93,0
2021,"Army","FBS Independents",13,27673,60,110,1233,11,3,758,3648,46,4881,5,8,261,178,82,30,41,50,479,25,161,0,14,154,0,10,141,0
2021,"Auburn","SEC",13,21736,267,455,3121,17,4,443,2096,22,5217,8,12,271,184,74,13,23,73,598,27,621,0,23,204,1,9,110,2
2021,"Ball State","Mid-American",13,21572,267,440,2699,18,7,444,1685,17,4384,5,12,248,188,75,11,21,64,531,31,703,1,20,169,0,15,140,0
2021,"Baylor","Big 12",14,26367,237,365,2843,24,7,572,3070,29,5913,8,15,290,183,77,22,35,75,677,30,650,1,19,154,0,19,254,2
2021,"Boise State","Mountain West",12,21573,254,410,3127,20,10,460,1466,15,4593,5,15,264,181,80,6,16,60,595,24,484,0,17,238,3,13,268,1
2021,"Boston College","ACC",12,21745,169,304,2217,13,11,475,1987,21,4204,7,18,231,159,64,12,21,65,596,24,596,1,16,79,0,10,27,1
2021,"Bowling Green","Mid-American",12,21353,238,407,2578,12,9,370,1228,15,3806,8,17,187,179,61,6,18,96,853,38,703,0,23,188,0,12,158,1
2021,"Buffalo","Mid-American",12,22745,218,367,2579,12,11,539,2346,30,4925,8,19,285,187,87,14,24,65,624,36,683,0,13,88,0,3,19,0
2021,"BYU","FBS Independents",13,22845,253,389,3433,26,5,480,2457,30,5890,7,12,301,158,72,16,24,66,539,18,298,0,27,238,1,15,82,0
2021,"California","Pac-12",12,21905,235,382,2659,16,8,402,1970,17,4629,2,10,228,167,68,9,27,74,694,18,491,1,14,100,0,13,28,1
2021,"Central Michigan","Mid-American",13,24220,273,448,3450,31,10,520,2329,18,5779,4,14,300,191,71,17,29,82,726,32,647,1,15,290,2,5,31,0
2021,"Charlotte","Conference USA",12,23205,247,394,3044,27,10,430,1805,13,4849,10,20,265,165,66,22,35,77,636,40,877,0,8,46,0,8,44,2
2021,"Cincinnati","American Athletic",14,22810,257,400,3377,33,9,464,2406,34,5783,10,19,277,158,62,12,19,101,754,28,667,1,22,224,0,19,214,1
2021,"Clemson","ACC",13,22933,228,414,2485,12,11,488,2184,26,4669,8,19,258,186,69,9,16,79,657,21,522,0,20,92,0,12,69,1
2021,"Coastal Carolina","Sun Belt",13,24394,227,322,3457,33,4,509,2974,36,6431,6,10,309,143,77,10,13,70,666,28,542,0,25,241,3,6,27,0
2021,"Colorado","Pac-12",12,19582,154,269,1575,10,3,438,1514,12,3089,4,7,173,158,51,6,18,76,677,21,603,1,20,273,1,9,143,1
2021,"Colorado State","Mountain West",12,20906,237,396,3020,15,11,515,1969,14,4989,8,19,254,202,82,10,25,85,822,19,461,0,24,166,1,6,106,0
2021,"Duke","ACC",12,21103,265,410,2855,9,9,524,2163,22,5018,12,21,262,203,86,11,29,78,740,43,995,2,16,135,0,8,101,0
2021,"East Carolina","American Athletic",12,24471,261,424,3249,21,11,475,1949,20,5198,11,22,267,191,66,26,36,63,591,23,403,0,13,81,0,15,147,2
2021,"Eastern Michigan","Mid-American",13,23820,309,455,3417,19,9,455,1541,26,4958,5,14,289,175,73,14,29,50,448,32,459,0,16,114,1,8,166,2
2021,"Florida","SEC",13,23790,265,416,3304,27,18,495,2714,26,6018,3,21,291,174,72,14,26,104,918,26,413,0,25,176,0,9,43,0
2021,"Florida Atlantic","Conference USA",12,20515,230,386,2982,20,8,449,1819,18,4801,11,19,240,177,75,9,23,85,717,29,606,0,19,129,0,13,169,2
2021,"Florida International","Conference USA",12,19364,202,379,3182,20,12,371,1225,11,4407,10,22,194,162,53,6,14,71,626,32,574,0,16,98,1,3,0,0
2021,"Florida State","ACC",12,20403,209,340,2419,20,12,446,2134,21,4553,9,21,247,153,52,7,21,83,750,27,509,0,17,71,0,14,150,1
2021,"Fresno State","Mountain West",13,24530,342,514,4247,35,10,439,1783,17,6030,12,22,316,183,78,8,15,99,926,31,504,0,16,46,0,12,197,0
2021,"Georgia","SEC",15,27499,264,407,3778,39,12,545,2864,29,6642,5,17,339,172,77,8,14,77,648,17,322,0,33,317,1,16,265,4
2021,"Georgia Southern","Sun Belt",12,22129,141,275,1765,5,12,536,2320,22,4085,5,17,215,173,61,12,27,68,544,34,461,0,11,58,1,5,54,1
2021,"Georgia State","Sun Belt",13,22125,180,311,2101,19,8,586,2931,25,5032,7,15,279,172,72,10,18,70,656,19,133,0,3,4,0,11,170,1
2021,"Georgia Tech","ACC",12,21029,205,342,2375,18,10,444,2028,15,4403,5,15,226,163,58,10,23,72,609,37,732,1,17,65,0,3,6,0
2021,"Hawai'i","Mountain West",13,21469,260,462,3408,19,16,431,1857,22,5265,13,29,263,179,64,5,20,68,586,33,565,0,11,69,0,14,297,3
2021,"Houston","American Athletic",14,28214,307,459,3802,32,12,515,2003,27,5805,2,14,303,197,83,17,25,91,860,43,878,2,29,396,2,14,210,2
2021,"Illinois","Big Ten",12,21021,165,322,1874,13,6,468,2083,12,3957,6,12,211,178,68,5,13,60,633,12,49,0,16,121,0,9,39,0
2021,"Indiana","Big Ten",12,21497,199,390,2106,9,15,428,1384,13,3490,7,22,206,187,69,11,22,56,496,29,424,0,15,156,2,5,42,0
2021,"Iowa","Big Ten",14,25271,222,404,2521,12,11,507,1731,18,4252,8,19,232,200,68,5,16,57,505,30,759,1,41,315,1,25,225,3
2021,"Iowa State","Big 12",13,24110,313,446,3430,22,9,411,2089,25,5519,5,14,280,165,60,15,23,63,502,22,405,0,17,111,0,11,78,1
2021,"Kansas","Big 12",12,22197,195,318,2218,15,10,435,1674,15,3892,3,13,196,164,59,11,30,49,404,27,553,0,8,108,0,7,146,2
2021,"Kansas State","Big 12",13,23324,204,311,2599,14,7,436,2111,29,4710,7,14,233,146,64,15,20,71,595,27,735,2,12,102,1,11,108,0
2021,"Kent State","Mid-American",14,22241,261,405,3425,21,6,647,3482,36,6907,6,12,362,202,88,13,27,109,993,57,1140,0,15,82,0,16,116,0
2021,"Kentucky","SEC",13,25425,242,366,2933,24,13,496,2594,27,5527,10,23,296,151,76,6,16,63,548,22,301,0,16,165,1,9,188,3
2021,"Liberty","FBS Independents",13,23655,226,381,3315,33,15,508,2350,26,5665,7,22,294,162,69,13,30,92,865,38,735,0,27,190,1,9,49,1
2021,"Louisiana","Sun Belt",14,25936,246,405,3060,22,4,565,2715,34,5775,4,8,300,189,69,22,37,74,686,36,608,0,25,159,0,10,150,1
2021,"Louisiana Tech","Conference USA",12,20361,248,411,3151,22,16,416,1466,16,4617,7,23,249,168,66,8,18,81,625,37,750,0,22,195,0,9,211,2
2021,"Louisville","ACC",13,23827,221,364,3074,21,6,504,2728,29,5802,7,13,274,176,70,14,27,80,714,31,732,1,15,157,1,10,161,1
2021,"LSU","SEC",13,23099,262,443,3308,32,11,445,1482,9,4790,5,16,252,192,71,20,32,56,446,13,216,0,22,117,0,8,142,1
2021,"Marshall","Conference USA",13,21318,324,491,3827,18,15,449,2109,38,5936,10,25,304,169,71,10,16,87,750,37,731,2,23,157,0,10,163,0
2021,"Maryland","Big Ten",13,22933,339,489,3960,27,12,439,1770,20,5730,6,18,303,170,65,11,22,87,739,28,460,0,24,183,1,6,54,0
2021,"Massachusetts","FBS Independents",12,21426,163,331,1832,11,11,416,1764,14,3596,9,20,196,159,53,11,25,75,714,38,471,0,9,66,0,2,12,0
2021,"Memphis","American Athletic",12,19227,268,445,3585,26,11,416,1645,18,5230,8,19,270,175,71,22,38,58,475,33,678,0,10,131,1,9,41,0
2021,"Miami","ACC",12,19738,295,464,3854,30,10,415,1532,20,5386,7,17,292,174,73,15,21,87,763,19,306,0,21,199,0,8,113,1
2021,"Miami (OH)","Mid-American",13,23217,247,427,3621,32,8,452,1919,15,5540,4,12,279,176,70,9,21,87,790,27,395,0,13,118,0,9,87,1
2021,"Michigan","Big Ten",14,26344,248,395,3202,21,9,575,3001,39,6203,5,14,305,190,87,14,27,68,581,27,570,1,36,364,0,8,101,1
2021,"Michigan State","Big Ten",13,22213,243,400,3298,27,10,479,2283,23,5581,8,18,271,180,72,14,20,90,831,29,534,0,13,237,2,10,232,2
2021,"Middle Tennessee","Conference USA",13,23574,296,463,3100,28,13,457,1608,15,4708,8,21,258,185,58,15,31,86,736,18,333,0,23,341,2,17,314,3
2021,"Minnesota","Big Ten",13,27644,152,256,2106,12,9,602,2575,27,4681,4,13,259,170,75,9,15,58,589,20,289,0,16,136,0,8,99,0
2021,"Mississippi State","SEC",13,26243,518,704,4918,37,9,270,821,10,5739,8,17,330,172,79,10,16,99,760,31,766,1,22,151,0,11,99,0
2021,"Missouri","SEC",13,23636,301,455,3036,19,11,464,2342,22,5378,2,13,282,190,84,11,19,83,770,34,621,1,14,69,0,11,91,1
2021,"Navy","American Athletic",12,25052,48,97,681,6,3,697,2712,19,3393,5,8,200,188,70,25,36,53,422,32,686,1,16,162,1,7,23,0
2021,"NC State","ACC",12,22511,288,443,3461,35,6,372,1514,11,4975,5,11,256,170,68,5,12,89,774,21,644,2,21,188,1,15,73,1
2021,"Nebraska","Big Ten",12,20798,215,342,3197,14,11,490,2174,31,5371,7,18,259,159,65,14,24,63,540,17,187,0,9,30,0,10,67,0
2021,"Nevada","Mountain West",13,22524,395,572,4511,38,9,337,1006,13,5517,2,11,289,188,78,12,21,85,716,39,810,0,19,223,0,14,219,3
2021,"New Mexico","Mountain West",12,21502,143,260,1369,10,8,465,1434,5,2803,12,20,165,169,43,7,21,83,685,43,993,0,16,196,1,9,24,0
2021,"New Mexico State","FBS Independents",12,21976,296,518,3236,15,10,370,1207,15,4443,6,16,263,191,72,9,20,83,722,29,449,0,10,45,0,10,102,0
2021,"North Carolina","ACC",13,23155,237,382,3324,26,9,513,2765,30,6089,5,14,310,165,71,11,19,95,900,25,361,0,17,149,0,11,71,0
2021,"Northern Illinois","Mid-American",14,28145,205,355,2623,15,8,649,3381,36,6004,10,18,321,195,73,26,31,70,634,41,748,1,11,61,0,3,83,2
2021,"North Texas","Conference USA",13,23285,204,394,2562,12,14,639,3043,32,5605,5,19,299,210,87,16,39,93,889,24,442,0,12,93,0,6,114,0
2021,"Northwestern","Big Ten",12,20282,208,365,2128,13,14,452,1740,12,3868,8,22,208,178,64,16,32,56,503,23,287,0,18,265,0,6,29,0
2021,"Notre Dame","FBS Independents",13,23316,289,450,3672,30,10,451,1868,23,5540,6,16,289,182,77,9,17,73,642,18,423,1,19,164,0,15,300,3
2021,"Ohio","Mid-American",12,21443,200,313,2209,11,8,434,2248,20,4457,8,16,242,144,52,11,17,74,703,50,794,1,10,54,0,6,19,0
2021,"Ohio State","Big Ten",13,22909,349,494,4952,46,8,423,2344,24,7296,3,11,348,155,81,11,19,85,770,29,686,0,22,132,0,12,283,4
2021,"Oklahoma","Big 12",13,22892,279,403,3425,32,9,448,2438,29,5863,4,13,289,148,63,11,16,87,733,13,244,0,12,69,0,11,104,0
2021,"Oklahoma State","Big 12",14,25941,274,447,3246,23,13,620,2597,27,5843,7,20,331,220,94,7,13,84,781,22,608,2,18,68,1,9,159,1
2021,"Old Dominion","Conference USA",13,22499,245,420,2792,15,14,494,2087,22,4879,9,23,265,191,80,9,21,89,782,34,796,2,28,303,1,7,159,1
2021,"Ole Miss","SEC",13,21443,286,429,3573,21,7,588,2829,33,6402,5,12,338,191,73,31,49,117,978,22,429,0,8,93,0,11,100,1
2021,"Oregon","Pac-12",14,25005,259,410,3098,20,8,535,2833,36,5931,6,14,318,180,91,9,19,103,905,38,808,0,17,170,0,17,162,1
2021,"Oregon State","Pac-12",13,23787,218,347,2820,19,12,521,2761,33,5581,6,18,299,161,80,11,23,89,820,18,320,0,15,147,1,15,65,0
2021,"Penn State","Big Ten",13,21788,291,486,3491,25,10,437,1402,11,4893,5,15,264,195,76,12,26,70,599,19,352,0,17,128,0,14,186,3
2021,"Pittsburgh","ACC",14,25980,367,544,4723,44,8,525,2107,26,6830,7,15,362,204,90,17,25,94,895,19,445,1,30,278,0,16,265,4
2021,"Purdue","Big Ten",13,24922,407,576,4620,35,12,392,1095,7,5715,7,19,311,188,82,8,15,58,557,22,223,0,21,123,0,13,107,1
2021,"Rice","Conference USA",12,23952,205,344,2540,16,15,476,1789,19,4329,7,22,234,176,62,16,29,89,763,31,660,0,11,102,0,14,55,0
2021,"Rutgers","Big Ten",13,23635,231,394,2229,9,10,500,1799,20,4028,4,14,227,193,61,14,39,65,529,39,813,0,24,255,1,7,88,1
2021,"San Diego State","Mountain West",14,26942,209,361,2351,16,5,571,2448,26,4799,9,14,261,193,62,12,19,103,950,39,890,1,31,248,2,17,177,2
2021,"San José State","Mountain West",12,19252,207,402,2636,15,10,352,1446,12,4082,14,24,202,163,57,4,12,87,782,36,577,0,18,138,0,6,99,1
2021,"SMU","American Athletic",12,21041,313,468,3654,39,12,422,1937,20,5591,6,18,297,168,73,16,24,67,627,36,956,2,14,75,0,10,120,0
2021,"South Alabama","Sun Belt",12,23265,273,407,3072,22,11,439,1337,15,4409,9,20,228,176,54,28,46,58,526,25,311,0,12,55,0,15,173,1
2021,"South Carolina","SEC",13,23417,211,360,2615,22,11,467,1773,9,4388,13,24,227,170,60,14,28,76,597,21,479,0,12,80,0,15,296,3
2021,"Southern Miss","Conference USA",12,22229,160,287,1746,14,17,465,1449,8,3195,14,31,191,165,48,7,17,98,750,32,722,1,21,225,0,11,137,3
2021,"South Florida","American Athletic",12,21948,191,354,2309,6,12,487,1898,25,4207,9,21,243,169,58,16,30,60,548,36,803,3,10,120,0,10,249,1
2021,"Stanford","Pac-12",12,19730,239,372,2582,16,12,325,1051,13,3633,7,19,200,145,49,9,15,76,534,32,764,0,13,180,0,6,84,1
2021,"Syracuse","ACC",12,21063,156,287,1836,10,6,491,2562,28,4398,6,12,234,156,51,9,17,84,692,36,752,0,23,241,1,4,32,0
2021,"TCU","Big 12",12,21223,200,310,2838,19,6,473,2330,21,5168,10,16,252,166,76,7,18,85,737,30,804,1,10,92,0,10,83,1
2021,"Temple","American Athletic",12,19811,213,363,2126,10,9,361,1316,12,3442,12,21,177,155,43,11,26,70,538,33,580,0,15,53,0,6,56,1
2021,"Tennessee","SEC",13,19116,243,375,3342,33,3,577,2832,30,6174,10,13,316,178,80,15,31,89,788,33,813,1,26,306,0,13,256,3
2021,"Texas","Big 12",12,20217,217,346,2705,29,10,457,2392,25,5097,7,17,244,160,70,9,20,69,579,28,504,0,17,174,0,7,91,1
2021,"Texas A&M","SEC",12,21740,208,370,2503,19,13,418,2196,17,4699,3,16,251,155,58,6,10,76,656,13,336,1,30,320,1,10,115,1
2021,"Texas State","Sun Belt",12,20382,223,387,2317,15,12,443,1790,17,4107,8,20,241,169,56,16,24,70,705,44,769,0,11,86,1,3,20,0
2021,"Texas Tech","Big 12",13,21820,245,388,3344,18,11,436,2068,30,5412,9,20,254,157,67,14,29,68,580,20,368,0,22,148,0,10,28,2
2021,"Toledo","Mid-American",13,22102,226,390,3108,22,3,472,2553,29,5661,4,7,270,175,62,10,23,130,1172,36,898,1,27,232,3,8,185,1
2021,"Troy","Sun Belt",12,19895,265,419,2864,15,10,366,1197,18,4061,11,21,219,167,67,15,24,60,534,24,275,0,8,63,0,16,198,3
2021,"Tulane","American Athletic",12,20094,213,376,2661,23,13,447,1979,19,4640,12,25,234,169,61,19,38,72,614,34,693,0,18,144,0,10,156,1
2021,"Tulsa","American Athletic",13,24073,243,410,3254,18,16,549,2496,20,5750,8,24,294,189,73,9,19,97,930,33,516,1,23,76,0,11,115,1
2021,"UAB","Conference USA",13,24851,182,286,2682,20,10,513,2342,27,5024,7,17,232,169,69,10,14,115,1126,24,259,0,12,125,1,10,218,2
2021,"UCF","American Athletic",13,22303,252,390,2680,29,9,476,2552,27,5232,6,15,259,174,65,11,14,80,696,28,554,0,24,186,0,11,114,0
2021,"UCLA","Pac-12",12,21431,207,335,2714,23,8,518,2582,31,5296,6,14,281,162,74,20,30,86,774,25,657,1,16,268,2,12,144,0
2021,"UConn","FBS Independents",12,18592,208,407,1966,11,17,377,1215,8,3181,5,22,173,179,42,11,29,80,585,57,1125,2,13,150,0,10,49,1
2021,"UL Monroe","Sun Belt",12,20751,200,354,2328,15,9,500,1613,13,3941,6,15,223,191,65,14,27,45,391,22,303,0,6,20,0,11,177,1
2021,"UNLV","Mountain West",12,21348,193,331,2430,11,14,395,1317,18,3747,8,22,186,164,57,4,16,54,455,27,387,0,7,49,0,9,81,0
2021,"USC","Pac-12",12,22656,318,500,3580,21,13,401,1747,16,5327,7,20,309,179,80,10,15,95,895,28,617,0,16,76,0,14,60,1
2021,"Utah","Pac-12",14,25898,254,401,3000,24,8,545,3035,37,6035,7,15,339,170,82,11,24,67,623,16,413,1,30,454,2,10,149,3
2021,"Utah State","Mountain West",14,24586,303,504,4248,41,15,564,2013,13,6261,8,23,332,222,98,16,30,87,778,42,912,2,14,121,0,12,112,0
2021,"UTEP","Conference USA",13,24875,200,366,3278,19,14,481,1820,18,5098,10,24,234,180,57,19,24,110,972,37,626,0,26,136,0,8,55,0
2021,"UTSA","Conference USA",14,24841,289,446,3577,31,6,556,2569,26,6146,7,13,320,197,85,13,23,71,713,11,198,0,27,294,1,12,200,3
2021,"Vanderbilt","SEC",12,22239,226,408,2272,13,14,423,1482,8,3754,5,19,211,188,60,19,30,66,508,24,324,0,8,45,0,13,74,0
2021,"Virginia","ACC",12,22110,351,554,4706,31,12,339,1483,21,6189,6,18,318,159,73,8,20,77,681,14,206,0,17,94,0,8,126,0
2021,"Virginia Tech","ACC",13,23367,173,316,2293,17,5,531,2412,16,4705,7,12,245,181,74,9,18,70,597,37,875,0,27,331,1,10,97,1
2021,"Wake Forest","ACC",14,24118,302,519,4303,39,15,565,2247,31,6550,5,20,354,231,115,12,20,81,737,28,567,1,25,286,0,15,177,1
2021,"Washington","Pac-12",12,20614,243,409,2700,15,16,370,1181,16,3881,7,23,216,169,75,10,23,51,474,26,491,0,19,106,0,10,171,0
2021,"Washington State","Pac-12",13,23826,281,452,3345,26,13,403,1587,19,4932,5,18,263,170,67,9,24,69,603,27,439,0,14,148,0,15,183,1
2021,"Western Kentucky","Conference USA",14,23244,480,697,6072,63,12,349,1435,13,7507,8,20,385,174,81,11,22,95,758,50,1046,2,16,142,0,21,213,2
2021,"Western Michigan","Mid-American",13,27532,233,368,3297,23,6,590,2783,31,6080,10,16,322,181,84,12,26,89,766,30,536,2,10,27,0,4,22,0
2021,"West Virginia","Big 12",13,24457,290,447,3223,19,12,452,1601,19,4824,8,20,278,186,74,19,28,67,561,29,672,1,19,59,0,9,104,0
2021,"Wisconsin","Big Ten",13,26357,177,300,2082,11,13,567,2742,26,4824,10,23,261,169,57,11,20,70,567,23,377,1,19,92,0,16,235,2
2021,"Wyoming","Mountain West",13,23353,162,297,2115,15,12,543,2752,24,4867,6,18,241,173,75,7,20,66,584,20,460,1,12,46,0,10,138,3
2022,"Air Force","Mountain West",13,28361,41,87,916,8,2,802,4254,37,5170,11,13,266,176,79,21,29,51,386,5,54,0,4,11,0,9,89,0
2022,"Akron","Mid-American",12,19937,296,457,3124,13,10,348,1026,15,4150,12,22,254,155,52,12,24,72,652,42,866,0,17,88,0,8,119,1
2022,"Alabama","SEC",13,23330,280,438,3660,37,8,458,2544,26,6204,8,16,310,162,74,9,15,103,893,21,372,0,30,456,2,7,74,1
2022,"App State","Sun Belt",12,22029,226,358,3005,28,6,474,2459,27,5464,5,11,276,156,61,18,37,66,604,28,699,1,16,78,0,7,32,0
2022,"Arizona","Pac-12",12,20202,283,459,3821,26,13,352,1728,19,5549,8,21,289,147,62,10,23,65,600,20,354,0,13,93,0,4,59,0
2022,"Arizona State","Pac-12",12,22137,270,403,3023,18,10,385,1623,21,4646,8,18,254,151,59,12,19,87,868,34,757,0,19,63,0,11,114,1
2022,"Arkansas","SEC",13,23698,230,356,3041,26,7,606,3085,27,6126,11,18,311,194,89,9,20,83,723,9,161,0,16,162,1,9,83,0
2022,"Arkansas State","Sun Belt",12,21770,247,396,2721,16,5,381,1058,16,3779,4,9,206,167,49,14,23,68,654,51,1106,1,17,96,0,6,115,1
2022,"Army","FBS Independents",12,22773,42,104,924,5,4,645,3467,38,4391,8,12,211,159,70,16,30,58,465,13,211,0,15,167,3,10,74,0
2022,"Auburn","SEC",12,21757,159,308,2072,9,12,488,2470,25,4542,10,22,217,178,64,13,22,90,688,24,396,0,20,170,0,6,60,1
2022,"Ball State","Mid-American",12,20158,287,481,2738,18,14,417,1893,14,4631,7,21,256,185,67,6,19,73,691,22,473,0,13,57,0,7,44,0
2022,"Baylor","Big 12",13,24573,247,392,3009,19,11,535,2371,34,5380,7,18,295,179,72,30,47,62,533,35,596,0,15,189,1,13,87,1
2022,"Boise State","Mountain West",14,25906,229,385,2649,20,9,549,2751,27,5400,8,17,273,191,76,10,17,78,664,24,542,0,28,187,1,15,186,1
2022,"Boston College","ACC",12,21062,262,440,2965,21,14,363,768,6,3733,12,26,201,174,57,8,18,72,582,30,623,0,14,85,0,7,87,0
2022,"Bowling Green","Mid-American",13,22628,267,440,3062,25,11,415,1283,8,4345,12,23,226,188,64,11,25,100,896,40,863,1,16,200,2,10,142,1
2022,"Buffalo","Mid-American",13,24404,250,419,2795,15,8,512,1820,22,4615,9,17,268,197,81,19,31,61,565,28,594,0,10,10,0,11,167,1
2022,"BYU","FBS Independents",13,22744,257,392,3246,32,7,438,2293,19,5539,3,10,285,157,71,8,24,74,692,23,450,0,14,127,0,8,150,3
2022,"California","Pac-12",12,20679,291,466,3217,23,9,318,1158,10,4375,3,12,231,167,59,12,22,63,535,20,342,0,22,240,0,11,127,1
2022,"Central Michigan","Mid-American",12,20720,219,389,2497,16,10,444,1910,22,4407,18,28,239,170,60,18,33,83,753,35,701,0,22,111,0,4,29,0
2022,"Charlotte","Conference USA",12,21272,257,429,3254,27,14,371,1389,13,4643,7,21,254,159,63,12,34,80,702,44,838,0,14,107,0,9,7,0
2022,"Cincinnati","American Athletic",13,22030,249,417,3155,22,8,426,1686,19,4841,6,14,241,181,66,13,20,98,837,23,491,1,14,159,0,11,104,2
2022,"Clemson","ACC",14,26214,297,478,3247,24,10,548,2497,31,5744,12,22,319,211,100,6,12,76,675,21,412,0,29,190,0,13,153,2
2022,"Coastal Carolina","Sun Belt",13,25265,237,361,3200,27,6,513,2067,22,5267,13,19,283,173,74,12,21,81,739,31,590,1,11,79,0,9,101,0
2022,"Colorado","Pac-12",12,19718,179,360,2075,10,10,387,1300,11,3375,12,22,190,164,52,11,30,64,579,35,750,0,11,177,1,6,57,0
2022,"Colorado State","Mountain West",12,21218,203,322,2361,12,11,385,1068,4,3429,8,19,176,151,34,13,33,83,725,19,319,0,20,202,1,8,79,1
2022,"Duke","ACC",13,25813,255,399,3010,20,6,484,2394,31,5404,4,10,282,171,72,14,24,67,652,32,645,0,13,259,1,10,93,1
2022,"East Carolina","American Athletic",13,24332,323,484,3776,28,5,423,2218,25,5994,2,7,293,181,84,13,29,56,489,33,735,1,19,134,0,10,120,1
2022,"Eastern Michigan","Mid-American",13,24543,245,393,2914,23,12,503,1843,25,4757,7,19,277,177,80,11,24,103,960,41,760,1,10,52,0,13,141,0
2022,"Florida","SEC",13,22655,199,366,2910,18,9,472,2603,29,5513,5,14,260,168,68,15,32,89,651,27,586,0,18,130,0,9,93,2
2022,"Florida Atlantic","Conference USA",12,20769,217,378,2715,25,5,492,2210,19,4925,8,13,264,189,81,12,21,74,696,15,241,0,15,136,0,12,356,3
2022,"Florida International","Conference USA",12,19551,271,468,2625,16,16,356,1250,11,3875,4,20,216,173,51,16,35,74,640,36,712,0,10,31,0,7,79,1
2022,"Florida State","ACC",13,24198,249,395,3512,28,7,509,2783,33,6295,7,14,315,168,86,8,23,86,753,17,389,1,23,237,0,8,10,0
2022,"Fresno State","Mountain West",14,26266,333,472,3774,22,9,465,1862,28,5636,5,14,307,177,81,7,14,63,575,30,673,0,13,259,2,12,140,1
2022,"Georgia","SEC",15,30211,336,492,4437,31,7,557,3080,44,7517,10,17,371,182,93,13,15,66,673,22,437,0,22,265,0,12,122,0
2022,"Georgia Southern","Sun Belt",13,21582,373,611,4282,28,16,371,1783,23,6065,5,21,327,195,90,13,23,66,595,26,451,0,19,189,1,11,104,1
2022,"Georgia State","Sun Belt",12,20784,173,297,2431,18,7,578,2586,26,5017,12,19,266,182,74,15,26,84,764,11,103,0,11,58,0,13,114,1
2022,"Georgia Tech","ACC",12,20383,219,381,2306,10,9,426,1596,13,3902,4,13,212,180,55,8,21,69,632,13,273,0,9,84,0,11,55,1
2022,"Hawai'i","Mountain West",13,22048,261,490,2672,13,12,406,1784,16,4456,8,20,244,194,67,18,34,73,652,42,631,0,15,52,0,10,124,1
2022,"Houston","American Athletic",13,23304,337,501,4082,40,10,401,1847,17,5929,9,19,305,176,80,18,27,102,909,42,837,1,12,180,1,7,222,1
2022,"Illinois","Big Ten",13,25505,273,393,2722,15,5,545,2180,18,4902,11,16,275,186,71,12,25,83,768,16,315,0,23,147,0,24,274,1
2022,"Indiana","Big Ten",12,18459,260,482,2609,16,13,396,1330,15,3939,5,18,230,192,65,9,23,60,547,31,721,2,14,45,0,7,10,0
2022,"Iowa","Big Ten",13,22058,192,349,2037,7,7,423,1234,12,3271,10,17,180,176,49,5,15,53,420,19,438,0,31,300,0,15,206,4
2022,"Iowa State","Big 12",12,23128,313,479,3141,19,15,394,1286,10,4427,7,22,245,191,80,15,27,67,548,21,348,0,13,87,0,7,84,0
2022,"James Madison","Sun Belt",11,22204,200,327,2918,27,10,479,2059,24,4977,10,20,249,151,60,9,20,56,439,22,403,0,20,114,0,11,97,2
2022,"Kansas","Big 12",13,22494,242,371,3307,32,8,446,2386,29,5693,11,19,264,158,80,9,19,69,605,24,410,0,4,15,0,12,208,1
2022,"Kansas State","Big 12",14,26643,242,388,2947,21,6,569,2916,32,5863,6,12,281,195,76,17,29,74,601,35,804,0,16,197,2,16,101,1
2022,"Kent State","Mid-American",12,18812,194,349,2582,17,8,517,2433,23,5015,5,13,274,175,72,12,24,80,652,38,847,0,17,113,1,7,71,1
2022,"Kentucky","SEC",13,25845,224,349,2710,21,13,463,1511,9,4221,6,19,229,170,58,16,26,74,514,27,506,1,23,114,0,10,144,1
2022,"Liberty","FBS Independents",13,22329,229,395,2815,21,15,492,2241,24,5056,12,27,265,174,64,11,23,80,696,39,810,1,18,74,0,14,88,0
2022,"Louisiana","Sun Belt",13,23020,252,441,2859,27,9,457,1877,10,4736,8,17,255,186,72,17,33,85,724,25,467,0,27,442,2,15,154,1
2022,"Louisiana Tech","Conference USA",12,21663,254,434,3207,25,19,400,1505,14,4712,6,25,233,177,65,13,29,81,767,36,745,0,21,253,0,11,135,2
2022,"Louisville","ACC",13,23328,218,368,2672,13,12,519,2613,25,5285,11,23,264,177,67,12,30,90,858,17,371,1,28,141,0,15,214,2
2022,"LSU","SEC",14,26058,322,480,3770,23,7,518,2573,39,6343,12,19,345,179,87,11,22,84,730,17,337,0,17,88,0,9,197,2
2022,"Marshall","Sun Belt",13,24818,225,367,2496,16,10,596,2668,20,5164,9,19,270,206,77,6,21,93,859,20,386,0,24,144,1,18,162,3
2022,"Maryland","Big Ten",13,24262,294,446,3383,21,8,469,1837,23,5220,7,15,263,199,83,17,28,101,924,37,690,0,23,156,0,9,61,0
2022,"Massachusetts","FBS Independents",12,22985,136,277,1403,4,14,519,1804,10,3207,5,19,175,194,55,13,27,91,794,34,638,0,11,96,0,9,95,1
2022,"Memphis","American Athletic",13,24061,291,455,3641,23,8,493,1851,30,5492,8,16,293,194,88,13,24,53,480,29,673,0,27,255,1,16,255,3
2022,"Miami","ACC",12,22111,256,413,2879,18,12,414,1537,12,4416,13,25,254,166,67,9,22,84,715,35,930,1,13,125,0,13,136,2
2022,"Miami (OH)","Mid-American",13,23410,184,337,2152,15,5,483,1831,14,3983,6,11,223,185,59,11,22,71,628,18,299,0,24,172,0,11,173,1
2022,"Michigan","Big Ten",14,28389,238,370,3078,24,6,600,3344,41,6422,4,10,326,186,84,18,21,58,448,20,401,0,33,281,1,14,168,1
2022,"Michigan State","Big Ten",12,18864,258,412,2880,23,12,361,1356,16,4236,4,16,241,152,59,12,28,69,654,24,424,0,17,158,0,2,32,1
2022,"Middle Tennessee","Conference USA",13,22388,341,512,3442,21,11,451,1423,20,4865,7,18,262,202,69,21,36,86,765,16,348,0,23,224,2,20,246,4
2022,"Minnesota","Big Ten",13,26890,172,281,2369,12,9,582,2696,33,5065,4,13,280,168,87,6,11,46,413,23,543,0,13,78,0,14,201,1
2022,"Mississippi State","SEC",13,23380,427,634,4035,36,9,296,1071,12,5106,10,19,296,176,69,15,29,82,790,31,807,1,21,213,1,14,294,3
2022,"Missouri","SEC",13,24245,247,391,2771,13,9,493,2034,21,4805,11,20,241,193,77,9,18,101,828,14,229,0,13,147,1,11,99,2
2022,"Navy","American Athletic",12,24935,54,126,1030,9,6,708,2894,22,3924,9,15,211,196,74,23,37,46,376,24,471,0,16,147,0,8,57,0
2022,"NC State","ACC",13,24481,269,471,2939,23,8,442,1479,8,4418,8,16,265,196,71,8,20,95,752,19,438,0,21,160,1,19,172,1
2022,"Nebraska","Big Ten",12,19301,205,340,2650,17,13,420,1480,17,4130,6,19,217,165,66,3,7,65,510,26,444,0,6,77,1,9,40,0
2022,"Nevada","Mountain West",12,20510,217,398,2227,7,8,427,1427,19,3654,9,17,203,195,68,13,26,72,661,33,636,0,15,103,0,11,50,1
2022,"New Mexico","Mountain West",12,20849,138,256,1266,3,9,438,1456,12,2722,5,14,157,159,35,4,14,73,614,26,560,1,18,111,0,9,90,1
2022,"New Mexico State","FBS Independents",13,22507,159,305,2199,18,13,454,2101,24,4300,5,18,216,164,64,11,15,85,746,16,267,0,24,177,0,7,30,1
2022,"North Carolina","ACC",14,25136,344,525,4330,38,7,509,2148,24,6478,7,14,344,201,93,25,35,86,774,23,523,1,16,213,0,9,107,0
2022,"Northern Illinois","Mid-American",12,22176,185,328,2192,18,14,478,2285,19,4477,2,16,225,171,67,10,21,76,750,26,434,0,6,13,0,8,41,1
2022,"North Texas","Conference USA",14,22978,241,430,3667,34,16,536,2770,24,6437,6,22,304,189,81,14,23,73,579,44,878,1,11,49,0,8,149,1
2022,"Northwestern","Big Ten",12,20900,245,417,2524,10,17,469,1501,11,4025,13,30,228,193,72,19,39,55,490,12,199,0,8,19,0,6,16,0
2022,"Notre Dame","FBS Independents",13,25092,211,338,2693,25,11,531,2458,25,5151,7,18,281,176,83,7,16,60,550,18,347,0,29,286,1,10,132,2
2022,"Ohio","Mid-American",14,27015,302,464,3893,28,5,493,2008,23,5901,8,13,290,188,79,6,17,69,618,58,1115,1,15,31,0,12,163,0
2022,"Ohio State","Big Ten",13,23986,274,410,3878,42,6,466,2501,30,6379,4,10,310,166,75,12,17,73,624,18,330,0,19,141,0,11,109,2
2022,"Oklahoma","Big 12",13,20534,251,407,3310,27,8,580,2859,28,6169,7,15,309,195,80,11,27,74,652,25,481,0,13,169,0,17,131,0
2022,"Oklahoma State","Big 12",13,21663,292,524,3634,24,18,476,1633,20,5267,5,23,289,204,72,5,16,46,436,33,779,1,16,147,1,13,104,0
2022,"Old Dominion","Sun Belt",12,17374,237,417,2977,19,7,310,1097,8,4074,11,18,189,158,47,8,23,83,765,25,494,0,15,120,0,12,96,1
2022,"Ole Miss","SEC",13,20590,239,386,3118,22,11,614,3335,33,6453,9,20,327,187,88,17,35,88,821,26,447,0,17,111,0,8,34,0
2022,"Oregon","Pac-12",13,24462,308,432,3703,30,9,508,2804,34,6507,3,12,340,162,75,20,32,88,744,28,523,0,13,64,0,16,207,1
2022,"Oregon State","Pac-12",13,24925,201,323,2594,16,13,523,2554,36,5148,5,18,289,153,67,16,23,78,711,30,667,0,20,319,2,12,105,2
2022,"Penn State","Big Ten",13,23838,270,422,3283,29,7,489,2354,28,5637,7,14,275,180,68,21,30,69,628,20,447,1,24,105,0,14,243,1
2022,"Pittsburgh","ACC",13,25923,223,393,2889,13,11,522,2380,30,5269,9,20,279,179,70,10,20,96,828,29,438,0,34,290,1,14,215,4
2022,"Purdue","Big Ten",14,26767,368,581,3895,26,17,467,1695,17,5590,6,23,322,208,80,18,33,74,748,28,484,0,23,164,0,15,289,3
2022,"Rice","Conference USA",13,25597,233,403,3027,23,20,460,1838,17,4865,12,32,261,173,72,12,27,79,698,26,440,0,18,161,0,8,154,1
2022,"Rutgers","Big Ten",12,21019,168,332,1852,11,14,432,1523,11,3375,6,20,178,172,49,9,17,94,770,27,541,0,16,108,1,9,65,2
2022,"San Diego State","Mountain West",13,24136,185,342,2348,15,14,470,1862,11,4210,10,24,205,177,52,15,20,96,772,37,753,1,28,176,3,13,34,0
2022,"San José State","Mountain West",12,20595,260,430,3261,23,7,343,1154,19,4415,2,9,245,150,56,8,17,69,582,23,379,0,6,39,0,13,87,0
2022,"SMU","American Athletic",13,21608,333,513,4117,36,11,492,2030,26,6147,9,20,331,203,97,22,37,55,542,25,362,0,15,145,0,10,113,0
2022,"South Alabama","Sun Belt",13,25511,291,447,3496,28,12,504,2019,19,5515,4,16,289,194,83,17,29,100,915,27,589,0,24,228,1,13,114,2
2022,"South Carolina","SEC",13,22366,281,419,3379,23,14,410,1555,27,4934,13,27,246,159,62,13,21,88,814,23,578,1,19,278,2,15,299,2
2022,"Southern Miss","Sun Belt",13,22334,191,346,2698,20,14,476,1842,15,4540,12,26,233,177,60,12,19,87,774,23,474,0,26,308,0,16,212,3
2022,"South Florida","American Athletic",12,21226,188,326,2315,18,9,442,2361,25,4676,11,20,232,151,59,14,31,55,443,48,994,1,12,100,0,6,49,0
2022,"Stanford","Pac-12",12,21522,275,448,3051,15,8,376,1288,14,4339,13,21,249,164,62,11,21,55,495,46,888,0,17,64,0,6,3,0
2022,"Syracuse","ACC",13,22022,228,370,3011,19,9,443,1860,21,4871,4,13,263,151,56,5,12,112,823,20,502,0,25,195,0,10,86,2
2022,"TCU","Big 12",15,27379,292,454,3926,33,8,566,2899,37,6825,8,16,315,201,80,14,27,72,744,46,907,0,25,301,2,16,282,4
2022,"Temple","American Athletic",12,19460,288,484,3217,18,12,318,989,11,4206,11,23,220,173,57,14,33,55,444,42,673,0,15,77,0,6,136,2
2022,"Tennessee","SEC",13,19684,290,422,4239,38,3,523,2593,40,6832,8,11,330,166,68,23,34,105,904,18,340,0,20,331,1,11,70,0
2022,"Texas","Big 12",13,21302,248,405,3138,22,7,470,2444,29,5582,7,14,296,165,64,12,22,79,615,21,472,0,21,186,1,10,167,2
2022,"Texas A&M","SEC",12,20049,220,391,2633,18,6,367,1707,12,4340,12,18,233,153,55,4,11,76,589,23,510,1,22,121,0,4,13,0
2022,"Texas State","Sun Belt",12,21939,274,442,2649,19,10,383,1236,9,3885,7,17,212,185,68,7,21,58,531,25,434,0,17,140,0,11,188,2
2022,"Texas Tech","Big 12",13,23388,349,570,3927,26,18,525,2073,28,6000,7,25,345,211,77,34,53,74,576,30,681,1,17,112,0,9,47,0
2022,"Toledo","Mid-American",14,24795,247,439,3149,31,15,580,2489,23,5638,11,26,308,208,85,16,27,94,775,22,342,0,31,252,0,12,87,2
2022,"Troy","Sun Belt",14,25554,251,401,3396,20,15,497,1626,21,5022,6,21,273,176,56,18,27,76,699,19,343,0,14,132,0,13,249,1
2022,"Tulane","American Athletic",14,24933,241,379,3313,30,5,556,2868,34,6181,11,16,302,172,66,16,27,56,480,33,723,0,23,227,1,12,53,0
2022,"Tulsa","American Athletic",12,20790,241,415,3278,27,10,429,1664,18,4942,8,18,257,169,67,11,17,73,680,19,303,0,17,85,0,6,28,0
2022,"UAB","Conference USA",13,24904,194,321,2641,15,7,528,3056,32,5697,11,18,276,165,74,13,27,91,787,26,556,0,15,126,2,10,200,1
2022,"UCF","American Athletic",14,25924,291,451,3377,22,9,615,3192,35,6569,12,21,339,209,97,19,30,68,649,33,616,0,29,240,2,6,34,0
2022,"UCLA","Pac-12",13,21338,291,419,3447,29,12,514,3099,36,6546,8,20,336,163,83,15,26,84,682,39,759,0,11,56,0,11,182,1
2022,"UConn","FBS Independents",13,23632,157,276,1456,10,10,525,2482,20,3938,11,21,210,179,66,7,18,92,790,31,597,0,16,81,0,13,165,0
2022,"UL Monroe","Sun Belt",12,21220,221,331,2464,16,7,418,1447,16,3911,8,15,213,167,67,5,14,59,537,29,511,0,8,29,1,6,53,0
2022,"UNLV","Mountain West",12,20749,227,361,2580,15,7,403,1647,18,4227,8,15,211,156,52,10,19,69,687,22,429,0,11,75,0,15,232,2
2022,"USC","Pac-12",14,26804,344,514,4694,43,5,473,2396,30,7090,2,7,360,168,91,15,22,88,812,36,655,0,17,93,0,19,339,3
2022,"Utah","Pac-12",14,28286,288,446,3489,31,10,560,3048,38,6537,8,18,363,180,91,18,29,63,563,8,160,0,31,234,0,12,293,3
2022,"Utah State","Mountain West",13,22460,230,398,2537,18,21,549,2071,14,4608,6,27,257,201,66,18,34,111,1007,31,601,1,22,197,1,11,90,1
2022,"UTEP","Conference USA",12,24322,203,380,2625,15,12,463,2006,14,4631,9,21,252,169,66,16,28,78,669,21,342,0,17,100,1,5,4,0
2022,"UTSA","Conference USA",14,24977,341,503,4206,34,9,543,2458,28,6664,10,19,362,187,91,13,27,99,876,21,423,1,14,72,0,15,208,1
2022,"Vanderbilt","SEC",12,22752,200,346,2248,22,6,445,1919,13,4167,10,16,210,171,63,11,29,63,553,24,511,0,9,42,0,6,41,0
2022,"Virginia","ACC",10,16502,185,342,2210,7,12,329,1230,13,3440,10,22,190,138,44,7,18,70,622,20,440,0,12,47,0,5,40,0
2022,"Virginia Tech","ACC",11,19239,203,346,2232,9,9,388,1230,15,3462,6,15,193,159,50,6,14,80,637,30,505,0,25,227,2,4,38,1
2022,"Wake Forest","ACC",13,22196,302,474,4055,43,13,502,1711,17,5766,6,19,328,185,86,15,30,62,530,17,339,0,18,134,0,7,88,2
2022,"Washington","Pac-12",13,24444,373,575,4807,32,9,402,1893,33,6700,2,11,354,183,104,16,29,88,781,25,487,0,11,121,0,7,2,0
2022,"Washington State","Pac-12",13,21586,322,499,3286,24,9,365,1395,17,4681,8,17,253,175,64,13,29,70,592,28,603,0,24,218,0,12,245,2
2022,"Western Kentucky","Conference USA",14,24326,402,622,4932,43,12,414,2032,15,6964,10,22,344,187,78,14,35,87,805,24,481,0,16,135,1,19,314,4
2022,"Western Michigan","Mid-American",12,21911,167,335,1988,10,13,465,1635,14,3623,8,21,199,185,58,13,27,80,755,34,664,1,10,47,0,11,180,2
2022,"West Virginia","Big 12",12,22559,255,426,2720,20,12,446,2058,24,4778,6,18,276,178,73,22,32,77,636,25,444,0,12,73,0,4,76,2
2022,"Wisconsin","Big Ten",13,24295,188,326,2390,21,11,501,2337,21,4727,7,18,233,169,68,7,15,81,751,28,635,0,24,132,0,17,241,2
2022,"Wyoming","Mountain West",13,22703,156,304,1719,11,12,479,2358,16,4077,3,15,208,175,61,2,7,56,488,15,309,0,7,29,1,6,54,1
2023,"Air Force","Mountain West",13,26088,55,105,1105,7,6,711,3648,36,4753,11,17,255,168,78,17,25,39,322,4,76,0,8,23,0,10,162,2
2023,"Akron","Mid-American",12,21285,258,425,2371,10,15,346,972,12,3343,6,21,200,171,57,8,23,83,722,36,632,0,18,110,0,6,191,1
2023,"Alabama","SEC",14,25815,208,325,3086,23,6,561,2417,32,5503,5,11,277,182,82,5,7,78,655,25,533,0,21,178,1,12,125,1
2023,"App State","Sun Belt",14,26262,299,471,3827,34,10,534,2402,23,6229,12,22,332,189,79,18,28,61,567,27,604,0,2,37,0,15,149,2
2023,"Arizona","Pac-12",13,24059,332,464,4008,36,11,398,1816,17,5824,3,14,299,163,80,10,15,82,689,12,166,0,15,101,1,9,88,0
2023,"Arizona State","Pac-12",12,21799,243,440,2524,8,14,374,1334,17,3858,6,20,226,173,53,18,38,69,622,31,710,0,10,100,0,5,47,0
2023,"Arkansas","SEC",12,22123,207,323,2250,22,8,472,1668,9,3918,10,18,208,175,67,10,16,76,665,24,475,0,16,180,1,12,235,4
2023,"Arkansas State","Sun Belt",13,20503,208,370,2931,17,9,459,1926,20,4857,4,13,257,169,60,7,20,80,792,30,761,1,17,164,1,8,194,2
2023,"Army","FBS Independents",12,23429,83,164,1234,7,11,573,2505,19,3739,11,22,195,156,59,20,34,47,435,13,223,0,11,149,2,9,180,1
2023,"Auburn","SEC",13,22670,189,317,2109,18,13,513,2457,22,4566,7,20,241,166,54,13,26,71,570,34,708,0,25,250,1,12,179,1
2023,"Ball State","Mid-American",12,23577,181,304,1640,9,8,472,2057,15,3697,8,16,217,168,63,10,18,62,542,26,452,0,14,15,0,5,49,0
2023,"Baylor","Big 12",12,22827,263,442,3156,15,7,413,1378,13,4534,8,15,238,177,64,22,48,49,347,42,996,2,13,201,0,7,14,0
2023,"Boise State","Mountain West",14,26196,216,372,3098,20,13,560,3008,34,6106,8,21,300,185,85,9,11,52,448,26,502,0,8,27,0,11,76,0
2023,"Boston College","ACC",13,24542,204,361,2394,15,14,547,2556,25,4950,5,19,279,191,79,29,38,85,717,20,311,0,12,112,0,8,45,1
2023,"Bowling Green","Mid-American",13,23823,213,356,2454,17,14,429,1786,22,4240,5,19,219,157,52,15,25,90,792,23,462,0,19,148,1,17,282,2
2023,"Buffalo","Mid-American",12,21988,212,394,2223,14,11,435,1603,15,3826,8,19,206,184,63,15,41,58,499,35,555,0,12,58,0,11,232,2
2023,"BYU","Big 12",12,20393,220,396,2465,17,9,360,1252,15,3717,10,19,201,156,45,13,26,64,516,30,612,0,23,93,0,14,208,2
2023,"California","Pac-12",13,22364,258,434,2836,22,16,497,2250,26,5086,12,28,278,191,74,17,33,72,583,25,486,1,11,30,0,12,68,0
2023,"Central Michigan","Mid-American",12,21758,183,325,2216,15,11,456,1914,21,4130,4,15,227,167,57,16,23,80,697,45,868,1,16,72,0,5,26,0
2023,"Charlotte","American Athletic",12,23255,186,328,2013,7,16,464,1740,16,3753,6,22,202,169,40,19,35,83,703,30,619,0,24,227,1,11,107,1
2023,"Cincinnati","Big 12",12,23017,218,360,2508,21,11,517,2605,14,5113,6,17,267,176,74,14,31,68,631,16,249,0,15,52,0,8,100,0
2023,"Clemson","ACC",13,25818,302,474,2969,20,9,524,2266,24,5235,13,22,300,198,79,14,27,64,549,12,287,0,23,182,0,16,244,4
2023,"Coastal Carolina","Sun Belt",13,24831,273,410,3401,24,9,465,2010,17,5411,8,17,275,172,76,9,24,73,749,31,482,0,14,69,0,14,283,2
2023,"Colorado","Pac-12",12,19854,323,474,3536,29,4,358,827,12,4363,7,11,254,177,68,10,15,107,854,17,319,0,18,176,0,10,74,1
2023,"Colorado State","Mountain West",12,19135,311,501,3678,24,18,332,1114,10,4792,7,25,247,175,72,8,19,91,838,26,580,1,13,150,1,9,74,0
2023,"Duke","ACC",13,22615,200,357,2351,14,8,448,2168,26,4519,7,15,243,166,60,12,20,73,598,16,338,0,17,149,0,10,53,1
2023,"East Carolina","American Athletic",12,20874,208,388,1967,7,14,386,1340,12,3307,7,21,181,175,53,9,26,70,651,21,330,0,14,103,0,6,73,2
2023,"Eastern Michigan","Mid-American",13,22617,197,358,1976,10,12,428,1457,18,3433,6,18,207,180,63,10,19,79,747,35,729,3,13,142,0,7,65,0
2023,"Florida","SEC",12,23838,281,389,3086,20,5,422,1819,21,4905,7,12,259,150,55,9,22,79,595,16,331,0,14,151,0,3,38,0
2023,"Florida Atlantic","American Athletic",12,19734,265,412,2586,19,15,369,1383,16,3969,2,17,215,168,57,13,34,41,400,27,449,0,15,282,1,10,99,2
2023,"Florida International","Conference USA",12,19643,220,383,2760,12,12,380,1083,17,3843,9,21,184,169,48,16,33,70,607,27,480,0,14,103,0,6,118,1
2023,"Florida State","ACC",14,24689,260,433,3508,25,4,463,2102,32,5610,5,9,274,182,66,10,21,85,792,17,407,1,26,298,0,10,53,1
2023,"Fresno State","Mountain West",13,22900,336,515,3657,29,12,369,1384,16,5041,2,14,272,187,90,9,14,57,517,37,819,1,20,184,0,17,85,0
2023,"Georgia","SEC",14,28119,328,456,4274,29,7,501,2676,40,6950,7,14,363,165,89,9,12,62,601,25,610,0,24,260,1,14,135,1
2023,"Georgia Southern","Sun Belt",13,24261,376,577,3929,26,20,377,1522,16,5451,11,31,300,185,85,13,22,76,673,43,967,1,29,206,0,13,154,3
2023,"Georgia State","Sun Belt",13,23127,249,367,2672,20,7,513,2445,25,5117,8,15,254,189,86,9,19,83,748,22,371,0,11,34,1,11,146,1
2023,"Georgia Tech","ACC",13,22348,231,379,2871,27,17,492,2649,24,5520,4,21,289,167,72,12,23,67,582,24,510,0,12,121,0,15,167,0
2023,"Hawai'i","Mountain West",13,23136,337,537,3593,27,15,324,989,6,4582,8,23,251,183,68,16,31,80,733,21,410,0,15,101,0,7,63,0
2023,"Houston","Big 12",12,20118,260,407,2897,24,13,359,1425,10,4322,2,15,230,154,56,7,27,68,590,29,625,2,15,100,0,9,152,1
2023,"Illinois","Big Ten",12,20449,261,414,3191,23,13,396,1501,12,4692,10,23,244,161,59,13,24,79,749,25,454,0,12,133,0,7,103,2
2023,"Indiana","Big Ten",12,21187,215,366,2548,18,10,434,1456,13,4004,8,18,236,169,62,9,26,66,612,31,657,1,13,31,0,10,98,1
2023,"Iowa","Big Ten",14,23979,170,348,1661,9,11,486,1635,11,3296,11,22,180,204,60,7,14,51,433,19,444,0,31,319,1,10,126,1
2023,"Iowa State","Big 12",13,22743,241,381,3185,23,8,382,1559,16,4744,3,11,212,174,68,10,16,63,569,19,382,0,17,128,0,16,150,1
2023,"Jacksonville State","Conference USA",13,20844,182,350,2223,12,12,647,3077,35,5300,9,21,289,207,78,14,27,63,564,11,222,0,18,104,1,16,249,0
2023,"James Madison","Sun Belt",13,24420,289,429,3715,36,11,445,1731,17,5446,4,15,275,164,60,8,16,72,521,23,430,0,20,263,1,13,159,2
2023,"Kansas","Big 12",13,24023,200,311,3121,24,11,499,2678,32,5799,6,17,279,145,70,7,19,73,740,31,616,0,6,119,1,14,177,3
2023,"Kansas State","Big 12",13,24870,258,427,3135,30,10,532,2666,32,5801,2,12,310,188,90,14,24,63,568,19,328,0,16,87,0,13,136,1
2023,"Kent State","Mid-American",12,20758,160,306,1974,11,6,441,1271,8,3245,6,12,180,172,51,12,26,65,554,42,887,0,14,106,0,6,0,0
2023,"Kentucky","SEC",13,21518,211,375,2751,25,12,339,1660,18,4411,8,20,220,138,52,2,10,79,661,23,678,3,8,73,0,11,181,3
2023,"Liberty","Conference USA",14,27786,178,303,2882,32,6,670,4106,39,6988,12,18,346,158,78,11,21,88,875,26,532,0,13,86,0,21,181,2
2023,"Louisiana","Sun Belt",13,22690,238,367,2817,23,9,469,2298,25,5115,11,20,265,167,68,11,20,79,647,43,956,1,19,102,0,13,149,3
2023,"Louisiana Tech","Conference USA",12,21415,269,422,3131,16,11,381,1495,20,4603,7,18,241,155,46,15,30,81,753,30,552,0,32,268,2,5,49,1
2023,"Louisville","ACC",14,27062,266,408,3313,22,12,533,2499,31,5812,7,19,292,176,65,13,24,78,681,25,475,0,30,132,1,13,149,0
2023,"LSU","SEC",13,22504,286,411,4407,44,5,430,2658,34,7065,3,8,334,130,71,6,15,79,672,22,399,0,7,74,0,10,107,1
2023,"Marshall","Sun Belt",13,22974,268,425,2940,12,18,452,1725,21,4665,11,29,236,181,56,6,25,85,766,33,807,2,9,19,0,13,131,2
2023,"Maryland","Big Ten",13,21991,307,477,3626,27,13,382,1409,20,5035,8,21,271,176,74,13,19,71,735,23,453,1,12,101,0,17,166,1
2023,"Massachusetts","FBS Independents",12,21422,212,348,2569,14,11,390,1706,19,4275,6,17,213,151,55,3,13,96,851,41,713,0,13,80,0,8,135,2
2023,"Memphis","American Athletic",13,24285,321,481,3984,33,10,429,1976,31,5960,5,15,295,172,78,18,28,53,536,27,566,0,16,118,0,11,205,3
2023,"Miami","ACC",13,24860,283,436,3354,23,14,440,2251,24,5605,8,22,285,164,67,11,21,79,751,33,791,1,12,79,0,12,118,1
2023,"Miami (OH)","Mid-American",14,24891,165,294,2316,16,7,503,2213,23,4529,9,16,214,167,60,4,13,66,547,26,522,0,25,299,0,11,130,0
2023,"Michigan","Big Ten",15,29002,260,361,3205,24,5,563,2536,40,5741,3,8,297,173,74,17,22,45,412,18,251,0,31,316,0,18,419,4
2023,"Michigan State","Big Ten",12,20224,222,381,2366,14,13,371,1064,7,3430,9,22,198,161,49,10,20,81,708,17,320,0,13,89,0,9,22,0
2023,"Middle Tennessee","Conference USA",12,20553,295,438,3187,23,13,384,1506,13,4693,8,21,232,182,72,10,22,81,675,14,260,0,11,120,0,8,96,0
2023,"Minnesota","Big Ten",13,24863,164,312,1864,16,11,505,2048,13,3912,6,17,237,176,62,14,17,39,352,25,362,0,9,111,0,12,114,0
2023,"Mississippi State","SEC",12,20641,201,348,2182,15,10,401,1761,12,3943,4,14,199,159,49,10,24,75,682,23,550,1,17,200,1,7,61,0
2023,"Missouri","SEC",13,23742,247,376,3395,23,7,497,2233,25,5628,2,9,280,169,72,11,15,93,705,22,409,0,9,71,0,9,47,1
2023,"Navy","American Athletic",12,22507,102,199,1268,10,5,548,2335,16,3603,7,12,174,173,50,16,26,68,552,24,477,0,20,176,0,10,174,1
2023,"NC State","ACC",13,25313,224,379,2519,19,12,478,2036,19,4555,3,15,241,188,75,9,15,75,602,24,537,1,17,171,0,17,178,2
2023,"Nebraska","Big Ten",12,22246,136,261,1631,10,16,478,2122,16,3753,15,31,197,154,59,8,16,60,508,15,335,0,16,48,0,9,71,0
2023,"Nevada","Mountain West",12,21830,191,345,2102,6,12,443,1498,14,3600,8,20,200,174,52,10,23,81,702,28,484,0,7,118,0,9,287,3
2023,"New Mexico","Mountain West",12,23352,198,353,2615,17,10,440,2312,26,4927,5,15,278,145,59,9,14,118,1073,31,483,0,4,-7,0,4,3,0
2023,"New Mexico State","Conference USA",15,28330,235,393,3206,28,10,526,2979,22,6185,5,15,307,171,74,11,19,93,874,18,337,0,18,135,0,7,88,1
2023,"North Carolina","ACC",13,22320,292,460,3881,26,11,498,2505,28,6386,6,17,319,189,92,9,20,93,862,14,257,0,9,114,1,12,64,0
2023,"Northern Illinois","Mid-American",13,24601,211,366,2467,15,9,467,2335,23,4802,9,18,243,175,73,10,20,58,517,26,414,0,13,104,1,10,92,0
2023,"North Texas","American Athletic",12,21025,284,463,3657,33,9,449,2294,19,5951,10,19,297,174,73,21,35,57,559,37,720,0,11,50,0,10,50,0
2023,"Northwestern","Big Ten",13,22322,241,389,2626,20,8,458,1325,13,3951,1,9,218,192,77,3,14,69,554,28,584,0,11,70,0,13,101,0
2023,"Notre Dame","FBS Independents",13,24019,227,351,3205,31,9,457,2414,28,5619,8,17,273,146,66,10,17,69,623,22,575,1,15,168,1,16,252,2
2023,"Ohio","Mid-American",13,26050,239,383,2647,16,9,485,1877,18,4524,4,13,271,184,84,8,16,73,673,15,273,0,15,41,0,15,137,1
2023,"Ohio State","Big Ten",13,22955,255,400,3498,26,7,431,1805,20,5303,6,13,272,168,72,10,18,74,579,13,259,0,17,75,0,7,230,3
2023,"Oklahoma","Big 12",13,22662,310,453,4223,34,9,521,2368,32,6591,11,20,332,178,87,13,19,88,756,21,442,0,23,137,1,20,344,4
2023,"Oklahoma State","Big 12",14,25144,344,570,3871,18,16,449,2173,29,6044,6,22,303,209,80,11,20,70,578,34,651,0,12,42,0,13,194,1
2023,"Old Dominion","Sun Belt",13,19359,204,361,2532,20,11,474,1996,15,4528,7,18,215,187,69,7,26,84,788,31,501,0,19,137,0,11,275,2
2023,"Ole Miss","SEC",13,21639,256,395,3713,26,6,535,2294,29,6007,1,7,305,176,65,25,36,93,768,21,309,0,14,117,1,13,145,0
2023,"Oregon","Pac-12",14,26079,397,514,4857,49,5,437,2583,33,7440,2,7,369,155,79,19,25,93,848,20,308,0,21,201,0,12,58,1
2023,"Oregon State","Pac-12",13,23968,222,380,3148,26,8,445,2172,26,5320,5,13,278,148,57,17,30,73,655,29,547,0,14,234,1,12,153,1
2023,"Penn State","Big Ten",13,25370,246,412,2795,30,2,515,2407,26,5202,6,8,292,185,75,20,26,65,563,16,372,0,29,336,2,12,177,1
2023,"Pittsburgh","ACC",12,19883,192,360,2592,17,12,356,1223,10,3815,9,21,195,150,47,10,20,94,773,26,488,1,23,108,0,10,141,1
2023,"Purdue","Big Ten",12,21909,234,392,2534,15,10,462,2025,20,4559,8,18,245,176,63,11,28,72,691,22,509,1,20,159,0,10,79,0
2023,"Rice","American Athletic",13,24201,268,431,3282,29,16,387,1436,21,4718,9,25,247,158,60,16,24,74,628,26,548,0,22,223,1,5,98,0
2023,"Rutgers","Big Ten",13,24819,142,294,1788,10,8,517,2194,24,3982,5,13,227,169,62,16,25,66,587,4,165,0,10,48,2,9,52,0
2023,"Sam Houston","Conference USA",12,21382,282,448,2668,15,12,368,1069,13,3737,4,16,219,183,65,13,22,61,506,27,440,0,21,144,0,13,217,2
2023,"San Diego State","Mountain West",12,23606,202,319,2061,10,10,454,1851,16,3912,7,17,206,174,61,13,23,59,528,30,589,0,22,185,0,12,206,1
2023,"San José State","Mountain West",13,23863,230,376,2853,21,4,429,2393,31,5246,6,10,269,153,68,7,19,74,638,21,284,0,11,182,2,12,230,1
2023,"SMU","American Athletic",14,25291,274,465,3897,33,8,556,2472,29,6369,6,14,329,196,84,17,29,64,563,25,449,0,27,265,1,12,172,4
2023,"South Alabama","Sun Belt",13,23830,291,428,3486,28,11,469,2240,28,5726,9,20,294,174,75,17,27,87,750,18,312,0,24,252,0,13,70,0
2023,"South Carolina","SEC",12,20375,283,412,3336,21,8,369,1021,17,4357,5,13,217,161,54,9,24,85,661,20,352,0,15,112,1,10,129,1
2023,"Southern Miss","Sun Belt",12,23943,188,365,2288,15,8,486,1961,16,4249,8,16,243,188,72,11,25,75,578,40,879,1,16,167,1,9,41,0
2023,"South Florida","American Athletic",13,22298,287,447,3494,27,11,580,2377,23,5871,10,21,300,208,78,20,46,97,852,21,414,0,20,105,0,14,175,1
2023,"Stanford","Pac-12",12,22521,233,427,2796,11,10,414,1425,15,4221,4,14,234,183,65,9,27,75,709,22,337,0,7,48,0,8,49,0
2023,"Syracuse","ACC",13,22057,191,315,2237,17,15,530,2230,20,4467,9,24,232,179,70,10,20,95,801,21,381,0,27,272,0,9,215,3
2023,"TCU","Big 12",12,19699,319,503,3746,27,15,406,1854,19,5600,4,19,300,177,82,16,32,74,643,32,700,0,15,152,1,8,129,1
2023,"Temple","American Athletic",12,20416,283,508,3320,23,16,331,1155,9,4475,9,25,247,173,66,23,45,54,440,39,688,1,14,76,0,3,2,0
2023,"Tennessee","SEC",13,19457,263,411,3163,22,5,489,2662,23,5825,7,12,284,176,74,7,18,101,883,15,293,0,23,251,1,12,239,4
2023,"Texas","Big 12",14,26223,317,475,4047,25,9,527,2638,29,6685,9,18,323,185,71,19,31,92,731,33,636,1,27,393,2,16,210,2
2023,"Texas A&M","SEC",13,24498,274,426,3520,24,10,456,1770,23,5290,5,15,288,175,76,12,20,77,591,23,399,0,29,324,1,9,37,1
2023,"Texas State","Sun Belt",13,22755,287,429,3522,24,9,529,2439,33,5961,14,23,311,184,81,21,32,95,900,39,1017,2,13,100,0,11,141,2
2023,"Texas Tech","Big 12",13,22425,284,471,2909,24,18,474,2117,17,5026,5,23,285,194,77,24,37,70,649,33,841,1,15,261,1,13,121,1
2023,"Toledo","Mid-American",14,23459,232,377,3083,26,10,524,2784,31,5867,11,21,284,179,79,13,22,93,866,42,868,1,20,108,0,11,96,1
2023,"Troy","Sun Belt",14,26037,279,456,3712,29,6,485,2154,19,5866,12,18,298,189,77,13,29,72,650,21,413,0,17,91,0,10,63,1
2023,"Tulane","American Athletic",14,26329,229,368,3010,25,7,527,2171,16,5181,13,20,257,186,71,19,32,67,600,28,670,1,15,126,1,17,138,0
2023,"Tulsa","American Athletic",12,21386,190,334,2456,20,19,527,2171,13,4627,5,24,238,195,87,7,16,61,519,15,320,0,7,67,0,10,-1,0
2023,"UAB","American Athletic",12,21050,306,427,3467,22,13,426,1933,24,5400,7,20,284,159,64,13,27,80,675,31,572,0,7,60,0,10,137,1
2023,"UCF","Big 12",13,22523,229,366,3364,24,11,529,2967,28,6331,7,18,300,169,83,13,23,79,651,20,390,0,17,156,0,12,135,0
2023,"UCLA","Pac-12",13,22643,238,410,2979,24,14,527,2573,21,5552,8,22,278,198,88,15,32,92,755,21,428,0,19,126,0,15,108,0
2023,"UConn","FBS Independents",12,22510,219,381,2284,12,7,394,1639,15,3923,10,17,217,166,58,8,21,73,645,34,628,0,11,47,0,6,45,1
2023,"UL Monroe","Sun Belt",12,19468,177,345,2098,15,13,415,1755,7,3853,5,18,190,173,56,9,26,71,643,29,493,0,10,96,1,11,154,1
2023,"UNLV","Mountain West",14,23710,251,404,3349,17,12,538,2429,39,5778,7,19,285,206,101,9,20,96,865,43,994,0,20,314,0,17,110,1
2023,"USC","Pac-12",13,21558,314,461,4329,37,6,362,1735,33,6064,11,17,292,143,62,11,18,95,844,30,552,1,23,380,1,7,127,1
2023,"Utah","Pac-12",13,26578,189,328,2156,15,11,562,2373,19,4529,2,13,244,196,81,12,29,64,536,21,425,0,24,111,0,8,82,2
2023,"Utah State","Mountain West",13,20951,269,436,3305,35,19,496,2397,18,5702,6,25,282,186,67,18,32,97,921,19,375,0,29,259,0,10,263,3
2023,"UTEP","Conference USA",12,22623,178,330,2612,13,12,447,1732,16,4344,6,18,220,158,52,14,31,82,706,13,247,0,8,96,1,6,86,0
2023,"UTSA","American Athletic",13,23509,290,446,3248,25,14,516,2233,27,5481,8,22,294,194,92,15,26,73,666,19,319,0,18,125,1,10,250,0
2023,"Vanderbilt","SEC",12,20723,217,390,2680,23,13,350,1143,10,3823,7,20,204,160,52,8,27,59,510,27,545,1,16,163,0,12,132,2
2023,"Virginia","ACC",12,22614,248,396,3010,19,14,454,1415,12,4425,6,20,252,183,66,12,20,78,663,20,389,0,19,61,0,8,80,1
2023,"Virginia Tech","ACC",13,24306,204,356,2619,23,5,499,2469,20,5088,10,15,258,175,61,17,26,82,752,31,716,2,27,289,0,7,64,0
2023,"Wake Forest","ACC",12,20950,192,321,2352,14,12,468,1565,13,3917,10,22,239,161,55,8,19,49,466,23,528,1,16,148,0,8,141,0
2023,"Washington","Pac-12",15,27149,376,575,5155,38,12,411,1776,28,6931,8,20,345,174,76,14,22,112,1029,34,703,0,19,184,1,16,321,2
2023,"Washington State","Pac-12",12,21403,341,511,4028,27,9,341,1011,17,5039,12,21,272,159,67,12,26,73,597,22,456,1,9,70,0,8,162,2
2023,"Western Kentucky","Conference USA",13,23043,343,539,3837,38,14,357,1386,12,5223,9,23,263,191,83,16,26,59,478,24,461,0,11,40,0,15,131,1
2023,"Western Michigan","Mid-American",12,21550,247,393,2534,13,9,479,1840,21,4374,4,13,235,179,64,19,39,85,747,28,512,0,7,64,0,9,2,0
2023,"West Virginia","Big 12",13,25362,178,332,2674,18,7,565,2976,32,5650,6,13,289,174,69,19,36,66,603,19,360,0,21,223,1,11,170,0
2023,"Wisconsin","Big Ten",13,22837,281,469,2862,14,5,454,2095,22,4957,12,17,260,199,88,5,20,73,625,25,531,0,22,194,0,13,171,1
2023,"Wyoming","Mountain West",13,23597,189,304,2191,20,6,468,2060,19,4251,5,11,242,152,56,6,9,51,434,18,258,0,9,33,0,11,120,1
2024,"Air Force","Mountain West",12,24457,62,138,1077,5,10,668,2696,24,3773,5,15,215,184,78,23,36,36,336,5,73,0,8,42,0,4,80,0
2024,"Akron","Mid-American",12,20556,234,420,2790,16,10,342,1206,11,3996,10,20,215,162,58,5,16,76,584,25,395,0,8,27,2,3,27,0
2024,"Alabama","SEC",13,22878,226,354,3073,17,11,487,2262,41,5335,10,21,271,164,78,8,16,95,897,14,282,0,25,224,0,17,242,0
2024,"App State","Sun Belt",11,19872,218,392,3002,23,16,384,1731,13,4733,6,22,263,145,62,13,22,66,627,25,500,0,6,99,1,4,21,0
2024,"Arizona","Big 12",12,21421,262,437,2975,18,13,329,1280,11,4255,7,20,222,170,73,8,19,78,691,32,712,0,17,95,0,6,17,0
2024,"Arizona State","Big 12",14,27402,234,382,3213,26,6,582,2832,30,6045,3,9,315,196,90,19,36,90,751,11,181,0,10,149,1,16,155,2
2024,"Arkansas","SEC",13,23720,255,414,3570,16,9,492,2401,34,5971,14,23,314,166,72,14,23,93,778,16,235,0,11,68,0,10,135,0
2024,"Arkansas State","Sun Belt",13,22660,274,442,2957,19,10,484,2050,18,5007,8,18,284,198,81,15,20,73,672,32,631,0,15,277,2,14,107,0
2024,"Army","American Athletic",14,29942,66,122,1128,10,4,762,4210,48,5338,5,9,293,170,82,31,40,45,442,13,153,0,10,38,0,18,170,0
2024,"Auburn","SEC",12,19606,230,369,3167,27,13,401,1988,13,5155,9,22,251,147,61,9,19,69,592,23,509,0,21,170,1,8,58,0
2024,"Ball State","Mid-American",12,22300,280,439,2936,26,11,370,1241,10,4177,3,14,243,177,75,12,26,59,544,35,794,1,10,18,0,8,115,1
2024,"Baylor","Big 12",13,21958,253,413,3397,31,10,489,2328,25,5725,4,14,299,178,78,20,37,80,785,27,553,1,15,310,0,14,145,1
2024,"Boise State","Mountain West",14,26763,261,415,3159,23,7,547,3377,43,6536,5,12,327,185,91,15,22,76,647,22,491,1,24,109,0,7,143,2
2024,"Boston College","ACC",13,24674,207,330,2591,24,7,523,2181,24,4772,9,16,252,179,78,16,36,58,560,19,296,0,24,165,0,17,310,3
2024,"Bowling Green","Mid-American",13,24848,276,419,3128,20,6,422,1782,20,4910,5,11,258,178,68,16,26,68,590,29,653,1,23,107,0,12,144,1
2024,"Buffalo","Mid-American",13,22773,194,347,2422,19,6,526,2215,24,4637,7,13,241,187,63,17,28,58,564,26,412,0,17,217,0,13,347,3
2024,"BYU","Big 12",13,24420,215,378,2956,20,14,453,2100,21,5056,7,21,288,153,57,18,24,66,561,22,578,3,18,235,2,22,113,1
2024,"California","ACC",13,23858,302,464,3362,16,7,438,1589,17,4951,4,11,269,194,72,12,27,96,776,17,409,1,20,109,0,17,111,1
2024,"Central Michigan","Mid-American",12,21193,167,302,1961,11,12,447,2027,17,3988,12,24,215,162,57,15,26,81,731,37,671,1,18,221,1,2,53,1
2024,"Charlotte","American Athletic",12,20612,177,353,2689,16,14,387,1424,16,4113,7,21,207,155,47,10,24,93,784,39,834,0,13,48,0,10,94,1
2024,"Cincinnati","Big 12",12,22833,252,395,2838,18,7,424,2220,19,5058,11,18,265,155,65,11,20,64,533,19,390,0,9,42,0,5,1,0
2024,"Clemson","ACC",14,25612,331,529,3899,37,7,470,2433,23,6332,3,10,335,198,87,13,22,69,667,17,320,0,19,170,0,16,137,2
2024,"Coastal Carolina","Sun Belt",13,22479,195,358,2626,20,11,481,2246,21,4872,6,17,235,171,65,8,22,90,829,24,414,0,10,128,0,11,167,2
2024,"Colorado","Big 12",13,21763,353,481,4134,37,10,333,860,15,4994,4,14,265,159,65,8,21,100,882,21,386,0,17,197,1,15,268,1
2024,"Colorado State","Mountain West",13,24384,234,388,2814,16,10,464,2244,20,5058,10,20,233,180,65,18,29,84,670,19,349,0,18,273,2,10,18,0
2024,"Duke","ACC",13,21368,280,467,3175,28,13,380,1204,13,4379,6,19,229,176,52,7,18,67,651,23,532,1,26,251,0,13,211,1
2024,"East Carolina","American Athletic",13,19646,258,428,3432,26,23,471,2241,23,5673,7,30,283,185,83,10,18,99,823,31,714,1,23,169,0,14,204,3
2024,"Eastern Michigan","Mid-American",12,22395,248,415,2824,17,10,472,1707,17,4531,7,17,255,194,80,16,29,78,749,22,404,0,21,78,1,5,23,0
2024,"Florida","SEC",13,22315,208,339,2934,18,14,460,2128,26,5062,4,18,250,161,62,8,15,77,702,15,305,0,15,187,0,14,167,1
2024,"Florida Atlantic","American Athletic",12,21871,205,350,2503,14,11,456,2270,24,4773,7,18,234,159,55,16,34,79,619,21,391,0,15,71,0,11,256,1
2024,"Florida International","Conference USA",12,20648,206,334,2753,24,11,395,1460,16,4213,8,19,215,145,45,14,26,66,569,27,689,0,17,78,0,11,286,2
2024,"Florida State","ACC",12,19572,179,355,2164,11,13,377,1089,8,3253,9,22,182,160,46,20,32,67,575,25,541,1,14,33,0,4,69,0
2024,"Fresno State","Mountain West",13,21444,299,430,3147,20,14,381,1295,21,4442,3,17,246,161,63,8,20,80,715,23,336,0,21,223,1,15,298,1
2024,"Georgia","SEC",14,24979,336,513,3934,29,13,423,1750,24,5684,7,20,305,176,69,18,27,80,751,13,205,0,22,174,0,8,23,0
2024,"Georgia Southern","Sun Belt",13,23520,289,445,3091,21,11,439,1667,24,4758,11,22,283,180,81,12,16,73,628,34,723,0,14,95,0,13,136,1
2024,"Georgia State","Sun Belt",12,21580,271,449,3069,21,13,360,1608,13,4677,6,19,248,160,57,10,27,61,589,31,518,0,12,24,0,9,45,0
2024,"Georgia Tech","ACC",13,24148,269,410,3088,17,7,491,2431,29,5519,3,10,281,170,69,16,29,69,558,21,358,0,21,149,0,5,88,1
2024,"Hawai'i","Mountain West",12,21833,286,481,3218,25,15,334,1188,7,4406,4,19,249,163,60,12,22,96,844,20,302,0,11,137,1,6,29,0
2024,"Houston","Big 12",12,21723,182,280,1832,9,17,426,1639,9,3471,10,27,181,155,43,11,29,66,623,22,463,0,19,132,1,12,137,1
2024,"Illinois","Big Ten",13,22690,213,353,2746,22,6,448,2003,22,4749,8,14,265,158,72,8,17,68,522,14,272,0,27,358,0,12,134,1
2024,"Indiana","Big Ten",13,23951,246,361,3397,33,6,484,2161,37,5558,3,9,306,144,68,13,22,62,571,6,127,0,27,346,0,15,218,2
2024,"Iowa","Big Ten",13,22825,163,260,1710,10,8,499,2571,30,4281,4,12,217,168,69,3,7,41,388,29,791,1,27,327,1,16,140,1
2024,"Iowa State","Big 12",14,26864,278,472,3580,25,10,512,2248,27,5828,5,15,316,199,85,20,25,53,392,10,203,0,15,237,1,15,101,0
2024,"Jacksonville State","Conference USA",14,22648,189,314,2666,14,7,645,3545,51,6211,8,15,318,176,72,13,24,83,808,7,146,0,18,82,0,12,89,1
2024,"James Madison","Sun Belt",13,24808,231,381,2807,28,4,519,2516,20,5323,5,9,270,185,75,12,30,91,712,21,518,1,23,205,1,17,265,4
2024,"Kansas","Big 12",12,22253,176,306,2505,15,12,453,2552,29,5057,5,17,258,148,75,10,15,54,461,27,445,0,8,55,0,12,120,2
2024,"Kansas State","Big 12",13,22736,222,381,2748,25,10,451,2821,21,5569,6,16,263,170,70,15,26,70,584,28,552,0,15,158,2,10,162,1
2024,"Kennesaw State","Conference USA",12,21128,156,297,1635,6,14,449,1386,13,3021,4,18,164,187,66,7,18,67,556,41,989,2,15,107,0,4,55,1
2024,"Kent State","Mid-American",12,19345,139,294,1865,18,13,388,930,3,2795,7,20,155,156,29,8,21,58,428,33,613,0,4,45,0,4,73,0
2024,"Kentucky","SEC",12,21271,167,312,2218,15,17,440,1757,11,3975,6,23,233,142,48,11,25,75,625,31,613,1,16,130,0,10,99,1
2024,"Liberty","Conference USA",12,22051,157,289,2014,16,7,537,3022,28,5036,11,18,276,158,68,12,21,82,793,35,669,0,14,148,0,8,85,0
2024,"Louisiana","Sun Belt",14,26291,269,411,3482,22,9,476,2338,26,5820,2,11,289,175,73,16,26,82,683,32,853,1,18,115,0,16,122,1
2024,"Louisiana Tech","Conference USA",13,24260,258,415,2911,18,8,480,1460,14,4371,13,21,234,199,78,8,26,69,657,27,641,0,33,427,0,5,60,0
2024,"Louisville","ACC",13,23271,271,427,3433,26,6,422,2452,28,5885,4,10,276,155,62,9,22,81,642,32,648,1,32,194,0,10,83,1
2024,"LSU","SEC",13,25010,343,533,4084,29,12,370,1520,15,5604,5,17,307,187,93,12,24,82,641,29,802,2,14,66,0,6,60,1
2024,"Marshall","Sun Belt",13,22355,194,333,2354,27,4,505,2633,21,4987,5,9,258,170,68,10,17,70,553,33,832,0,18,139,0,13,55,2
2024,"Maryland","Big Ten",12,21664,315,493,3308,21,14,370,1327,15,4635,6,20,258,180,72,14,31,77,703,15,239,0,12,98,0,10,133,0
2024,"Massachusetts","FBS Independents",12,23268,187,327,2181,14,6,482,1968,18,4149,4,10,236,174,66,14,24,87,758,22,398,0,18,130,1,6,18,0
2024,"Memphis","American Athletic",13,25922,310,479,3516,25,6,444,2276,33,5792,2,8,300,179,82,12,23,69,624,13,225,0,14,177,0,11,138,0
2024,"Miami","ACC",13,25518,328,489,4527,41,8,430,2459,30,6986,8,16,352,162,90,13,20,86,865,25,559,0,17,128,0,14,220,1
2024,"Miami (OH)","Mid-American",14,24424,225,398,3044,23,12,407,1904,14,4948,5,17,235,163,55,5,11,74,585,30,544,0,19,100,0,13,162,0
2024,"Michigan","Big Ten",13,24885,190,308,1678,12,13,484,2046,18,3724,7,20,210,177,74,12,17,51,514,24,495,0,15,158,0,12,149,2
2024,"Michigan State","Big Ten",12,22256,212,354,2617,13,13,389,1421,11,4038,6,19,226,154,59,12,23,80,760,11,168,0,9,50,0,9,214,1
2024,"Middle Tennessee","Conference USA",12,21782,273,427,3133,16,10,335,1086,10,4219,9,19,218,162,62,13,27,88,735,30,527,0,12,111,1,5,42,0
2024,"Minnesota","Big Ten",13,24915,273,411,2889,20,6,402,1505,18,4394,6,12,264,168,75,11,12,63,488,21,401,0,25,196,0,17,239,2
2024,"Mississippi State","SEC",12,18496,215,367,2871,19,8,417,1663,19,4534,10,18,244,160,59,21,37,82,723,12,308,0,19,179,1,7,72,1
2024,"Missouri","SEC",13,25672,249,403,2916,14,5,515,2152,26,5068,4,9,276,193,89,10,19,73,658,24,452,0,8,27,1,7,161,1
2024,"Navy","American Athletic",13,23487,99,179,1609,15,6,590,3225,38,4834,8,14,221,162,62,15,24,66,585,22,362,0,14,65,0,17,329,3
2024,"NC State","ACC",13,24761,255,391,3023,21,13,420,1892,21,4915,10,23,263,155,58,11,20,66,620,22,581,0,10,82,0,10,166,2
2024,"Nebraska","Big Ten",13,25055,287,434,2956,13,12,445,1705,22,4661,7,19,282,177,75,9,23,80,691,25,450,0,15,73,0,11,185,3
2024,"Nevada","Mountain West",13,24208,247,366,2764,19,8,460,2135,21,4899,7,15,253,170,76,15,29,99,950,35,630,0,10,76,0,11,91,1
2024,"New Mexico","Mountain West",12,20795,226,390,2768,12,12,454,3048,37,5816,7,19,296,149,64,13,19,112,978,20,348,0,9,88,1,3,3,0
2024,"New Mexico State","Conference USA",12,21197,141,320,1718,12,12,495,2151,16,3869,11,23,231,182,70,6,16,65,577,39,762,0,12,69,0,9,41,1
2024,"North Carolina","ACC",13,23123,230,391,2917,18,9,495,2373,26,5290,8,17,272,176,66,13,27,98,832,33,865,2,15,193,2,9,210,3
2024,"Northern Illinois","Mid-American",13,26012,215,370,2328,16,8,557,2654,22,4982,8,16,279,193,81,15,33,55,556,21,523,1,13,95,0,9,150,0
2024,"North Texas","American Athletic",13,20902,353,559,4267,33,14,384,2090,24,6357,8,22,309,178,66,20,44,91,773,28,601,0,18,206,1,11,146,0
2024,"Northwestern","Big Ten",12,21478,211,392,2233,7,11,352,1183,12,3416,7,18,192,167,55,9,18,57,465,27,583,0,17,258,1,10,168,2
2024,"Notre Dame","FBS Independents",16,28955,296,445,3170,24,8,563,3224,45,6394,7,15,325,185,76,22,30,93,814,18,402,1,27,172,0,19,454,5
2024,"Ohio","Mid-American",14,27492,217,345,2694,15,12,571,2991,35,5685,10,22,307,170,81,6,10,78,638,28,547,1,18,132,1,11,53,1
2024,"Ohio State","Big Ten",16,29085,325,455,4208,37,10,532,2665,34,6873,4,14,331,186,81,20,28,72,653,14,153,0,25,237,1,10,148,1
2024,"Oklahoma","SEC",13,22598,235,373,2286,16,6,518,2025,17,4311,15,21,247,195,73,16,31,69,591,13,246,0,28,223,0,9,184,2
2024,"Oklahoma State","Big 12",12,19486,267,450,3176,22,17,353,1370,18,4546,4,21,245,161,57,17,26,60,518,45,837,0,15,90,0,12,214,1
2024,"Old Dominion","Sun Belt",12,20157,195,333,2311,17,9,474,2535,27,4846,11,20,236,174,75,7,11,74,650,22,334,0,20,120,0,12,143,0
2024,"Ole Miss","SEC",13,22140,295,434,4561,31,7,499,2286,29,6847,6,13,322,169,71,17,29,94,936,7,141,0,21,126,0,12,85,1
2024,"Oregon","Big Ten",14,25918,335,460,3913,30,6,495,2216,30,6129,5,11,324,180,87,13,20,74,580,12,322,0,22,195,1,12,38,0
2024,"Oregon State","Pac-12",12,23871,216,360,2417,7,11,484,2270,29,4687,5,16,268,174,76,22,42,61,548,20,373,0,7,27,0,5,88,1
2024,"Penn State","Big Ten",16,29152,292,437,3646,30,10,614,3239,35,6885,5,15,367,194,89,18,25,85,804,18,382,0,23,136,0,20,310,4
2024,"Pittsburgh","ACC",13,20916,301,499,3467,29,16,421,1843,16,5310,4,20,298,176,67,11,22,91,813,35,713,0,28,269,2,13,191,4
2024,"Purdue","Big Ten",12,19330,189,329,2207,13,9,346,1386,9,3593,10,19,175,147,46,5,18,66,622,15,300,0,15,103,0,4,0,0
2024,"Rice","American Athletic",12,20648,292,477,2868,17,13,298,1374,14,4242,9,22,219,166,58,7,20,85,689,27,708,1,30,223,0,8,72,1
2024,"Rutgers","Big Ten",13,24760,213,395,2696,18,7,514,2294,28,4990,2,9,293,182,79,13,28,52,444,4,39,0,11,176,0,8,114,1
2024,"Sam Houston","Conference USA",13,25110,217,349,2186,15,9,553,2344,21,4530,6,15,245,195,76,14,21,60,493,22,439,0,17,93,0,16,182,2
2024,"San Diego State","Mountain West",12,19542,234,375,2468,15,8,424,1547,13,4015,1,9,222,177,64,17,32,109,981,29,561,0,17,108,0,7,213,2
2024,"San José State","Mountain West",13,20570,316,550,4183,31,16,320,1143,13,5326,13,29,282,168,67,9,17,91,799,23,389,0,8,52,0,21,145,2
2024,"SMU","ACC",14,23909,279,437,3681,28,12,536,2365,29,6046,12,24,317,183,81,10,20,114,1088,23,477,0,26,239,1,16,307,2
2024,"South Alabama","Sun Belt",13,22951,253,390,3161,21,6,445,2587,32,5748,6,12,280,154,60,13,19,106,922,16,246,0,13,203,1,16,367,3
2024,"South Carolina","SEC",13,24296,225,342,2897,21,7,547,2407,26,5304,14,21,280,179,77,12,25,87,754,17,308,0,19,125,0,14,173,2
2024,"Southern Miss","Sun Belt",12,19712,166,318,2099,7,17,410,1308,13,3407,12,29,186,155,39,12,27,72,579,22,414,0,11,39,1,6,115,1
2024,"South Florida","American Athletic",13,19655,262,443,2957,16,10,492,2351,34,5308,8,18,265,198,77,15,27,105,922,20,445,1,28,300,0,13,161,1
2024,"Stanford","ACC",12,22812,224,370,2295,18,17,435,1606,11,3901,5,22,222,162,56,23,41,65,588,15,245,0,15,166,1,9,168,1
2024,"Syracuse","ACC",13,25793,393,598,4810,34,12,394,1285,22,6095,3,15,338,191,94,20,30,92,769,20,402,0,16,166,0,11,102,1
2024,"TCU","Big 12",13,22270,326,488,4068,29,11,392,1493,26,5561,11,22,292,166,72,18,23,73,691,19,338,0,25,286,1,10,49,0
2024,"Temple","American Athletic",12,21751,242,412,2592,16,14,385,1120,10,3712,10,24,187,184,59,10,24,67,541,35,673,0,14,79,1,9,79,0
2024,"Tennessee","SEC",13,23086,236,373,2875,21,7,581,2949,34,5824,8,15,303,197,93,11,18,105,869,14,290,0,28,424,1,12,247,1
2024,"Texas","SEC",16,28667,357,541,4459,40,14,580,2546,26,7005,12,26,353,216,91,18,33,102,829,15,294,0,30,315,1,22,182,1
2024,"Texas A&M","SEC",13,24704,216,361,2734,19,11,522,2550,27,5284,4,15,279,176,79,8,18,98,862,16,308,0,14,86,0,16,249,2
2024,"Texas State","Sun Belt",13,24329,298,428,3488,31,14,526,2719,27,6207,9,23,339,170,77,16,24,88,829,28,570,0,21,351,1,9,120,1
2024,"Texas Tech","Big 12",13,23535,336,536,3860,31,11,469,2162,26,6022,10,21,320,210,102,14,29,94,787,46,892,0,11,67,0,14,126,2
2024,"Toledo","Mid-American",13,21006,276,453,3290,28,8,435,1527,13,4817,11,19,257,186,65,18,34,82,724,28,674,1,28,294,0,13,230,3
2024,"Troy","Sun Belt",12,21806,213,339,2557,21,9,433,1888,17,4445,7,16,244,161,81,8,17,80,706,20,300,0,13,158,1,6,80,1
2024,"Tulane","American Athletic",14,27072,207,329,2931,25,9,561,2752,32,5683,6,15,291,172,86,10,22,86,701,29,696,2,12,60,0,14,244,5
2024,"Tulsa","American Athletic",12,21409,248,437,2863,23,12,450,1817,11,4680,11,23,245,196,72,10,31,71,612,25,711,1,23,189,1,9,66,1
2024,"UAB","American Athletic",12,21198,284,445,3139,24,16,391,1572,9,4711,10,26,259,168,64,12,26,98,886,31,651,0,17,339,2,8,181,1
2024,"UCF","Big 12",12,20394,181,310,2396,14,11,516,2977,33,5373,8,19,283,154,64,15,28,78,653,23,385,0,19,189,0,9,231,1
2024,"UCLA","Big Ten",12,22414,259,398,2906,17,11,336,1043,4,3950,6,17,216,156,67,8,16,98,827,15,280,0,5,56,0,10,177,2
2024,"UConn","FBS Independents",13,23370,222,396,2579,25,9,510,2603,23,5182,7,16,268,186,71,8,16,69,685,19,524,1,35,261,0,10,146,1
2024,"UL Monroe","Sun Belt",12,22161,134,246,1617,11,12,454,2074,17,3691,3,15,184,156,51,16,24,71,519,8,121,0,6,61,0,6,56,1
2024,"UNLV","Mountain West",14,25318,178,309,2417,25,6,611,3467,29,5884,3,9,296,197,79,16,23,78,689,30,580,1,33,385,2,17,198,1
2024,"USC","Big Ten",13,23691,335,533,3795,29,15,359,1904,20,5699,6,21,302,165,74,8,17,75,668,27,659,0,13,74,0,12,178,1
2024,"Utah","Big 12",12,23117,199,358,2393,20,17,403,1565,7,3958,5,22,199,171,56,9,20,65,555,17,351,0,22,124,1,12,248,3
2024,"Utah State","Mountain West",12,19671,294,458,3229,29,17,421,2392,21,5621,5,22,270,176,70,14,28,94,885,25,479,0,16,139,0,13,112,1
2024,"UTEP","Conference USA",12,20125,223,365,2400,15,12,437,1450,9,3850,7,19,200,179,59,8,27,68,611,24,496,1,17,311,1,11,164,0
2024,"UTSA","American Athletic",13,24322,317,509,3685,27,13,490,2197,21,5882,8,21,280,217,88,10,28,113,1054,15,492,2,19,88,0,11,25,0
2024,"Vanderbilt","SEC",13,24221,179,304,2322,21,4,468,1825,18,4147,3,7,236,169,75,8,14,73,707,19,448,1,18,265,1,10,126,2
2024,"Virginia","ACC",12,21526,246,401,2748,16,14,431,1594,14,4342,5,19,232,182,62,15,29,62,544,19,324,0,19,120,0,9,80,0
2024,"Virginia Tech","ACC",13,22782,200,339,2462,15,9,487,2325,28,4787,8,17,242,179,65,8,21,74,635,22,445,0,28,291,1,15,206,0
2024,"Wake Forest","ACC",12,20774,248,403,2881,17,13,437,1577,18,4458,8,21,261,171,67,16,25,61,551,18,377,1,15,247,1,11,70,0
2024,"Washington","Big Ten",13,23615,302,417,3402,22,8,420,1679,14,5081,4,12,269,156,57,12,25,76,673,25,564,0,14,93,0,8,131,0
2024,"Washington State","Pac-12",13,22603,263,399,3589,33,9,468,2173,28,5762,4,13,298,155,65,15,27,80,752,27,612,0,14,106,1,14,263,3
2024,"Western Kentucky","Conference USA",14,23412,309,469,3705,28,12,436,1536,14,5241,12,24,270,188,78,19,32,58,578,26,502,0,16,57,0,10,109,0
2024,"Western Michigan","Mid-American",13,23382,212,323,2431,18,9,479,2387,28,4818,4,13,252,160,56,19,32,53,509,41,863,0,19,90,0,8,139,1
2024,"West Virginia","Big 12",13,24650,226,372,2734,20,14,521,2548,27,5282,5,19,294,179,75,26,42,56,441,24,530,0,15,123,0,5,101,1
2024,"Wisconsin","Big Ten",12,21132,208,365,2360,14,10,419,1849,19,4209,8,18,225,159,57,12,20,63,450,26,636,0,16,97,0,4,18,0
2024,"Wyoming","Mountain West",12,22225,181,347,2263,11,11,458,1657,14,3920,5,16,208,181,66,15,25,66,595,21,532,1,10,29,0,6,37,1
2025,"Air Force","Mountain West",7,13867,65,110,1319,10,4,367,1987,23,3306,3,7,161,84,42,14,19,32,284,6,120,0,1,7,0,4,3,0
2025,"Akron","Mid-American",9,15523,154,295,1798,14,7,311,1151,5,2949,4,11,163,126,36,9,20,54,405,25,475,0,5,32,0,10,88,1
2025,"Alabama","SEC",8,15766,190,279,2333,24,1,261,952,9,3285,4,5,181,113,56,13,20,45,369,10,156,0,9,71,0,8,137,2
2025,"App State","Sun Belt",8,14015,190,325,2245,17,9,260,1080,8,3325,6,15,179,117,42,13,20,59,566,16,301,0,17,199,1,9,78,0
2025,"Arizona","Big 12",7,12896,161,247,1919,17,6,236,999,9,2918,2,8,160,90,33,12,18,41,358,8,152,0,13,125,0,9,102,1
2025,"Arizona State","Big 12",8,15953,169,289,1810,11,3,300,1396,10,3206,2,5,179,123,41,16,25,64,478,11,190,0,7,82,0,5,12,0
2025,"Arkansas","SEC",8,13708,158,252,2287,19,8,266,1643,17,3930,7,15,194,88,47,3,8,44,370,8,186,0,13,56,0,5,148,1
2025,"Arkansas State","Sun Belt",8,14864,201,305,1886,9,6,287,1143,11,3029,4,10,180,125,51,11,19,58,517,21,450,1,16,93,0,4,50,1
2025,"Army","American Athletic",7,15409,39,74,599,3,3,444,1930,18,2529,5,8,140,111,45,23,34,22,174,3,37,0,7,78,0,4,31,0
2025,"Auburn","SEC",8,14865,139,221,1360,6,2,310,1366,15,2726,2,4,157,107,38,9,16,63,523,13,337,1,12,43,0,7,151,1
2025,"Ball State","Mid-American",8,13870,98,171,1038,7,5,299,1144,9,2182,6,11,116,110,36,6,10,36,299,21,405,1,9,10,0,4,29,0
2025,"Baylor","Big 12",8,13667,206,333,2547,23,7,266,1123,10,3670,9,16,200,110,42,17,31,46,468,26,546,0,12,57,0,5,66,1
2025,"Boise State","Mountain West",8,15908,159,263,2085,16,7,316,1578,19,3663,4,11,186,118,55,14,24,59,483,11,190,0,7,32,0,11,171,3
2025,"Boston College","ACC",8,13721,184,298,2151,16,7,248,818,9,2969,7,14,160,108,43,8,17,50,420,16,294,0,11,131,0,5,76,1
2025,"Bowling Green","Mid-American",8,14923,128,207,1320,8,8,300,1208,8,2528,1,9,136,116,45,3,11,61,509,19,516,1,12,69,0,4,4,0
2025,"Buffalo","Mid-American",8,13760,160,269,1777,12,8,287,1170,11,2947,4,12,164,115,42,7,18,43,374,10,182,0,17,139,0,3,91,0
2025,"BYU","Big 12",8,15506,131,214,1734,11,3,319,1744,21,3478,3,6,179,104,42,14,20,53,433,14,346,0,17,186,0,12,182,2
2025,"California","ACC",8,14300,178,295,2022,12,8,244,710,13,2732,2,10,154,108,42,9,17,62,479,12,266,0,18,183,0,6,93,0
2025,"Central Michigan","Mid-American",8,15745,97,138,1197,9,1,356,1634,13,2831,5,6,144,103,36,10,16,53,421,11,162,0,7,64,0,10,93,1
2025,"Charlotte","American Athletic",8,14026,154,260,1745,11,7,267,855,5,2600,9,16,147,118,46,10,17,50,424,16,379,0,7,82,0,3,65,0
2025,"Cincinnati","Big 12",8,12144,138,211,1938,21,1,262,1567,17,3505,3,4,175,81,35,10,12,60,572,10,224,0,9,32,0,1,100,1
2025,"Clemson","ACC",7,12485,171,262,1990,15,6,212,815,8,2805,6,12,146,93,36,11,21,31,309,10,204,0,13,79,0,5,13,0
2025,"Coastal Carolina","Sun Belt",7,12020,110,199,950,6,8,265,1204,9,2154,6,14,124,96,35,5,10,42,360,13,242,0,7,63,0,6,30,0
2025,"Colorado","Big 12",8,13567,134,222,1627,12,7,267,1054,12,2681,2,9,143,107,43,4,9,40,351,21,532,0,6,46,0,3,20,0
2025,"Colorado State","Mountain West",8,13225,138,236,1500,8,5,278,1132,11,2632,6,11,151,108,38,10,21,53,509,11,241,0,12,184,1,7,69,0
2025,"Delaware","Conference USA",7,12673,183,290,2084,13,4,223,843,13,2927,6,10,175,101,49,11,19,32,277,13,335,0,5,89,1,5,47,1
2025,"Duke","ACC",7,12076,177,254,2233,17,2,213,1011,12,3244,6,8,166,84,38,8,12,50,499,10,244,0,7,93,1,8,149,0
2025,"East Carolina","American Athletic",7,12212,170,258,2055,11,4,296,1133,16,3188,1,5,170,113,60,5,18,52,421,8,158,0,9,73,0,3,55,0
2025,"Eastern Michigan","Mid-American",9,14652,183,294,2051,14,6,291,1253,11,3304,1,7,176,130,53,9,14,51,432,20,420,0,6,55,0,5,41,0
2025,"Florida","SEC",7,13216,157,240,1644,11,9,220,897,5,2541,3,12,140,90,29,4,8,41,344,7,122,0,10,139,0,6,30,0
2025,"Florida Atlantic","American Athletic",8,13609,249,386,2607,20,13,246,824,8,3431,4,17,192,133,49,31,46,57,483,26,571,0,14,242,2,NA,NA,NA
2025,"Florida International","Conference USA",8,15669,166,266,1674,7,6,298,1464,15,3138,7,13,158,122,44,11,20,56,480,18,385,0,8,49,0,7,99,0
2025,"Florida State","ACC",7,12538,119,194,1883,14,5,322,1782,22,3665,5,10,181,97,51,12,18,43,379,6,128,0,10,112,0,9,92,0
2025,"Fresno State","Mountain West",8,14889,164,250,1710,10,11,259,1200,13,2910,5,16,162,98,41,3,11,51,489,12,280,0,15,132,1,10,166,2
2025,"Georgia","SEC",7,13749,150,216,1665,11,3,292,1337,19,3002,4,7,179,91,42,8,11,32,301,5,91,0,7,71,0,4,0,0
2025,"Georgia Southern","Sun Belt",8,13343,153,251,1792,16,6,278,1101,13,2893,2,8,172,108,49,5,8,46,460,22,491,1,6,55,0,5,2,0
2025,"Georgia State","Sun Belt",8,14474,195,308,1991,17,6,230,916,5,2907,4,10,153,117,51,9,21,79,625,23,400,0,5,10,0,2,25,0
2025,"Georgia Tech","ACC",8,13950,156,215,1942,9,2,303,1840,23,3782,6,8,188,94,47,4,9,47,380,7,95,0,12,138,0,2,45,0
2025,"Hawai'i","Mountain West",8,15771,230,361,2367,17,9,223,847,5,3214,4,13,174,126,55,9,14,53,471,5,84,0,3,30,0,5,59,1
2025,"Houston","Big 12",8,14909,132,213,1680,13,3,332,1377,12,3057,1,4,156,122,51,9,17,46,396,15,282,0,12,73,0,6,94,1
2025,"Illinois","Big Ten",8,14393,165,231,2050,16,4,267,970,15,3020,4,8,166,91,38,8,11,42,354,7,143,0,9,170,1,2,-1,0
2025,"Indiana","Big Ten",8,16325,162,224,2112,27,4,324,1913,18,4025,1,5,214,98,57,5,13,32,245,5,108,0,18,325,2,11,83,1
2025,"Iowa","Big Ten",8,14978,120,188,1061,5,5,306,1482,20,2543,1,6,139,104,47,7,10,19,183,11,306,1,17,437,2,9,161,1
2025,"Iowa State","Big 12",8,15089,156,244,2006,10,6,307,1327,18,3333,4,10,175,103,42,10,16,33,271,5,78,0,5,132,0,6,98,0
2025,"Jacksonville State","Conference USA",8,15031,116,189,1203,6,4,388,2079,22,3282,3,7,175,120,50,11,17,40,398,9,138,0,5,19,0,4,104,0
2025,"James Madison","Sun Belt",8,16872,130,212,1584,15,5,352,1984,22,3568,5,10,184,111,58,4,11,64,592,16,348,1,16,132,0,9,95,0
2025,"Kansas","Big 12",8,14643,157,240,1953,18,4,275,1213,10,3166,5,9,167,98,33,11,20,45,335,15,392,1,18,134,0,4,32,0
2025,"Kansas State","Big 12",8,13865,151,241,1787,15,3,253,1156,12,2943,5,8,144,104,39,11,20,26,264,22,591,1,13,61,0,8,69,1
2025,"Kennesaw State","Conference USA",8,12915,137,224,1740,11,3,291,1250,13,2990,4,7,156,102,39,5,10,54,469,14,260,0,15,171,1,3,29,0
2025,"Kent State","Mid-American",8,13744,106,190,1444,13,4,268,712,5,2156,4,8,104,112,30,10,19,49,376,15,401,2,10,76,0,4,72,0
2025,"Kentucky","SEC",7,13475,130,213,1449,9,6,271,1081,11,2530,5,11,143,96,38,5,12,39,323,11,185,0,8,41,0,6,91,0
2025,"Liberty","Conference USA",7,12780,103,183,1300,6,6,274,1098,8,2398,6,12,126,100,35,9,17,42,351,15,328,1,9,22,0,5,98,0
2025,"Louisiana","Sun Belt",8,13361,101,205,1167,6,11,294,1507,15,2674,2,13,143,111,41,5,12,46,369,18,343,0,8,21,0,6,87,1
2025,"Louisiana Tech","Conference USA",7,12493,122,193,1332,6,5,279,986,10,2318,3,8,129,105,41,4,10,56,543,14,347,1,17,135,0,12,189,3
2025,"Louisville","ACC",7,12858,167,257,1880,11,6,211,1012,15,2892,6,12,144,95,39,3,5,49,471,9,236,0,17,325,2,12,28,0
2025,"LSU","SEC",8,14410,190,284,1994,14,5,219,860,8,2852,3,8,164,101,39,6,8,52,451,16,323,0,10,129,0,10,141,1
2025,"Marshall","Sun Belt",7,13294,115,171,1347,12,2,312,1381,16,2728,4,6,143,101,35,4,8,52,451,14,263,0,15,177,0,9,162,2
2025,"Maryland","Big Ten",7,12144,166,280,1741,11,3,199,723,7,2464,2,5,129,106,39,5,12,47,454,11,148,0,16,109,0,14,290,4
2025,"Massachusetts","Mid-American",8,13044,145,282,1379,3,7,232,653,6,2032,1,8,122,121,34,3,15,50,375,4,90,0,9,49,0,4,86,1
2025,"Memphis","American Athletic",8,15389,155,235,1833,11,6,311,1679,25,3512,2,8,194,100,44,10,14,43,369,6,138,1,10,111,0,11,90,2
2025,"Miami","ACC",7,13825,159,219,1797,12,7,249,1079,19,2876,0,7,153,88,42,9,15,52,411,5,122,0,8,125,0,7,87,0
2025,"Miami (OH)","Mid-American",8,14792,110,196,1599,10,6,289,1340,11,2939,2,8,147,95,35,7,10,49,453,8,239,1,13,119,1,9,144,1
2025,"Michigan","Big Ten",8,14299,121,202,1526,7,3,301,1774,22,3300,3,6,162,99,40,2,10,35,324,11,148,0,12,27,0,11,10,0
2025,"Michigan State","Big Ten",8,14581,151,242,1686,13,4,267,974,14,2660,5,9,151,105,40,11,22,43,363,8,179,0,7,130,0,3,0,0
2025,"Middle Tennessee","Conference USA",8,12043,195,326,1931,13,6,200,697,6,2628,2,8,153,113,40,4,16,52,470,9,176,0,8,77,0,4,11,0
2025,"Minnesota","Big Ten",8,14819,150,244,1633,11,7,247,887,9,2520,1,8,147,99,38,3,10,27,247,13,238,0,14,81,0,6,92,2
2025,"Mississippi State","SEC",8,13601,155,236,1976,15,5,332,1310,19,3286,4,9,169,113,49,9,16,65,564,4,60,0,11,133,0,11,108,0
2025,"Missouri","SEC",8,16682,178,257,1903,13,7,358,1886,22,3789,2,9,208,116,59,12,15,40,417,9,184,0,14,134,0,5,95,1
2025,"Missouri State","Conference USA",8,14723,162,264,2033,15,8,251,962,7,2995,4,12,149,107,34,4,7,58,566,20,365,0,11,65,0,7,105,0
2025,"Navy","American Athletic",7,13406,64,101,1112,7,3,337,2233,28,3345,3,6,149,80,43,11,16,42,370,15,320,0,6,58,0,4,3,0
2025,"NC State","ACC",8,14478,186,268,2160,18,8,252,1211,15,3371,3,11,166,102,40,7,18,47,459,14,256,0,11,49,0,5,76,1
2025,"Nebraska","Big Ten",8,14800,187,252,2179,18,6,261,1055,14,3234,2,8,176,93,42,6,15,38,349,14,442,1,20,288,1,5,21,0
2025,"Nevada","Mountain West",8,13873,122,213,1243,5,15,267,1119,4,2362,6,21,133,106,36,9,16,40,344,10,211,0,9,67,0,5,72,1
2025,"New Mexico","Mountain West",8,14761,155,231,1715,12,8,283,1259,15,2974,8,16,170,99,41,14,22,44,348,17,399,1,9,31,1,4,11,0
2025,"New Mexico State","Conference USA",7,12142,141,244,1753,10,8,198,483,5,2236,5,13,129,101,43,3,6,47,448,7,129,0,12,60,0,9,124,1
2025,"North Carolina","ACC",7,11819,130,211,1188,6,6,203,776,8,1964,6,12,112,89,29,8,11,35,357,17,333,0,12,100,0,5,57,0
2025,"Northern Illinois","Mid-American",8,13756,101,182,825,5,6,305,1366,7,2191,4,10,111,120,40,13,24,37,310,16,436,1,7,61,0,7,24,0
2025,"North Texas","American Athletic",8,14166,201,298,2531,22,4,279,1421,26,3952,6,10,209,102,46,11,18,47,387,13,262,0,13,83,0,7,178,0
2025,"Northwestern","Big Ten",8,16023,127,219,1379,10,9,304,1513,10,2892,4,13,170,111,52,9,15,30,228,6,115,0,13,20,0,5,44,0
2025,"Notre Dame","FBS Independents",7,12742,130,194,1893,14,4,253,1354,20,3247,3,7,165,78,36,6,16,43,396,11,373,2,11,122,1,13,120,0
2025,"Ohio","Mid-American",8,15534,144,216,1805,11,7,328,1683,19,3488,2,9,184,100,44,8,17,57,417,10,197,0,9,147,0,7,133,1
2025,"Ohio State","Big Ten",7,13598,163,205,1958,20,3,228,1068,12,3026,1,4,158,74,39,6,9,31,259,3,57,0,11,142,0,4,25,0
2025,"Oklahoma","SEC",8,14396,168,269,1971,11,6,277,1044,14,3015,4,10,164,112,47,7,12,52,464,4,17,0,16,161,0,3,3,0
2025,"Oklahoma State","Big 12",8,13831,125,234,1293,4,5,290,1071,7,2364,4,9,121,126,43,6,18,53,482,9,121,0,11,56,0,3,89,1
2025,"Old Dominion","Sun Belt",8,12946,134,215,2017,19,9,295,1661,13,3678,10,19,172,99,40,4,8,49,440,8,138,0,16,122,0,7,36,0
2025,"Ole Miss","SEC",8,13700,162,268,2444,13,5,321,1436,22,3880,3,8,196,110,55,8,11,57,533,4,85,0,11,117,0,3,1,0
2025,"Oregon","Big Ten",8,14818,158,223,1975,20,4,302,1896,21,3871,2,6,184,101,50,12,18,38,327,4,91,0,19,154,0,9,155,3
2025,"Oregon State","Pac-12",8,15078,172,294,1878,11,9,262,1082,12,2960,5,14,168,111,43,7,13,43,315,16,256,0,7,68,0,5,87,0
2025,"Penn State","Big Ten",7,11756,126,198,1298,9,5,248,1187,17,2485,2,7,141,87,36,12,20,27,219,11,244,0,14,113,1,5,80,1
2025,"Pittsburgh","ACC",8,14048,180,287,2422,21,10,269,962,14,3384,2,12,171,110,40,12,18,60,539,15,324,0,18,282,2,7,173,1
2025,"Purdue","Big Ten",8,13340,163,275,1969,12,10,258,1143,10,3112,6,16,170,105,41,12,18,42,420,13,267,0,6,11,0,2,18,0
2025,"Rice","American Athletic",8,15512,90,132,829,6,2,407,1808,16,2637,2,4,142,120,46,9,19,38,399,12,216,0,6,20,0,3,7,0
2025,"Rutgers","Big Ten",8,16104,170,271,2292,14,5,312,1122,15,3414,2,7,196,108,44,17,24,35,287,8,174,0,6,91,3,3,89,0
2025,"Sam Houston","Conference USA",7,12071,130,212,1260,8,5,222,812,5,2072,4,9,113,94,20,5,19,43,405,16,285,0,5,26,0,3,66,1
2025,"San Diego State","Mountain West",7,13272,99,154,1261,7,3,291,1292,12,2542,1,4,132,90,33,7,14,45,409,6,139,0,20,210,1,7,131,3
2025,"San José State","Mountain West",7,12386,178,300,2205,15,4,180,804,7,3009,8,12,145,101,46,3,10,45,386,14,301,0,4,35,0,6,50,0
2025,"SMU","ACC",8,12857,182,274,2128,17,8,245,977,12,3105,5,13,158,108,39,6,9,52,517,7,143,0,13,124,0,12,244,3
2025,"South Alabama","Sun Belt",8,14567,132,196,1466,11,4,352,1578,15,3044,5,9,155,118,48,14,24,58,475,5,58,0,9,119,0,4,15,0
2025,"South Carolina","SEC",8,13303,131,209,1560,6,6,285,863,8,2423,4,10,140,110,37,12,22,64,487,13,264,0,18,307,3,8,90,1
2025,"Southern Miss","Sun Belt",8,13435,161,240,1968,18,4,307,1214,13,3182,3,7,174,107,42,6,11,54,449,10,215,0,12,131,1,15,296,2
2025,"South Florida","American Athletic",8,12351,166,261,2092,19,6,318,1806,19,3898,5,11,193,123,59,9,15,53,507,10,178,0,13,189,1,10,232,1
2025,"Stanford","ACC",8,14398,140,248,1695,8,7,259,755,6,2450,4,11,136,117,39,10,15,49,432,15,254,0,4,33,0,1,19,1
2025,"Syracuse","ACC",8,14188,184,314,2284,16,10,268,907,10,3191,6,16,171,113,40,12,24,50,454,20,376,0,7,23,0,5,61,0
2025,"TCU","Big 12",8,13509,190,292,2412,22,7,250,997,13,3409,3,10,174,109,55,9,15,54,520,16,368,0,6,11,0,9,146,1
2025,"Temple","American Athletic",8,15240,148,228,1734,23,0,290,1388,10,3122,1,1,160,107,43,10,12,40,438,15,245,0,12,174,0,6,76,1
2025,"Tennessee","SEC",8,12996,184,281,2571,20,6,298,1545,23,4116,3,9,211,95,45,8,9,60,502,4,117,0,15,156,0,5,107,2
2025,"Texas","SEC",8,14177,152,248,1887,16,6,283,1121,10,3008,1,7,144,117,45,5,12,64,525,10,164,0,16,408,2,9,30,0
2025,"Texas A&M","SEC",8,15451,141,231,2073,18,7,315,1605,19,3678,0,7,187,102,43,6,9,63,537,12,328,0,18,362,2,2,13,0
2025,"Texas State","Sun Belt",8,13964,150,227,2032,10,5,355,1744,24,3776,6,11,176,120,59,10,18,53,428,21,492,0,6,39,0,3,2,0
2025,"Texas Tech","Big 12",8,14190,186,280,2389,22,6,301,1610,19,3999,4,10,196,117,59,4,9,59,512,12,351,1,20,214,0,8,88,1
2025,"Toledo","Mid-American",8,15115,167,256,2026,17,6,303,1473,14,3499,2,8,180,111,43,3,14,63,555,14,261,0,22,227,1,7,44,1
2025,"Troy","Sun Belt",8,14160,136,229,1662,13,7,294,1069,13,2731,2,9,154,119,52,12,18,44,416,21,346,0,12,84,0,7,140,3
2025,"Tulane","American Athletic",7,13140,128,211,1566,7,2,260,1267,13,2833,4,6,156,99,43,5,11,55,507,13,289,0,9,50,0,6,27,0
2025,"Tulsa","American Athletic",8,13594,174,289,1846,12,7,303,1205,9,3051,5,12,171,131,47,16,26,40,301,20,383,0,8,44,0,5,42,0
2025,"UAB","American Athletic",7,12645,183,263,2051,13,6,199,859,13,2910,4,10,151,91,40,10,18,57,449,24,521,1,6,62,0,3,2,0
2025,"UCF","Big 12",7,13225,150,241,1659,6,4,250,1459,17,3118,4,8,147,102,36,15,24,51,410,12,303,1,12,111,0,5,6,0
2025,"UCLA","Big Ten",8,14168,148,236,1468,10,7,264,1296,7,2764,3,10,149,106,39,13,21,67,597,22,391,0,8,43,0,3,36,0
2025,"UConn","FBS Independents",8,13920,198,295,2427,20,0,248,1349,16,3776,1,1,167,114,45,9,13,36,347,19,389,0,13,101,0,5,29,0
2025,"UL Monroe","Sun Belt",8,14471,110,203,1195,11,9,279,1408,8,2603,5,14,141,102,38,7,14,57,500,11,95,0,7,61,0,4,15,0
2025,"UNLV","Mountain West",7,12794,131,194,1671,13,4,255,1461,16,3132,2,6,156,85,39,5,8,58,538,13,249,0,7,73,2,10,180,2
2025,"USC","Big Ten",7,12808,158,228,2283,16,4,237,1423,19,3706,6,10,180,80,43,10,14,43,413,14,267,0,4,32,0,9,211,2
2025,"Utah","Big 12",8,15168,158,236,1678,16,4,351,2140,24,3818,4,8,206,106,58,10,16,51,435,7,66,0,17,198,0,7,130,1
2025,"Utah State","Mountain West",8,12819,154,239,2023,18,3,262,1287,15,3310,4,7,160,99,30,5,8,60,442,12,203,0,9,30,0,6,50,0
2025,"UTEP","Conference USA",8,12317,155,278,1731,13,13,242,872,8,2603,3,16,127,118,34,12,22,47,441,20,272,0,18,94,0,3,5,0
2025,"UTSA","American Athletic",7,12648,143,226,1395,14,4,230,1332,13,2727,3,7,131,92,34,5,16,50,456,11,219,0,10,47,0,4,44,1
2025,"Vanderbilt","SEC",8,14766,147,219,1842,16,5,258,1632,24,3474,2,7,181,80,42,5,9,55,511,11,289,0,10,91,1,4,18,0
2025,"Virginia","ACC",8,15073,179,273,2009,13,6,312,1503,21,3512,0,6,176,127,63,9,17,45,383,7,265,1,18,200,0,8,85,1
2025,"Virginia Tech","ACC",8,14646,141,237,1516,14,6,294,1483,9,2999,4,10,165,112,48,6,12,60,547,22,428,0,13,99,0,3,11,0
2025,"Wake Forest","ACC",7,11882,127,225,1714,8,6,232,1048,13,2762,5,11,126,105,38,4,9,56,505,10,271,1,13,93,0,4,8,0
2025,"Washington","Big Ten",8,14228,167,230,2179,15,4,279,1346,21,3525,2,6,193,92,51,7,12,50,457,20,459,0,8,120,1,8,108,1
2025,"Washington State","Pac-12",8,15479,167,252,1702,13,9,250,830,7,2532,4,13,148,103,38,9,11,47,355,9,152,0,11,90,0,1,-5,0
2025,"Western Kentucky","Conference USA",8,13982,206,307,2289,14,6,244,970,12,3259,5,11,172,113,53,4,9,53,557,14,336,1,3,7,0,6,43,1
2025,"Western Michigan","Mid-American",8,15326,127,211,1300,7,4,326,1248,14,2548,7,11,147,119,50,8,19,34,289,20,473,0,16,96,0,5,76,1
2025,"West Virginia","Big 12",8,12436,127,214,1412,6,6,356,1410,15,2822,6,12,155,117,33,11,28,46,411,8,154,0,9,73,0,8,121,0
2025,"Wisconsin","Big Ten",8,14935,114,197,1217,7,10,272,898,5,2115,1,11,124,102,35,10,16,31,272,14,367,1,5,49,0,4,17,0
2025,"Wyoming","Mountain West",8,13959,151,251,1669,11,7,271,1263,9,2932,5,12,163,102,38,8,14,53,451,6,105,0,15,181,1,7,82,1
