player,college_team,college_seasons_played,career_college_passing_yards,avg_college_passing_yards_per_season,career_college_passing_tds,avg_college_passing_tds_per_season,career_college_rushing_yards,avg_college_rushing_yards_per_season,career_college_rushing_tds,avg_college_rushing_tds_per_season,career_college_completions,avg_college_completions_per_season,career_college_attempts,avg_college_attempts_per_season
"A.J. Augustine",VMI,2,54,27.0,0,0.00,-2,-1.0,0,0.00,7,3.5,19,9.5
"A.J. Derby",Iowa,1,30,30.0,0,0.00,NULL,NULL,NULL,NULL,3,3.0,6,6.0
"A.J. Duffy","Florida State",2,26,13.0,1,0.50,10,5.0,0,0.00,2,1.0,7,3.5
"A.J. Duffy","New Haven",1,1826,1826.0,18,18.00,156,156.0,3,3.00,161,161.0,273,273.0
"A.J. Erdely","Middle Tennessee",1,0,0.0,0,0.00,29,29.0,1,1.00,0,0.0,1,1.0
"A.J. Erdely",UAB,2,3861,1930.5,23,11.50,577,288.5,18,9.00,317,158.5,537,268.5
"A.J. Graham",Marshall,2,809,404.5,7,3.50,246,123.0,4,2.00,74,37.0,115,57.5
"A.J. Schurr",Army,4,868,217.0,7,1.75,853,213.3,14,3.50,45,11.3,100,25.0
"Aaron Allen","Alcorn State",2,3685,1842.5,22,11.00,108,54.0,3,1.50,311,155.5,493,246.5
"Aaron Allen","Louisiana Tech",4,1715,428.8,10,2.50,-19,-4.8,0,0.00,169,42.3,279,69.8
"Aaron Angelos","Delaware State",1,484,484.0,3,3.00,-32,-32.0,0,0.00,44,44.0,78,78.0
"Aaron Angelos",Lafayette,1,157,157.0,0,0.00,-19,-19.0,0,0.00,11,11.0,17,17.0
"Aaron Bailey",Illinois,2,122,61.0,2,1.00,203,101.5,4,2.00,13,6.5,27,13.5
"Aaron Bailey","Northern Iowa",2,249,124.5,2,1.00,199,99.5,1,0.50,26,13.0,46,23.0
"Aaron Banks",Purdue,1,4,4.0,0,0.00,NULL,NULL,NULL,NULL,1,1.0,1,1.0
"Aaron Cantu","Southern Utah",2,535,267.5,2,1.00,-33,-16.5,0,0.00,57,28.5,87,43.5
"Aaron Corp",Richmond,2,376,188.0,1,0.50,40,20.0,0,0.00,32,16.0,63,31.5
"Aaron Corp",USC,2,169,84.5,1,0.50,7,3.5,0,0.00,19,9.5,30,15.0
"Aaron McLaughlin","Jacksonville State",1,149,149.0,0,0.00,74,74.0,0,0.00,11,11.0,22,22.0
"Aaron Mclaughlin","NC State",1,NULL,NULL,NULL,NULL,0,0.0,0,0.00,NULL,NULL,NULL,NULL
"Aaron Munoz","UL Monroe",2,56,28.0,0,0.00,3,1.5,0,0.00,1,0.5,3,1.5
"Aaron Murray",Georgia,4,13166,3291.5,121,30.25,388,97.0,16,4.00,921,230.3,1478,369.5
"Aaron Opelt",Toledo,4,6804,1701.0,46,11.50,537,134.3,16,4.00,625,156.3,1074,268.5
"Aaron Pankratz","Bowling Green",2,572,286.0,4,2.00,-22,-11.0,0,0.00,40,20.0,90,45.0
"Aaron Philo","Georgia Tech",2,938,469.0,2,1.00,95,47.5,1,0.50,59,29.5,102,51.0
"Aaron Winchester","Central Connecticut",1,231,231.0,1,1.00,-11,-11.0,0,0.00,17,17.0,22,22.0
"Aaron Winchester","Georgia State",3,721,240.3,5,1.67,401,133.7,2,0.67,61,20.3,111,37.0
"Aaron Zwahlen",Hawai'i,1,32,32.0,0,0.00,0,0.0,0,0.00,3,3.0,10,10.0
"Aaron Zwahlen","Southern Utah",1,57,57.0,0,0.00,-12,-12.0,0,0.00,6,6.0,13,13.0
"Abram Johnston","Northwestern State",2,1206,603.0,7,3.50,186,93.0,2,1.00,96,48.0,180,90.0
"Achilles Ringo","Alcorn State",1,0,0.0,0,0.00,NULL,NULL,NULL,NULL,0,0.0,1,1.0
"Adam Browner","Tennessee Tech",1,0,0.0,0,0.00,NULL,NULL,NULL,NULL,0,0.0,1,1.0
"Adam Damante","Northern Arizona",1,1048,1048.0,6,6.00,-49,-49.0,0,0.00,106,106.0,156,156.0
"Adam Dingwell","San Diego State",3,1257,419.0,8,2.67,84,28.0,1,0.33,110,36.7,213,71.0
"Adam Follett",Indiana,1,13,13.0,0,0.00,NULL,NULL,NULL,NULL,1,1.0,3,3.0
"Adam Froman",Louisville,2,2987,1493.5,17,8.50,153,76.5,2,1.00,243,121.5,403,201.5
"Adam Kennedy","Arkansas State",1,2363,2363.0,11,11.00,524,524.0,4,4.00,218,218.0,315,315.0
"Adam Kennedy","Utah State",2,972,486.0,11,5.50,244,122.0,0,0.00,77,38.5,111,55.5
"Adam Schulz",Houston,1,129,129.0,0,0.00,16,16.0,1,1.00,7,7.0,13,13.0
"Adam Schulz",Utah,3,1091,363.7,6,2.00,78,26.0,1,0.33,79,26.3,158,52.7
"Adam Urena",Mercyhurst,2,4458,2229.0,39,19.50,-271,-135.5,0,0.00,437,218.5,661,330.5
"Adam Weber",Minnesota,4,10917,2729.3,72,18.00,873,218.3,10,2.50,909,227.3,1594,398.5
"Adri Kollock Jr","South Carolina State",1,12,12.0,0,0.00,-17,-17.0,0,0.00,3,3.0,10,10.0
"Adrian Martinez","Kansas State",1,1261,1261.0,6,6.00,627,627.0,10,10.00,118,118.0,184,184.0
"Adrian Martinez",Nebraska,4,8491,2122.8,45,11.25,2301,575.3,35,8.75,670,167.5,1055,263.8
"Adrian Mejia","St. Francis (PA)",3,251,83.7,2,0.67,51,17.0,0,0.00,36,12.0,59,19.7
"Aedan McDermott",UAlbany,1,NULL,NULL,NULL,NULL,NULL,NULL,NULL,NULL,NULL,NULL,NULL,NULL
"Ah-Shaun Davis",Lafayette,3,704,234.7,6,2.00,52,17.3,0,0.00,81,27.0,142,47.3
"Ahmad Bradshaw",Army,3,1386,462.0,10,3.33,3023,1007.7,27,9.00,75,25.0,174,58.0
"Ahmad Green","The Citadel",2,198,99.0,1,0.50,72,36.0,0,0.00,16,8.0,33,16.5
"Ahmad Haston",Massachusetts,2,215,107.5,2,1.00,228,114.0,1,0.50,19,9.5,26,13.0
"Aidan Armenta","UL Monroe",2,2204,1102.0,17,8.50,100,50.0,2,1.00,189,94.5,344,172.0
"Aidan Bouman","South Dakota",4,7806,1951.5,52,13.00,-237,-59.3,3,0.75,593,148.3,916,229.0
"Aidan Chiles","Michigan State",2,3807,1903.5,23,11.50,461,230.5,9,4.50,320,160.0,527,263.5
"Aidan Chiles","Oregon State",1,309,309.0,4,4.00,79,79.0,3,3.00,24,24.0,35,35.0
"Aidan Gilman",Brown,1,572,572.0,2,2.00,53,53.0,0,0.00,68,68.0,113,113.0
"Aidan Leffler","Ball State",2,6,3.0,0,0.00,NULL,NULL,NULL,NULL,2,1.0,7,3.5
"Aidan O'Connell",Purdue,4,9208,2302.0,65,16.25,-274,-68.5,2,0.50,824,206.0,1236,309.0
"Aidan Sayin",Pennsylvania,4,6104,1526.0,39,9.75,29,7.3,4,1.00,617,154.3,964,241.0
"Aidan Semo",UAlbany,1,66,66.0,1,1.00,16,16.0,2,2.00,3,3.0,6,6.0
"Aidan Smith",Northwestern,1,770,770.0,3,3.00,211,211.0,1,1.00,85,85.0,170,170.0
"Aidan Warner",Florida,1,228,228.0,0,0.00,-8,-8.0,1,1.00,21,21.0,50,50.0
"Aidan Willard","Oregon State",1,0,0.0,0,0.00,-15,-15.0,0,0.00,0,0.0,1,1.0
"Aiden Dunne","Northern Iowa",4,1089,272.3,10,2.50,211,52.8,1,0.25,100,25.0,166,41.5
"Aiden McCown",Lamar,1,948,948.0,7,7.00,159,159.0,3,3.00,78,78.0,120,120.0
"AJ Bianco",Nevada,3,889,296.3,6,2.00,208,69.3,1,0.33,76,25.3,132,44.0
"AJ Bush",Illinois,1,1413,1413.0,6,6.00,733,733.0,8,8.00,117,117.0,217,217.0
"AJ Bush","Virginia Tech",1,99,99.0,1,1.00,129,129.0,0,0.00,7,7.0,11,11.0
"AJ Hairston",Massachusetts,2,1292,646.0,8,4.00,-43,-21.5,1,0.50,122,61.0,247,123.5
"AJ Hill",Memphis,1,175,175.0,1,1.00,NULL,NULL,NULL,NULL,13,13.0,25,25.0
"AJ Long",Syracuse,1,935,935.0,4,4.00,-4,-4.0,2,2.00,89,89.0,165,165.0
"AJ Mayer","Arkansas State",1,214,214.0,2,2.00,169,169.0,2,2.00,19,19.0,39,39.0
"AJ Mayer","Miami (OH)",3,1274,424.7,10,3.33,79,26.3,1,0.33,91,30.3,174,58.0
"AJ McCarron",Alabama,4,9019,2254.8,77,19.25,-64,-16.0,3,0.75,686,171.5,1026,256.5
"AJ Padgett",Rice,2,1355,677.5,13,6.50,29,14.5,2,1.00,110,55.0,194,97.0
"AJ Simpkins",Columbia,1,31,31.0,0,0.00,-1,-1.0,0,0.00,1,1.0,1,1.0
"AJ Surace",Rutgers,1,58,58.0,2,2.00,-5,-5.0,0,0.00,4,4.0,9,9.0
"AJ Swann","App State",1,1082,1082.0,8,8.00,25,25.0,0,0.00,88,88.0,143,143.0
"AJ Swann",LSU,1,10,10.0,0,0.00,NULL,NULL,NULL,NULL,2,2.0,4,4.0
"AJ Swann",Vanderbilt,2,2692,1346.0,22,11.00,-65,-32.5,1,0.50,221,110.5,394,197.0
"Ajani Sheppard",Rutgers,2,23,11.5,0,0.00,34,17.0,0,0.00,2,1.0,2,1.0
"Akevious Williams",Bethune-Cookman,3,243,81.0,3,1.00,118,39.3,2,0.67,27,9.0,45,15.0
"Al Cobb",VMI,3,1083,361.0,6,2.00,12,4.0,0,0.00,110,36.7,162,54.0
"Alaka'I Yuen","Tarleton State",1,0,0.0,0,0.00,NULL,NULL,NULL,NULL,0,0.0,1,1.0
"Alan Bowman",Michigan,2,69,34.5,1,0.50,NULL,NULL,NULL,NULL,8,4.0,11,5.5
"Alan Bowman","Oklahoma State",2,5902,2951.0,32,16.00,-14,-7.0,2,1.00,508,254.0,841,420.5
"Alan Bowman","Texas Tech",3,5242,1747.3,33,11.00,-9,-3.0,2,0.67,476,158.7,710,236.7
"Albert Albericci",Rutgers,1,NULL,NULL,NULL,NULL,0,0.0,0,0.00,NULL,NULL,NULL,NULL
"Alberto Mendoza",Indiana,2,190,95.0,3,1.50,67,33.5,1,0.50,14,7.0,20,10.0
"Aldon Clark",Grambling,2,156,78.0,0,0.00,36,18.0,0,0.00,21,10.5,42,21.0
"Alec Lewis","Northern Colorado",1,8,8.0,0,0.00,-7,-7.0,0,0.00,2,2.0,3,3.0
"Alec Morris",Alabama,1,6,6.0,0,0.00,NULL,NULL,NULL,NULL,1,1.0,1,1.0
"Alec Morris","North Texas",1,1126,1126.0,9,9.00,-12,-12.0,0,0.00,105,105.0,185,185.0
"Alejandro Bennifield",Chattanooga,3,131,43.7,0,0.00,35,11.7,0,0.00,19,6.3,26,8.7
"Aleks Sitkowski",Colgate,2,51,25.5,0,0.00,142,71.0,1,0.50,9,4.5,17,8.5
"Alessio Milivojevic","Michigan State",2,281,140.5,3,1.50,12,6.0,1,0.50,22,11.0,38,19.0
"Alex Carder","Western Michigan",4,8703,2175.8,74,18.50,600,150.0,10,2.50,747,186.8,1184,296.0
"Alex Cate","Oklahoma State",2,56,28.0,0,0.00,28,14.0,1,0.50,4,2.0,14,7.0
"Alex Delton","Kansas State",4,1202,300.5,5,1.25,868,217.0,11,2.75,96,24.0,171,42.8
"Alex Delton",TCU,1,318,318.0,0,0.00,100,100.0,0,0.00,27,27.0,50,50.0
"Alex Flinn","East Carolina",1,1558,1558.0,6,6.00,178,178.0,0,0.00,159,159.0,290,290.0
"Alex Flores",McNeese,2,403,201.5,2,1.00,-6,-3.0,0,0.00,40,20.0,62,31.0
"Alex Gevaudan",Mercyhurst,2,326,163.0,3,1.50,NULL,NULL,NULL,NULL,26,13.0,44,22.0
"Alex Gillett","Eastern Michigan",4,4301,1075.3,34,8.50,2321,580.3,14,3.50,338,84.5,635,158.8
"Alex Hawkom","Central Connecticut",1,23,23.0,0,0.00,5,5.0,0,0.00,1,1.0,2,2.0
"Alex Hornibrook","Florida State",1,986,986.0,7,7.00,-71,-71.0,0,0.00,84,84.0,122,122.0
"Alex Hornibrook",Wisconsin,3,5438,1812.7,47,15.67,-246,-82.0,0,0.00,426,142.0,704,234.7
"Alex James Malzone","Miami (OH)",1,0,0.0,0,0.00,NULL,NULL,NULL,NULL,0,0.0,4,4.0
"Alex Kuresa",BYU,1,NULL,NULL,NULL,NULL,9,9.0,0,0.00,NULL,NULL,NULL,NULL
"Alex Kuresa","Portland State",2,613,306.5,4,2.00,134,67.0,0,0.00,39,19.5,70,35.0
"Alex Manske","Iowa State",1,28,28.0,0,0.00,31,31.0,1,1.00,4,4.0,5,5.0
"Alex McClelland","Rhode Island",1,NULL,NULL,NULL,NULL,16,16.0,0,0.00,NULL,NULL,NULL,NULL
"Alex McGough","Florida International",4,9091,2272.8,65,16.25,535,133.8,16,4.00,806,201.5,1335,333.8
"Alex Niznak","Central Michigan",1,138,138.0,0,0.00,-9,-9.0,0,0.00,13,13.0,27,27.0
"Alex Ogle","Boise State",1,NULL,NULL,NULL,NULL,5,5.0,0,0.00,NULL,NULL,NULL,NULL
"Alex Orji",Michigan,3,156,52.0,3,1.00,392,130.7,4,1.33,27,9.0,50,16.7
"Alex Orji",UNLV,1,37,37.0,0,0.00,42,42.0,1,1.00,3,3.0,3,3.0
"Alex Padilla",Iowa,3,821,273.7,3,1.00,-53,-17.7,1,0.33,77,25.7,157,52.3
"Alex Padilla",SMU,1,59,59.0,0,0.00,NULL,NULL,NULL,NULL,5,5.0,7,7.0
"Alex Pettee",Toledo,3,399,133.0,1,0.33,-15,-5.0,1,0.33,39,13.0,65,21.7
"Alex Piccirilli",Stetson,2,334,167.0,4,2.00,15,7.5,0,0.00,24,12.0,44,22.0
"Alex Ramart",Akron,1,61,61.0,1,1.00,-11,-11.0,0,0.00,9,9.0,32,32.0
"Alex Ross","Coastal Carolina",1,168,168.0,1,1.00,6,6.0,0,0.00,15,15.0,25,25.0
"Alex Rosso",Colgate,1,NULL,NULL,NULL,NULL,-1,-1.0,0,0.00,NULL,NULL,NULL,NULL
"Alex Thomson",Marshall,2,629,314.5,6,3.00,72,36.0,1,0.50,61,30.5,109,54.5
"Alex Thomson",Wagner,2,527,263.5,2,1.00,18,9.0,1,0.50,46,23.0,80,40.0
"Alex Walker","Coastal Carolina",1,NULL,NULL,NULL,NULL,-3,-3.0,0,0.00,NULL,NULL,NULL,NULL
"Alex Zordich",Buffalo,4,1789,447.3,10,2.50,729,182.3,3,0.75,155,38.8,326,81.5
"Allan Bridgford",California,2,461,230.5,1,0.50,-1,-0.5,1,0.50,44,22.0,100,50.0
"Allan Bridgford","Southern Miss",1,1133,1133.0,6,6.00,-81,-81.0,0,0.00,112,112.0,207,207.0
"Allan Walters",Vanderbilt,1,36,36.0,0,0.00,NULL,NULL,NULL,NULL,2,2.0,9,9.0
"Alonza Barnett","James Madison",4,4141,1035.3,39,9.75,858,214.5,18,4.50,339,84.8,565,141.3
"Alonzo Highsmith",Miami,1,18,18.0,0,0.00,-1,-1.0,0,0.00,4,4.0,7,7.0
"Alston Hooker","North Carolina A&T",2,199,99.5,1,0.50,34,17.0,0,0.00,15,7.5,28,14.0
"Amari Jones",Bethune-Cookman,1,NULL,NULL,NULL,NULL,3,3.0,0,0.00,NULL,NULL,NULL,NULL
"Amari Jones","Florida International",1,101,101.0,1,1.00,21,21.0,0,0.00,7,7.0,12,12.0
"Amari Odom","Kennesaw State",1,1045,1045.0,5,5.00,204,204.0,4,4.00,74,74.0,106,106.0
"Amari Odom",Wofford,2,1657,828.5,7,3.50,-62,-31.0,0,0.00,126,63.0,229,114.5
"Amari Powell","St. Thomas (MN)",4,1054,263.5,11,2.75,105,26.3,2,0.50,67,16.8,126,31.5
"Ameer Dudley","Robert Morris",1,7,7.0,0,0.00,24,24.0,0,0.00,1,1.0,5,5.0
"Ammon Olsen",BYU,1,4,4.0,0,0.00,4,4.0,0,0.00,1,1.0,3,3.0
"Ammon Olsen","Southern Utah",3,459,153.0,3,1.00,40,13.3,0,0.00,40,13.3,77,25.7
"Andre Nunez",Louisiana,2,3055,1527.5,24,12.00,-12,-6.0,4,2.00,243,121.5,386,193.0
"Andre Sale","Tennessee Tech",1,239,239.0,0,0.00,-33,-33.0,0,0.00,19,19.0,34,34.0
"Andre Washington","Alcorn State",1,7,7.0,0,0.00,38,38.0,0,0.00,3,3.0,8,8.0
"Andre Washington","South Carolina State",2,211,105.5,0,0.00,204,102.0,3,1.50,16,8.0,42,21.0
"Andrew Banks","Middle Tennessee",3,30,10.0,0,0.00,9,3.0,0,0.00,2,0.7,3,1.0
"Andrew Blaylock",Florida,1,NULL,NULL,NULL,NULL,6,6.0,0,0.00,NULL,NULL,NULL,NULL
"Andrew Body","Alabama State",2,1718,859.0,20,10.00,622,311.0,4,2.00,112,56.0,159,79.5
"Andrew Body","Texas Southern",3,2478,826.0,16,5.33,749,249.7,6,2.00,189,63.0,345,115.0
"Andrew Brito",Massachusetts,2,825,412.5,7,3.50,-86,-43.0,0,0.00,94,47.0,171,85.5
"Andrew Brito",UCF,1,35,35.0,0,0.00,6,6.0,0,0.00,2,2.0,2,2.0
"Andrew Bunch",Nebraska,2,333,166.5,2,1.00,39,19.5,0,0.00,32,16.0,53,26.5
"Andrew Clifford","South Carolina",3,33,11.0,1,0.33,17,5.7,0,0.00,3,1.0,5,1.7
"Andrew Ford",Massachusetts,3,6929,2309.7,57,19.00,-296,-98.7,4,1.33,557,185.7,892,297.3
"Andrew Frazier",Davidson,3,555,185.0,5,1.67,445,148.3,4,1.33,36,12.0,56,18.7
"Andrew Frerking",Baylor,1,NULL,NULL,NULL,NULL,3,3.0,0,0.00,NULL,NULL,NULL,NULL
"Andrew Haidet","Houston Christian",1,15,15.0,0,0.00,NULL,NULL,NULL,NULL,1,1.0,1,1.0
"Andrew Haidet","Northern Illinois",1,44,44.0,1,1.00,3,3.0,1,1.00,3,3.0,6,6.0
"Andrew Harvey",Miami,1,NULL,NULL,NULL,NULL,NULL,NULL,NULL,NULL,NULL,NULL,NULL,NULL
"Andrew Hendrix","Miami (OH)",1,3280,3280.0,23,23.00,324,324.0,6,6.00,222,222.0,458,458.0
"Andrew Hendrix","Notre Dame",3,360,120.0,1,0.33,229,76.3,2,0.67,25,8.3,58,19.3
"Andrew Indorf",Towson,1,1502,1502.0,9,9.00,43,43.0,0,0.00,123,123.0,206,206.0
"Andrew Janocko",Pittsburgh,2,0,0.0,0,0.00,-4,-2.0,0,0.00,0,0.0,1,0.5
"Andrew Luck",Stanford,3,9430,3143.3,82,27.33,957,319.0,7,2.33,713,237.7,1064,354.7
"Andrew Manley","Eastern Illinois",1,200,200.0,2,2.00,15,15.0,1,1.00,18,18.0,34,34.0
"Andrew Manley","New Mexico State",3,4260,1420.0,25,8.33,-262,-87.3,2,0.67,332,110.7,614,204.7
"Andrew Marty",Northwestern,3,857,285.7,8,2.67,326,108.7,5,1.67,80,26.7,132,44.0
"Andrew Matyk","Florida Atlantic",1,NULL,NULL,NULL,NULL,11,11.0,0,0.00,NULL,NULL,NULL,NULL
"Andrew Maxwell","Michigan State",4,3014,753.5,14,3.50,-132,-33.0,0,0.00,278,69.5,530,132.5
"Andrew McDonald","New Mexico State",2,2500,1250.0,15,7.50,255,127.5,4,2.00,234,117.0,353,176.5
"Andrew McNulty","North Texas",4,2509,627.3,10,2.50,92,23.0,3,0.75,225,56.3,430,107.5
"Andrew Peasley","Utah State",4,830,207.5,7,1.75,515,128.8,3,0.75,70,17.5,130,32.5
"Andrew Peasley",Wyoming,2,3565,1782.5,30,15.00,758,379.0,9,4.50,310,155.0,541,270.5
"Andrew Schorfaar","Michigan State",1,-3,-3.0,0,0.00,-7,-7.0,0,0.00,2,2.0,2,2.0
"Andrew Spivey","Austin Peay",1,245,245.0,0,0.00,-40,-40.0,0,0.00,29,29.0,55,55.0
"Andrew Zimmerman","North Dakota",1,5,5.0,0,0.00,NULL,NULL,NULL,NULL,1,1.0,2,2.0
"Andy Dalton",TCU,4,10314,2578.5,71,17.75,1611,402.8,22,5.50,812,203.0,1317,329.3
"Andy Maddox",Michigan,1,4,4.0,0,0.00,NULL,NULL,NULL,NULL,1,1.0,1,1.0
"Andy Peters","Boise State",1,26,26.0,0,0.00,1,1.0,0,0.00,4,4.0,8,8.0
"Andy Peters","St. Thomas (MN)",1,1548,1548.0,15,15.00,261,261.0,3,3.00,107,107.0,160,160.0
"Andy Schmitt","Eastern Michigan",4,5867,1466.8,33,8.25,878,219.5,16,4.00,607,151.8,966,241.5
"Andy Summerlin",Memphis,1,469,469.0,0,0.00,-23,-23.0,0,0.00,45,45.0,94,94.0
"Andy Summerlin",Samford,2,414,207.0,2,1.00,-62,-31.0,0,0.00,56,28.0,83,41.5
"Andy Vailas","New Hampshire",4,373,93.3,1,0.25,41,10.3,0,0.00,39,9.8,65,16.3
"Angel H Flores","Central Michigan",1,195,195.0,2,2.00,519,519.0,8,8.00,19,19.0,27,27.0
"Angel H Flores","Northern Arizona",2,718,359.0,6,3.00,299,149.5,7,3.50,56,28.0,78,39.0
"Angel Santiago",Army,4,1164,291.0,3,0.75,1581,395.3,21,5.25,88,22.0,187,46.8
"Anthony Alford","Ole Miss",1,NULL,NULL,NULL,NULL,NULL,NULL,NULL,NULL,NULL,NULL,NULL,NULL
"Anthony Alford","Southern Miss",1,664,664.0,2,2.00,329,329.0,6,6.00,57,57.0,127,127.0
"Anthony Benzija",Stetson,2,NULL,NULL,NULL,NULL,40,20.0,3,1.50,NULL,NULL,NULL,NULL
"Anthony Boone",Duke,4,5789,1447.3,38,9.50,800,200.0,16,4.00,540,135.0,923,230.8
"Anthony Brown","Boston College",3,4738,1579.3,40,13.33,426,142.0,4,1.33,373,124.3,680,226.7
"Anthony Brown",Oregon,2,3153,1576.5,20,10.00,698,349.0,11,5.50,265,132.5,413,206.5
"Anthony Budak",Mercyhurst,1,NULL,NULL,NULL,NULL,-5,-5.0,0,0.00,NULL,NULL,NULL,NULL
"Anthony Chiccitt","Robert Morris",3,4376,1458.7,32,10.67,102,34.0,5,1.67,419,139.7,659,219.7
"Anthony Colandrea",UNLV,1,1618,1618.0,12,12.00,410,410.0,4,4.00,127,127.0,190,190.0
"Anthony Colandrea",Virginia,2,4083,2041.5,26,13.00,502,251.0,2,1.00,352,176.0,566,283.0
"Anthony Cooper","Southeast Missouri State",1,74,74.0,0,0.00,21,21.0,1,1.00,8,8.0,15,15.0
"Anthony Garcia",Arizona,1,NULL,NULL,NULL,NULL,1,1.0,0,0.00,NULL,NULL,NULL,NULL
"Anthony Garcia","Utah State",1,53,53.0,2,2.00,35,35.0,1,1.00,4,4.0,4,4.0
"Anthony Gordon","Washington State",2,5592,2796.0,48,24.00,-20,-10.0,0,0.00,496,248.0,694,347.0
"Anthony Grigsby Jr.","Cal Poly",1,282,282.0,2,2.00,21,21.0,1,1.00,18,18.0,33,33.0
"Anthony Harris",Maine,2,143,71.5,1,0.50,-11,-5.5,0,0.00,21,10.5,32,16.0
"Anthony Jennings",Louisiana,1,2169,2169.0,11,11.00,341,341.0,9,9.00,192,192.0,322,322.0
"Anthony Jennings",LSU,2,1792,896.0,12,6.00,310,155.0,2,1.00,124,62.0,256,128.0
"Anthony Lawrence","San Diego",1,71,71.0,0,0.00,-3,-3.0,0,0.00,9,9.0,14,14.0
"Anthony Maddie","Northern Illinois",2,1440,720.0,8,4.00,759,379.5,8,4.00,125,62.5,209,104.5
"Anthony Magazu","Kent State",3,460,153.3,3,1.00,30,10.0,1,0.33,35,11.7,75,25.0
"Anthony Neyer",USC,1,NULL,NULL,NULL,NULL,5,5.0,0,0.00,NULL,NULL,NULL,NULL
"Anthony Njoku",Davidson,2,NULL,NULL,NULL,NULL,NULL,NULL,NULL,NULL,NULL,NULL,NULL,NULL
"Anthony Paoletti",Delaware,2,6,3.0,0,0.00,71,35.5,1,0.50,1,0.5,2,1.0
"Anthony Richardson",Florida,3,3105,1035.0,24,8.00,1116,372.0,12,4.00,215,71.7,393,131.0
"Anthony Russo","Michigan State",1,43,43.0,0,0.00,10,10.0,0,0.00,7,7.0,9,9.0
"Anthony Russo",Temple,3,6287,2095.7,44,14.67,21,7.0,7,2.33,536,178.7,899,299.7
"Anthony Thompson","Indiana State",1,132,132.0,1,1.00,-4,-4.0,0,0.00,21,21.0,34,34.0
"Anthony Thompson","Northern Illinois",3,-5,-1.7,0,0.00,10,3.3,0,0.00,1,0.3,1,0.3
"Anthony Vitto","Eastern Washington",2,54,27.0,0,0.00,-8,-4.0,0,0.00,5,2.5,8,4.0
"Antonio Bostick","Savannah St",2,113,56.5,0,0.00,-2,-1.0,0,0.00,17,8.5,51,25.5
"Antwon McKay Jr.","Western Illinois",2,14,7.0,1,0.50,15,7.5,0,0.00,1,0.5,3,1.5
"Anu Solomon",Arizona,3,6922,2307.3,49,16.33,437,145.7,5,1.67,555,185.0,933,311.0
"Anu Solomon",Baylor,1,399,399.0,4,4.00,106,106.0,0,0.00,24,24.0,55,55.0
"Aqeel Glass","Alabama A&M",3,299,99.7,2,0.67,-39,-13.0,0,0.00,34,11.3,75,25.0
"Arch Manning",Texas,3,2763,921.0,24,8.00,314,104.7,10,3.33,206,68.7,330,110.0
"Ari Patu","North Alabama",2,996,498.0,6,3.00,182,91.0,3,1.50,93,46.5,172,86.0
"Ari Patu",Stanford,3,150,50.0,3,1.00,76,25.3,0,0.00,17,5.7,31,10.3
"Arion Worthman","Air Force",3,1723,574.3,14,4.67,1583,527.7,20,6.67,83,27.7,164,54.7
"Arkelon Hall",Memphis,2,2607,1303.5,12,6.00,203,101.5,3,1.50,235,117.5,417,208.5
"Armani Rogers",Ohio,2,382,191.0,1,0.50,666,333.0,9,4.50,32,16.0,56,28.0
"Armani Rogers",UNLV,3,2465,821.7,18,6.00,1549,516.3,18,6.00,192,64.0,385,128.3
"Arrington Maiden",Memphis,2,NULL,NULL,NULL,NULL,34,17.0,0,0.00,NULL,NULL,NULL,NULL
"Arsenio Favor","Southern Miss",2,658,329.0,3,1.50,174,87.0,3,1.50,38,19.0,70,35.0
"Artur Sitkowski",Illinois,2,807,403.5,6,3.00,49,24.5,0,0.00,92,46.0,173,86.5
"Artur Sitkowski",Rutgers,3,2019,673.0,8,2.67,-71,-23.7,0,0.00,228,76.0,417,139.0
"Asher O'Hara","Middle Tennessee",3,4668,1556.0,32,10.67,1718,572.7,16,5.33,409,136.3,641,213.7
"Asher O'Hara","Sacramento State",2,829,414.5,9,4.50,934,467.0,21,10.50,79,39.5,113,56.5
"Asher Weiner",Princeton,2,2,1.0,0,0.00,55,27.5,3,1.50,1,0.5,1,0.5
"Ashley Tucker Jr.","Alabama A&M",3,72,24.0,0,0.00,15,5.0,0,0.00,3,1.0,6,2.0
"Ashten Snelsire",Richmond,3,656,218.7,6,2.00,152,50.7,1,0.33,46,15.3,82,27.3
"Ashton Cook","Iowa State",1,32,32.0,0,0.00,NULL,NULL,NULL,NULL,4,4.0,4,4.0
"Ashton Daniels",Auburn,1,77,77.0,0,0.00,35,35.0,0,0.00,6,6.0,8,8.0
"Ashton Daniels",Stanford,3,3986,1328.7,21,7.00,1121,373.7,9,3.00,366,122.0,604,201.3
"Ashton Frye",Grambling,2,151,75.5,1,0.50,19,9.5,1,0.50,21,10.5,33,16.5
"Ashton Frye","Jacksonville State",1,51,51.0,0,0.00,31,31.0,0,0.00,5,5.0,11,11.0
"Ashton Glaser",Missouri,1,NULL,NULL,NULL,NULL,3,3.0,0,0.00,NULL,NULL,NULL,NULL
"Ashton Glaser","Missouri State",1,382,382.0,1,1.00,-1,-1.0,0,0.00,36,36.0,67,67.0
"Ashur Carraha",Stonehill,3,3449,1149.7,26,8.67,336,112.0,2,0.67,304,101.3,601,200.3
"Athan Kaliakmanis",Minnesota,2,2784,1392.0,17,8.50,234,117.0,3,1.50,216,108.0,405,202.5
"Athan Kaliakmanis",Rutgers,2,4919,2459.5,30,15.00,244,122.0,6,3.00,378,189.0,656,328.0
"Au'Tori Newkirk","North Carolina",1,0,0.0,0,0.00,NULL,NULL,NULL,NULL,0,0.0,1,1.0
"Austen Arnaud","Iowa State",4,6777,1694.3,42,10.50,1267,316.8,15,3.75,616,154.0,1031,257.8
"Austen Frattura",Davidson,1,NULL,NULL,NULL,NULL,19,19.0,0,0.00,NULL,NULL,NULL,NULL
"Austin Allen",Arkansas,4,5045,1261.3,36,9.00,-142,-35.5,4,1.00,359,89.8,607,151.8
"Austin Apodaca","New Mexico",2,1377,688.5,6,3.00,225,112.5,3,1.50,110,55.0,207,103.5
"Austin Apodaca","Washington State",1,187,187.0,2,2.00,20,20.0,0,0.00,21,21.0,42,42.0
"Austin Appleby",Florida,1,1447,1447.0,10,10.00,-45,-45.0,0,0.00,127,127.0,209,209.0
"Austin Appleby",Purdue,3,2777,925.7,19,6.33,290,96.7,9,3.00,268,89.3,485,161.7
"Austin Aune","North Texas",4,7324,1831.0,56,14.00,406,101.5,6,1.50,488,122.0,894,223.5
"Austin Boucher","Miami (OH)",4,2314,578.5,14,3.50,92,23.0,0,0.00,201,50.3,363,90.8
"Austin Bradley","Coastal Carolina",1,NULL,NULL,NULL,NULL,-8,-8.0,0,0.00,NULL,NULL,NULL,NULL
"Austin Bradley",Hampton,1,4,4.0,0,0.00,13,13.0,0,0.00,1,1.0,1,1.0
"Austin Bray","Mississippi Valley State",1,146,146.0,1,1.00,1,1.0,1,1.00,19,19.0,36,36.0
"Austin Burton",Purdue,2,317,158.5,3,1.50,66,33.0,0,0.00,41,20.5,63,31.5
"Austin Burton",UCLA,1,365,365.0,1,1.00,100,100.0,1,1.00,44,44.0,64,64.0
"Austin Carlisle",Houston,1,NULL,NULL,NULL,NULL,25,25.0,0,0.00,NULL,NULL,NULL,NULL
"Austin Chipoletti","Weber State",1,50,50.0,0,0.00,10,10.0,0,0.00,16,16.0,27,27.0
"Austin Coulling",VMI,2,67,33.5,0,0.00,8,4.0,0,0.00,6,3.0,11,5.5
"Austin Dantin",Toledo,4,4154,1038.5,31,7.75,581,145.3,10,2.50,381,95.3,586,146.5
"Austin Davis","Southern Miss",4,10892,2723.0,83,20.75,1375,343.8,25,6.25,933,233.3,1527,381.8
"Austin Day",Marist,1,NULL,NULL,NULL,NULL,NULL,NULL,NULL,NULL,NULL,NULL,NULL,NULL
"Austin Ewing","Southern Utah",1,18,18.0,0,0.00,NULL,NULL,NULL,NULL,3,3.0,5,5.0
"Austin Grammer","Middle Tennessee",3,2792,930.7,19,6.33,681,227.0,9,3.00,248,82.7,393,131.0
"Austin Green","Eastern Illinois",1,24,24.0,0,0.00,5,5.0,0,0.00,2,2.0,3,3.0
"Austin Hails","South Carolina",1,14,14.0,0,0.00,1,1.0,0,0.00,1,1.0,2,2.0
"Austin Herink","East Tennessee State",1,-3,-3.0,0,0.00,27,27.0,0,0.00,1,1.0,3,3.0
"Austin Hinder",California,2,29,14.5,0,0.00,19,9.5,0,0.00,2,1.0,7,3.5
"Austin Howard",Southern,4,749,187.3,4,1.00,-11,-2.8,0,0.00,71,17.8,128,32.0
"Austin Kendall","Louisiana Tech",1,1884,1884.0,13,13.00,157,157.0,3,3.00,148,148.0,243,243.0
"Austin Kendall",Oklahoma,2,265,132.5,3,1.50,29,14.5,0,0.00,28,14.0,39,19.5
"Austin Kendall","West Virginia",2,2153,1076.5,14,7.00,89,44.5,1,0.50,198,99.0,327,163.5
"Austin Mack",Alabama,2,119,59.5,3,1.50,4,2.0,0,0.00,10,5.0,14,7.0
"Austin Myers","Central Arkansas",3,1158,386.0,11,3.67,-62,-20.7,0,0.00,89,29.7,144,48.0
"Austin Novosad",Oregon,3,99,33.0,0,0.00,NULL,NULL,NULL,NULL,12,4.0,15,5.0
"Austin Parker",Purdue,1,0,0.0,0,0.00,8,8.0,0,0.00,1,1.0,1,1.0
"Austin Reed","Western Kentucky",2,8071,4035.5,71,35.50,332,166.0,12,6.00,679,339.5,1072,536.0
"Austin Scott","Eastern Kentucky",2,64,32.0,0,0.00,-8,-4.0,0,0.00,9,4.5,15,7.5
"Austin Simmons","Ole Miss",2,862,431.0,6,3.00,83,41.5,1,0.50,53,26.5,90,45.0
"Austin Simmons","South Dakota",4,501,125.3,3,0.75,25,6.3,1,0.25,49,12.3,91,22.8
"Austin Skinner","Northwestern State",1,0,0.0,0,0.00,NULL,NULL,NULL,NULL,0,0.0,1,1.0
"Austin Smith","Austin Peay",2,2459,1229.5,17,8.50,298,149.0,5,2.50,223,111.5,353,176.5
"Austin Smith","Eastern Michigan",3,2565,855.0,15,5.00,389,129.7,4,1.33,240,80.0,418,139.3
"Austin Sumner","South Dakota State",4,454,113.5,1,0.25,-39,-9.8,0,0.00,38,9.5,68,17.0
"Austin Tutas",Yale,1,140,140.0,1,1.00,46,46.0,1,1.00,9,9.0,12,12.0
"Austin Whipple",Massachusetts,1,325,325.0,3,3.00,-26,-26.0,0,0.00,25,25.0,48,48.0
"Austin Wilson","Coastal Carolina",1,7,7.0,0,0.00,NULL,NULL,NULL,NULL,1,1.0,4,4.0
"Austin Wilson",Syracuse,3,418,139.3,1,0.33,-38,-12.7,0,0.00,49,16.3,85,28.3
"Austyn Carta-Samuels",Vanderbilt,2,2476,1238.0,12,6.00,142,71.0,5,2.50,207,103.5,306,153.0
"Austyn Carta-Samuels",Wyoming,2,3655,1827.5,19,9.50,758,379.0,6,3.00,345,172.5,578,289.0
"Aveon Smith","Alabama A&M",1,219,219.0,2,2.00,104,104.0,1,1.00,22,22.0,32,32.0
"Aveon Smith",Merrimack,1,91,91.0,0,0.00,193,193.0,1,1.00,6,6.0,19,19.0
"Aveon Smith","Miami (OH)",4,1940,485.0,13,3.25,886,221.5,7,1.75,157,39.3,314,78.5
"Avery Johnson","Kansas State",3,4978,1659.3,45,15.00,1148,382.7,19,6.33,405,135.0,678,226.0
"Ayden Pereira",Maine,1,13,13.0,0,0.00,8,8.0,0,0.00,1,1.0,1,1.0
"Ayden Pereira",Merrimack,2,2220,1110.0,12,6.00,1132,566.0,5,2.50,189,94.5,344,172.0
"B.J. Daniels","South Florida",5,8436,1687.2,52,10.40,2060,412.0,25,5.00,648,129.6,1131,226.2
"B.J. Denker",Arizona,2,2775,1387.5,19,9.50,1023,511.5,14,7.00,258,129.0,418,209.0
"B.R. Holbrook","New Mexico",4,2926,731.5,9,2.25,271,67.8,2,0.50,285,71.3,501,125.3
"Bailey Fisher",Gardner-Webb,2,3251,1625.5,22,11.00,299,149.5,11,5.50,271,135.5,432,216.0
"Bailey Fisher","Tennessee Tech",2,148,74.0,0,0.00,4,2.0,0,0.00,14,7.0,30,15.0
"Bailey Hockman","Middle Tennessee",1,463,463.0,4,4.00,-62,-62.0,0,0.00,41,41.0,66,66.0
"Bailey Hockman","NC State",2,2634,1317.0,14,7.00,-30,-15.0,3,1.50,225,112.5,363,181.5
"Bailey Zappe","Houston Christian",4,2178,544.5,16,4.00,-46,-11.5,0,0.00,181,45.3,290,72.5
"Bailey Zappe","Western Kentucky",1,5967,5967.0,62,62.00,17,17.0,3,3.00,475,475.0,686,686.0
"Baker Mayfield",Oklahoma,3,12292,4097.3,119,39.67,893,297.7,18,6.00,808,269.3,1157,385.7
"Baker Mayfield","Texas Tech",1,2315,2315.0,12,12.00,190,190.0,3,3.00,218,218.0,340,340.0
"Baniko Harley","Austin Peay",4,NULL,NULL,NULL,NULL,-6,-1.5,0,0.00,NULL,NULL,NULL,NULL
"Banks Bowen","Oklahoma State",1,-5,-5.0,0,0.00,19,19.0,0,0.00,1,1.0,2,2.0
"Baron May","Bowling Green",2,185,92.5,2,1.00,32,16.0,1,0.50,13,6.5,23,11.5
"Baron May","East Tennessee State",2,86,43.0,0,0.00,108,54.0,1,0.50,10,5.0,35,17.5
"Barrett Trotter",Auburn,2,1248,624.0,11,5.50,130,65.0,1,0.50,98,49.0,176,88.0
"Barry Brunetti","Ole Miss",3,634,211.3,7,2.33,697,232.3,7,2.33,65,21.7,112,37.3
"Barry Brunetti","West Virginia",1,6,6.0,0,0.00,4,4.0,0,0.00,4,4.0,9,9.0
"Bart Houston",Wisconsin,4,1540,385.0,9,2.25,-9,-2.3,0,0.00,125,31.3,192,48.0
"Barton Mann","Eastern Kentucky",1,5,5.0,0,0.00,-9,-9.0,0,0.00,3,3.0,6,6.0
"Baxter Wright","Murray State",1,140,140.0,1,1.00,49,49.0,1,1.00,15,15.0,18,18.0
"Baylor Hayes","East Tennessee State",1,181,181.0,0,0.00,15,15.0,0,0.00,18,18.0,30,30.0
"Baylor Hayes",Tulsa,1,1335,1335.0,9,9.00,82,82.0,2,2.00,119,119.0,198,198.0
"Baylor Romney",BYU,3,1787,595.7,14,4.67,76,25.3,0,0.00,134,44.7,200,66.7
"Bear Bachmeier",BYU,1,1693,1693.0,11,11.00,408,408.0,9,9.00,126,126.0,201,201.0
"Beau Allen",Kentucky,2,132,66.0,0,0.00,0,0.0,1,0.50,11,5.5,19,9.5
"Beau Allen","Tarleton State",1,2830,2830.0,23,23.00,97,97.0,1,1.00,193,193.0,342,342.0
"Beau Brungard","Youngstown State",3,4060,1353.3,25,8.33,2115,705.0,32,10.67,386,128.7,578,192.7
"Beau English",Richmond,2,102,51.0,0,0.00,43,21.5,0,0.00,23,11.5,32,16.0
"Beau Hoge",BYU,3,394,131.3,3,1.00,81,27.0,2,0.67,29,9.7,56,18.7
"Beau Nelson",Stanford,1,8,8.0,0,0.00,6,6.0,0,0.00,1,1.0,5,5.0
"Beau Pribula",Missouri,1,1690,1690.0,11,11.00,220,220.0,5,5.00,158,158.0,227,227.0
"Beau Pribula","Penn State",2,424,212.0,9,4.50,571,285.5,10,5.00,37,18.5,56,28.0
"Beau Sweeney",California,2,74,37.0,0,0.00,23,11.5,1,0.50,11,5.5,17,8.5
"Beaux Hebert",Nicholls,3,424,141.3,1,0.33,31,10.3,0,0.00,38,12.7,70,23.3
"Beckham Pellant","Illinois State",2,80,40.0,1,0.50,-17,-8.5,0,0.00,10,5.0,19,9.5
"Behren Morton","Texas Tech",5,7672,1534.4,62,12.40,66,13.2,7,1.40,676,135.2,1081,216.2
"Ben Ballard",Texas,1,NULL,NULL,NULL,NULL,7,7.0,0,0.00,NULL,NULL,NULL,NULL
"Ben Brittain","Air Force",3,111,37.0,1,0.33,71,23.7,0,0.00,2,0.7,6,2.0
"Ben Bryant",Cincinnati,4,3285,821.3,23,5.75,-22,-5.5,2,0.50,260,65.0,422,105.5
"Ben Bryant","Eastern Michigan",1,3121,3121.0,14,14.00,-43,-43.0,2,2.00,279,279.0,408,408.0
"Ben Bryant",Northwestern,1,1807,1807.0,13,13.00,-33,-33.0,4,4.00,173,173.0,277,277.0
"Ben Chappell",Indiana,4,7237,1809.3,45,11.25,77,19.3,9,2.25,650,162.5,1065,266.3
"Ben Cheek",Presbyterian,3,201,67.0,0,0.00,173,57.7,0,0.00,23,7.7,58,19.3
"Ben Cochran","Air Force",2,113,56.5,2,1.00,57,28.5,0,0.00,6,3.0,21,10.5
"Ben Dinucci","James Madison",2,353,176.5,1,0.50,115,57.5,0,0.00,36,18.0,47,23.5
"Ben Dinucci",Pittsburgh,2,1107,553.5,6,3.00,144,72.0,1,0.50,91,45.5,167,83.5
"Ben Dupree","The Citadel",4,116,29.0,1,0.25,286,71.5,5,1.25,6,1.5,13,3.3
"Ben Easters",Kansas,1,NULL,NULL,NULL,NULL,3,3.0,0,0.00,NULL,NULL,NULL,NULL
"Ben Finley",Akron,2,4259,2129.5,29,14.50,93,46.5,1,0.50,344,172.0,644,322.0
"Ben Finley",California,1,575,575.0,3,3.00,8,8.0,0,0.00,54,54.0,94,94.0
"Ben Finley","NC State",3,912,304.0,4,1.33,-10,-3.3,0,0.00,83,27.7,152,50.7
"Ben Gulbranson","Oregon State",4,2648,662.0,15,3.75,33,8.3,6,1.50,222,55.5,360,90.0
"Ben Gulbranson",Stanford,1,1585,1585.0,8,8.00,-172,-172.0,0,0.00,131,131.0,230,230.0
"Ben Harris","North Alabama",3,297,99.0,1,0.33,133,44.3,1,0.33,21,7.0,45,15.0
"Ben Hicks",Arkansas,1,738,738.0,2,2.00,10,10.0,0,0.00,65,65.0,137,137.0
"Ben Hicks",SMU,3,9066,3022.0,71,23.67,-97,-32.3,3,1.00,717,239.0,1264,421.3
"Ben Mays",Cornell,1,6,6.0,0,0.00,5,5.0,0,0.00,1,1.0,3,3.0
"Ben McLane","Georgia State",2,390,195.0,2,1.00,-8,-4.0,0,0.00,30,15.0,54,27.0
"Ben Scott","UC Davis",2,960,480.0,4,2.00,2,1.0,2,1.00,95,47.5,150,75.0
"Ben Wooldridge","Fresno State",2,147,73.5,1,0.50,26,13.0,0,0.00,12,6.0,22,11.0
"Ben Wooldridge",Louisiana,3,4588,1529.3,37,12.33,440,146.7,9,3.00,368,122.7,603,201.0
"Benjamin Anderson","Arkansas-Pine Bluff",2,237,118.5,0,0.00,31,15.5,0,0.00,21,10.5,45,22.5
"Benjamin Newman",Wagner,1,3,3.0,0,0.00,-2,-2.0,0,0.00,2,2.0,3,3.0
"Bennett Judy","Western Carolina",3,491,163.7,3,1.00,-17,-5.7,0,0.00,56,18.7,93,31.0
"Bennett Meredith",Purdue,1,43,43.0,0,0.00,7,7.0,0,0.00,7,7.0,11,11.0
"Bennie Coney",Cincinnati,1,84,84.0,1,1.00,-9,-9.0,0,0.00,6,6.0,7,7.0
"Bennie Coney","Eastern Kentucky",3,528,176.0,3,1.00,59,19.7,1,0.33,54,18.0,113,37.7
"Bert Emanuel Jr.","Central Michigan",3,439,146.3,5,1.67,844,281.3,12,4.00,27,9.0,51,17.0
"Bert Emanuel Jr.","San Diego State",1,37,37.0,0,0.00,55,55.0,0,0.00,5,5.0,8,8.0
"Besean McCray",Southern,1,1296,1296.0,7,7.00,500,500.0,5,5.00,100,100.0,176,176.0
"Bill Stull",Pittsburgh,5,5269,1053.8,32,6.40,-188,-37.6,3,0.60,419,83.8,683,136.6
"Billy Atkins","James Madison",3,403,134.3,3,1.00,9,3.0,0,0.00,36,12.0,69,23.0
"Billy Atkins","South Carolina State",1,1135,1135.0,9,9.00,18,18.0,0,0.00,88,88.0,145,145.0
"Billy Bahl","Miami (OH)",3,3390,1130.0,21,7.00,-80,-26.7,1,0.33,229,76.3,463,154.3
"Billy Cosh",Houston,1,32,32.0,0,0.00,NULL,NULL,NULL,NULL,5,5.0,9,9.0
"Billy Edwards",Maryland,3,3322,1107.3,19,6.33,377,125.7,13,4.33,311,103.7,496,165.3
"Billy Edwards",Wisconsin,1,113,113.0,0,0.00,NULL,NULL,NULL,NULL,7,7.0,16,16.0
"Billy Fessler","Penn State",1,8,8.0,0,0.00,NULL,NULL,NULL,NULL,1,1.0,2,2.0
"Billy Green","Weber State",1,156,156.0,1,1.00,-5,-5.0,0,0.00,14,14.0,29,29.0
"Billy Tapp","Ole Miss",2,54,27.0,0,0.00,19,9.5,0,0.00,4,2.0,6,3.0
"Billy Wiles","App State",2,50,25.0,1,0.50,7,3.5,0,0.00,6,3.0,8,4.0
"Billy Wiles",Clemson,1,31,31.0,1,1.00,2,2.0,0,0.00,2,2.0,4,4.0
"Billy Wiles","Southern Miss",1,1916,1916.0,11,11.00,27,27.0,1,1.00,158,158.0,290,290.0
"Bishop Davenport","South Alabama",2,2065,1032.5,14,7.00,350,175.0,5,2.50,178,89.0,273,136.5
"Bishop Davenport","Utah State",1,245,245.0,1,1.00,49,49.0,2,2.00,27,27.0,44,44.0
"Blaine Gabbert",Missouri,3,6822,2274.0,40,13.33,458,152.7,8,2.67,568,189.3,933,311.0
"Blaine Gautier",Louisiana,4,4159,1039.8,32,8.00,883,220.8,12,3.00,305,76.3,523,130.8
"Blaine Hipa",Princeton,3,2011,670.3,11,3.67,-2,-0.7,5,1.67,177,59.0,313,104.3
"Blaine McAllister",Princeton,1,80,80.0,1,1.00,55,55.0,1,1.00,5,5.0,21,21.0
"Blainey Dowling","Eastern Illinois",1,69,69.0,0,0.00,-16,-16.0,0,0.00,8,8.0,19,19.0
"Blaire Sullivan",UTEP,2,573,286.5,3,1.50,412,206.0,2,1.00,36,18.0,69,34.5
"Blake Baker","Louisiana Tech",2,1304,652.0,5,2.50,230,115.0,3,1.50,99,49.5,161,80.5
"Blake Barnett",Alabama,1,219,219.0,2,2.00,-17,-17.0,0,0.00,11,11.0,19,19.0
"Blake Barnett","Arizona State",1,40,40.0,0,0.00,-3,-3.0,0,0.00,3,3.0,5,5.0
"Blake Barnett","Kansas State",1,NULL,NULL,NULL,NULL,26,26.0,0,0.00,NULL,NULL,NULL,NULL
"Blake Barnett","South Florida",2,3139,1569.5,16,8.00,364,182.0,8,4.00,254,127.0,427,213.5
"Blake Boda","Coastal Carolina",1,14,14.0,0,0.00,NULL,NULL,NULL,NULL,1,1.0,1,1.0
"Blake Bogenschutz",UTSA,2,1179,589.5,4,2.00,43,21.5,2,1.00,103,51.5,176,88.0
"Blake Bortles",UCF,3,7598,2532.7,56,18.67,561,187.0,15,5.00,585,195.0,891,297.0
"Blake Bost","Texas A&M",1,18,18.0,0,0.00,NULL,NULL,NULL,NULL,2,2.0,7,7.0
"Blake Clark","Iowa State",1,0,0.0,0,0.00,NULL,NULL,NULL,NULL,0,0.0,1,1.0
"Blake Decker",UNLV,2,4599,2299.5,27,13.50,493,246.5,6,3.00,351,175.5,610,305.0
"Blake Dever","North Alabama",2,288,144.0,1,0.50,-12,-6.0,0,0.00,35,17.5,50,25.0
"Blake Dever","Savannah St",1,67,67.0,0,0.00,-31,-31.0,0,0.00,6,6.0,16,16.0
"Blake Ellingson",Drake,3,236,78.7,2,0.67,153,51.0,3,1.00,29,9.7,52,17.3
"Blake Frohnapfel",Marshall,2,386,193.0,5,2.50,164,82.0,2,1.00,35,17.5,45,22.5
"Blake Frohnapfel",Massachusetts,2,6264,3132.0,39,19.50,-31,-15.5,1,0.50,507,253.5,909,454.5
"Blake Horvath",Navy,3,2500,833.3,22,7.33,2251,750.3,29,9.67,146,48.7,243,81.0
"Blake Jurich","San José State",4,764,191.0,6,1.50,253,63.3,4,1.00,68,17.0,116,29.0
"Blake Kemp","East Carolina",1,2658,2658.0,16,16.00,-8,-8.0,2,2.00,260,260.0,375,375.0
"Blake Kendall","James Madison",1,NULL,NULL,NULL,NULL,0,0.0,0,0.00,NULL,NULL,NULL,NULL
"Blake LaRussa","Old Dominion",3,3568,1189.3,22,7.33,-14,-4.7,2,0.67,300,100.0,482,160.7
"Blake McKenzie",Lamar,1,0,0.0,0,0.00,NULL,NULL,NULL,NULL,0,0.0,1,1.0
"Blake Murphy","UL Monroe",1,721,721.0,4,4.00,-2,-2.0,0,0.00,53,53.0,104,104.0
"Blake Rankin",Delaware,1,38,38.0,1,1.00,-11,-11.0,0,0.00,6,6.0,20,20.0
"Blake Searfoss",Lafayette,1,8,8.0,0,0.00,NULL,NULL,NULL,NULL,2,2.0,2,2.0
"Blake Shapen",Baylor,3,5574,1858.0,36,12.00,184,61.3,6,2.00,479,159.7,752,250.7
"Blake Shapen","Mississippi State",2,2883,1441.5,21,10.50,15,7.5,3,1.50,224,112.0,336,168.0
"Blake Short","Stephen F. Austin",1,37,37.0,1,1.00,NULL,NULL,NULL,NULL,2,2.0,2,2.0
"Blake Sims",Alabama,4,3731,932.8,30,7.50,705,176.3,9,2.25,275,68.8,430,107.5
"Blake Stenstrom",Colorado,1,12,12.0,0,0.00,27,27.0,0,0.00,1,1.0,3,3.0
"Blake Stenstrom",Princeton,2,4972,2486.0,28,14.00,243,121.5,3,1.50,451,225.5,701,350.5
"Blake Szymanski",Baylor,4,4166,1041.5,27,6.75,152,38.0,4,1.00,387,96.8,678,169.5
"Blaze Berlowitz","New Mexico State",1,134,134.0,1,1.00,36,36.0,0,0.00,10,10.0,19,19.0
"Blaze Berlowitz",Vanderbilt,1,76,76.0,1,1.00,73,73.0,1,1.00,5,5.0,12,12.0
"Bo Kelly","Cal Poly",4,2333,583.3,16,4.00,-17,-4.3,0,0.00,223,55.8,379,94.8
"Bo Levi Mitchell",SMU,2,4590,2295.0,36,18.00,-204,-102.0,2,1.00,385,192.5,676,338.0
"Bo Nix",Auburn,3,7250,2416.7,39,13.00,869,289.7,18,6.00,628,209.3,1056,352.0
"Bo Nix",Oregon,2,8102,4051.0,74,37.00,748,374.0,20,10.00,658,329.0,878,439.0
"Bo Schneider",UCF,1,534,534.0,2,2.00,-62,-62.0,0,0.00,54,54.0,105,105.0
"Bo Wallace","Ole Miss",3,9534,3178.0,62,20.67,944,314.7,19,6.33,747,249.0,1186,395.3
"Bob Bentsen","Rhode Island",2,224,112.0,2,1.00,28,14.0,0,0.00,20,10.0,42,21.0
"Bobby Eveld","South Florida",4,1292,323.0,5,1.25,2,0.5,1,0.25,120,30.0,246,61.5
"Bobby Watkins","Central Arkansas",2,9,4.5,0,0.00,NULL,NULL,NULL,NULL,1,0.5,1,0.5
"Boo Jackson",Ohio,3,4446,1482.0,38,12.67,699,233.0,9,3.00,351,117.0,581,193.7
"Boone Abbott",Hawai'i,1,NULL,NULL,NULL,NULL,2,2.0,0,0.00,NULL,NULL,NULL,NULL
"Boone Abbott","Utah Tech",2,414,207.0,3,1.50,58,29.0,0,0.00,35,17.5,70,35.0
"Brad Gruner","New Mexico",3,1359,453.0,5,1.67,401,133.7,3,1.00,127,42.3,241,80.3
"Brad Heidlebaugh","North Dakota",1,12,12.0,0,0.00,1,1.0,0,0.00,1,1.0,3,3.0
"Brad Jackson","Texas State",2,2134,1067.0,11,5.50,598,299.0,13,6.50,157,78.5,235,117.5
"Brad Kaaya",Miami,3,9972,3324.0,69,23.00,-386,-128.7,4,1.33,721,240.3,1189,396.3
"Brad Kragthorpe",LSU,1,11,11.0,0,0.00,1,1.0,0,0.00,1,1.0,1,1.0
"Brad Mayes",Lehigh,1,158,158.0,0,0.00,3,3.0,0,0.00,19,19.0,31,31.0
"Brad McGuire",Louisiana,4,990,247.5,7,1.75,512,128.0,15,3.75,65,16.3,111,27.8
"Brad Wornick","East Carolina",2,138,69.0,1,0.50,11,5.5,0,0.00,13,6.5,19,9.5
"Braden Atkinson",Mercer,1,2058,2058.0,21,21.00,-6,-6.0,0,0.00,151,151.0,210,210.0
"Braden Bohannon","Kennesaw State",1,51,51.0,0,0.00,-9,-9.0,0,0.00,5,5.0,10,10.0
"Braden Davis",Hampton,1,959,959.0,4,4.00,129,129.0,1,1.00,88,88.0,142,142.0
"Braden Davis",Syracuse,2,78,39.0,0,0.00,-10,-5.0,0,0.00,7,3.5,14,7.0
"Braden Graham","Holy Cross",1,275,275.0,2,2.00,-8,-8.0,0,0.00,37,37.0,65,65.0
"Braden Hanson","North Carolina",2,192,96.0,0,0.00,-5,-2.5,0,0.00,11,5.5,22,11.0
"Braden Streeter",Delaware,2,61,30.5,1,0.50,5,2.5,0,0.00,7,3.5,9,4.5
"Brady Allen",Louisville,2,76,38.0,1,0.50,NULL,NULL,NULL,NULL,7,3.5,10,5.0
"Brady Allen",Purdue,1,8,8.0,0,0.00,NULL,NULL,NULL,NULL,1,1.0,3,3.0
"Brady Attaway","Stephen F. Austin",4,807,201.8,3,0.75,-12,-3.0,0,0.00,87,21.8,148,37.0
"Brady Cook",Missouri,5,8971,1794.2,48,9.60,1224,244.8,20,4.00,739,147.8,1131,226.2
"Brady Davidson","Northern Illinois",1,215,215.0,1,1.00,-19,-19.0,0,0.00,26,26.0,59,59.0
"Brady Davis","Illinois State",2,458,229.0,3,1.50,17,8.5,0,0.00,28,14.0,61,30.5
"Brady Davis",Memphis,1,NULL,NULL,NULL,NULL,1,1.0,0,0.00,NULL,NULL,NULL,NULL
"Brady Ford","Eastern Illinois",1,54,54.0,0,0.00,NULL,NULL,NULL,NULL,4,4.0,6,6.0
"Brady Hart","Texas A&M",1,0,0.0,0,0.00,NULL,NULL,NULL,NULL,0,0.0,1,1.0
"Brady Jones","Western Michigan",1,136,136.0,1,1.00,4,4.0,0,0.00,19,19.0,40,40.0
"Brady Lichtenberg",Cincinnati,4,333,83.3,3,0.75,93,23.3,1,0.25,26,6.5,45,11.3
"Brady McBride","App State",1,33,33.0,0,0.00,3,3.0,0,0.00,2,2.0,3,3.0
"Brady McBride",Memphis,1,88,88.0,0,0.00,31,31.0,0,0.00,8,8.0,14,14.0
"Brady McBride","Texas State",2,3435,1717.5,29,14.50,217,108.5,1,0.50,318,159.0,526,263.0
"Brady Meitz",Stetson,3,5319,1773.0,38,12.67,-109,-36.3,2,0.67,425,141.7,732,244.0
"Brady Olson","Central Connecticut",2,3889,1944.5,30,15.00,279,139.5,5,2.50,332,166.0,606,303.0
"Brady Olson",Massachusetts,3,1936,645.3,10,3.33,74,24.7,0,0.00,181,60.3,371,123.7
"Brady Stober",Samford,1,833,833.0,5,5.00,107,107.0,1,1.00,81,81.0,128,128.0
"Brady Thomas",Louisiana,2,55,27.5,0,0.00,NULL,NULL,NULL,NULL,3,1.5,3,1.5
"Brady White","Arizona State",1,259,259.0,2,2.00,3,3.0,0,0.00,25,25.0,49,49.0
"Brady White",Memphis,3,10642,3547.3,90,30.00,-30,-10.0,7,2.33,766,255.3,1229,409.7
"Braedyn Locke",Arizona,1,68,68.0,0,0.00,-21,-21.0,0,0.00,5,5.0,9,9.0
"Braedyn Locke",Wisconsin,2,2714,1357.0,18,9.00,2,1.0,2,1.00,240,120.0,448,224.0
"Bram Kohlhausen",Houston,1,31,31.0,0,0.00,NULL,NULL,NULL,NULL,4,4.0,9,9.0
"Bram Kohlhausen",TCU,2,763,381.5,5,2.50,64,32.0,2,1.00,62,31.0,97,48.5
"Brandon Alexander","Youngstown State",1,NULL,NULL,NULL,NULL,NULL,NULL,NULL,NULL,NULL,NULL,NULL,NULL
"Brandon Allen",Arkansas,4,7463,1865.8,64,16.00,133,33.3,4,1.00,583,145.8,1016,254.0
"Brandon Bass",Baylor,2,NULL,NULL,NULL,NULL,1,0.5,0,0.00,NULL,NULL,NULL,NULL
"Brandon Battle","William & Mary",2,9,4.5,0,0.00,-4,-2.0,0,0.00,1,0.5,1,0.5
"Brandon Bisack",UConn,1,11,11.0,0,0.00,NULL,NULL,NULL,NULL,1,1.0,7,7.0
"Brandon Bridge","Alcorn State",1,193,193.0,1,1.00,77,77.0,1,1.00,13,13.0,24,24.0
"Brandon Bridge","South Alabama",2,2325,1162.5,16,8.00,467,233.5,5,2.50,189,94.5,373,186.5
"Brandon Connette",Duke,4,1410,352.5,16,4.00,735,183.8,31,7.75,106,26.5,182,45.5
"Brandon Connette","Fresno State",1,299,299.0,2,2.00,121,121.0,2,2.00,29,29.0,54,54.0
"Brandon Cox",Hampton,1,6,6.0,0,0.00,21,21.0,0,0.00,3,3.0,5,5.0
"Brandon Cox",Utah,1,17,17.0,0,0.00,22,22.0,1,1.00,3,3.0,3,3.0
"Brandon Dawkins",Arizona,3,2418,806.0,15,5.00,1582,527.3,20,6.67,188,62.7,334,111.3
"Brandon Doughty","Western Kentucky",5,12855,2571.0,111,22.20,-285,-57.0,3,0.60,1023,204.6,1491,298.2
"Brandon Duncan","Arkansas-Pine Bluff",1,245,245.0,0,0.00,6,6.0,0,0.00,25,25.0,46,46.0
"Brandon Fricke","Central Michigan",1,33,33.0,0,0.00,NULL,NULL,NULL,NULL,4,4.0,8,8.0
"Brandon Goodson",Wofford,3,68,22.7,0,0.00,-2,-0.7,0,0.00,5,1.7,12,4.0
"Brandon Harris",LSU,3,2756,918.7,20,6.67,370,123.3,7,2.33,187,62.3,347,115.7
"Brandon Harris",Monmouth,1,9,9.0,0,0.00,6,6.0,0,0.00,2,2.0,2,2.0
"Brandon Harris","North Carolina",1,346,346.0,1,1.00,86,86.0,0,0.00,35,35.0,71,71.0
"Brandon Jones",Ohio,3,441,147.0,3,1.00,-86,-28.7,0,0.00,36,12.0,103,34.3
"Brandon Jones",UTEP,2,1301,650.5,6,3.00,114,57.0,3,1.50,89,44.5,173,86.5
"Brandon Jorgensen","Southern Connecticut State",1,0,0.0,0,0.00,5,5.0,0,0.00,0,0.0,1,1.0
"Brandon McIlwain",California,1,741,741.0,2,2.00,408,408.0,4,4.00,77,77.0,120,120.0
"Brandon McIlwain","South Carolina",1,600,600.0,2,2.00,127,127.0,2,2.00,62,62.0,118,118.0
"Brandon Mitchell",Arkansas,3,332,110.7,3,1.00,75,25.0,2,0.67,25,8.3,43,14.3
"Brandon Mitchell","NC State",1,1011,1011.0,7,7.00,274,274.0,2,2.00,86,86.0,151,151.0
"Brandon Nunez","Mississippi Valley State",1,219,219.0,1,1.00,56,56.0,0,0.00,12,12.0,28,28.0
"Brandon Nunez","New Mexico State",1,89,89.0,2,2.00,92,92.0,2,2.00,12,12.0,30,30.0
"Brandon Peters",Illinois,3,3483,1161.0,28,9.33,349,116.3,4,1.33,282,94.0,523,174.3
"Brandon Peters",Michigan,2,680,340.0,4,2.00,-36,-18.0,0,0.00,58,29.0,110,55.0
"Brandon Robinson",Liberty,1,19,19.0,1,1.00,138,138.0,3,3.00,2,2.0,3,3.0
"Brandon Robinson","Rhode Island",1,NULL,NULL,NULL,NULL,NULL,NULL,NULL,NULL,NULL,NULL,NULL,NULL
"Brandon Rose",Massachusetts,1,289,289.0,0,0.00,-7,-7.0,0,0.00,36,36.0,62,62.0
"Brandon Rose",Utah,1,157,157.0,2,2.00,66,66.0,0,0.00,19,19.0,36,36.0
"Brandon Silvers",Troy,4,10680,2670.0,71,17.75,415,103.8,16,4.00,969,242.3,1504,376.0
"Brandon Smith","Western Kentucky",4,83,20.8,1,0.25,65,16.3,2,0.50,13,3.3,29,7.3
"Brandon Tennison",UTSA,1,90,90.0,1,1.00,4,4.0,0,0.00,7,7.0,11,11.0
"Brandon Weeden","Oklahoma State",4,9260,2315.0,75,18.75,-150,-37.5,1,0.25,766,191.5,1102,275.5
"Brandon Wells","Alabama A&M",1,166,166.0,1,1.00,-10,-10.0,0,0.00,8,8.0,22,22.0
"Brandon Wimbush","Notre Dame",3,2607,869.0,20,6.67,1156,385.3,16,5.33,192,64.0,381,127.0
"Brandon Wimbush",UCF,1,167,167.0,2,2.00,48,48.0,0,0.00,13,13.0,24,24.0
"Brandt Hughes","New Mexico",1,218,218.0,0,0.00,-5,-5.0,0,0.00,12,12.0,29,29.0
"Brant Costilla","Texas Tech",1,14,14.0,0,0.00,NULL,NULL,NULL,NULL,1,1.0,1,1.0
"Braxton Barker",Alabama,1,10,10.0,0,0.00,NULL,NULL,NULL,NULL,1,1.0,1,1.0
"Braxton Burmeister",Oregon,2,373,186.5,2,1.00,131,65.5,3,1.50,49,24.5,87,43.5
"Braxton Burmeister","San Diego State",1,263,263.0,2,2.00,180,180.0,1,1.00,36,36.0,72,72.0
"Braxton Burmeister","Virginia Tech",2,2647,1323.5,16,8.00,714,357.0,4,2.00,190,95.0,339,169.5
"Braxton Miller","Ohio State",4,5295,1323.8,52,13.00,3314,828.5,33,8.25,396,99.0,667,166.8
"Braxton Thomas","North Carolina A&T",2,320,160.0,1,0.50,49,24.5,1,0.50,29,14.5,59,29.5
"Braxton Woodson",Navy,3,455,151.7,3,1.00,556,185.3,7,2.33,39,13.0,84,28.0
"Brayden Fowler-Nicolosi","Colorado State",4,6897,1724.3,38,9.50,52,13.0,6,1.50,580,145.0,963,240.8
"Brayden Roggow",Akron,2,90,45.0,0,0.00,10,5.0,0,0.00,11,5.5,18,9.0
"Brayden Schager",Hawai'i,4,9096,2274.0,60,15.00,318,79.5,8,2.00,851,212.8,1436,359.0
"Brayden Stringer","Oklahoma State",1,NULL,NULL,NULL,NULL,NULL,NULL,NULL,NULL,NULL,NULL,NULL,NULL
"Brayle Brown","UL Monroe",4,854,213.5,2,0.50,116,29.0,0,0.00,80,20.0,157,39.3
"Braylon Braxton",Marshall,1,1624,1624.0,19,19.00,610,610.0,4,4.00,124,124.0,206,206.0
"Braylon Braxton","Southern Miss",1,1958,1958.0,18,18.00,215,215.0,1,1.00,159,159.0,237,237.0
"Braylon Braxton",Tulsa,3,1345,448.3,12,4.00,357,119.0,6,2.00,114,38.0,214,71.3
"Brayten Silbor",Lehigh,2,1928,964.0,10,5.00,74,37.0,4,2.00,167,83.5,335,167.5
"Breck Ruddick","Missouri State",1,101,101.0,1,1.00,5,5.0,0,0.00,14,14.0,24,24.0
"Brendan Anderson","Southern Utah",1,0,0.0,0,0.00,NULL,NULL,NULL,NULL,0,0.0,1,1.0
"Brendan Bognar","Murray State",2,56,28.0,0,0.00,7,3.5,0,0.00,7,3.5,15,7.5
"Brendan Cross","Wake Forest",3,16,5.3,0,0.00,69,23.0,0,0.00,5,1.7,14,4.7
"Brendan Greene",Hampton,1,10,10.0,0,0.00,2,2.0,0,0.00,1,1.0,9,9.0
"Brendan Langley",Lamar,2,NULL,NULL,NULL,NULL,NULL,NULL,NULL,NULL,NULL,NULL,NULL,NULL
"Brendan Nosovitch","South Carolina",1,13,13.0,0,0.00,12,12.0,1,1.00,2,2.0,2,2.0
"Brendan Sorsby",Cincinnati,2,4642,2321.0,37,18.50,870,435.0,16,8.00,381,190.5,592,296.0
"Brendan Sorsby",Indiana,2,1590,795.0,15,7.50,283,141.5,4,2.00,138,69.0,242,121.0
"Brendan Sullivan",Iowa,1,474,474.0,3,3.00,151,151.0,4,4.00,38,38.0,53,53.0
"Brendan Sullivan",Northwestern,2,1303,651.5,10,5.00,257,128.5,3,1.50,134,67.0,195,97.5
"Brendan Sullivan",Tulane,1,201,201.0,2,2.00,52,52.0,0,0.00,18,18.0,27,27.0
"Brenden Gaskins",BYU,2,104,52.0,0,0.00,-2,-1.0,0,0.00,9,4.5,16,8.0
"Brenden Motley","Virginia Tech",3,1253,417.7,12,4.00,420,140.0,5,1.67,102,34.0,187,62.3
"Brendon Clark","Notre Dame",2,29,14.5,1,0.50,29,14.5,0,0.00,2,1.0,5,2.5
"Brendon Clark","Old Dominion",1,37,37.0,0,0.00,17,17.0,0,0.00,2,2.0,4,4.0
"Brendon Kay",Cincinnati,5,4647,929.4,32,6.40,503,100.6,8,1.60,354,70.8,541,108.2
"Brendon Lewis",Colorado,3,1727,575.7,10,3.33,304,101.3,3,1.00,170,56.7,291,97.0
"Brendon Lewis",Memphis,1,1644,1644.0,10,10.00,470,470.0,7,7.00,141,141.0,208,208.0
"Brendon Lewis",Nevada,2,3603,1801.5,18,9.00,1270,635.0,12,6.00,342,171.0,548,274.0
"Brennan Armstrong","NC State",1,1783,1783.0,11,11.00,665,665.0,7,7.00,160,160.0,262,262.0
"Brennan Armstrong",Virginia,5,9028,1805.6,58,11.60,1272,254.4,20,4.00,686,137.2,1132,226.4
"Brennan Myer",Bryant,2,2304,1152.0,19,9.50,-21,-10.5,2,1.00,189,94.5,321,160.5
"Brennan Storer",Vanderbilt,1,NULL,NULL,NULL,NULL,NULL,NULL,NULL,NULL,NULL,NULL,NULL,NULL
"Brent Bailey","Fresno State",1,NULL,NULL,NULL,NULL,NULL,NULL,NULL,NULL,NULL,NULL,NULL,NULL
"Brent Burnette","Middle Tennessee",1,160,160.0,2,2.00,3,3.0,0,0.00,13,13.0,25,25.0
"Brent Lyles","Jackson State",2,50,25.0,0,0.00,-38,-19.0,0,0.00,7,3.5,17,8.5
"Brent Osborn","North Texas",2,127,63.5,2,1.00,16,8.0,0,0.00,13,6.5,23,11.5
"Brent Rausch",Hawai'i,2,232,116.0,0,0.00,-13,-6.5,0,0.00,19,9.5,37,18.5
"Brent Stockstill","Middle Tennessee",5,12473,2494.6,106,21.20,439,87.8,4,0.80,1052,210.4,1607,321.4
"Brenton Toles III",Hampton,1,19,19.0,0,0.00,1,1.0,0,0.00,2,2.0,3,3.0
"Bret Bushka",Butler,3,3968,1322.7,32,10.67,1043,347.7,10,3.33,365,121.7,574,191.3
"Bret Edwards","New Hampshire",1,42,42.0,1,1.00,-36,-36.0,0,0.00,9,9.0,20,20.0
"Brett Brown",Missouri,1,NULL,NULL,NULL,NULL,5,5.0,0,0.00,NULL,NULL,NULL,NULL
"Brett Brumbaugh",Duquesne,1,29,29.0,0,0.00,NULL,NULL,NULL,NULL,1,1.0,3,3.0
"Brett Bueker","Iowa State",1,NULL,NULL,NULL,NULL,2,2.0,0,0.00,NULL,NULL,NULL,NULL
"Brett Gabbert","Miami (OH)",6,10814,1802.3,80,13.33,482,80.3,8,1.33,778,129.7,1332,222.0
"Brett Griffis","Central Connecticut",1,11,11.0,0,0.00,49,49.0,0,0.00,1,1.0,4,4.0
"Brett Griffis","James Madison",1,16,16.0,0,0.00,5,5.0,0,0.00,2,2.0,2,2.0
"Brett Hodges",UCF,1,2438,2438.0,17,17.00,-18,-18.0,1,1.00,197,197.0,329,329.0
"Brett Hodges","Wake Forest",3,402,134.0,1,0.33,-13,-4.3,1,0.33,46,15.3,70,23.3
"Brett Hundley",UCLA,3,9971,3323.7,75,25.00,1747,582.3,30,10.00,838,279.3,1240,413.3
"Brett Kean",Charlotte,1,157,157.0,2,2.00,12,12.0,0,0.00,13,13.0,25,25.0
"Brett Kean","South Florida",3,333,111.0,3,1.00,-26,-8.7,0,0.00,40,13.3,71,23.7
"Brett Nelson",Louisville,1,27,27.0,0,0.00,-8,-8.0,0,0.00,4,4.0,7,7.0
"Brett Nottingham",Stanford,2,100,50.0,1,0.50,10,5.0,0,0.00,10,5.0,16,8.0
"Brett Rypien","Boise State",4,13581,3395.3,90,22.50,-91,-22.8,3,0.75,1036,259.0,1619,404.8
"Brett Smith",Wyoming,3,8829,2943.0,76,25.33,1531,510.3,20,6.67,751,250.3,1212,404.0
"Brett Toney",Memphis,2,338,169.0,3,1.50,24,12.0,1,0.50,31,15.5,53,26.5
"Breylin Smith","Central Arkansas",4,1465,366.3,11,2.75,-55,-13.8,1,0.25,137,34.3,241,60.3
"Brian Anderson",Marshall,4,5403,1350.8,37,9.25,105,26.3,1,0.25,483,120.8,849,212.3
"Brian Bell","Sam Houston",3,746,248.7,6,2.00,48,16.0,1,0.33,50,16.7,102,34.0
"Brian Burrell","Fresno State",2,2671,1335.5,22,11.00,370,185.0,4,2.00,259,129.5,444,222.0
"Brian Garcia","UL Monroe",1,10,10.0,0,0.00,3,3.0,0,0.00,1,1.0,5,5.0
"Brian Harper","Weber State",1,NULL,NULL,NULL,NULL,NULL,NULL,NULL,NULL,NULL,NULL,NULL,NULL
"Brian Hudson",Campbell,1,278,278.0,1,1.00,25,25.0,0,0.00,19,19.0,28,28.0
"Brian Hudson",Liberty,1,263,263.0,2,2.00,18,18.0,0,0.00,20,20.0,37,37.0
"Brian Kass","Coastal Carolina",1,0,0.0,0,0.00,-3,-3.0,0,0.00,0,0.0,1,1.0
"Brian Kass",Wofford,2,0,0.0,0,0.00,13,6.5,0,0.00,0,0.0,2,1.0
"Brian Lewerke","Michigan State",4,8295,2073.8,47,11.75,1255,313.8,10,2.50,720,180.0,1241,310.3
"Brian Mauer","Stephen F. Austin",2,322,161.0,4,2.00,55,27.5,1,0.50,22,11.0,41,20.5
"Brian Maurer","Stephen F. Austin",2,1648,824.0,11,5.50,136,68.0,1,0.50,167,83.5,291,145.5
"Brian Maurer",Tennessee,2,550,275.0,2,1.00,97,48.5,2,1.00,37,18.5,81,40.5
"Brian Murdaugh","The Citadel",1,NULL,NULL,NULL,NULL,21,21.0,0,0.00,NULL,NULL,NULL,NULL
"Brice Ramsey",Georgia,4,592,148.0,4,1.00,-6,-1.5,0,0.00,46,11.5,78,19.5
"Brion Carnes",Nebraska,1,26,26.0,0,0.00,-6,-6.0,0,0.00,2,2.0,2,2.0
"Brion Carnes","Northern Iowa",2,11,5.5,0,0.00,34,17.0,0,0.00,1,0.5,2,1.0
"Broc Lowry",Indiana,1,8,8.0,0,0.00,NULL,NULL,NULL,NULL,1,1.0,1,1.0
"Broc Lowry","Western Michigan",2,1185,592.5,6,3.00,638,319.0,10,5.00,112,56.0,177,88.5
"Brock Bagozzi",Marist,2,3515,1757.5,19,9.50,94,47.0,4,2.00,333,166.5,593,296.5
"Brock Bagozzi","Missouri State",1,15,15.0,0,0.00,-17,-17.0,0,0.00,3,3.0,4,4.0
"Brock Boltmann","North Dakota",1,13,13.0,1,1.00,NULL,NULL,NULL,NULL,1,1.0,1,1.0
"Brock Dale","UC Davis",1,3,3.0,1,1.00,NULL,NULL,NULL,NULL,1,1.0,2,2.0
"Brock Domann",Louisville,3,1042,347.3,4,1.33,81,27.0,1,0.33,84,28.0,149,49.7
"Brock Glenn","Florida State",3,890,296.7,6,2.00,145,48.3,1,0.33,75,25.0,173,57.7
"Brock Hansel",UCF,2,11,5.5,0,0.00,NULL,NULL,NULL,NULL,1,0.5,3,1.5
"Brock Jensen","North Dakota State",3,540,180.0,3,1.00,84,28.0,2,0.67,54,18.0,79,26.3
"Brock Landis","East Tennessee State",1,43,43.0,0,0.00,4,4.0,0,0.00,4,4.0,9,9.0
"Brock Mansion",California,4,677,169.3,2,0.50,20,5.0,1,0.25,71,17.8,146,36.5
"Brock Osweiler","Arizona State",3,5082,1694.0,33,11.00,221,73.7,4,1.33,412,137.3,680,226.7
"Brock Purdy","Iowa State",4,12170,3042.5,81,20.25,1177,294.3,19,4.75,993,248.3,1466,366.5
"Brock Riddle","Indiana State",1,318,318.0,3,3.00,0,0.0,1,1.00,26,26.0,57,57.0
"Brock Thomas",Oregon,1,105,105.0,1,1.00,14,14.0,0,0.00,9,9.0,13,13.0
"Brock Vandagriff",Georgia,3,165,55.0,2,0.67,46,15.3,0,0.00,12,4.0,21,7.0
"Brock Vandagriff",Kentucky,1,1593,1593.0,10,10.00,131,131.0,0,0.00,125,125.0,218,218.0
"Brodie Lambert","Missouri State",3,191,63.7,0,0.00,9,3.0,0,0.00,20,6.7,41,13.7
"Brody McAndrew","New Hampshire",1,NULL,NULL,NULL,NULL,NULL,NULL,NULL,NULL,NULL,NULL,NULL,NULL
"Brody Palhegyi","Western Carolina",2,356,178.0,4,2.00,167,83.5,1,0.50,29,14.5,49,24.5
"Brody Reder",Butler,2,7,3.5,0,0.00,93,46.5,4,2.00,3,1.5,4,2.0
"Brody Rhodes","Georgia Tech",1,NULL,NULL,NULL,NULL,17,17.0,0,0.00,NULL,NULL,NULL,NULL
"Brody Rollins",Gardner-Webb,2,NULL,NULL,NULL,NULL,2,1.0,0,0.00,NULL,NULL,NULL,NULL
"Brogan McCaughey",Yale,1,389,389.0,2,2.00,26,26.0,1,1.00,32,32.0,53,53.0
"Brogan Roback","Eastern Michigan",5,8613,1722.6,57,11.40,193,38.6,5,1.00,738,147.6,1270,254.0
"Broghean McGovern","Post University",1,139,139.0,0,0.00,26,26.0,0,0.00,17,17.0,33,33.0
"Bronson Barben","Utah Tech",2,1564,782.0,8,4.00,134,67.0,1,0.50,155,77.5,277,138.5
"Bronson Barron","Southern Utah",2,1990,995.0,15,7.50,-2,-1.0,0,0.00,151,75.5,265,132.5
"Bronson Barron","Weber State",2,2660,1330.0,21,10.50,199,99.5,2,1.00,216,108.0,365,182.5
"Bronson Barron","Western Kentucky",1,-3,-3.0,0,0.00,-9,-9.0,0,0.00,1,1.0,2,2.0
"Bronson Marsh",Nebraska,1,NULL,NULL,NULL,NULL,1,1.0,0,0.00,NULL,NULL,NULL,NULL
"Brooks Barden",Charlotte,2,559,279.5,4,2.00,113,56.5,1,0.50,62,31.0,129,64.5
"Brooks Ferguson","Portland State",1,37,37.0,0,0.00,NULL,NULL,NULL,NULL,1,1.0,2,2.0
"Brooks Haack",Louisiana,3,1810,603.3,8,2.67,91,30.3,2,0.67,164,54.7,259,86.3
"Brooks Haack","Northwestern State",1,14,14.0,0,0.00,-7,-7.0,1,1.00,3,3.0,13,13.0
"Bryan Bennett",Oregon,2,580,290.0,9,4.50,365,182.5,6,3.00,45,22.5,83,41.5
"Bryan Bennett","SE Louisiana",2,345,172.5,2,1.00,122,61.0,2,1.00,28,14.0,57,28.5
"Bryan Ellis",UAB,3,3697,1232.3,27,9.00,40,13.3,2,0.67,299,99.7,542,180.7
"Bryan Schor","James Madison",2,410,205.0,2,1.00,45,22.5,2,1.00,29,14.5,44,22.0
"Bryant Horn","Jacksonville State",2,73,36.5,1,0.50,27,13.5,0,0.00,8,4.0,14,7.0
"Bryant Moniz",Hawai'i,3,10169,3389.7,75,25.00,512,170.7,13,4.33,791,263.7,1271,423.7
"Bryant Shirreffs","NC State",1,17,17.0,1,1.00,158,158.0,1,1.00,4,4.0,5,5.0
"Bryant Shirreffs",UConn,3,6375,2125.0,30,10.00,1029,343.0,5,1.67,505,168.3,822,274.0
"Bryant Ward",Elon,1,NULL,NULL,NULL,NULL,3,3.0,0,0.00,NULL,NULL,NULL,NULL
"Bryce Archie","Coastal Carolina",1,9,9.0,0,0.00,18,18.0,0,0.00,1,1.0,4,4.0
"Bryce Archie","South Florida",2,1967,983.5,9,4.50,132,66.0,2,1.00,179,89.5,305,152.5
"Bryce Carpenter","Coastal Carolina",5,1927,385.4,18,3.60,906,181.2,5,1.00,175,35.0,271,54.2
"Bryce Corriston",Wofford,3,504,168.0,3,1.00,94,31.3,2,0.67,50,16.7,97,32.3
"Bryce Patterson","Morehead State",3,1229,409.7,11,3.67,92,30.7,0,0.00,83,27.7,165,55.0
"Bryce Perkins",Virginia,2,6217,3108.5,47,23.50,1693,846.5,20,10.00,545,272.5,845,422.5
"Bryce Petty",Baylor,4,8195,2048.8,62,15.50,338,84.5,21,5.25,530,132.5,845,211.3
"Bryce Rivers","Northwestern State",1,7,7.0,0,0.00,-6,-6.0,0,0.00,2,2.0,3,3.0
"Bryce Rivers",UTSA,2,506,253.0,2,1.00,-54,-27.0,1,0.50,42,21.0,72,36.0
"Bryce Robinson","Austin Peay",3,11,3.7,0,0.00,13,4.3,0,0.00,3,1.0,8,2.7
"Bryce Schondelmyer",Dayton,1,1398,1398.0,16,16.00,-16,-16.0,0,0.00,106,106.0,158,158.0
"Bryce Underwood",Michigan,1,1526,1526.0,7,7.00,228,228.0,4,4.00,121,121.0,198,198.0
"Bryce Young",Alabama,3,8356,2785.3,80,26.67,162,54.0,7,2.33,624,208.0,949,316.3
"Bryn Renner","North Carolina",4,8221,2055.3,64,16.00,-93,-23.3,4,1.00,668,167.0,1005,251.3
"Bryson Barnes",Utah,3,2025,675.0,17,5.67,403,134.3,3,1.00,181,60.3,301,100.3
"Bryson Barnes","Utah State",2,2664,1332.0,26,13.00,897,448.5,12,6.00,211,105.5,335,167.5
"Bryson Beirne",Arizona,4,148,37.0,2,0.50,0,0.0,0,0.00,16,4.0,22,5.5
"Bryson Daily",Army,3,1920,640.0,16,5.33,2718,906.0,41,13.67,114,38.0,224,74.7
"Bryson Lucero",UAB,2,969,484.5,7,3.50,-2,-1.0,0,0.00,79,39.5,146,73.0
"Bryson Martin","Florida A&M",1,6,6.0,0,0.00,NULL,NULL,NULL,NULL,1,1.0,1,1.0
"Bubba Williamson","Western Carolina",1,NULL,NULL,NULL,NULL,-14,-14.0,0,0.00,NULL,NULL,NULL,NULL
"Bud Martin","Eastern Illinois",1,0,0.0,0,0.00,NULL,NULL,NULL,NULL,0,0.0,1,1.0
"Byrd Ficklin",Utah,1,278,278.0,3,3.00,262,262.0,4,4.00,19,19.0,31,31.0
"Byron McNair","Tennessee State",1,1024,1024.0,6,6.00,35,35.0,0,0.00,94,94.0,146,146.0
"Byrum Brown","South Florida",4,6496,1624.0,50,12.50,1853,463.3,25,6.25,544,136.0,853,213.3
"C.J. Beathard",Iowa,4,5562,1390.5,40,10.00,429,107.3,10,2.50,454,113.5,782,195.5
"C.J. Brown",Maryland,4,5372,1343.0,33,8.25,1701,425.3,25,6.25,437,109.3,803,200.8
"C.J. Carr","Notre Dame",1,1758,1758.0,14,14.00,9,9.0,2,2.00,121,121.0,184,184.0
"C.J. Duell","Central Connecticut",1,145,145.0,1,1.00,-18,-18.0,0,0.00,9,9.0,14,14.0
"C.J. Henry","Delaware State",3,1635,545.0,11,3.67,-140,-46.7,1,0.33,160,53.3,263,87.7
"C.J. Reyes","Idaho State",4,83,20.8,1,0.25,1,0.3,0,0.00,10,2.5,16,4.0
"C.J. Spencer","UC Davis",2,7,3.5,0,0.00,-9,-4.5,0,0.00,1,0.5,2,1.0
"C.J. Stroud","Ohio State",3,8123,2707.7,85,28.33,136,45.3,1,0.33,575,191.7,830,276.7
"Cade Apsay",Colorado,1,582,582.0,3,3.00,-35,-35.0,0,0.00,59,59.0,92,92.0
"Cade Ballard",Army,3,469,156.3,3,1.00,256,85.3,2,0.67,22,7.3,52,17.3
"Cade Brister",Lindenwood,1,3065,3065.0,27,27.00,606,606.0,11,11.00,232,232.0,353,353.0
"Cade Chambers","Indiana State",2,1942,971.0,12,6.00,16,8.0,4,2.00,156,78.0,299,149.5
"Cade Cunningham","Jacksonville State",1,0,0.0,0,0.00,NULL,NULL,NULL,NULL,0,0.0,1,1.0
"Cade Fennegan","Abilene Christian",1,8,8.0,0,0.00,1,1.0,0,0.00,1,1.0,1,1.0
"Cade Fennegan","Boise State",1,182,182.0,2,2.00,20,20.0,0,0.00,15,15.0,28,28.0
"Cade Fennegan",BYU,1,NULL,NULL,NULL,NULL,-5,-5.0,0,0.00,NULL,NULL,NULL,NULL
"Cade Fortin",Arkansas,1,135,135.0,1,1.00,17,17.0,0,0.00,14,14.0,29,29.0
"Cade Fortin","North Carolina",1,388,388.0,1,1.00,76,76.0,1,1.00,32,32.0,64,64.0
"Cade Fortin","South Florida",2,222,111.0,0,0.00,76,38.0,1,0.50,29,14.5,56,28.0
"Cade Klubnik",Clemson,4,8710,2177.5,68,17.00,887,221.8,15,3.75,792,198.0,1242,310.5
"Cade McConnell",UTEP,2,1977,988.5,10,5.00,-51,-25.5,0,0.00,132,66.0,243,121.5
"Cade McNamara","East Tennessee State",1,1292,1292.0,7,7.00,40,40.0,2,2.00,123,123.0,184,184.0
"Cade McNamara",Iowa,2,1522,761.0,10,5.00,-76,-38.0,0,0.00,150,75.0,262,131.0
"Cade McNamara",Michigan,3,3181,1060.3,21,7.00,3,1.0,2,0.67,267,89.0,423,141.0
"Cade Pribula","Sacred Heart",2,652,326.0,4,2.00,60,30.0,0,0.00,57,28.5,113,56.5
"Cade Rice",Wofford,2,5,2.5,0,0.00,6,3.0,0,0.00,1,0.5,4,2.0
"Cade Sexauer","St. Thomas (MN)",2,1821,910.5,17,8.50,346,173.0,7,3.50,136,68.0,233,116.5
"Cade Smith","Portland State",1,NULL,NULL,NULL,NULL,9,9.0,0,0.00,NULL,NULL,NULL,NULL
"Cade Sparks","Indiana State",1,70,70.0,1,1.00,3,3.0,0,0.00,8,8.0,17,17.0
"Cade Weldon",Miami,1,14,14.0,0,0.00,5,5.0,1,1.00,2,2.0,3,3.0
"Caden Bell",Columbia,2,1793,896.5,12,6.00,173,86.5,4,2.00,161,80.5,308,154.0
"Caden Creel","Jacksonville State",1,532,532.0,3,3.00,469,469.0,3,3.00,53,53.0,78,78.0
"Caden Drezek",Maine,1,51,51.0,0,0.00,-25,-25.0,0,0.00,6,6.0,12,12.0
"Caden Pinnick","UC Davis",1,1414,1414.0,16,16.00,127,127.0,2,2.00,104,104.0,150,150.0
"Caden Veltkamp","Florida Atlantic",1,2328,2328.0,17,17.00,58,58.0,2,2.00,224,224.0,342,342.0
"Caden Veltkamp","Western Kentucky",3,3520,1173.3,30,10.00,226,75.3,7,2.33,303,101.0,447,149.0
"Cadin Olsen",Pennsylvania,1,NULL,NULL,NULL,NULL,NULL,NULL,NULL,NULL,NULL,NULL,NULL,NULL
"Caiden Norman","East Carolina",1,4,4.0,0,0.00,-5,-5.0,0,0.00,1,1.0,2,2.0
"Cal Swanson","Holy Cross",1,1021,1021.0,5,5.00,88,88.0,1,1.00,86,86.0,163,163.0
"Cale Hellums",Army,2,274,137.0,1,0.50,633,316.5,10,5.00,19,9.5,37,18.5
"Caleb Berry",Lamar,3,614,204.7,1,0.33,37,12.3,0,0.00,63,21.0,127,42.3
"Caleb Evans","UL Monroe",4,9510,2377.5,58,14.50,2162,540.5,36,9.00,756,189.0,1251,312.8
"Caleb Henderson",Maryland,1,0,0.0,0,0.00,-2,-2.0,0,0.00,0,0.0,1,1.0
"Caleb Henderson","North Carolina",1,0,0.0,0,0.00,53,53.0,0,0.00,0,0.0,1,1.0
"Caleb Herring",UNLV,4,4388,1097.0,38,9.50,472,118.0,7,1.75,421,105.3,708,177.0
"Caleb Hill",Montana,1,NULL,NULL,NULL,NULL,3,3.0,0,0.00,NULL,NULL,NULL,NULL
"Caleb Koger","Central Arkansas",2,354,177.0,2,1.00,-8,-4.0,1,0.50,33,16.5,55,27.5
"Caleb Mccreary","Tennessee State",1,61,61.0,0,0.00,-31,-31.0,0,0.00,4,4.0,10,10.0
"Caleb O'Neal","Kennesaw State",2,NULL,NULL,NULL,NULL,NULL,NULL,NULL,NULL,NULL,NULL,NULL,NULL
"Caleb Pressley","North Carolina",1,NULL,NULL,NULL,NULL,0,0.0,0,0.00,NULL,NULL,NULL,NULL
"Caleb Rowe",Maryland,5,2958,591.6,18,3.60,196,39.2,0,0.00,218,43.6,430,86.0
"Caleb Sanchez",Columbia,2,901,450.5,4,2.00,-4,-2.0,1,0.50,64,32.0,126,63.0
"Caleb TerBush",Purdue,3,3077,1025.7,25,8.33,274,91.3,3,1.00,283,94.3,476,158.7
"Caleb Williams",Oklahoma,1,1912,1912.0,21,21.00,442,442.0,6,6.00,136,136.0,211,211.0
"Caleb Williams",USC,2,8168,4084.0,72,36.00,497,248.5,21,10.50,598,299.0,887,443.5
"Caleb York","South Carolina State",1,325,325.0,2,2.00,65,65.0,0,0.00,37,37.0,88,88.0
"Calvin Brownholtz",UTEP,3,808,269.3,7,2.33,355,118.3,9,3.00,56,18.7,106,35.3
"Cam Arnold","Stephen F. Austin",1,18,18.0,0,0.00,7,7.0,0,0.00,1,1.0,1,1.0
"Cam Fancher","Florida Atlantic",1,1528,1528.0,6,6.00,365,365.0,3,3.00,126,126.0,212,212.0
"Cam Fancher",Marshall,3,3766,1255.3,21,7.00,757,252.3,5,1.67,336,112.0,550,183.3
"Cam Fancher",UCF,1,333,333.0,0,0.00,170,170.0,1,1.00,41,41.0,72,72.0
"Cam Miller",Illinois,2,NULL,NULL,NULL,NULL,12,6.0,1,0.50,NULL,NULL,NULL,NULL
"Cam Miller","North Dakota State",4,7910,1977.5,65,16.25,1821,455.3,40,10.00,625,156.3,885,221.3
"Cam Peters",UTSA,1,0,0.0,0,0.00,4,4.0,0,0.00,0,0.0,1,1.0
"Cam Ransom",Bethune-Cookman,2,2983,1491.5,22,11.00,426,213.0,10,5.00,244,122.0,383,191.5
"Cam Ransom","Georgia Southern",1,494,494.0,3,3.00,113,113.0,0,0.00,39,39.0,83,83.0
"Cam Ransom",McNeese,1,45,45.0,0,0.00,69,69.0,0,0.00,4,4.0,12,12.0
"Cam Roane","San Diego State",1,NULL,NULL,NULL,NULL,NULL,NULL,NULL,NULL,NULL,NULL,NULL,NULL
"Cam Thomas",Army,1,15,15.0,1,1.00,293,293.0,3,3.00,1,1.0,3,3.0
"Cam Thomas",Illinois,1,375,375.0,0,0.00,233,233.0,1,1.00,28,28.0,66,66.0
"Cam'Ron McCoy","Eastern Michigan",2,73,36.5,0,0.00,72,36.0,1,0.50,12,6.0,28,14.0
"Cam'Ron McCoy","Jackson State",1,310,310.0,4,4.00,163,163.0,2,2.00,18,18.0,38,38.0
"Cam'Ron McCoy",Southern,1,417,417.0,3,3.00,165,165.0,2,2.00,37,37.0,76,76.0
"Camden Coleman",Richmond,2,3192,1596.0,26,13.00,310,155.0,6,3.00,260,130.0,399,199.5
"Camden Orth","Bowling Green",2,864,432.0,8,4.00,259,129.5,6,3.00,73,36.5,125,62.5
"Camden Orth",Chattanooga,1,1413,1413.0,12,12.00,339,339.0,4,4.00,108,108.0,191,191.0
"Camden Orth","Long Island University",1,435,435.0,2,2.00,-19,-19.0,0,0.00,41,41.0,71,71.0
"Cameran Brown","Georgia State",1,1086,1086.0,12,12.00,275,275.0,3,3.00,104,104.0,160,160.0
"Cameran Brown","Texas Tech",1,11,11.0,0,0.00,83,83.0,0,0.00,4,4.0,9,9.0
"Cameron Birse","Arkansas State",1,37,37.0,0,0.00,NULL,NULL,NULL,NULL,4,4.0,4,4.0
"Cameron Birse","Murray State",1,18,18.0,0,0.00,-4,-4.0,0,0.00,2,2.0,3,3.0
"Cameron Coffman",Indiana,2,2763,1381.5,15,7.50,-5,-2.5,1,0.50,249,124.5,416,208.0
"Cameron Coffman",Wyoming,1,1951,1951.0,18,18.00,-118,-118.0,0,0.00,152,152.0,241,241.0
"Cameron Dantley",Syracuse,2,1856,928.0,16,8.00,-79,-39.5,0,0.00,169,84.5,341,170.5
"Cameron Deen","Middle Tennessee",1,0,0.0,0,0.00,NULL,NULL,NULL,NULL,0,0.0,1,1.0
"Cameron Edge",Maryland,2,167,83.5,2,1.00,-21,-10.5,0,0.00,11,5.5,17,8.5
"Cameron Friel",UNLV,4,2036,509.0,9,2.25,-113,-28.3,3,0.75,179,44.8,281,70.3
"Cameron Peters","Prairie View A&M",2,1831,915.5,8,4.00,248,124.0,2,1.00,139,69.5,250,125.0
"Cameron Rising",Utah,4,6127,1531.8,53,13.25,987,246.8,12,3.00,490,122.5,777,194.3
"Cameron Rosendahl","Tennessee State",1,159,159.0,1,1.00,3,3.0,0,0.00,14,14.0,24,24.0
"Cameron Sapp","Florida A&M",3,24,8.0,0,0.00,-3,-1.0,0,0.00,3,1.0,3,1.0
"Cameron Sapp","Norfolk State",1,553,553.0,6,6.00,87,87.0,1,1.00,32,32.0,61,61.0
"Cameron Thomas","Western Michigan",1,3,3.0,0,0.00,-3,-3.0,0,0.00,1,1.0,1,1.0
"Cameron Ward","Incarnate Word",1,376,376.0,4,4.00,-13,-13.0,0,0.00,31,31.0,47,47.0
"Cameron Ward",Miami,1,4313,4313.0,39,39.00,204,204.0,4,4.00,305,305.0,454,454.0
"Cameron Ward","Washington State",2,6950,3475.0,48,24.00,192,96.0,13,6.50,643,321.5,982,491.0
"Cammon Cooper",Hawai'i,1,NULL,NULL,NULL,NULL,2,2.0,0,0.00,NULL,NULL,NULL,NULL
"Cammon Cooper","Washington State",2,143,71.5,0,0.00,29,14.5,0,0.00,15,7.5,23,11.5
"Camron Humphrey",Montana,2,155,77.5,0,0.00,6,3.0,1,0.50,16,8.0,36,18.0
"Cannon Turner","Air Force",2,NULL,NULL,NULL,NULL,17,8.5,0,0.00,NULL,NULL,NULL,NULL
"Cardale Jones","Ohio State",3,2323,774.3,15,5.00,617,205.7,4,1.33,167,55.7,270,90.0
"Cardell Williams","Sacramento State",1,1225,1225.0,7,7.00,294,294.0,9,9.00,82,82.0,131,131.0
"Cardell Williams",Tulsa,2,1186,593.0,10,5.00,265,132.5,7,3.50,84,42.0,143,71.5
"Carl Richardson",Northwestern,2,58,29.0,0,0.00,0,0.0,0,0.00,5,2.5,13,6.5
"Carlos Davis",Massachusetts,1,886,886.0,6,6.00,19,19.0,0,0.00,62,62.0,101,101.0
"Carlos Davis",Towson,1,608,608.0,3,3.00,61,61.0,1,1.00,57,57.0,93,93.0
"Carlos Davis","Western Carolina",2,1874,937.0,16,8.00,248,124.0,0,0.00,153,76.5,227,113.5
"Carlos Del Rio-Wilson",Marshall,1,1286,1286.0,13,13.00,415,415.0,4,4.00,111,111.0,157,157.0
"Carlos Del Rio-Wilson",Syracuse,2,624,312.0,4,2.00,148,74.0,1,0.50,48,24.0,102,51.0
"Carmine Scarfone",Colgate,1,NULL,NULL,NULL,NULL,7,7.0,0,0.00,NULL,NULL,NULL,NULL
"Caron Tyler",Valparaiso,3,1364,454.7,8,2.67,465,155.0,4,1.33,127,42.3,218,72.7
"Carson Baker","Morgan State",2,828,414.0,5,2.50,34,17.0,2,1.00,78,39.0,149,74.5
"Carson Baker","San Diego State",2,789,394.5,4,2.00,8,4.0,1,0.50,78,39.0,129,64.5
"Carson Baker","Western Kentucky",1,54,54.0,1,1.00,NULL,NULL,NULL,NULL,1,1.0,1,1.0
"Carson Barnett",Samford,1,-7,-7.0,0,0.00,-3,-3.0,0,0.00,2,2.0,5,5.0
"Carson Beck",Georgia,4,7912,1978.0,58,14.50,245,61.3,5,1.25,628,157.0,923,230.8
"Carson Beck",Miami,1,1673,1673.0,12,12.00,34,34.0,1,1.00,148,148.0,203,203.0
"Carson Camp","Sacramento State",1,219,219.0,1,1.00,64,64.0,0,0.00,22,22.0,38,38.0
"Carson Camp","SE Louisiana",1,1087,1087.0,9,9.00,83,83.0,0,0.00,81,81.0,120,120.0
"Carson Camp","South Dakota",2,1002,501.0,4,2.00,33,16.5,1,0.50,88,44.0,161,80.5
"Carson Coats","Arkansas State",2,7,3.5,0,0.00,-6,-3.0,0,0.00,1,0.5,2,1.0
"Carson Coffman","Kansas State",4,3224,806.0,17,4.25,278,69.5,12,3.00,270,67.5,426,106.5
"Carson Conklin","Fresno State",1,224,224.0,0,0.00,-8,-8.0,0,0.00,25,25.0,48,48.0
"Carson Conklin","Sacramento State",2,3503,1751.5,33,16.50,-13,-6.5,0,0.00,306,153.0,500,250.0
"Carson Cruver","Florida Atlantic",2,9,4.5,0,0.00,NULL,NULL,NULL,NULL,1,0.5,3,1.5
"Carson Earp",Lamar,2,84,42.0,0,0.00,33,16.5,0,0.00,11,5.5,23,11.5
"Carson Haggard","Abilene Christian",1,431,431.0,4,4.00,12,12.0,0,0.00,35,35.0,59,59.0
"Carson Jones",Furman,4,1197,299.3,9,2.25,-38,-9.5,0,0.00,131,32.8,217,54.3
"Carson Meger",UTEP,3,1183,394.3,3,1.00,16,5.3,0,0.00,118,39.3,191,63.7
"Carson Royal","Florida A&M",3,35,11.7,0,0.00,-22,-7.3,0,0.00,6,2.0,12,4.0
"Carson Strong",Nevada,4,9356,2339.0,73,18.25,-305,-76.3,0,0.00,850,212.5,1250,312.5
"Carson Wentz","North Dakota State",1,204,204.0,0,0.00,38,38.0,0,0.00,18,18.0,28,28.0
"Carson Williams",Army,4,2738,684.5,17,4.25,-211,-52.8,0,0.00,243,60.8,462,115.5
"Carston Naegle","Southern Utah",1,3,3.0,0,0.00,NULL,NULL,NULL,NULL,1,1.0,1,1.0
"Carter Bradley","South Alabama",2,6012,3006.0,47,23.50,6,3.0,3,1.50,497,248.5,752,376.0
"Carter Bradley",Toledo,4,2377,594.3,14,3.50,-2,-0.5,1,0.25,182,45.5,327,81.8
"Carter Cravens","Morehead State",4,4886,1221.5,29,7.25,356,89.0,9,2.25,370,92.5,703,175.8
"Carter Davis",Lindenwood,1,363,363.0,3,3.00,67,67.0,0,0.00,26,26.0,48,48.0
"Carter Jones",Nevada,1,644,644.0,3,3.00,19,19.0,0,0.00,66,66.0,106,106.0
"Carter Peevy",Maine,2,3884,1942.0,27,13.50,178,89.0,6,3.00,347,173.5,549,274.5
"Carter Peevy",Mercer,4,2336,584.0,11,2.75,349,87.3,12,3.00,207,51.8,313,78.3
"Carter Stanley",Kansas,4,5032,1258.0,37,9.25,321,80.3,1,0.25,454,113.5,758,189.5
"Case Cookus","Northern Arizona",5,1449,289.8,6,1.20,23,4.6,0,0.00,99,19.8,158,31.6
"Case Keenum",Houston,5,19217,3843.4,155,31.00,897,179.4,23,4.60,1546,309.2,2229,445.8
"Case McCoy",Texas,4,3689,922.3,24,6.00,-30,-7.5,3,0.75,329,82.3,550,137.5
"Casey Bauman","Montana State",1,120,120.0,1,1.00,13,13.0,0,0.00,7,7.0,19,19.0
"Casey Bullock",Davidson,2,229,114.5,0,0.00,5,2.5,1,0.50,23,11.5,43,21.5
"Casey Case","Stony Brook",2,1797,898.5,10,5.00,-47,-23.5,0,0.00,155,77.5,280,140.0
"Casey Cochran",UConn,2,1464,732.0,11,5.50,-19,-9.5,1,0.50,128,64.0,206,103.0
"Casey Freeman","Alcorn State",2,NULL,NULL,NULL,NULL,NULL,NULL,NULL,NULL,NULL,NULL,NULL,NULL
"Casey Marksberry",Colorado,1,20,20.0,0,0.00,-5,-5.0,0,0.00,2,2.0,3,3.0
"Casey Pachall",TCU,4,5415,1353.8,42,10.50,192,48.0,5,1.25,431,107.8,685,171.3
"Casey Thompson","Florida Atlantic",1,509,509.0,5,5.00,2,2.0,0,0.00,50,50.0,79,79.0
"Casey Thompson",Nebraska,1,2407,2407.0,17,17.00,-21,-21.0,5,5.00,173,173.0,274,274.0
"Casey Thompson",Texas,3,2422,807.3,30,10.00,210,70.0,5,1.67,185,61.7,290,96.7
"Cash Mccollum","Weber State",1,0,0.0,0,0.00,NULL,NULL,NULL,NULL,0,0.0,2,2.0
"Cason Carswell","Western Illinois",1,1389,1389.0,10,10.00,39,39.0,0,0.00,130,130.0,199,199.0
"Cayman Shutter",Hawai'i,3,16,5.3,0,0.00,4,1.3,0,0.00,2,0.7,6,2.0
"Cedric Case","Texas State",1,NULL,NULL,NULL,NULL,NULL,NULL,NULL,NULL,NULL,NULL,NULL,NULL
"Cedric McCloud","Kent State",1,63,63.0,0,0.00,-62,-62.0,0,0.00,6,6.0,22,22.0
"Cephus Johnson","SE Louisiana",2,1527,763.5,10,5.00,624,312.0,8,4.00,138,69.0,214,107.0
"Cephus Johnson","South Alabama",2,1020,510.0,8,4.00,254,127.0,4,2.00,90,45.0,181,90.5
"Chad Bozzo","San José State",1,155,155.0,1,1.00,55,55.0,0,0.00,13,13.0,33,33.0
"Chad Chalich",Idaho,2,1715,857.5,7,3.50,360,180.0,1,0.50,149,74.5,248,124.0
"Chad Kelly",Clemson,1,58,58.0,0,0.00,117,117.0,1,1.00,10,10.0,17,17.0
"Chad Kelly","Ole Miss",2,6800,3400.0,50,25.00,832,416.0,15,7.50,503,251.5,786,393.0
"Chad Martini",Cornell,2,45,22.5,0,0.00,-4,-2.0,0,0.00,3,1.5,3,1.5
"Chad Mascoe II",Campbell,3,2249,749.7,16,5.33,33,11.0,1,0.33,166,55.3,255,85.0
"Chad President",Tulsa,4,930,232.5,3,0.75,513,128.3,9,2.25,84,21.0,162,40.5
"Chad Voytik","Arkansas State",1,363,363.0,1,1.00,164,164.0,4,4.00,32,32.0,57,57.0
"Chad Voytik",Pittsburgh,3,2461,820.3,17,5.67,529,176.3,5,1.67,198,66.0,322,107.3
"Champ Harris",Army,1,260,260.0,0,0.00,11,11.0,1,1.00,19,19.0,35,35.0
"Champ Long",Maryland,1,10,10.0,0,0.00,-9,-9.0,0,0.00,1,1.0,2,2.0
"Champ Long","North Carolina A&T",1,67,67.0,0,0.00,0,0.0,0,0.00,8,8.0,16,16.0
"Chance Amie",Grambling,1,0,0.0,0,0.00,-5,-5.0,0,0.00,0,0.0,1,1.0
"Chance Lovertich","Mississippi State",2,215,107.5,2,1.00,3,1.5,0,0.00,19,9.5,24,12.0
"Chance Lovertich","South Alabama",1,618,618.0,5,5.00,6,6.0,0,0.00,46,46.0,86,86.0
"Chance McDonald","Western Kentucky",1,13,13.0,0,0.00,NULL,NULL,NULL,NULL,1,1.0,5,5.0
"Chance Newman","Northwestern State",2,6,3.0,0,0.00,47,23.5,3,1.50,1,0.5,1,0.5
"Chance Newman",VMI,2,150,75.0,1,0.50,5,2.5,0,0.00,10,5.0,21,10.5
"Chance Nolan","Oregon State",3,4153,1384.3,32,10.67,508,169.3,5,1.67,316,105.3,520,173.3
"Chance Stevenson","Air Force",1,63,63.0,0,0.00,11,11.0,0,0.00,2,2.0,2,2.0
"Chance Thrasher","Coastal Carolina",2,55,27.5,0,0.00,42,21.0,0,0.00,6,3.0,11,5.5
"Chance Thrasher","East Tennessee State",1,29,29.0,0,0.00,10,10.0,0,0.00,4,4.0,6,6.0
"Chance Wilson","Montana State",2,144,72.0,0,0.00,97,48.5,3,1.50,11,5.5,24,12.0
"Chancellor Edwards","Arkansas-Pine Bluff",2,593,296.5,4,2.00,-37,-18.5,1,0.50,67,33.5,126,63.0
"Chandler Burks","Kennesaw State",1,201,201.0,1,1.00,36,36.0,0,0.00,12,12.0,19,19.0
"Chandler Fields",Louisiana,6,3211,535.2,24,4.00,179,29.8,6,1.00,277,46.2,435,72.5
"Chandler Harnish","Northern Illinois",4,8846,2211.5,67,16.75,2835,708.8,23,5.75,678,169.5,1091,272.8
"Chandler Morris","North Texas",1,3774,3774.0,31,31.00,242,242.0,4,4.00,322,322.0,509,509.0
"Chandler Morris",Oklahoma,1,39,39.0,0,0.00,44,44.0,2,2.00,3,3.0,5,5.0
"Chandler Morris",TCU,3,2368,789.3,16,5.33,356,118.7,4,1.33,200,66.7,305,101.7
"Chandler Morris",Virginia,1,1807,1807.0,12,12.00,170,170.0,4,4.00,165,165.0,246,246.0
"Chandler Rogers",California,1,117,117.0,0,0.00,86,86.0,1,1.00,12,12.0,25,25.0
"Chandler Rogers","North Texas",1,3383,3383.0,29,29.00,180,180.0,4,4.00,262,262.0,422,422.0
"Chandler Rogers","Southern Miss",1,NULL,NULL,NULL,NULL,6,6.0,0,0.00,NULL,NULL,NULL,NULL
"Chandler Rogers","UL Monroe",2,3714,1857.0,24,12.00,720,360.0,6,3.00,328,164.0,498,249.0
"Chandler Whitmer",UConn,3,5077,1692.3,25,8.33,-246,-82.0,2,0.67,403,134.3,713,237.7
"Chandler Wilson",VMI,3,427,142.3,3,1.00,-30,-10.0,0,0.00,57,19.0,127,42.3
"Channing Dumas","Miles College",1,20,20.0,0,0.00,11,11.0,0,0.00,1,1.0,2,2.0
"Channing Dumas","Prairie View A&M",2,92,46.0,0,0.00,29,14.5,0,0.00,4,2.0,18,9.0
"Charles DePrima",Harvard,3,1064,354.7,13,4.33,830,276.7,10,3.33,83,27.7,151,50.3
"Charles Watson",Furman,2,0,0.0,0,0.00,-1,-0.5,0,0.00,1,0.5,2,1.0
"Charles Wright",Grambling,2,7,3.5,0,0.00,-6,-3.0,0,0.00,1,0.5,3,1.5
"Charley Loeb",Syracuse,3,73,24.3,0,0.00,9,3.0,0,0.00,8,2.7,12,4.0
"Charlie Brewer",Baylor,4,9705,2426.3,65,16.25,1040,260.0,22,5.50,828,207.0,1303,325.8
"Charlie Brewer",Liberty,1,52,52.0,0,0.00,23,23.0,0,0.00,8,8.0,13,13.0
"Charlie Brewer",Utah,1,484,484.0,3,3.00,16,16.0,0,0.00,48,48.0,79,79.0
"Charlie Dean",Harvard,2,2101,1050.5,18,9.00,53,26.5,1,0.50,169,84.5,285,142.5
"Charlie Dean","Western Carolina",1,98,98.0,0,0.00,NULL,NULL,NULL,NULL,15,15.0,23,23.0
"Charlie Gilliam",Samford,1,138,138.0,0,0.00,-5,-5.0,0,0.00,9,9.0,15,15.0
"Charlie McKee","Stony Brook",1,806,806.0,6,6.00,-58,-58.0,0,0.00,66,66.0,110,110.0
"Chas Dodd",Rutgers,4,4079,1019.8,24,6.00,-286,-71.5,0,0.00,336,84.0,602,150.5
"Chase Artopoeus",Chattanooga,2,4612,2306.0,31,15.50,250,125.0,7,3.50,325,162.5,530,265.0
"Chase Artopoeus",UCLA,1,NULL,NULL,NULL,NULL,NULL,NULL,NULL,NULL,NULL,NULL,NULL,NULL
"Chase Brice","App State",2,6252,3126.0,54,27.00,266,133.0,7,3.50,461,230.5,738,369.0
"Chase Brice",Clemson,2,1023,511.5,9,4.50,187,93.5,1,0.50,82,41.0,136,68.0
"Chase Brice",Duke,1,2162,2162.0,10,10.00,89,89.0,1,1.00,192,192.0,351,351.0
"Chase Cord","Boise State",2,737,368.5,10,5.00,209,104.5,3,1.50,63,31.5,104,52.0
"Chase Cunningham","Middle Tennessee",5,4768,953.6,39,7.80,180,36.0,7,1.40,445,89.0,689,137.8
"Chase Diehl",Duquesne,1,5,5.0,0,0.00,NULL,NULL,NULL,NULL,1,1.0,1,1.0
"Chase Forrest",California,3,286,95.3,1,0.33,-3,-1.0,0,0.00,20,6.7,42,14.0
"Chase Fourcade",Nicholls,4,1084,271.0,5,1.25,156,39.0,1,0.25,86,21.5,163,40.8
"Chase Garbers",California,4,6582,1645.5,50,12.50,1174,293.5,11,2.75,597,149.3,958,239.5
"Chase Goodwin",Columbia,3,1366,455.3,8,2.67,89,29.7,2,0.67,124,41.3,206,68.7
"Chase Griffin",UCLA,3,467,155.7,6,2.00,43,14.3,0,0.00,41,13.7,67,22.3
"Chase Hart","William & Mary",1,6,6.0,0,0.00,NULL,NULL,NULL,NULL,1,1.0,1,1.0
"Chase Jenkins",Rice,3,844,281.3,5,1.67,416,138.7,5,1.67,90,30.0,130,43.3
"Chase Litton",Marshall,3,8332,2777.3,72,24.00,-77,-25.7,2,0.67,727,242.3,1197,399.0
"Chase Mason","South Dakota State",3,1768,589.3,14,4.67,773,257.7,11,3.67,139,46.3,210,70.0
"Chase Mummau","Virginia Tech",1,22,22.0,0,0.00,NULL,NULL,NULL,NULL,1,1.0,1,1.0
"Chase Rettig","Boston College",4,8248,2062.0,52,13.00,-225,-56.3,2,0.50,686,171.5,1243,310.8
"Chase Spellman",Drake,1,489,489.0,2,2.00,55,55.0,2,2.00,38,38.0,56,56.0
"Chase Wolf",Wisconsin,4,292,73.0,3,0.75,-9,-2.3,0,0.00,33,8.3,57,14.3
"Chason Virgil","Fresno State",3,2843,947.7,19,6.33,181,60.3,2,0.67,245,81.7,461,153.7
"Chason Virgil","SE Louisiana",2,856,428.0,6,3.00,-49,-24.5,0,0.00,80,40.0,116,58.0
"Chaston Ditta","East Carolina",1,36,36.0,1,1.00,NULL,NULL,NULL,NULL,3,3.0,4,4.0
"Chauncey Caldwell","North Carolina Central",2,3,1.5,0,0.00,-1,-0.5,0,0.00,2,1.0,7,3.5
"Chayce Crouch",Illinois,3,852,284.0,4,1.33,360,120.0,4,1.33,78,26.0,157,52.3
"Chayden Peery","Florida International",1,58,58.0,1,1.00,25,25.0,0,0.00,7,7.0,12,12.0
"Chayil Garnett","Tennessee State",3,134,44.7,1,0.33,40,13.3,1,0.33,19,6.3,35,11.7
"Chazz Anderson",Buffalo,1,2454,2454.0,11,11.00,309,309.0,7,7.00,230,230.0,406,406.0
"Chazz Anderson",Cincinnati,3,759,253.0,3,1.00,69,23.0,2,0.67,74,24.7,126,42.0
"Chester Stewart",Temple,4,2529,632.3,13,3.25,303,75.8,2,0.50,199,49.8,383,95.8
"Chevan Cordeiro",Hawai'i,4,6167,1541.8,45,11.25,1082,270.5,13,3.25,489,122.3,834,208.5
"Chevan Cordeiro","San José State",2,6015,3007.5,43,21.50,532,266.0,12,6.00,482,241.0,789,394.5
"Chip Bowden",Army,2,388,194.0,3,1.50,631,315.5,1,0.50,40,20.0,98,49.0
"Chris Andrews","Morgan State",1,163,163.0,0,0.00,5,5.0,0,0.00,14,14.0,37,37.0
"Chris Andrews",Wagner,3,144,48.0,1,0.33,10,3.3,0,0.00,8,2.7,27,9.0
"Chris Bennett",Purdue,1,NULL,NULL,NULL,NULL,6,6.0,0,0.00,NULL,NULL,NULL,NULL
"Chris Brown","Cal Poly",2,350,175.0,2,1.00,166,83.0,2,1.00,21,10.5,38,19.0
"Chris Campbell","Southern Miss",1,322,322.0,3,3.00,5,5.0,0,0.00,27,27.0,55,55.0
"Chris Carter",Army,2,513,256.5,4,2.00,384,192.0,3,1.50,21,10.5,41,20.5
"Chris Chugunov","Ohio State",1,286,286.0,6,6.00,-10,-10.0,0,0.00,26,26.0,43,43.0
"Chris Chugunov","West Virginia",2,551,275.5,3,1.50,-48,-24.0,0,0.00,45,22.5,95,47.5
"Chris Coyer",Temple,4,1456,364.0,14,3.50,1058,264.5,5,1.25,116,29.0,216,54.0
"Chris Denson",Clemson,1,NULL,NULL,NULL,NULL,2,2.0,0,0.00,NULL,NULL,NULL,NULL
"Chris Dietrich",Bucknell,1,709,709.0,6,6.00,15,15.0,1,1.00,62,62.0,100,100.0
"Chris Ferguson",Liberty,1,197,197.0,4,4.00,-18,-18.0,0,0.00,19,19.0,37,37.0
"Chris Ferguson",Maine,3,724,241.3,4,1.33,-5,-1.7,1,0.33,53,17.7,120,40.0
"Chris Ferguson",Towson,1,213,213.0,3,3.00,-14,-14.0,0,0.00,19,19.0,35,35.0
"Chris Helbig","Southern Utah",2,748,374.0,3,1.50,62,31.0,4,2.00,72,36.0,118,59.0
"Chris Herron","Kansas State",1,NULL,NULL,NULL,NULL,-1,-1.0,0,0.00,NULL,NULL,NULL,NULL
"Chris Herron","Prairie View A&M",3,82,27.3,2,0.67,227,75.7,1,0.33,4,1.3,10,3.3
"Chris Irvin","Western Illinois",2,833,416.5,8,4.00,18,9.0,2,1.00,76,38.0,150,75.0
"Chris Jacquemain",Akron,3,4691,1563.7,35,11.67,18,6.0,1,0.33,411,137.0,718,239.3
"Chris Jimerson Jr.","North Texas",1,37,37.0,1,1.00,3,3.0,0,0.00,1,1.0,2,2.0
"Chris Katrenick",Duke,3,143,47.7,2,0.67,44,14.7,1,0.33,10,3.3,28,9.3
"Chris Katrenick","Eastern Illinois",1,78,78.0,0,0.00,3,3.0,0,0.00,13,13.0,22,22.0
"Chris Laviano",Rutgers,3,3102,1034.0,21,7.00,83,27.7,0,0.00,268,89.3,480,160.0
"Chris Leachman","Alabama A&M",2,20,10.0,0,0.00,2,1.0,0,0.00,1,0.5,6,3.0
"Chris Masson",Louisiana,4,4757,1189.3,24,6.00,218,54.5,8,2.00,421,105.3,745,186.3
"Chris McCormick","New Hampshire",1,0,0.0,0,0.00,13,13.0,0,0.00,0,0.0,3,3.0
"Chris Merchant",Buffalo,1,0,0.0,0,0.00,NULL,NULL,NULL,NULL,0,0.0,1,1.0
"Chris Murray","Montana State",2,32,16.0,0,0.00,68,34.0,0,0.00,6,3.0,13,6.5
"Chris Oladokun","South Dakota State",1,224,224.0,2,2.00,19,19.0,1,1.00,18,18.0,28,28.0
"Chris Oladokun","South Florida",2,297,148.5,3,1.50,20,10.0,0,0.00,23,11.5,45,22.5
"Chris Parson","Austin Peay",1,1636,1636.0,12,12.00,319,319.0,8,8.00,111,111.0,169,169.0
"Chris Parson","Mississippi State",2,103,51.5,0,0.00,22,11.0,0,0.00,11,5.5,28,14.0
"Chris Relf","Mississippi State",4,3297,824.3,28,7.00,1575,393.8,9,2.25,267,66.8,460,115.0
"Chris Reynolds",Charlotte,5,10264,2052.8,84,16.80,873,174.6,12,2.40,794,158.8,1274,254.8
"Chris Riddle","Western Michigan",1,NULL,NULL,NULL,NULL,NULL,NULL,NULL,NULL,NULL,NULL,NULL,NULL
"Chris Robison","Florida Atlantic",2,6232,3116.0,40,20.00,151,75.5,5,2.50,484,242.0,776,388.0
"Chris Scott","Prairie View A&M",1,0,0.0,0,0.00,NULL,NULL,NULL,NULL,0,0.0,2,2.0
"Chris Stephenson",Stetson,2,269,134.5,1,0.50,308,154.0,3,1.50,30,15.0,58,29.0
"Chris Todd",Auburn,2,3515,1757.5,27,13.50,-179,-89.5,0,0.00,284,142.0,484,242.0
"Chris Turner",Maryland,3,6543,2181.0,30,10.00,-158,-52.7,3,1.00,547,182.3,918,306.0
"Christian Alexander","Florida International",2,643,321.5,5,2.50,212,106.0,3,1.50,56,28.0,89,44.5
"Christian Alexander",Wagner,1,300,300.0,1,1.00,-25,-25.0,0,0.00,34,34.0,61,61.0
"Christian Anderson",Army,3,1063,354.3,7,2.33,1464,488.0,16,5.33,58,19.3,133,44.3
"Christian Arceneaux",Nicholls,2,66,33.0,0,0.00,NULL,NULL,NULL,NULL,4,2.0,8,4.0
"Christian Brumbaugh","William & Mary",1,9,9.0,0,0.00,NULL,NULL,NULL,NULL,1,1.0,2,2.0
"Christian Chapman","San Diego State",4,5085,1271.3,39,9.75,90,22.5,1,0.25,379,94.8,632,158.0
"Christian Gelov",Purdue,1,26,26.0,0,0.00,12,12.0,0,0.00,1,1.0,3,3.0
"Christian Hackenberg","Penn State",3,8457,2819.0,48,16.00,-242,-80.7,6,2.00,693,231.0,1235,411.7
"Christian Langford","Florida International",1,NULL,NULL,NULL,NULL,NULL,NULL,NULL,NULL,NULL,NULL,NULL,NULL
"Christian LeMay",Georgia,1,43,43.0,0,0.00,67,67.0,1,1.00,1,1.0,2,2.0
"Christian LeMay","Jacksonville State",1,23,23.0,0,0.00,23,23.0,0,0.00,3,3.0,6,6.0
"Christian Lupoli","New Hampshire",1,160,160.0,1,1.00,8,8.0,0,0.00,13,13.0,31,31.0
"Christian Parrish",Army,1,NULL,NULL,NULL,NULL,16,16.0,0,0.00,NULL,NULL,NULL,NULL
"Christian Perez","Southeast Missouri State",1,NULL,NULL,NULL,NULL,NULL,NULL,NULL,NULL,NULL,NULL,NULL,NULL
"Christian Peters","Arkansas-Pine Bluff",1,1360,1360.0,7,7.00,168,168.0,1,1.00,115,115.0,221,221.0
"Christian Ponder","Florida State",4,6872,1718.0,49,12.25,833,208.3,10,2.50,596,149.0,965,241.3
"Christian Provancha",Florida,1,NULL,NULL,NULL,NULL,0,0.0,0,0.00,NULL,NULL,NULL,NULL
"Christian Stewart",BYU,2,2621,1310.5,25,12.50,158,79.0,4,2.00,199,99.5,350,175.0
"Christian Veilleux","Georgia State",2,2099,1049.5,14,7.00,95,47.5,1,0.50,170,85.0,302,151.0
"Christian Veilleux","Penn State",2,282,141.0,3,1.50,35,17.5,0,0.00,23,11.5,35,17.5
"Christian Veilleux",Pittsburgh,1,1179,1179.0,7,7.00,-14,-14.0,0,0.00,94,94.0,184,184.0
"Christopher Vizzina",Clemson,2,544,272.0,3,1.50,93,46.5,1,0.50,55,27.5,90,45.0
"Christopher Zellous",Hampton,3,2903,967.7,19,6.33,1250,416.7,17,5.67,256,85.3,444,148.0
"Christopher Zellous","Stony Brook",1,1246,1246.0,7,7.00,393,393.0,5,5.00,111,111.0,178,178.0
"Chubba Purdy","Florida State",2,317,158.5,4,2.00,62,31.0,0,0.00,32,16.0,58,29.0
"Chubba Purdy",Nebraska,2,529,264.5,2,1.00,253,126.5,3,1.50,53,26.5,104,52.0
"Chubba Purdy",Nevada,2,736,368.0,2,1.00,355,177.5,2,1.00,59,29.5,103,51.5
"Chuckie Keeton","Utah State",5,7393,1478.6,62,12.40,1415,283.0,16,3.20,672,134.4,1068,213.6
"CJ Bailey","NC State",2,4483,2241.5,34,17.00,382,191.0,8,4.00,375,187.5,557,278.5
"CJ Bennett","Murray State",1,122,122.0,1,1.00,5,5.0,0,0.00,11,11.0,23,23.0
"CJ Bennett","South Alabama",1,580,580.0,4,4.00,131,131.0,0,0.00,55,55.0,102,102.0
"CJ Harris",California,1,184,184.0,0,0.00,49,49.0,0,0.00,19,19.0,31,31.0
"CJ Harris",Ohio,3,829,276.3,5,1.67,239,79.7,3,1.00,78,26.0,147,49.0
"CJ Jordan",Idaho,2,48,24.0,0,0.00,70,35.0,0,0.00,9,4.5,21,10.5
"CJ Jordan","Portland State",1,58,58.0,0,0.00,-18,-18.0,0,0.00,8,8.0,14,14.0
"CJ Montes",Fordham,2,3292,1646.0,27,13.50,112,56.0,4,2.00,270,135.0,429,214.5
"CJ Montes","Kent State",1,140,140.0,1,1.00,1,1.0,0,0.00,10,10.0,19,19.0
"CJ Montes","New Mexico",2,213,106.5,0,0.00,-12,-6.0,1,0.50,37,18.5,84,42.0
"CJ Ogbonna",Buffalo,2,2468,1234.0,20,10.00,560,280.0,11,5.50,198,99.0,357,178.5
"CJ Ogbonna","Southeast Missouri State",2,59,29.5,0,0.00,148,74.0,0,0.00,9,4.5,23,11.5
"CJ Rogers","Houston Christian",1,212,212.0,0,0.00,-25,-25.0,0,0.00,24,24.0,63,63.0
"CJ Tiller","Boise State",1,117,117.0,0,0.00,-8,-8.0,0,0.00,12,12.0,21,21.0
"Clay Bruno","Western Illinois",1,1344,1344.0,7,7.00,177,177.0,1,1.00,112,112.0,224,224.0
"Clay Holgorsen",Memphis,1,177,177.0,1,1.00,14,14.0,0,0.00,14,14.0,20,20.0
"Clay Holgorsen","Northwestern State",2,174,87.0,1,0.50,4,2.0,0,0.00,16,8.0,36,18.0
"Clay Millen","Colorado State",2,2020,1010.0,10,5.00,-36,-18.0,0,0.00,184,92.0,258,129.0
"Clay Millen",Nevada,1,2,2.0,0,0.00,4,4.0,0,0.00,1,1.0,2,2.0
"Clayton Mitchem","New Mexico",2,712,356.0,1,0.50,166,83.0,3,1.50,52,26.0,90,45.0
"Clayton Moore",Akron,1,1655,1655.0,9,9.00,132,132.0,1,1.00,147,147.0,309,309.0
"Clayton Moore","Jackson State",1,17,17.0,0,0.00,42,42.0,0,0.00,5,5.0,10,10.0
"Clayton Thorson",Northwestern,4,10729,2682.3,61,15.25,408,102.0,27,6.75,990,247.5,1697,424.3
"Clayton Tune",Houston,5,11996,2399.2,104,20.80,1251,250.2,15,3.00,956,191.2,1499,299.8
"Clayton Tunney",UCLA,1,13,13.0,0,0.00,-7,-7.0,0,0.00,1,1.0,8,8.0
"Clayton Welch",Syracuse,1,523,523.0,4,4.00,58,58.0,0,0.00,36,36.0,68,68.0
"Clifton McDowell","Central Arkansas",1,115,115.0,2,2.00,132,132.0,2,2.00,10,10.0,21,21.0
"Clifton McDowell",Louisiana,1,8,8.0,0,0.00,NULL,NULL,NULL,NULL,1,1.0,1,1.0
"Clifton McDowell",McNeese,1,1054,1054.0,6,6.00,370,370.0,6,6.00,63,63.0,109,109.0
"Clifton McDowell",Montana,1,1818,1818.0,12,12.00,631,631.0,8,8.00,143,143.0,243,243.0
"Clint Chelf","Oklahoma State",4,4277,1069.3,37,9.25,505,126.3,7,1.75,317,79.3,537,134.3
"Clint Moseley",Auburn,3,1173,391.0,6,2.00,-147,-49.0,1,0.33,104,34.7,168,56.0
"Clint Trickett","Florida State",2,947,473.5,7,3.50,-31,-15.5,1,0.50,66,33.0,106,53.0
"Clint Trickett","West Virginia",2,4890,2445.0,25,12.50,-135,-67.5,2,1.00,404,202.0,652,326.0
"Clinton Granger",Temple,2,428,214.0,2,1.00,243,121.5,2,1.00,37,18.5,71,35.5
"Cobey Thompkins","The Citadel",2,455,227.5,4,2.00,376,188.0,1,0.50,28,14.0,45,22.5
"Cody Callaway","Bowling Green",1,153,153.0,1,1.00,-26,-26.0,0,0.00,12,12.0,26,26.0
"Cody Clements","South Alabama",1,2272,2272.0,13,13.00,93,93.0,3,3.00,171,171.0,324,324.0
"Cody Clements",UAB,1,2227,2227.0,14,14.00,160,160.0,4,4.00,183,183.0,275,275.0
"Cody Endres",UConn,3,2236,745.3,11,3.67,-121,-40.3,0,0.00,182,60.7,313,104.3
"Cody Fajardo",Nevada,4,9659,2414.8,57,14.25,3482,870.5,44,11.00,878,219.5,1348,337.0
"Cody Green",Nebraska,2,657,328.5,5,2.50,254,127.0,3,1.50,66,33.0,122,61.0
"Cody Green",Tulsa,2,3931,1965.5,24,12.00,356,178.0,5,2.50,345,172.5,630,315.0
"Cody Hawkins",Colorado,4,7731,1932.8,63,15.75,-167,-41.8,7,1.75,691,172.8,1253,313.3
"Cody Kater","Central Michigan",2,25,12.5,0,0.00,1,0.5,0,0.00,4,2.0,10,5.0
"Cody Keith","East Carolina",1,57,57.0,0,0.00,-10,-10.0,0,0.00,7,7.0,11,11.0
"Cody Kessler",USC,4,10339,2584.8,88,22.00,-425,-106.3,7,1.75,851,212.8,1261,315.3
"Cody Orgeron",McNeese,3,255,85.0,2,0.67,43,14.3,0,0.00,25,8.3,47,15.7
"Cody Sokol","Louisiana Tech",1,3436,3436.0,30,30.00,46,46.0,2,2.00,260,260.0,448,448.0
"Cody Stroud",McNeese,4,1095,273.8,8,2.00,-10,-2.5,2,0.50,102,25.5,154,38.5
"Cody Thomas",Oklahoma,2,343,171.5,2,1.00,141,70.5,1,0.50,31,15.5,69,34.5
"Cody Vaz","Oregon State",3,1704,568.0,12,4.00,-195,-65.0,0,0.00,127,42.3,220,73.3
"Cody Wells","UL Monroe",4,1887,471.8,13,3.25,36,9.0,0,0.00,169,42.3,287,71.8
"Cody Williams",Monmouth,2,173,86.5,0,0.00,-6,-3.0,0,0.00,26,13.0,48,24.0
"Colar Kuhns","Michigan State",1,5,5.0,0,0.00,NULL,NULL,NULL,NULL,1,1.0,1,1.0
"Colby Cameron","Louisiana Tech",4,6417,1604.3,45,11.25,422,105.5,5,1.25,545,136.3,854,213.5
"Colby Cornett","Southeast Missouri State",2,NULL,NULL,NULL,NULL,NULL,NULL,NULL,NULL,NULL,NULL,NULL,NULL
"Colby Kirkegaard",Wyoming,3,2820,940.0,12,4.00,-96,-32.0,0,0.00,227,75.7,395,131.7
"Colby Suits","Houston Christian",1,1919,1919.0,13,13.00,162,162.0,4,4.00,158,158.0,282,282.0
"Colby Suits","UL Monroe",4,1751,437.8,9,2.25,57,14.3,0,0.00,171,42.8,290,72.5
"Cole Ballard",Kansas,3,408,136.0,2,0.67,200,66.7,0,0.00,32,10.7,58,19.3
"Cole Brownholtz",Hawai'i,1,7,7.0,0,0.00,NULL,NULL,NULL,NULL,1,1.0,1,1.0
"Cole Copeland",Chattanooga,2,183,91.5,1,0.50,14,7.0,1,0.50,22,11.0,38,19.0
"Cole Dow",Dayton,2,276,138.0,4,2.00,325,162.5,5,2.50,31,15.5,69,34.5
"Cole Doyle","St. Francis (PA)",2,3389,1694.5,36,18.00,669,334.5,2,1.00,258,129.0,418,209.0
"Cole Dugger",Lindenwood,2,1020,510.0,10,5.00,160,80.0,1,0.50,84,42.0,152,76.0
"Cole Feuerbacher","Missouri State",1,28,28.0,0,0.00,3,3.0,0,0.00,6,6.0,8,8.0
"Cole Garvin","South Alabama",3,2477,825.7,16,5.33,51,17.0,2,0.67,205,68.3,374,124.7
"Cole Geer",Virginia,1,8,8.0,0,0.00,15,15.0,0,0.00,2,2.0,2,2.0
"Cole Gonzales",Pittsburgh,1,118,118.0,1,1.00,1,1.0,0,0.00,11,11.0,22,22.0
"Cole Gonzales","Western Carolina",3,6610,2203.3,51,17.00,544,181.3,3,1.00,502,167.3,783,261.0
"Cole Hagen",BYU,1,NULL,NULL,NULL,NULL,17,17.0,0,0.00,NULL,NULL,NULL,NULL
"Cole Johnson","James Madison",2,5,2.5,0,0.00,NULL,NULL,NULL,NULL,1,0.5,2,1.0
"Cole Kelley",Arkansas,2,1487,743.5,13,6.50,147,73.5,5,2.50,122,61.0,218,109.0
"Cole Kelley","SE Louisiana",2,495,247.5,3,1.50,48,24.0,2,1.00,44,22.0,60,30.0
"Cole Kramer",Minnesota,4,129,32.3,4,1.00,226,56.5,3,0.75,16,4.0,30,7.5
"Cole Lacrue","Eastern Illinois",1,492,492.0,1,1.00,418,418.0,7,7.00,44,44.0,88,88.0
"Cole McDonald",Hawai'i,3,8035,2678.3,70,23.33,861,287.0,12,4.00,616,205.3,1004,334.7
"Cole Payton","North Dakota State",4,2273,568.3,16,4.00,1676,419.0,26,6.50,145,36.3,200,50.0
"Cole Pennington",Gardner-Webb,1,691,691.0,2,2.00,17,17.0,0,0.00,53,53.0,83,83.0
"Cole Pennington",Marshall,2,752,376.0,1,0.50,-59,-29.5,0,0.00,69,34.5,119,59.5
"Cole Smith",Princeton,1,NULL,NULL,NULL,NULL,NULL,NULL,NULL,NULL,NULL,NULL,NULL,NULL
"Cole Snyder",Buffalo,2,4875,2437.5,28,14.00,233,116.5,5,2.50,451,225.5,789,394.5
"Cole Snyder","Eastern Michigan",1,2676,2676.0,15,15.00,322,322.0,4,4.00,239,239.0,402,402.0
"Cole Snyder",Rutgers,2,165,82.5,1,0.50,48,24.0,0,0.00,21,10.5,31,15.5
"Cole Stenstrom","South Dakota",1,NULL,NULL,NULL,NULL,27,27.0,0,0.00,NULL,NULL,NULL,NULL
"Cole Stoudt",Clemson,4,2634,658.5,17,4.25,200,50.0,3,0.75,277,69.3,421,105.3
"Cole Tannenbaum",Arizona,1,3,3.0,0,0.00,-4,-4.0,0,0.00,1,1.0,5,5.0
"Cole Webb",California,1,NULL,NULL,NULL,NULL,18,18.0,0,0.00,NULL,NULL,NULL,NULL
"Cole Weeks","Southern Miss",2,867,433.5,2,1.00,-27,-13.5,0,0.00,67,33.5,131,65.5
"Cole Welliver",UConn,1,10,10.0,0,0.00,NULL,NULL,NULL,NULL,2,2.0,4,4.0
"Coleman Key","Colorado State",1,251,251.0,3,3.00,15,15.0,0,0.00,21,21.0,44,44.0
"Colin Kaepernick",Nevada,4,9846,2461.5,80,20.00,4040,1010.0,59,14.75,728,182.0,1249,312.3
"Colin Parachek",Marshall,1,0,0.0,0,0.00,NULL,NULL,NULL,NULL,0,0.0,1,1.0
"Colin Parachek","Morehead State",1,223,223.0,2,2.00,33,33.0,0,0.00,24,24.0,46,46.0
"Colin Parachek",UAlbany,1,308,308.0,1,1.00,51,51.0,0,0.00,32,32.0,71,71.0
"Colin Seibert","Youngstown State",1,0,0.0,0,0.00,NULL,NULL,NULL,NULL,0,0.0,1,1.0
"Collin Drake",Georgia,1,2,2.0,0,0.00,NULL,NULL,NULL,NULL,1,1.0,1,1.0
"Collin Hill","Colorado State",3,3320,1106.7,23,7.67,39,13.0,3,1.00,262,87.3,432,144.0
"Collin Hill","South Carolina",1,1393,1393.0,6,6.00,-76,-76.0,3,3.00,124,124.0,211,211.0
"Collin Hurst",Presbyterian,2,4267,2133.5,37,18.50,215,107.5,7,3.50,319,159.5,473,236.5
"Collin Ironside",VMI,3,1790,596.7,7,2.33,5,1.7,2,0.67,165,55.0,259,86.3
"Collin Klein","Kansas State",4,4724,1181.0,30,7.50,2485,621.3,56,14.00,370,92.5,604,151.0
"Collin Michael",Buffalo,1,0,0.0,0,0.00,NULL,NULL,NULL,NULL,0,0.0,1,1.0
"Collin Ramirez","Portland State",2,0,0.0,0,0.00,NULL,NULL,NULL,NULL,0,0.0,3,1.5
"Collin Schlee","Kent State",3,2409,803.0,16,5.33,704,234.7,8,2.67,180,60.0,302,100.7
"Collin Schlee",UCLA,1,217,217.0,2,2.00,425,425.0,3,3.00,25,25.0,47,47.0
"Collin Schlee","Virginia Tech",1,414,414.0,3,3.00,143,143.0,2,2.00,28,28.0,55,55.0
"Collin Shannon",VMI,4,2654,663.5,13,3.25,-233,-58.3,1,0.25,224,56.0,409,102.3
"Colt Fulton","Boise State",1,NULL,NULL,NULL,NULL,7,7.0,0,0.00,NULL,NULL,NULL,NULL
"Colt Garrett","Texas Tech",1,44,44.0,1,1.00,9,9.0,0,0.00,1,1.0,1,1.0
"Colt McCoy",Texas,4,13253,3313.3,112,28.00,1571,392.8,20,5.00,1157,289.3,1645,411.3
"Colten Gauthier","South Carolina",2,34,17.0,0,0.00,NULL,NULL,NULL,NULL,2,1.0,3,1.5
"Coltin Gerhart","New Mexico",2,446,223.0,4,2.00,238,119.0,2,1.00,44,22.0,85,42.5
"Colton Allen",Colorado,1,NULL,NULL,NULL,NULL,NULL,NULL,NULL,NULL,NULL,NULL,NULL,NULL
"Colton FitzGerald","West Georgia",1,304,304.0,1,1.00,17,17.0,0,0.00,22,22.0,50,50.0
"Colton Hackel","Northern State",1,0,0.0,0,0.00,-2,-2.0,0,0.00,0,0.0,2,2.0
"Colton Howell","Northern Iowa",1,22,22.0,0,0.00,2,2.0,0,0.00,3,3.0,10,10.0
"Colton Joseph","Old Dominion",2,3618,1809.0,30,15.00,1199,599.5,17,8.50,263,131.5,428,214.0
"Colton Richardson",Idaho,3,551,183.7,3,1.00,-68,-22.7,0,0.00,42,14.0,82,27.3
"Colton Smith",Fordham,3,NULL,NULL,NULL,NULL,NULL,NULL,NULL,NULL,NULL,NULL,NULL,NULL
"Conner Cramer","New Mexico State",2,205,102.5,3,1.50,184,92.0,1,0.50,18,9.0,41,20.5
"Conner Harrell",Charlotte,1,737,737.0,4,4.00,67,67.0,2,2.00,64,64.0,96,96.0
"Conner Harrell","North Carolina",2,552,276.0,4,2.00,130,65.0,2,1.00,43,21.5,70,35.0
"Conner Kenyon","Rhode Island",1,29,29.0,1,1.00,NULL,NULL,NULL,NULL,4,4.0,5,5.0
"Conner Manning","Georgia State",2,5830,2915.0,30,15.00,120,60.0,3,1.50,466,233.0,776,388.0
"Conner Manning",Utah,1,28,28.0,0,0.00,-5,-5.0,0,0.00,2,2.0,6,6.0
"Conner McQueen","Texas A&M",2,1,0.5,0,0.00,8,4.0,0,0.00,1,0.5,1,0.5
"Conner Preston",SMU,1,127,127.0,1,1.00,1,1.0,0,0.00,5,5.0,10,10.0
"Conner Smith","Colorado State",1,1022,1022.0,6,6.00,-34,-34.0,0,0.00,80,80.0,126,126.0
"Conner Sullivan",USC,1,NULL,NULL,NULL,NULL,-4,-4.0,0,0.00,NULL,NULL,NULL,NULL
"Conner Weigman",Houston,1,1581,1581.0,12,12.00,357,357.0,8,8.00,123,123.0,193,193.0
"Conner Weigman","Texas A&M",3,2694,898.0,19,6.33,261,87.0,2,0.67,219,73.0,365,121.7
"Connor Adair",Memphis,3,126,42.0,1,0.33,26,8.7,1,0.33,11,3.7,19,6.3
"Connor Bazelak","Bowling Green",2,4979,2489.5,30,15.00,-173,-86.5,4,2.00,437,218.5,679,339.5
"Connor Bazelak",Indiana,1,2312,2312.0,13,13.00,-160,-160.0,1,1.00,234,234.0,425,425.0
"Connor Bazelak",Missouri,3,5058,1686.0,23,7.67,-1,-0.3,2,0.67,479,159.7,722,240.7
"Connor Brewer",Arizona,1,NULL,NULL,NULL,NULL,3,3.0,1,1.00,NULL,NULL,NULL,NULL
"Connor Brewer",Virginia,2,40,20.0,0,0.00,-19,-9.5,0,0.00,6,3.0,20,10.0
"Connor Cigelske","Georgia Southern",2,230,115.0,0,0.00,19,9.5,0,0.00,23,11.5,41,20.5
"Connor Cook","Michigan State",4,9194,2298.5,71,17.75,209,52.3,3,0.75,673,168.3,1170,292.5
"Connor Degenhardt","Holy Cross",2,271,135.5,0,0.00,-5,-2.5,0,0.00,29,14.5,58,29.0
"Connor Dietz","Air Force",4,1523,380.8,11,2.75,1347,336.8,9,2.25,100,25.0,171,42.8
"Connor Frazier",Towson,3,281,93.7,1,0.33,43,14.3,1,0.33,22,7.3,45,15.0
"Connor Genal","Morehead State",2,472,236.0,3,1.50,-53,-26.5,0,0.00,38,19.0,74,37.0
"Connor Genal","New Mexico",2,142,71.0,0,0.00,11,5.5,0,0.00,16,8.0,32,16.0
"Connor Halliday","Washington State",4,11308,2827.0,90,22.50,-492,-123.0,0,0.00,1014,253.5,1634,408.5
"Connor Jordan","St. Thomas (MN)",1,75,75.0,0,0.00,-5,-5.0,0,0.00,9,9.0,15,15.0
"Connor Masters",Samford,1,NULL,NULL,NULL,NULL,NULL,NULL,NULL,NULL,NULL,NULL,NULL,NULL
"Connor Mitch","James Madison",1,68,68.0,0,0.00,3,3.0,0,0.00,8,8.0,14,14.0
"Connor Mitch","South Carolina",2,184,92.0,1,0.50,48,24.0,1,0.50,15,7.5,35,17.5
"Connor Moberly","Iowa State",2,49,24.5,0,0.00,80,40.0,0,0.00,5,2.5,11,5.5
"Connor Noland",Arkansas,1,255,255.0,1,1.00,4,4.0,0,0.00,21,21.0,43,43.0
"Connor Reilly",Temple,2,848,424.0,2,1.00,96,48.0,2,1.00,86,43.0,167,83.5
"Connor Sampson","Western Illinois",3,537,179.0,3,1.00,-47,-15.7,0,0.00,54,18.0,86,28.7
"Connor Shaw","South Carolina",4,6074,1518.5,56,14.00,1683,420.8,17,4.25,480,120.0,733,183.3
"Connor Watkins",Villanova,4,6645,1661.3,47,11.75,1223,305.8,25,6.25,448,112.0,831,207.8
"Connor White","Texas State",3,499,166.3,2,0.67,179,59.7,0,0.00,53,17.7,96,32.0
"Connor Wolf","Eastern Illinois",1,809,809.0,6,6.00,-24,-24.0,1,1.00,59,59.0,102,102.0
"Connor Wood",Colorado,2,1368,684.0,9,4.50,-13,-6.5,0,0.00,105,52.5,199,99.5
"Conor Bednarski","Stony Brook",1,128,128.0,1,1.00,13,13.0,0,0.00,8,8.0,19,19.0
"Conor Blount","Eastern Kentucky",1,43,43.0,0,0.00,-30,-30.0,0,0.00,6,6.0,12,12.0
"Conor Blount","Oregon State",2,1307,653.5,7,3.50,-27,-13.5,0,0.00,115,57.5,189,94.5
"Conor Bruce","Cal Poly",1,NULL,NULL,NULL,NULL,NULL,NULL,NULL,NULL,NULL,NULL,NULL,NULL
"Conor Easthope",Harvard,1,0,0.0,0,0.00,28,28.0,1,1.00,0,0.0,2,2.0
"Conor Martin","Northern Colorado",1,NULL,NULL,NULL,NULL,NULL,NULL,NULL,NULL,NULL,NULL,NULL,NULL
"Conor Regan","Mississippi Valley State",1,NULL,NULL,NULL,NULL,NULL,NULL,NULL,NULL,NULL,NULL,NULL,NULL
"Conor Regan","Northern Colorado",2,11,5.5,0,0.00,-18,-9.0,0,0.00,2,1.0,4,2.0
"Conor Rhoda",Minnesota,3,927,309.0,6,2.00,0,0.0,0,0.00,67,22.3,126,42.0
"Cooper Bateman",Alabama,2,410,205.0,2,1.00,-3,-1.5,0,0.00,49,24.5,66,33.0
"Cooper Justice",Lindenwood,1,274,274.0,1,1.00,-30,-30.0,0,0.00,24,24.0,57,57.0
"Cooper Legas",Tulsa,1,1144,1144.0,12,12.00,201,201.0,1,1.00,87,87.0,162,162.0
"Cooper Legas","Utah State",3,3485,1161.7,32,10.67,411,137.0,2,0.67,284,94.7,454,151.3
"Cooper Panteck","Robert Morris",1,343,343.0,1,1.00,5,5.0,0,0.00,27,27.0,51,51.0
"Cooper Rush","Central Michigan",4,12894,3223.5,90,22.50,-108,-27.0,5,1.25,1022,255.5,1648,412.0
"Cooper Tankersley","The Citadel",1,16,16.0,0,0.00,6,6.0,0,0.00,3,3.0,4,4.0
"Corbin Berkstresser",Missouri,2,1059,529.5,5,2.50,56,28.0,3,1.50,88,44.0,178,89.0
"Corbin LaFrance","Robert Morris",1,104,104.0,0,0.00,-22,-22.0,0,0.00,12,12.0,29,29.0
"Cord Sandberg",Auburn,3,114,38.0,2,0.67,70,23.3,0,0.00,7,2.3,9,3.0
"Cord Sandberg","Eastern Kentucky",1,20,20.0,0,0.00,5,5.0,0,0.00,2,2.0,2,2.0
"Cordale Grundy",UTSA,2,993,496.5,5,2.50,164,82.0,1,0.50,112,56.0,225,112.5
"Corey Leonard","Arkansas State",4,7319,1829.8,47,11.75,1568,392.0,11,2.75,571,142.8,1088,272.0
"Corey Newble","Murray State",2,64,32.0,0,0.00,10,5.0,0,0.00,9,4.5,17,8.5
"Corey Robinson",Troy,4,13166,3291.5,79,19.75,-319,-79.8,3,0.75,1147,286.8,1771,442.8
"Corey Trisby",UTEP,2,NULL,NULL,NULL,NULL,NULL,NULL,NULL,NULL,NULL,NULL,NULL,NULL
"Cornelious Brown","Alabama A&M",3,2764,921.3,19,6.33,234,78.0,4,1.33,215,71.7,359,119.7
"Cornelious Brown","Georgia State",3,2792,930.7,17,5.67,365,121.7,9,3.00,231,77.0,413,137.7
"Cornelious Brown","UT Martin",1,37,37.0,0,0.00,35,35.0,1,1.00,4,4.0,12,12.0
"Cory Fields","South Carolina State",5,2899,579.8,28,5.60,256,51.2,1,0.20,228,45.6,456,91.2
"Cotton Turner",Houston,3,1205,401.7,11,3.67,53,17.7,2,0.67,103,34.3,148,49.3
"Coulter Cleland",Davidson,4,2969,742.3,32,8.00,548,137.0,1,0.25,241,60.3,369,92.3
"Craig Harrison","Utah State",3,746,248.7,5,1.67,112,37.3,0,0.00,61,20.3,118,39.3
"Craig Leonard","Colorado State",2,NULL,NULL,NULL,NULL,52,26.0,0,0.00,NULL,NULL,NULL,NULL
"Crawford Jones",Houston,2,990,495.0,11,5.50,-2,-1.0,0,0.00,77,38.5,133,66.5
"Creyton Cooper","Weber State",4,0,0.0,0,0.00,31,7.8,1,0.25,0,0.0,1,0.3
"Cristian Solano",Nevada,3,504,168.0,2,0.67,241,80.3,1,0.33,53,17.7,92,30.7
"Cross Wilkinson",Lehigh,1,NULL,NULL,NULL,NULL,NULL,NULL,NULL,NULL,NULL,NULL,NULL,NULL
"Cross Wilkinson",Toledo,1,NULL,NULL,NULL,NULL,-7,-7.0,0,0.00,NULL,NULL,NULL,NULL
"Curt Phillips",Wisconsin,3,642,214.0,5,1.67,248,82.7,0,0.00,60,20.0,107,35.7
"Curtis Fitch","App State",1,9,9.0,0,0.00,6,6.0,1,1.00,1,1.0,1,1.0
"Cutter Boley",Kentucky,2,1553,776.5,11,5.50,35,17.5,1,0.50,131,65.5,211,105.5
"Cutter Woods","South Carolina",1,46,46.0,0,0.00,13,13.0,0,0.00,4,4.0,6,6.0
"Cyler Miles",Washington,2,2815,1407.5,21,10.50,507,253.5,4,2.00,256,128.0,390,195.0
"Czavian Teasett",Grambling,1,1268,1268.0,10,10.00,150,150.0,4,4.00,115,115.0,195,195.0
"Czavian Teasett",Southern,1,941,941.0,6,6.00,122,122.0,1,1.00,71,71.0,128,128.0
"D.C. Tabscott","New Mexico",1,16,16.0,0,0.00,5,5.0,0,0.00,1,1.0,5,5.0
"D.C. Tabscott","North Alabama",2,310,155.0,4,2.00,-19,-9.5,0,0.00,18,9.0,41,20.5
"D.J. Crook","Penn State",1,57,57.0,1,1.00,NULL,NULL,NULL,NULL,6,6.0,9,9.0
"D.J. Crook",UAlbany,1,104,104.0,1,1.00,21,21.0,0,0.00,11,11.0,22,22.0
"D.J. Gillins",SMU,1,76,76.0,1,1.00,75,75.0,2,2.00,1,1.0,4,4.0
"D.J. Gillins",UTSA,1,225,225.0,1,1.00,65,65.0,0,0.00,30,30.0,61,61.0
"D.J. Lagway",Florida,2,3428,1714.0,21,10.50,113,56.5,0,0.00,260,130.0,414,207.0
"D.J. Mack Jr.","Old Dominion",2,880,440.0,6,3.00,209,104.5,7,3.50,87,43.5,170,85.0
"D.J. Mack Jr.",UCF,2,838,419.0,7,3.50,516,258.0,9,4.50,70,35.0,130,65.0
"D.J. Ponder",Tulane,4,599,149.8,2,0.50,-33,-8.3,0,0.00,61,15.3,145,36.3
"D.J. Uiagalelei",Clemson,3,5675,1891.7,36,12.00,921,307.0,15,5.00,514,171.3,859,286.3
"D.J. Uiagalelei","Florida State",1,1065,1065.0,4,4.00,-8,-8.0,0,0.00,84,84.0,156,156.0
"D.J. Uiagalelei","Oregon State",1,2638,2638.0,21,21.00,219,219.0,6,6.00,180,180.0,315,315.0
"D.J. Williams",Grambling,4,299,74.8,2,0.50,-46,-11.5,0,0.00,26,6.5,63,15.8
"D'Andre Thomas","Norfolk State",1,19,19.0,0,0.00,NULL,NULL,NULL,NULL,1,1.0,3,3.0
"D'Eriq King",Houston,4,4925,1231.3,50,12.50,1421,355.3,28,7.00,369,92.3,597,149.3
"D'Eriq King",Miami,2,3453,1726.5,26,13.00,634,317.0,4,2.00,292,146.0,451,225.5
"D'Shaie Landor",Louisiana,1,9,9.0,0,0.00,-1,-1.0,0,0.00,2,2.0,5,5.0
"D'Shaie Landor","SE Louisiana",1,12,12.0,0,0.00,3,3.0,0,0.00,1,1.0,6,6.0
"D'Vonn Gibbons","Savannah St",2,56,28.0,0,0.00,20,10.0,0,0.00,6,3.0,19,9.5
"D'Wayne' Winfield",Louisiana,3,677,225.7,5,1.67,446,148.7,4,1.33,48,16.0,94,31.3
"Daelyn Williams",Lamar,2,NULL,NULL,NULL,NULL,-3,-1.5,0,0.00,NULL,NULL,NULL,NULL
"Dajon Williams","North Texas",2,662,331.0,7,3.50,128,64.0,2,1.00,51,25.5,83,41.5
"Dak Prescott","Mississippi State",4,9376,2344.0,70,17.50,2521,630.3,41,10.25,734,183.5,1169,292.3
"Dakota Prukop","Montana State",1,142,142.0,0,0.00,4,4.0,0,0.00,14,14.0,26,26.0
"Dakota Prukop",Oregon,1,1214,1214.0,8,8.00,171,171.0,2,2.00,94,94.0,143,143.0
"Dakota Rocker","Alabama State",1,22,22.0,0,0.00,-22,-22.0,0,0.00,6,6.0,9,9.0
"Dakota Wolf",Campbell,2,28,14.0,0,0.00,2,1.0,0,0.00,7,3.5,14,7.0
"Dalen Morris",Hawai'i,1,11,11.0,0,0.00,42,42.0,2,2.00,1,1.0,1,1.0
"Dalen Morris",Navy,3,579,193.0,3,1.00,68,22.7,2,0.67,33,11.0,65,21.7
"Dallas Davis","South Alabama",3,4198,1399.3,20,6.67,246,82.0,4,1.33,311,103.7,548,182.7
"Dallas Sealey","Abilene Christian",3,817,272.3,5,1.67,2,0.7,0,0.00,86,28.7,140,46.7
"Dallas Tidwell",Troy,4,451,112.8,3,0.75,12,3.0,0,0.00,40,10.0,79,19.8
"Dalton Demos","Coastal Carolina",2,47,23.5,0,0.00,111,55.5,3,1.50,4,2.0,13,6.5
"Dalton Easton",Akron,1,NULL,NULL,NULL,NULL,NULL,NULL,NULL,NULL,NULL,NULL,NULL,NULL
"Dalton Hill","Missouri State",1,0,0.0,0,0.00,-5,-5.0,0,0.00,0,0.0,3,3.0
"Dalton McElyea","Stephen F. Austin",2,35,17.5,2,1.00,12,6.0,0,0.00,2,1.0,2,1.0
"Dalton Sneed",Montana,1,184,184.0,0,0.00,-8,-8.0,0,0.00,20,20.0,30,30.0
"Dalton Sneed",UNLV,1,632,632.0,5,5.00,348,348.0,1,1.00,39,39.0,88,88.0
"Dalton Sturm",UTSA,4,5768,1442.0,49,12.25,1227,306.8,7,1.75,482,120.5,811,202.8
"Dalton Williams",Akron,1,3387,3387.0,25,25.00,-125,-125.0,0,0.00,326,326.0,522,522.0
"Dalton Williams","Stephen F. Austin",2,19,9.5,0,0.00,-22,-11.0,0,0.00,6,3.0,11,5.5
"DaMarcus Smith","North Texas",1,1010,1010.0,8,8.00,427,427.0,2,2.00,99,99.0,212,212.0
"Damarcus Smith","Western Kentucky",1,33,33.0,0,0.00,51,51.0,0,0.00,2,2.0,5,5.0
"Damian Williams","Mississippi State",3,706,235.3,5,1.67,274,91.3,2,0.67,68,22.7,117,39.0
"Damian Williams","Texas State",1,2061,2061.0,12,12.00,113,113.0,5,5.00,194,194.0,333,333.0
"Damien Fleming","Florida A&M",4,288,72.0,1,0.25,-19,-4.8,0,0.00,29,7.3,57,14.3
"Damion May","Alabama A&M",3,166,55.3,0,0.00,-8,-2.7,0,0.00,20,6.7,38,12.7
"Damion Terry","Michigan State",4,356,89.0,1,0.25,246,61.5,2,0.50,36,9.0,76,19.0
"Damon Stewart","Alabama State",1,1536,1536.0,11,11.00,31,31.0,1,1.00,116,116.0,180,180.0
"Dan Collins",Maine,4,697,174.3,3,0.75,-6,-1.5,1,0.25,63,15.8,131,32.8
"Dan Ellington","Georgia State",2,4566,2283.0,34,17.00,1303,651.5,11,5.50,401,200.5,647,323.5
"Dan LeFevour","Central Michigan",4,12905,3226.3,102,25.50,2948,737.0,47,11.75,1171,292.8,1763,440.8
"Dan Persa",Northwestern,4,5181,1295.3,34,8.50,716,179.0,10,2.50,460,115.0,633,158.3
"Dane Evans",Tulsa,4,11680,2920.0,84,21.00,72,18.0,10,2.50,904,226.0,1577,394.3
"Daniel Beale",Louisiana,2,511,255.5,1,0.50,17,8.5,0,0.00,55,27.5,114,57.0
"Daniel Bridge-Gadd",Washington,1,NULL,NULL,NULL,NULL,-1,-1.0,0,0.00,NULL,NULL,NULL,NULL
"Daniel Britt",Montana,1,269,269.0,2,2.00,183,183.0,1,1.00,26,26.0,38,38.0
"Daniel Britt","Northern Arizona",1,57,57.0,2,2.00,75,75.0,0,0.00,3,3.0,4,4.0
"Daniel Britt","Northern State",1,60,60.0,0,0.00,20,20.0,0,0.00,8,8.0,11,11.0
"Daniel Croghan III","Charleston Southern",1,8,8.0,0,0.00,4,4.0,0,0.00,3,3.0,8,8.0
"Daniel David","Kennesaw State",1,185,185.0,0,0.00,74,74.0,2,2.00,8,8.0,21,21.0
"Daniel Duhart","Alabama State",1,97,97.0,1,1.00,-9,-9.0,0,0.00,8,8.0,23,23.0
"Daniel Epperson","Delaware State",1,7,7.0,0,0.00,-5,-5.0,0,0.00,3,3.0,9,9.0
"Daniel Greek","Tarleton State",3,986,328.7,9,3.00,79,26.3,3,1.00,71,23.7,114,38.0
"Daniel Imhoff","NC State",2,14,7.0,0,0.00,0,0.0,0,0.00,2,1.0,3,1.5
"Daniel Jones",Duke,3,8160,2720.0,51,17.00,1268,422.7,17,5.67,757,252.3,1260,420.0
"Daniel Kaelin",Virginia,1,194,194.0,1,1.00,4,4.0,0,0.00,12,12.0,24,24.0
"Daniel Karlin",Duke,1,NULL,NULL,NULL,NULL,1,1.0,1,1.00,NULL,NULL,NULL,NULL
"Daniel Kniffin","Sacramento State",2,216,108.0,0,0.00,1,0.5,0,0.00,23,11.5,43,21.5
"Daniel Lipovski",Delaware,2,36,18.0,0,0.00,3,1.5,0,0.00,2,1.0,6,3.0
"Daniel Parr",Duquesne,1,236,236.0,4,4.00,24,24.0,1,1.00,29,29.0,53,53.0
"Daniel Parr","Florida Atlantic",2,694,347.0,4,2.00,39,19.5,2,1.00,58,29.0,111,55.5
"Daniel Raudabaugh","Miami (OH)",4,5038,1259.5,22,5.50,-32,-8.0,0,0.00,478,119.5,859,214.8
"Daniel Richardson","Central Michigan",4,5288,1322.0,42,10.50,-86,-21.5,1,0.25,428,107.0,729,182.3
"Daniel Richardson","Florida A&M",1,2662,2662.0,23,23.00,-16,-16.0,0,0.00,231,231.0,330,330.0
"Daniel Richardson","Florida Atlantic",1,2001,2001.0,13,13.00,-62,-62.0,0,0.00,208,208.0,318,318.0
"Daniel Sams","Kansas State",2,507,253.5,4,2.00,1042,521.0,14,7.00,44,22.0,61,30.5
"Daniel Sams",McNeese,1,59,59.0,0,0.00,74,74.0,0,0.00,3,3.0,9,9.0
"Daniel Santacaterina","Northern Illinois",2,1073,536.5,8,4.00,83,41.5,1,0.50,80,40.0,135,67.5
"Daniel Santacaterina","Southeast Missouri State",2,134,67.0,1,0.50,-16,-8.0,0,0.00,17,8.5,35,17.5
"Daniel Shock",Mercer,1,52,52.0,1,1.00,13,13.0,0,0.00,4,4.0,7,7.0
"Daniel Smith",Campbell,1,218,218.0,1,1.00,15,15.0,1,1.00,16,16.0,34,34.0
"Daniel Smith",Villanova,1,222,222.0,2,2.00,-18,-18.0,0,0.00,20,20.0,34,34.0
"Daniel Thompson",Elon,2,372,186.0,0,0.00,4,2.0,1,0.50,36,18.0,64,32.0
"Danny Cameron",Indiana,1,65,65.0,0,0.00,-13,-13.0,0,0.00,6,6.0,16,16.0
"Danny Carollo",Purdue,1,NULL,NULL,NULL,NULL,NULL,NULL,NULL,NULL,NULL,NULL,NULL,NULL
"Danny Clark",Kentucky,1,NULL,NULL,NULL,NULL,4,4.0,1,1.00,NULL,NULL,NULL,NULL
"Danny Etling",LSU,2,4586,2293.0,27,13.50,174,87.0,3,1.50,325,162.5,544,272.0
"Danny Etling",Purdue,2,2490,1245.0,16,8.00,-104,-52.0,4,2.00,238,119.0,429,214.5
"Danny Lauter",Georgetown,3,2898,966.0,19,6.33,21,7.0,0,0.00,262,87.3,428,142.7
"Danny O'Brien",Maryland,2,4086,2043.0,29,14.50,9,4.5,3,1.50,342,171.0,603,301.5
"Danny O'Brien",Wisconsin,1,523,523.0,3,3.00,-82,-82.0,0,0.00,52,52.0,86,86.0
"Danny O'Neil","San Diego State",1,2181,2181.0,12,12.00,89,89.0,1,1.00,209,209.0,330,330.0
"Danny O'Neil",Wisconsin,1,635,635.0,5,5.00,28,28.0,1,1.00,61,61.0,88,88.0
"Danny Sullivan","Arizona State",4,2348,587.0,13,3.25,-37,-9.3,3,0.75,208,52.0,399,99.8
"Danny Vanden Boom",Wisconsin,1,3,3.0,1,1.00,NULL,NULL,NULL,NULL,1,1.0,1,1.0
"Dantavious Parker","Texas Southern",1,106,106.0,1,1.00,-12,-12.0,0,0.00,7,7.0,20,20.0
"Dantavious Parker",Troy,1,87,87.0,0,0.00,154,154.0,2,2.00,10,10.0,19,19.0
"Dante Casciola",Dayton,2,1511,755.5,9,4.50,284,142.0,3,1.50,134,67.0,214,107.0
"Dante Chachere","Portland State",4,5490,1372.5,47,11.75,1960,490.0,29,7.25,439,109.8,722,180.5
"Dante Moore",Oregon,2,1821,910.5,19,9.50,137,68.5,0,0.00,152,76.0,211,105.5
"Dante Moore",UCLA,1,1610,1610.0,11,11.00,-83,-83.0,0,0.00,114,114.0,213,213.0
"Dante Nania","Youngstown State",1,177,177.0,0,0.00,46,46.0,0,0.00,11,11.0,24,24.0
"Dante Perri",Lehigh,4,3061,765.3,21,5.25,116,29.0,4,1.00,287,71.8,510,127.5
"Dante Reno",Yale,1,1226,1226.0,10,10.00,45,45.0,0,0.00,103,103.0,157,157.0
"Dante Torres",Harvard,2,156,78.0,1,0.50,6,3.0,1,0.50,8,4.0,13,6.5
"Dante Vandeven","Southeast Missouri State",1,0,0.0,0,0.00,NULL,NULL,NULL,NULL,0,0.0,3,3.0
"Darell Garretson","Oregon State",2,2082,1041.0,9,4.50,226,113.0,6,3.00,201,100.5,367,183.5
"Darell Garretson","Utah State",2,2586,1293.0,18,9.00,37,18.5,2,1.00,217,108.5,344,172.0
"Darian Mensah",Duke,1,2211,2211.0,17,17.00,-61,-61.0,0,0.00,175,175.0,249,249.0
"Darian Mensah",Tulane,1,2723,2723.0,22,22.00,132,132.0,1,1.00,189,189.0,287,287.0
"Darian Stone","Tennessee Tech",3,113,37.7,1,0.33,47,15.7,0,0.00,15,5.0,30,10.0
"Darius Curry","Colorado State",1,163,163.0,1,1.00,19,19.0,0,0.00,14,14.0,21,21.0
"Darius Ocean","Western Kentucky",2,135,67.5,2,1.00,-20,-10.0,0,0.00,7,3.5,13,6.5
"Darius Perrantes",Duquesne,4,5319,1329.8,55,13.75,-30,-7.5,3,0.75,351,87.8,644,161.0
"Darius Wade","Boston College",4,1091,272.8,5,1.25,74,18.5,1,0.25,95,23.8,171,42.8
"Darius Wade","Bowling Green",1,751,751.0,3,3.00,92,92.0,0,0.00,74,74.0,130,130.0
"Darius Wilson","William & Mary",4,5826,1456.5,37,9.25,1531,382.8,15,3.75,440,110.0,712,178.0
"Daron Bryden","Stony Brook",2,1340,670.0,9,4.50,-100,-50.0,0,0.00,118,59.0,219,109.5
"Darquez Lee",Southern,1,76,76.0,0,0.00,-4,-4.0,0,0.00,8,8.0,23,23.0
"Darrel Colbert Jr.",Lamar,2,212,106.0,2,1.00,34,17.0,0,0.00,23,11.5,54,27.0
"Darrel Colbert Jr.",SMU,2,241,120.5,1,0.50,95,47.5,0,0.00,19,9.5,32,16.0
"Darren Grainger",Furman,2,404,202.0,5,2.50,85,42.5,2,1.00,27,13.5,45,22.5
"Darren Grainger","Georgia State",3,6771,2257.0,57,19.00,2134,711.3,20,6.67,553,184.3,882,294.0
"Darrien Boone","Austin Peay",1,10,10.0,0,0.00,30,30.0,0,0.00,2,2.0,7,7.0
"Darron Thomas",Oregon,3,5910,1970.0,66,22.00,715,238.3,9,3.00,449,149.7,733,244.3
"Darryl Dickey","Georgia Tech",1,NULL,NULL,NULL,NULL,9,9.0,0,0.00,NULL,NULL,NULL,NULL
"Darryl Pearson Jr.","Alabama State",2,151,75.5,0,0.00,27,13.5,0,0.00,16,8.0,35,17.5
"Daryll Clark","Penn State",4,5742,1435.5,43,10.75,619,154.8,22,5.50,444,111.0,738,184.5
"Dash Duncan",Nicholls,2,31,15.5,0,0.00,NULL,NULL,NULL,NULL,5,2.5,12,6.0
"Dasmen Stewart","San José State",2,161,80.5,0,0.00,117,58.5,1,0.50,22,11.0,54,27.0
"Dave Shinskie","Boston College",3,2670,890.0,20,6.67,-99,-33.0,1,0.33,196,65.3,386,128.7
"Davi Belfort",UCF,1,35,35.0,0,0.00,53,53.0,1,1.00,2,2.0,3,3.0
"David Ash",Texas,4,4728,1182.0,31,7.75,379,94.8,5,1.25,385,96.3,613,153.3
"David Blough",Purdue,4,9734,2433.5,69,17.25,260,65.0,13,3.25,871,217.8,1430,357.5
"David Coleman",Samford,1,NULL,NULL,NULL,NULL,NULL,NULL,NULL,NULL,NULL,NULL,NULL,NULL
"David Cone",Michigan,2,75,37.5,0,0.00,NULL,NULL,NULL,NULL,4,2.0,6,3.0
"David Cornwell",Nevada,1,97,97.0,0,0.00,-9,-9.0,0,0.00,13,13.0,25,25.0
"David Fales","San José State",2,8382,4191.0,66,33.00,-132,-66.0,2,1.00,639,319.5,938,469.0
"David Fisher","Kent State",2,511,255.5,3,1.50,150,75.0,0,0.00,37,18.5,69,34.5
"David Gilbertson","Washington State",1,0,0.0,0,0.00,NULL,NULL,NULL,NULL,0,0.0,1,1.0
"David Handler","Savannah St",3,87,29.0,0,0.00,-16,-5.3,0,0.00,12,4.0,33,11.0
"David Isabelle",UAB,2,303,151.5,4,2.00,684,342.0,5,2.50,29,14.5,64,32.0
"David Isreal",Bethune-Cookman,1,208,208.0,0,0.00,-4,-4.0,0,0.00,14,14.0,33,33.0
"David Kooi","Florida Atlantic",3,237,79.0,1,0.33,-27,-9.0,0,0.00,22,7.3,43,14.3
"David Lynch",Pittsburgh,1,111,111.0,0,0.00,-14,-14.0,0,0.00,16,16.0,27,27.0
"David Moore","Central Michigan",2,1143,571.5,5,2.50,-3,-1.5,1,0.50,94,47.0,164,82.0
"David Moore",Memphis,1,63,63.0,1,1.00,47,47.0,0,0.00,7,7.0,10,10.0
"David Olson",Clemson,1,-1,-1.0,0,0.00,NULL,NULL,NULL,NULL,1,1.0,3,3.0
"David Parsons","Morehead State",2,83,41.5,2,1.00,-2,-1.0,0,0.00,8,4.0,13,6.5
"David Piland",Houston,3,5790,1930.0,41,13.67,249,83.0,2,0.67,478,159.3,833,277.7
"David Pindell",UConn,2,2888,1444.0,23,11.50,1431,715.5,13,6.50,270,135.0,473,236.5
"David Rasor","UC Davis",1,15,15.0,0,0.00,37,37.0,0,0.00,2,2.0,2,2.0
"David Salmon",Campbell,1,11,11.0,0,0.00,NULL,NULL,NULL,NULL,2,2.0,6,6.0
"David Vega","New Mexico",1,63,63.0,1,1.00,117,117.0,0,0.00,6,6.0,13,13.0
"David Washington","Old Dominion",3,3991,1330.3,39,13.00,338,112.7,1,0.33,296,98.7,501,167.0
"David Watford",Virginia,3,2593,864.3,11,3.67,255,85.0,3,1.00,277,92.3,505,168.3
"Davin Garinger","Austin Peay",1,NULL,NULL,NULL,NULL,12,12.0,0,0.00,NULL,NULL,NULL,NULL
"Davin Wydner","West Georgia",2,2712,1356.0,19,9.50,612,306.0,10,5.00,229,114.5,408,204.0
"Davis Alexander","Portland State",4,1132,283.0,8,2.00,131,32.8,1,0.25,85,21.3,174,43.5
"Davis Beville",Oklahoma,2,102,51.0,0,0.00,-8,-4.0,0,0.00,15,7.5,30,15.0
"Davis Beville",Pittsburgh,2,237,118.5,1,0.50,-39,-19.5,0,0.00,22,11.0,32,16.0
"Davis Beville","South Carolina",1,46,46.0,1,1.00,2,2.0,0,0.00,5,5.0,7,7.0
"Davis Brin","Georgia Southern",1,3781,3781.0,24,24.00,-60,-60.0,1,1.00,362,362.0,552,552.0
"Davis Brin",Tulsa,4,5660,1415.0,37,9.25,9,2.3,4,1.00,410,102.5,689,172.3
"Davis Cheek",Elon,4,366,91.5,1,0.25,-32,-8.0,0,0.00,38,9.5,75,18.8
"Davis Mattingly",Kentucky,1,NULL,NULL,NULL,NULL,NULL,NULL,NULL,NULL,NULL,NULL,NULL,NULL
"Davis Mills",Stanford,3,3453,1151.0,18,6.00,86,28.7,3,1.00,284,94.7,435,145.0
"Davis Shanley","Tennessee Tech",1,33,33.0,0,0.00,0,0.0,0,0.00,5,5.0,10,10.0
"Davis Shanley","Western Kentucky",2,942,471.0,3,1.50,107,53.5,1,0.50,96,48.0,141,70.5
"Davis Warren",Michigan,3,1287,429.0,7,2.33,4,1.3,0,0.00,138,46.0,221,73.7
"Davis Webb",California,1,4295,4295.0,37,37.00,-110,-110.0,6,6.00,382,382.0,620,620.0
"Davis Webb","Texas Tech",3,5557,1852.3,46,15.33,10,3.3,3,1.00,459,153.0,747,249.0
"Davius Richard","North Carolina Central",3,4695,1565.0,44,14.67,1368,456.0,32,10.67,363,121.0,593,197.7
"Dax Crum",Wyoming,2,616,308.0,3,1.50,-34,-17.0,0,0.00,70,35.0,132,66.0
"Daxx Garman",Maryland,1,115,115.0,1,1.00,-13,-13.0,0,0.00,6,6.0,18,18.0
"Daxx Garman","Oklahoma State",1,2041,2041.0,12,12.00,-17,-17.0,1,1.00,152,152.0,277,277.0
"Dayne Crist",Kansas,1,1313,1313.0,4,4.00,-66,-66.0,0,0.00,103,103.0,216,216.0
"Dayne Crist","Notre Dame",3,2327,775.7,16,5.33,74,24.7,4,1.33,199,66.3,338,112.7
"De'Andre Johnson","Florida Atlantic",2,166,83.0,2,1.00,209,104.5,1,0.50,15,7.5,26,13.0
"De'Andre Johnson","Texas Southern",1,151,151.0,0,0.00,-9,-9.0,0,0.00,16,16.0,30,30.0
"De'Angelo Ballard","Alabama A&M",2,218,109.0,1,0.50,63,31.5,0,0.00,26,13.0,76,38.0
"De'Auntre Smiley","Prairie View A&M",2,107,53.5,0,0.00,23,11.5,1,0.50,14,7.0,23,11.5
"Deacon Hill",Iowa,1,1152,1152.0,5,5.00,-114,-114.0,2,2.00,122,122.0,251,251.0
"Deacon Hill",Michigan,1,NULL,NULL,NULL,NULL,NULL,NULL,NULL,NULL,NULL,NULL,NULL,NULL
"Deacon Hill","Utah Tech",1,412,412.0,2,2.00,5,5.0,1,1.00,36,36.0,75,75.0
"Deacon Hill",Wisconsin,1,NULL,NULL,NULL,NULL,-10,-10.0,0,0.00,NULL,NULL,NULL,NULL
"Dean DeNobile",Lafayette,3,6177,2059.0,46,15.33,199,66.3,9,3.00,548,182.7,835,278.3
"DeAndre Harris","Morgan State",4,452,113.0,2,0.50,-21,-5.3,1,0.25,40,10.0,76,19.0
"DeAngelo Hardy","Kennesaw State",1,0,0.0,0,0.00,26,26.0,0,0.00,0,0.0,1,1.0
"Deante Ruffin","Kent State",1,44,44.0,0,0.00,6,6.0,0,0.00,2,2.0,3,3.0
"Deljay Bailey",Grambling,1,440,440.0,0,0.00,42,42.0,2,2.00,39,39.0,72,72.0
"Delmon Williams",Hampton,1,51,51.0,0,0.00,-4,-4.0,0,0.00,5,5.0,15,15.0
"Dematrius Davis","Alabama State",2,1463,731.5,9,4.50,289,144.5,2,1.00,122,61.0,196,98.0
"Dematrius Davis",UTSA,1,NULL,NULL,NULL,NULL,3,3.0,0,0.00,NULL,NULL,NULL,NULL
"Demeatric Crenshaw","Tennessee State",1,NULL,NULL,NULL,NULL,6,6.0,0,0.00,NULL,NULL,NULL,NULL
"Demeatric Crenshaw","Youngstown State",2,628,314.0,5,2.50,189,94.5,2,1.00,49,24.5,104,52.0
"Demetrius Jones",Cincinnati,2,NULL,NULL,NULL,NULL,5,2.5,0,0.00,NULL,NULL,NULL,NULL
"Demetrius Jones","Notre Dame",1,4,4.0,0,0.00,28,28.0,0,0.00,1,1.0,3,3.0
"Demond Williams Jr.",Washington,2,3061,1530.5,22,11.00,711,355.5,6,3.00,245,122.5,328,164.0
"Demry Croft",Minnesota,2,708,354.0,4,2.00,347,173.5,4,2.00,58,29.0,139,69.5
"Demry Croft","Tennessee State",1,269,269.0,3,3.00,41,41.0,0,0.00,22,22.0,31,31.0
"Denard Robinson",Michigan,4,6152,1538.0,49,12.25,4449,1112.3,42,10.50,418,104.5,734,183.5
"DeNarius McGhee","Montana State",3,667,222.3,4,1.33,11,3.7,0,0.00,57,19.0,93,31.0
"Dennis Grosel","Boston College",3,2767,922.3,21,7.00,300,100.0,4,1.33,223,74.3,401,133.7
"Deon Anthony",Troy,2,1338,669.0,14,7.00,822,411.0,11,5.50,105,52.5,156,78.0
"Deondre Ford",Kansas,1,132,132.0,0,0.00,-3,-3.0,0,0.00,11,11.0,23,23.0
"Deondre Francois","Florida State",3,6291,2097.0,36,12.00,205,68.3,8,2.67,481,160.3,829,276.3
"Deondre Francois",Hampton,1,288,288.0,3,3.00,-10,-10.0,0,0.00,19,19.0,25,25.0
"Deonte Shorts",Southern,3,46,15.3,0,0.00,15,5.0,0,0.00,6,2.0,24,8.0
"Dequan Finn",Baylor,1,307,307.0,3,3.00,66,66.0,2,2.00,23,23.0,43,43.0
"Dequan Finn","Miami (OH)",1,1257,1257.0,7,7.00,384,384.0,4,4.00,89,89.0,156,156.0
"Dequan Finn",Toledo,5,7069,1413.8,63,12.60,1832,366.4,25,5.00,540,108.0,896,179.2
"Derek Carr","Fresno State",4,12842,3210.5,113,28.25,190,47.5,5,1.25,1086,271.5,1630,407.5
"Derek Green","Long Island University",1,1023,1023.0,2,2.00,116,116.0,0,0.00,89,89.0,142,142.0
"Derek Green",SMU,2,2,1.0,0,0.00,43,21.5,0,0.00,3,1.5,8,4.0
"Derek Kyler",Dartmouth,1,NULL,NULL,NULL,NULL,NULL,NULL,NULL,NULL,NULL,NULL,NULL,NULL
"Derek Rifenbury","Central Michigan",1,17,17.0,0,0.00,NULL,NULL,NULL,NULL,2,2.0,2,2.0
"Derek Robertson",Maine,3,3041,1013.7,25,8.33,-92,-30.7,0,0.00,268,89.3,424,141.3
"Derek Robertson",Monmouth,2,6376,3188.0,58,29.00,-89,-44.5,1,0.50,472,236.0,699,349.5
"Derek Thompson","North Texas",5,7427,1485.4,42,8.40,313,62.6,8,1.60,636,127.2,1055,211.0
"Dermaricus Davis",Hawai'i,1,10,10.0,0,0.00,50,50.0,0,0.00,1,1.0,3,3.0
"Derrick Ponder","Jackson State",2,185,92.5,1,0.50,-4,-2.0,0,0.00,27,13.5,55,27.5
"Derrius Vick",Ohio,4,3491,872.8,23,5.75,709,177.3,3,0.75,292,73.0,482,120.5
"Deshaun Watson",Clemson,3,10163,3387.7,90,30.00,1934,644.7,26,8.67,813,271.0,1206,402.0
"Deshawn Purdie",Charlotte,1,1802,1802.0,10,10.00,-130,-130.0,1,1.00,100,100.0,200,200.0
"Deshawn Purdie","Wake Forest",1,509,509.0,5,5.00,0,0.0,0,0.00,32,32.0,61,61.0
"DeShone Kizer","Notre Dame",2,5809,2904.5,47,23.50,992,496.0,18,9.00,423,211.5,696,348.0
"Desmond Ridder",Cincinnati,4,10239,2559.8,87,21.75,2202,550.5,28,7.00,810,202.5,1304,326.0
"Desmond Trotter","South Alabama",5,3828,765.6,29,5.80,337,67.4,4,0.80,321,64.2,509,101.8
"Desmond Young","Houston Christian",2,NULL,NULL,NULL,NULL,-10,-5.0,0,0.00,NULL,NULL,NULL,NULL
"Destin Wade",Kentucky,1,98,98.0,0,0.00,29,29.0,0,0.00,16,16.0,30,30.0
"Destin Wade","North Alabama",1,848,848.0,8,8.00,338,338.0,1,1.00,73,73.0,142,142.0
"Deuce Adams",Louisville,2,18,9.0,0,0.00,12,6.0,0,0.00,3,1.5,4,2.0
"Deuce Bailey","Missouri State",1,335,335.0,2,2.00,81,81.0,1,1.00,23,23.0,47,47.0
"Deuce Hogan",Iowa,1,2,2.0,0,0.00,NULL,NULL,NULL,NULL,1,1.0,1,1.0
"Deuce Hogan",Kentucky,1,19,19.0,0,0.00,NULL,NULL,NULL,NULL,6,6.0,7,7.0
"Deuce Hogan","New Mexico State",1,31,31.0,0,0.00,-3,-3.0,0,0.00,6,6.0,18,18.0
"Deuce Hogan",Nicholls,1,1038,1038.0,4,4.00,-41,-41.0,1,1.00,119,119.0,196,196.0
"Deuce Knight",Auburn,1,20,20.0,0,0.00,16,16.0,0,0.00,2,2.0,5,5.0
"Deuce Wallace",Vanderbilt,2,401,200.5,1,0.50,-31,-15.5,0,0.00,54,27.0,123,61.5
"Devante Kincade",Grambling,2,341,170.5,2,1.00,18,9.0,0,0.00,30,15.0,45,22.5
"Devante Kincade","Ole Miss",2,206,103.0,2,1.00,182,91.0,1,0.50,25,12.5,35,17.5
"Deven Sisler",Stonehill,1,8,8.0,0,0.00,23,23.0,0,0.00,1,1.0,2,2.0
"Deveon Bryant","Tennessee State",3,604,201.3,3,1.00,284,94.7,4,1.33,60,20.0,113,37.7
"Devin Adams",Auburn,2,-1,-0.5,0,0.00,7,3.5,0,0.00,1,0.5,2,1.0
"Devin Black",Bethune-Cookman,2,22,11.0,0,0.00,-3,-1.5,0,0.00,3,1.5,5,2.5
"Devin Brown",California,1,48,48.0,1,1.00,-15,-15.0,0,0.00,4,4.0,7,7.0
"Devin Brown","Ohio State",3,331,110.3,3,1.00,37,12.3,1,0.33,27,9.0,48,16.0
"Devin Burns",Maryland,2,47,23.5,0,0.00,70,35.0,1,0.50,3,1.5,4,2.0
"Devin Combs",Nevada,3,468,156.0,5,1.67,221,73.7,2,0.67,36,12.0,57,19.0
"Devin Farrell","Rhode Island",3,4147,1382.3,28,9.33,449,149.7,7,2.33,296,98.7,481,160.3
"Devin Gardner",Michigan,5,6336,1267.2,44,8.80,916,183.2,24,4.80,475,95.0,787,157.4
"Devin Kargman","Kent State",4,1161,290.3,8,2.00,-107,-26.8,0,0.00,103,25.8,210,52.5
"Devin Larsen","Western New Mexico",1,165,165.0,1,1.00,7,7.0,0,0.00,21,21.0,44,44.0
"Devin Leary",Kentucky,1,2746,2746.0,25,25.00,-60,-60.0,1,1.00,209,209.0,371,371.0
"Devin Leary","NC State",4,6796,1699.0,62,15.50,-19,-4.8,5,1.25,567,141.8,943,235.8
"Devin Lippold",McNeese,2,0,0.0,0,0.00,59,29.5,3,1.50,0,0.0,3,1.5
"Devin Page",Cornell,1,357,357.0,3,3.00,107,107.0,1,1.00,32,32.0,65,65.0
"Devin Powell",Nicholls,1,12,12.0,0,0.00,4,4.0,0,0.00,2,2.0,2,2.0
"Devin Powell",Tulane,4,1204,301.0,7,1.75,-43,-10.8,0,0.00,116,29.0,229,57.3
"Devin Sherwood","Youngstown State",1,47,47.0,0,0.00,10,10.0,0,0.00,8,8.0,8,8.0
"Devin Williams","Texas Southern",1,13,13.0,0,0.00,-1,-1.0,0,0.00,4,4.0,11,11.0
"Devlin Hodges",Samford,4,1249,312.3,8,2.00,47,11.8,0,0.00,117,29.3,185,46.3
"Devon Dampier","New Mexico",2,3293,1646.5,18,9.00,1485,742.5,23,11.50,266,133.0,454,227.0
"Devon Dampier",Utah,1,1375,1375.0,13,13.00,442,442.0,5,5.00,138,138.0,201,201.0
"Devon Modster",California,2,705,352.5,5,2.50,168,84.0,1,0.50,62,31.0,123,61.5
"Devon Modster",UCLA,1,671,671.0,4,4.00,34,34.0,0,0.00,51,51.0,79,79.0
"Devontae Payne","Eastern Michigan",1,217,217.0,0,0.00,-7,-7.0,0,0.00,22,22.0,52,52.0
"Dewann Ford","South Carolina State",2,47,23.5,0,0.00,-15,-7.5,0,0.00,3,1.5,16,8.0
"Dewayne Coleman",Army,3,380,126.7,3,1.00,440,146.7,4,1.33,31,10.3,52,17.3
"Dexter Williams II","Georgia Southern",1,248,248.0,3,3.00,45,45.0,1,1.00,19,19.0,30,30.0
"Dexter Williams II",Indiana,1,184,184.0,2,2.00,165,165.0,1,1.00,13,13.0,38,38.0
"Dexter Williams II","Kennesaw State",1,673,673.0,5,5.00,144,144.0,2,2.00,59,59.0,112,112.0
"Deymon Fleming","Charleston Southern",1,258,258.0,1,1.00,-13,-13.0,0,0.00,26,26.0,42,42.0
"Dez Thomas II",Georgetown,2,919,459.5,5,2.50,284,142.0,4,2.00,77,38.5,140,70.0
"Diego Pavia","New Mexico State",2,4415,2207.5,39,19.50,1427,713.5,13,6.50,321,160.5,555,277.5
"Diego Pavia",Vanderbilt,2,3991,1995.5,35,17.50,1258,629.0,13,6.50,316,158.0,500,250.0
"Dijon Jennings","Weber State",2,468,234.0,2,1.00,13,6.5,1,0.50,50,25.0,79,39.5
"Dillon Buechel",Duquesne,1,322,322.0,3,3.00,-17,-17.0,0,0.00,18,18.0,37,37.0
"Dillon Gabriel",Oklahoma,2,6828,3414.0,55,27.50,697,348.5,18,9.00,496,248.0,751,375.5
"Dillon Gabriel",Oregon,1,3857,3857.0,30,30.00,149,149.0,7,7.00,326,326.0,447,447.0
"Dillon Gabriel",UCF,3,7984,2661.3,70,23.33,372,124.0,8,2.67,549,183.0,907,302.3
"Dillon Markiewicz",Syracuse,1,0,0.0,0,0.00,NULL,NULL,NULL,NULL,0,0.0,1,1.0
"Dillon Sterling-Cole","Arizona State",2,388,194.0,1,0.50,32,16.0,1,0.50,28,14.0,57,28.5
"Dino Maldonado","Mississippi Valley State",1,41,41.0,0,0.00,-9,-9.0,0,0.00,5,5.0,8,8.0
"Dino Maldonado","New Mexico State",1,513,513.0,4,4.00,68,68.0,0,0.00,37,37.0,66,66.0
"Diondre Borel","Utah State",4,6698,1674.5,36,9.00,1398,349.5,18,4.50,517,129.3,922,230.5
"DJ Arroyo",Marist,1,170,170.0,0,0.00,-37,-37.0,0,0.00,12,12.0,36,36.0
"DJ Boney","Eastern Kentucky",1,NULL,NULL,NULL,NULL,NULL,NULL,NULL,NULL,NULL,NULL,NULL,NULL
"DJ Gordon",Harvard,1,NULL,NULL,NULL,NULL,278,278.0,5,5.00,NULL,NULL,NULL,NULL
"DJ Irons",Akron,3,4201,1400.3,21,7.00,823,274.3,8,2.67,421,140.3,634,211.3
"DJ Ralph","Chadron St",1,228,228.0,0,0.00,19,19.0,0,0.00,20,20.0,33,33.0
"DJ Smith",Mercer,1,154,154.0,1,1.00,11,11.0,0,0.00,22,22.0,36,36.0
"DJ Stevenson","Arkansas-Pine Bluff",2,112,56.0,1,0.50,42,21.0,1,0.50,11,5.5,20,10.0
"DJ Thorpe","Western Carolina",2,NULL,NULL,NULL,NULL,NULL,NULL,NULL,NULL,NULL,NULL,NULL,NULL
"DJ Williams","Murray State",3,1730,576.7,12,4.00,158,52.7,0,0.00,152,50.7,266,88.7
"DJ Williams","Southern Illinois",2,2407,1203.5,18,9.00,722,361.0,15,7.50,194,97.0,304,152.0
"Doc Bonner","Morgan State",1,NULL,NULL,NULL,NULL,-8,-8.0,0,0.00,NULL,NULL,NULL,NULL
"Dom Nankil","San Diego",3,2170,723.3,11,3.67,94,31.3,3,1.00,191,63.7,314,104.7
"Domenic Natale","Michigan State",1,NULL,NULL,NULL,NULL,6,6.0,0,0.00,NULL,NULL,NULL,NULL
"Domenic Natale",Rutgers,2,249,124.5,0,0.00,-32,-16.0,1,0.50,17,8.5,36,18.0
"Dominic Campanile","Holy Cross",1,NULL,NULL,NULL,NULL,8,8.0,2,2.00,NULL,NULL,NULL,NULL
"Dominic Johnson","New Mexico State",1,NULL,NULL,NULL,NULL,NULL,NULL,NULL,NULL,NULL,NULL,NULL,NULL
"Dominiq Ponder",Bethune-Cookman,1,33,33.0,0,0.00,NULL,NULL,NULL,NULL,2,2.0,8,8.0
"Dominique Allen","The Citadel",3,96,32.0,0,0.00,134,44.7,0,0.00,6,2.0,21,7.0
"Dominique Anthony","Morgan State",2,711,355.5,4,2.00,47,23.5,1,0.50,74,37.0,131,65.5
"Dominique Davis","East Carolina",2,7192,3596.0,62,31.00,313,156.5,14,7.00,727,363.5,1103,551.5
"Dominique Shoffner",Charlotte,3,69,23.0,2,0.67,126,42.0,0,0.00,6,2.0,13,4.3
"Dominique Shoffner","Eastern Illinois",1,626,626.0,7,7.00,418,418.0,5,5.00,42,42.0,98,98.0
"Dominique Shoffner","North Carolina Central",1,NULL,NULL,NULL,NULL,7,7.0,0,0.00,NULL,NULL,NULL,NULL
"Don King III","Sam Houston",2,27,13.5,0,0.00,-33,-16.5,0,0.00,2,1.0,4,2.0
"Donald Glenn",Wagner,1,3,3.0,0,0.00,-4,-4.0,0,0.00,1,1.0,1,1.0
"Donald Hammond III","Air Force",2,1939,969.5,18,9.00,927,463.5,22,11.00,94,47.0,183,91.5
"Donavan Tate",Arizona,1,10,10.0,0,0.00,NULL,NULL,NULL,NULL,1,1.0,1,1.0
"Donny McElveen",Clemson,2,1,0.5,1,0.50,-8,-4.0,0,0.00,1,0.5,1,0.5
"Donovan Isom","SE Louisiana",1,174,174.0,2,2.00,65,65.0,0,0.00,21,21.0,31,31.0
"Donovan Leary",Illinois,1,29,29.0,0,0.00,NULL,NULL,NULL,NULL,2,2.0,5,5.0
"Donovan Porterie","New Mexico",4,6756,1689.0,33,8.25,-41,-10.3,2,0.50,614,153.5,1058,264.5
"Donovan Smith",Houston,2,3667,1833.5,26,13.00,588,294.0,9,4.50,342,171.0,529,264.5
"Donovan Smith","Texas Tech",2,2687,1343.5,19,9.50,268,134.0,10,5.00,232,116.0,361,180.5
"Dontay Warren","Northern Colorado",1,NULL,NULL,NULL,NULL,NULL,NULL,NULL,NULL,NULL,NULL,NULL,NULL
"Dontreal Pruitt",Troy,2,693,346.5,1,0.50,184,92.0,1,0.50,64,32.0,108,54.0
"Dontrinell Scott","Mississippi Valley State",1,38,38.0,0,0.00,13,13.0,0,0.00,5,5.0,7,7.0
"Dorian Hale","Sacramento State",1,NULL,NULL,NULL,NULL,41,41.0,1,1.00,NULL,NULL,NULL,NULL
"Dorian Thompson-Robinson",UCLA,5,10556,2111.2,87,17.40,1838,367.6,28,5.60,842,168.4,1323,264.6
"Doug Brumfield",UNLV,4,2621,655.3,12,3.00,441,110.3,10,2.50,216,54.0,364,91.0
"Drake Lindsey",Minnesota,2,1596,798.0,11,5.50,-57,-28.5,2,1.00,149,74.5,241,120.5
"Drake Maye","North Carolina",3,8018,2672.7,63,21.00,1210,403.3,16,5.33,618,206.0,951,317.0
"Dray Joseph",Southern,2,431,215.5,3,1.50,-9,-4.5,0,0.00,39,19.5,55,27.5
"Draylen Ellis","Austin Peay",1,226,226.0,1,1.00,-4,-4.0,0,0.00,22,22.0,40,40.0
"Draylen Ellis","Tennessee State",3,5848,1949.3,35,11.67,411,137.0,12,4.00,503,167.7,873,291.0
"Drayton Arnold",Chattanooga,3,126,42.0,0,0.00,36,12.0,1,0.33,14,4.7,33,11.0
"Drayton Arnold","Old Dominion",1,21,21.0,0,0.00,2,2.0,0,0.00,1,1.0,2,2.0
"Dresser Winn","UT Martin",4,3486,871.5,23,5.75,-19,-4.8,3,0.75,284,71.0,462,115.5
"Drew Allar","Penn State",4,7402,1850.5,61,15.25,736,184.0,12,3.00,633,158.3,1001,250.3
"Drew Allen",Oklahoma,2,160,80.0,0,0.00,17,8.5,1,0.50,18,9.0,30,15.0
"Drew Allen",Syracuse,1,666,666.0,2,2.00,0,0.0,0,0.00,68,68.0,122,122.0
"Drew Anderson",Buffalo,2,1039,519.5,10,5.00,92,46.0,1,0.50,66,33.0,107,53.5
"Drew Anderson","Murray State",1,118,118.0,0,0.00,1,1.0,0,0.00,15,15.0,32,32.0
"Drew Barker",Kentucky,3,747,249.0,5,1.67,7,2.3,1,0.33,57,19.0,113,37.7
"Drew Belcher",Maine,4,79,19.8,0,0.00,36,9.0,0,0.00,10,2.5,19,4.8
"Drew Burdi","Western Michigan",4,121,30.3,2,0.50,143,35.8,2,0.50,9,2.3,20,5.0
"Drew Carter",Colorado,2,38,19.0,0,0.00,13,6.5,0,0.00,6,3.0,16,8.0
"Drew Devillier",Rice,2,195,97.5,1,0.50,25,12.5,0,0.00,27,13.5,49,24.5
"Drew Dickey",Vanderbilt,1,28,28.0,0,0.00,13,13.0,1,1.00,1,1.0,2,2.0
"Drew Eason",Stonehill,1,250,250.0,0,0.00,-3,-3.0,0,0.00,21,21.0,48,48.0
"Drew Eckels","Western Kentucky",4,923,230.8,5,1.25,38,9.5,0,0.00,65,16.3,123,30.8
"Drew Guttieri","Stony Brook",1,0,0.0,0,0.00,0,0.0,0,0.00,0,0.0,4,4.0
"Drew Hare","Northern Illinois",4,4862,1215.5,37,9.25,1201,300.3,11,2.75,400,100.0,651,162.8
"Drew Keszei",Ohio,1,21,21.0,0,0.00,2,2.0,0,0.00,1,1.0,1,1.0
"Drew Kummer","Miami (OH)",4,1210,302.5,8,2.00,74,18.5,2,0.50,80,20.0,180,45.0
"Drew Lisk",Utah,3,204,68.0,0,0.00,11,3.7,0,0.00,22,7.3,35,11.7
"Drew Lock",Missouri,4,12193,3048.3,99,24.75,437,109.3,9,2.25,883,220.8,1553,388.3
"Drew Mestemaker","North Texas",2,2920,1460.0,23,11.50,152,76.0,5,2.50,225,112.5,334,167.0
"Drew Person","Long Island University",1,NULL,NULL,NULL,NULL,0,0.0,0,0.00,NULL,NULL,NULL,NULL
"Drew Plitt","Ball State",5,9039,1807.8,68,13.60,423,84.6,14,2.80,777,155.4,1246,249.2
"Drew Pyne","Arizona State",1,273,273.0,2,2.00,-49,-49.0,0,0.00,26,26.0,49,49.0
"Drew Pyne","Bowling Green",1,830,830.0,4,4.00,16,16.0,0,0.00,87,87.0,135,135.0
"Drew Pyne",Missouri,1,391,391.0,3,3.00,21,21.0,0,0.00,49,49.0,82,82.0
"Drew Pyne","Notre Dame",3,2257,752.3,24,8.00,106,35.3,2,0.67,181,60.3,287,95.7
"Drew Reed",Lafayette,1,205,205.0,0,0.00,-13,-13.0,1,1.00,21,21.0,36,36.0
"Drew VanVleet",Dayton,3,2791,930.3,23,7.67,-290,-96.7,0,0.00,290,96.7,466,155.3
"Drew Westling","San Diego State",2,270,135.0,1,0.50,-23,-11.5,1,0.50,32,16.0,65,32.5
"Drew Westling",Tulsa,1,37,37.0,0,0.00,NULL,NULL,NULL,NULL,1,1.0,1,1.0
"Drew Zaubi","Western Kentucky",1,38,38.0,0,0.00,-3,-3.0,0,0.00,3,3.0,4,4.0
"Driphus Jackson",Rice,4,5912,1478.0,48,12.00,804,201.0,6,1.50,420,105.0,732,183.0
"Dru Brown",Hawai'i,2,5273,2636.5,37,18.50,313,156.5,6,3.00,463,231.5,747,373.5
"Dru Brown","Oklahoma State",1,810,810.0,7,7.00,6,6.0,1,1.00,72,72.0,107,107.0
"Dru Deshields","Kent State",1,1109,1109.0,11,11.00,41,41.0,2,2.00,79,79.0,138,138.0
"Duce Taylor","Morgan State",4,1591,397.8,9,2.25,109,27.3,2,0.50,139,34.8,277,69.3
"Duke DeLancellotti","Texas State",2,225,112.5,2,1.00,118,59.0,4,2.00,15,7.5,40,20.0
"Duncan Hodges",VMI,1,3,3.0,0,0.00,-16,-16.0,0,0.00,5,5.0,10,10.0
"Dustin Crum","Kent State",5,7449,1489.8,55,11.00,2071,414.2,24,4.80,576,115.2,864,172.8
"Dustin Fletcher","Northern Illinois",1,NULL,NULL,NULL,NULL,103,103.0,0,0.00,NULL,NULL,NULL,NULL
"Dustin Fletcher","The Citadel",2,254,127.0,1,0.50,139,69.5,2,1.00,27,13.5,45,22.5
"Dustin Haines",Oregon,3,0,0.0,0,0.00,14,4.7,0,0.00,0,0.0,1,0.3
"Dustin Sherer",Wisconsin,3,1389,463.0,6,2.00,22,7.3,2,0.67,104,34.7,194,64.7
"Dusty Kiel",Indiana,2,498,249.0,3,1.50,2,1.0,0,0.00,43,21.5,99,49.5
"Dwayne Haskins","Ohio State",2,5316,2658.0,53,26.50,194,97.0,4,2.00,411,205.5,588,294.0
"Dwayne Lawson","Virginia Tech",1,51,51.0,0,0.00,55,55.0,1,1.00,3,3.0,9,9.0
"Dwight Dasher","Middle Tennessee",4,5643,1410.8,40,10.00,2419,604.8,24,6.00,470,117.5,853,213.3
"Dylan Cadwallader",Dartmouth,2,1388,694.0,4,2.00,-71,-35.5,1,0.50,148,74.0,247,123.5
"Dylan Earney",Campbell,2,8,4.0,0,0.00,-5,-2.5,0,0.00,4,2.0,5,2.5
"Dylan Favre","Mississippi State",1,119,119.0,1,1.00,8,8.0,2,2.00,13,13.0,26,26.0
"Dylan Favre","UT Martin",2,271,135.5,1,0.50,17,8.5,0,0.00,30,15.0,50,25.0
"Dylan Hopkins","New Mexico",1,2074,2074.0,11,11.00,124,124.0,1,1.00,157,157.0,282,282.0
"Dylan Hopkins",UAB,4,4757,1189.3,31,7.75,352,88.0,8,2.00,335,83.8,535,133.8
"Dylan Laible","Tennessee Tech",1,913,913.0,4,4.00,-113,-113.0,0,0.00,84,84.0,147,147.0
"Dylan Lonergan",Alabama,2,35,17.5,0,0.00,21,10.5,0,0.00,7,3.5,8,4.0
"Dylan Lonergan","Boston College",1,1394,1394.0,9,9.00,-47,-47.0,1,1.00,132,132.0,197,197.0
"Dylan McCaffrey",Michigan,2,242,121.0,3,1.50,166,83.0,2,1.00,18,9.0,35,17.5
"Dylan McCaffrey","Northern Colorado",2,2160,1080.0,13,6.50,160,80.0,0,0.00,213,106.5,358,179.0
"Dylan Mehrotra",Southern,1,0,0.0,0,0.00,4,4.0,0,0.00,0,0.0,1,1.0
"Dylan Morris","James Madison",1,6,6.0,0,0.00,NULL,NULL,NULL,NULL,1,1.0,1,1.0
"Dylan Morris",Washington,4,3721,930.3,20,5.00,56,14.0,5,1.25,305,76.3,503,125.8
"Dylan Plautz",Stanford,1,26,26.0,0,0.00,-3,-3.0,0,0.00,2,2.0,5,5.0
"Dylan Raiola",Nebraska,2,4715,2357.5,30,15.00,-151,-75.5,0,0.00,445,222.5,644,322.0
"Dylan Ratliff",Charlotte,1,NULL,NULL,NULL,NULL,-4,-4.0,0,0.00,NULL,NULL,NULL,NULL
"Dylan Rizk",UCF,2,943,471.5,5,2.50,45,22.5,0,0.00,77,38.5,123,61.5
"Dylan Thompson","South Carolina",4,5391,1347.8,40,10.00,-6,-1.5,9,2.25,390,97.5,669,167.3
"Dylan Wittke",Minnesota,1,7,7.0,0,0.00,NULL,NULL,NULL,NULL,1,1.0,3,3.0
"E.J. Hilliard","Florida International",3,1756,585.3,8,2.67,-54,-18.0,1,0.33,175,58.3,274,91.3
"E.J. Warner","Fresno State",1,1486,1486.0,10,10.00,91,91.0,1,1.00,139,139.0,202,202.0
"E.J. Warner",Rice,1,2710,2710.0,17,17.00,12,12.0,1,1.00,271,271.0,438,438.0
"E.J. Warner",Temple,2,6104,3052.0,41,20.50,-43,-21.5,0,0.00,524,262.0,888,444.0
"Earl Woods",Hampton,1,65,65.0,0,0.00,162,162.0,2,2.00,4,4.0,8,8.0
"Earl Woods","Jacksonville State",1,NULL,NULL,NULL,NULL,24,24.0,0,0.00,NULL,NULL,NULL,NULL
"Earnest Carrington","UL Monroe",2,546,273.0,5,2.50,56,28.0,1,0.50,57,28.5,120,60.0
"Easton Stick","North Dakota State",1,124,124.0,1,1.00,35,35.0,0,0.00,11,11.0,19,19.0
"Ebahn Feathers","Fresno State",1,7,7.0,1,1.00,57,57.0,1,1.00,2,2.0,3,3.0
"Eddie Lee Marburger","UT Rio Grande Valley",1,1971,1971.0,22,22.00,230,230.0,4,4.00,128,128.0,199,199.0
"Eddie Lee Marburger",UTSA,4,777,194.3,7,1.75,40,10.0,0,0.00,65,16.3,120,30.0
"Eddie Printz",Missouri,1,0,0.0,0,0.00,NULL,NULL,NULL,NULL,0,0.0,1,1.0
"Eddie Printz","Texas State",1,208,208.0,1,1.00,49,49.0,0,0.00,12,12.0,25,25.0
"Eddie Schott",Butler,2,24,12.0,0,0.00,-2,-1.0,0,0.00,5,2.5,13,6.5
"Eddie Sullivan",Marshall,1,134,134.0,1,1.00,51,51.0,0,0.00,6,6.0,24,24.0
"Eddie Sullivan","Western Carolina",2,474,237.0,1,0.50,130,65.0,2,1.00,42,21.0,98,49.0
"Edward Wright-Baker",Indiana,2,1109,554.5,5,2.50,93,46.5,0,0.00,96,48.0,165,82.5
"Edwin Rhodes","Tennessee State",1,68,68.0,0,0.00,38,38.0,1,1.00,6,6.0,11,11.0
"EJ Caminong",California,1,57,57.0,0,0.00,18,18.0,0,0.00,6,6.0,19,19.0
"EJ Colson","Incarnate Word",1,1560,1560.0,11,11.00,251,251.0,3,3.00,151,151.0,216,216.0
"EJ Colson",UCF,1,64,64.0,1,1.00,14,14.0,0,0.00,9,9.0,16,16.0
"EJ Manuel","Florida State",4,7736,1934.0,47,11.75,826,206.5,11,2.75,600,150.0,897,224.3
"EJ Perry","Boston College",1,271,271.0,2,2.00,70,70.0,1,1.00,26,26.0,39,39.0
"EJ Perry",Brown,1,NULL,NULL,NULL,NULL,NULL,NULL,NULL,NULL,NULL,NULL,NULL,NULL
"Eli Anderson","Northwestern State",1,111,111.0,0,0.00,-1,-1.0,0,0.00,15,15.0,29,29.0
"Eli Brickhandler","Houston Christian",1,491,491.0,4,4.00,236,236.0,1,1.00,36,36.0,72,72.0
"Eli Brickhandler","North Carolina A&T",2,434,217.0,3,1.50,200,100.0,2,1.00,35,17.5,67,33.5
"Eli Dunne","Northern Iowa",3,497,165.7,5,1.67,-15,-5.0,0,0.00,45,15.0,73,24.3
"Eli Friend",Princeton,1,NULL,NULL,NULL,NULL,0,0.0,0,0.00,NULL,NULL,NULL,NULL
"Eli Holstein",Pittsburgh,2,3283,1641.5,28,14.00,415,207.5,4,2.00,253,126.5,409,204.5
"Eli Jenkins","Jacksonville State",4,683,170.8,2,0.50,139,34.8,1,0.25,53,13.3,96,24.0
"Eli Peters",Toledo,3,3771,1257.0,33,11.00,124,41.3,0,0.00,296,98.7,498,166.0
"Eli Sawyer","SE Louisiana",4,4846,1211.5,29,7.25,-220,-55.0,1,0.25,440,110.0,711,177.8
"Elijah Brown",Stanford,2,384,192.0,2,1.00,-26,-13.0,0,0.00,37,18.5,65,32.5
"Elijah Burrell",Davidson,1,NULL,NULL,NULL,NULL,NULL,NULL,NULL,NULL,NULL,NULL,NULL,NULL
"Elijah Gainey","South Alabama",1,38,38.0,0,0.00,NULL,NULL,NULL,NULL,6,6.0,9,9.0
"Elijah Guttman",Elon,1,NULL,NULL,NULL,NULL,NULL,NULL,NULL,NULL,NULL,NULL,NULL,NULL
"Elijah Owens","Indiana State",3,2342,780.7,17,5.67,811,270.3,8,2.67,231,77.0,347,115.7
"Elijah Sindelar",Purdue,4,3525,881.3,29,7.25,-39,-9.8,1,0.25,299,74.8,517,129.3
"Elijah Staley","Mississippi State",1,51,51.0,1,1.00,18,18.0,0,0.00,3,3.0,5,5.0
"Elijah Staley","Morgan State",1,24,24.0,0,0.00,19,19.0,0,0.00,2,2.0,12,12.0
"Elijah Walker",Grambling,1,30,30.0,0,0.00,4,4.0,0,0.00,8,8.0,13,13.0
"Ellis Richardson","Georgia Southern",2,NULL,NULL,NULL,NULL,NULL,NULL,NULL,NULL,NULL,NULL,NULL,NULL
"Emmett Brown","San José State",1,1621,1621.0,16,16.00,-23,-23.0,1,1.00,125,125.0,217,217.0
"Emmett Brown","Washington State",1,14,14.0,0,0.00,NULL,NULL,NULL,NULL,2,2.0,4,4.0
"Emmett Clifford","Holy Cross",2,55,27.5,0,0.00,-15,-7.5,0,0.00,8,4.0,18,9.0
"Emmett Morehead","Boston College",3,1465,488.3,10,3.33,-38,-12.7,0,0.00,136,45.3,238,79.3
"Emory Jones","Arizona State",1,1533,1533.0,7,7.00,31,31.0,4,4.00,125,125.0,198,198.0
"Emory Jones",Cincinnati,1,2219,2219.0,18,18.00,560,560.0,4,4.00,197,197.0,322,322.0
"Emory Jones",Florida,4,3347,836.8,26,6.50,1266,316.5,10,2.50,279,69.8,432,108.0
"Emory Williams",Miami,3,781,260.3,4,1.33,2,0.7,0,0.00,71,23.7,113,37.7
"Enzo Arjona",Marist,1,320,320.0,2,2.00,-6,-6.0,0,0.00,46,46.0,77,77.0
"Enzo Arjona",Monmouth,2,614,307.0,4,2.00,-14,-7.0,0,0.00,48,24.0,75,37.5
"Eric Barriere","Eastern Washington",4,598,149.5,4,1.00,45,11.3,0,0.00,51,12.8,76,19.0
"Eric Dungey",Syracuse,4,9334,2333.5,58,14.50,1993,498.3,35,8.75,785,196.3,1280,320.0
"Eric Gibson Jr.","Northern Colorado",1,2056,2056.0,10,10.00,19,19.0,0,0.00,171,171.0,258,258.0
"Eric Handley","Alabama A&M",1,886,886.0,7,7.00,-2,-2.0,0,0.00,78,78.0,127,127.0
"Eric Kordenbrock",VMI,4,388,97.0,1,0.25,-64,-16.0,0,0.00,46,11.5,101,25.3
"Eric Mathews",Memphis,1,24,24.0,1,1.00,71,71.0,0,0.00,3,3.0,5,5.0
"Eric Najarian",Maryland,2,280,140.0,2,1.00,-16,-8.0,0,0.00,16,8.0,32,16.0
"Eric Rodriguez","East Texas A&M",3,2348,782.7,21,7.00,203,67.7,2,0.67,196,65.3,316,105.3
"Eric Schmid","Sam Houston",2,185,92.5,1,0.50,17,8.5,1,0.50,14,7.0,21,10.5
"Eric Soza",UTSA,2,4804,2402.0,32,16.00,733,366.5,13,6.50,402,201.0,659,329.5
"Esayah Obado","Delaware State",1,5,5.0,0,0.00,-68,-68.0,0,0.00,3,3.0,8,8.0
"ET Harris","Southern Illinois",1,NULL,NULL,NULL,NULL,-1,-1.0,0,0.00,NULL,NULL,NULL,NULL
"Ethan Bullock","Oklahoma State",2,90,45.0,0,0.00,-7,-3.5,0,0.00,13,6.5,23,11.5
"Ethan Crawford","Arkansas State",1,NULL,NULL,NULL,NULL,4,4.0,0,0.00,NULL,NULL,NULL,NULL
"Ethan Crawford","Southern Miss",2,1095,547.5,3,1.50,305,152.5,4,2.00,69,34.5,158,79.0
"Ethan Drumm",Wofford,1,279,279.0,3,3.00,-55,-55.0,0,0.00,18,18.0,41,41.0
"Ethan Garbers",UCLA,4,4462,1115.5,31,7.75,295,73.8,3,0.75,390,97.5,597,149.3
"Ethan Grady",Bucknell,2,776,388.0,2,1.00,-62,-31.0,0,0.00,82,41.0,181,90.5
"Ethan Greenwood","Long Island University",3,1235,411.7,7,2.33,1197,399.0,7,2.33,83,27.7,155,51.7
"Ethan Grunkemeyer","Penn State",2,207,103.5,1,0.50,9,4.5,1,0.50,24,12.0,41,20.5
"Ethan Hampton",Illinois,1,27,27.0,0,0.00,NULL,NULL,NULL,NULL,3,3.0,4,4.0
"Ethan Hampton","Northern Illinois",4,2576,644.0,21,5.25,119,29.8,2,0.50,238,59.5,410,102.5
"Ethan Horton",Louisville,1,NULL,NULL,NULL,NULL,1,1.0,0,0.00,NULL,NULL,NULL,NULL
"Ethan Houck",Liberty,1,17,17.0,0,0.00,24,24.0,0,0.00,1,1.0,6,6.0
"Ethan Lane","Central Michigan",1,10,10.0,0,0.00,NULL,NULL,NULL,NULL,1,1.0,3,3.0
"Ethan Long","Abilene Christian",1,609,609.0,6,6.00,12,12.0,0,0.00,61,61.0,107,107.0
"Ethan Long","Arizona State",1,NULL,NULL,NULL,NULL,32,32.0,0,0.00,NULL,NULL,NULL,NULL
"Ethan Rhodes","NC State",1,NULL,NULL,NULL,NULL,3,3.0,0,0.00,NULL,NULL,NULL,NULL
"Ethan Roberts","Tennessee Tech",2,437,218.5,2,1.00,30,15.0,0,0.00,49,24.5,85,42.5
"Ethan Vasko","Coastal Carolina",2,2899,1449.5,21,10.50,815,407.5,7,3.50,224,112.0,393,196.5
"Ethan Vasko",Kansas,1,13,13.0,0,0.00,6,6.0,0,0.00,3,3.0,5,5.0
"Ethan Vasko",Liberty,1,1185,1185.0,6,6.00,192,192.0,3,3.00,94,94.0,159,159.0
"Evan Bullock","Louisiana Tech",3,2240,746.7,14,4.67,-126,-42.0,1,0.33,212,70.7,328,109.3
"Evan Conley",Louisville,4,740,185.0,5,1.25,146,36.5,3,0.75,54,13.5,96,24.0
"Evan Cormier","Sacred Heart",1,NULL,NULL,NULL,NULL,NULL,NULL,NULL,NULL,NULL,NULL,NULL,NULL
"Evan Crower",Stanford,2,324,162.0,2,1.00,-3,-1.5,0,0.00,25,12.5,42,21.0
"Evan Ingram","Jackson State",2,114,57.0,0,0.00,24,12.0,1,0.50,7,3.5,13,6.5
"Evan Jacks",Wofford,3,170,56.7,0,0.00,157,52.3,0,0.00,15,5.0,28,9.3
"Evan Marshman",Rice,2,191,95.5,0,0.00,67,33.5,2,1.00,19,9.5,36,18.0
"Evan Nelson",Duquesne,1,4,4.0,0,0.00,NULL,NULL,NULL,NULL,1,1.0,2,2.0
"Evan Olaes","Colorado State",1,50,50.0,0,0.00,84,84.0,0,0.00,7,7.0,12,12.0
"Evan Olaes","Indiana State",2,226,113.0,1,0.50,209,104.5,1,0.50,24,12.0,46,23.0
"Evan Orth","South Alabama",2,1795,897.5,11,5.50,214,107.0,1,0.50,145,72.5,223,111.5
"Evan Sharpley","Notre Dame",3,761,253.7,5,1.67,-94,-31.3,0,0.00,81,27.0,147,49.0
"Evan Shirreffs",Charlotte,2,631,315.5,2,1.00,32,16.0,2,1.00,54,27.0,106,53.0
"Evan Shirreffs",Miami,1,16,16.0,0,0.00,-2,-2.0,0,0.00,2,2.0,7,7.0
"Evan Simon",Rutgers,3,957,319.0,5,1.67,4,1.3,0,0.00,97,32.3,168,56.0
"Evan Simon",Temple,2,3643,1821.5,36,18.00,209,104.5,5,2.50,314,157.0,518,259.0
"Evan Wilson","South Florida",1,NULL,NULL,NULL,NULL,-24,-24.0,0,0.00,NULL,NULL,NULL,NULL
"Everett Golson","Florida State",1,1778,1778.0,11,11.00,-35,-35.0,0,0.00,147,147.0,219,219.0
"Everett Golson","Notre Dame",2,5850,2925.0,41,20.50,581,290.5,14,7.00,443,221.5,745,372.5
"Ezayi Youyoute","Georgia Southern",2,0,0.0,0,0.00,197,98.5,1,0.50,0,0.0,2,1.0
"Faton Bauta","Colorado State",1,114,114.0,1,1.00,124,124.0,0,0.00,12,12.0,29,29.0
"Faton Bauta",Georgia,3,202,67.3,0,0.00,50,16.7,2,0.67,19,6.3,38,12.7
"Favian Upshaw","Georgia Southern",3,1126,375.3,6,2.00,1309,436.3,10,3.33,84,28.0,159,53.0
"Feleipe Franks",Arkansas,1,2091,2091.0,17,17.00,204,204.0,1,1.00,162,162.0,237,237.0
"Feleipe Franks",Florida,4,4593,1148.3,38,9.50,438,109.5,8,2.00,367,91.8,622,155.5
"Felix Harper","Alcorn State",3,284,94.7,1,0.33,-5,-1.7,0,0.00,26,8.7,42,14.0
"Fernando Mendoza",California,2,4712,2356.0,30,15.00,191,95.5,4,2.00,418,209.0,629,314.5
"Fernando Mendoza",Indiana,1,1923,1923.0,24,24.00,196,196.0,3,3.00,148,148.0,203,203.0
"Ford Childress","Fresno State",1,159,159.0,2,2.00,-19,-19.0,0,0.00,19,19.0,34,34.0
"Ford Childress","West Virginia",1,421,421.0,3,3.00,-41,-41.0,0,0.00,36,36.0,63,63.0
"Forrest Brock",Temple,2,601,300.5,1,0.50,3,1.5,1,0.50,67,33.5,118,59.0
"Foster Sawyer","Stephen F. Austin",2,157,78.5,0,0.00,-29,-14.5,0,0.00,13,6.5,31,15.5
"Foster Sawyer",TCU,2,433,216.5,3,1.50,79,39.5,0,0.00,37,18.5,82,41.0
"Frank Harris",UTSA,5,11858,2371.6,92,18.40,2144,428.8,28,5.60,1034,206.8,1546,309.2
"Frank Nutile",Temple,4,2225,556.3,17,4.25,50,12.5,2,0.50,167,41.8,279,69.8
"Frankie Savino",Monmouth,3,48,16.0,1,0.33,46,15.3,2,0.67,6,2.0,8,2.7
"Frankie Weaver",Monmouth,1,183,183.0,1,1.00,-25,-25.0,0,0.00,18,18.0,31,31.0
"Frankie Williams",UAlbany,1,NULL,NULL,NULL,NULL,4,4.0,0,0.00,NULL,NULL,NULL,NULL
"Fred Payton","Coastal Carolina",3,2381,793.7,21,7.00,416,138.7,2,0.67,186,62.0,299,99.7
"Fred Payton",Mercer,2,3178,1589.0,34,17.00,174,87.0,1,0.50,226,113.0,341,170.5
"Fredi Knighten","Arkansas State",4,5371,1342.8,46,11.50,1619,404.8,21,5.25,442,110.5,736,184.0
"G.J. Kinne",Tulsa,3,9472,3157.3,81,27.00,1365,455.0,15,5.00,732,244.0,1195,398.3
"Gabarri Johnson","Oregon State",2,312,156.0,2,1.00,201,100.5,2,1.00,32,16.0,58,29.0
"Gabe Passini",Butler,2,67,33.5,1,0.50,278,139.0,2,1.00,6,3.0,10,5.0
"Gael Ochoa",UNLV,1,NULL,NULL,NULL,NULL,-1,-1.0,0,0.00,NULL,NULL,NULL,NULL
"Gage Gubrud","Eastern Washington",3,912,304.0,9,3.00,84,28.0,1,0.33,70,23.3,110,36.7
"Gage Gubrud","Washington State",1,89,89.0,1,1.00,NULL,NULL,NULL,NULL,10,10.0,13,13.0
"Gage Moloney",Bryant,1,258,258.0,3,3.00,11,11.0,0,0.00,21,21.0,33,33.0
"Gardner Minshew","East Carolina",2,3487,1743.5,24,12.00,-76,-38.0,0,0.00,293,146.5,506,253.0
"Gardner Minshew","Washington State",1,4776,4776.0,38,38.00,119,119.0,4,4.00,468,468.0,662,662.0
"Garret Lewis",Navy,2,674,337.0,4,2.00,349,174.5,5,2.50,43,21.5,97,48.5
"Garret McGuire",Baylor,2,NULL,NULL,NULL,NULL,8,4.0,0,0.00,NULL,NULL,NULL,NULL
"Garret Rangel","Oklahoma State",3,1075,358.3,8,2.67,107,35.7,0,0.00,93,31.0,180,60.0
"Garrett Anderson",UConn,2,122,61.0,1,0.50,2,1.0,0,0.00,10,5.0,18,9.0
"Garrett Bass-Sulpizio",Cornell,2,925,462.5,2,1.00,223,111.5,5,2.50,91,45.5,154,77.0
"Garrett Dzuro",Massachusetts,3,777,259.0,3,1.00,189,63.0,0,0.00,60,20.0,119,39.7
"Garrett Gilbert",SMU,2,6460,3230.0,36,18.00,613,306.5,14,7.00,603,301.5,1010,505.0
"Garrett Gilbert",Texas,3,3301,1100.3,13,4.33,400,133.3,6,2.00,305,101.7,538,179.3
"Garrett Grayson","Colorado State",4,9190,2297.5,64,16.00,279,69.8,4,1.00,688,172.0,1113,278.3
"Garrett Green",USC,3,34,11.3,1,0.33,3,1.0,0,0.00,1,0.3,1,0.3
"Garrett Greene","West Virginia",5,5370,1074.0,36,7.20,2136,427.2,28,5.60,398,79.6,702,140.4
"Garrett Hable","UL Monroe",1,58,58.0,0,0.00,4,4.0,0,0.00,4,4.0,8,8.0
"Garrett Krstich",SMU,3,868,289.3,2,0.67,99,33.0,0,0.00,101,33.7,188,62.7
"Garrett Leatham","NC State",2,154,77.0,1,0.50,-12,-6.0,0,0.00,10,5.0,23,11.5
"Garrett Nussmeier",LSU,5,7566,1513.2,52,10.40,-141,-28.2,5,1.00,641,128.2,1010,202.0
"Garrett Safron","Sacramento State",3,1072,357.3,5,1.67,128,42.7,1,0.33,97,32.3,166,55.3
"Garrett Shrader","Mississippi State",2,1170,585.0,8,4.00,587,293.5,6,3.00,88,44.0,153,76.5
"Garrett Shrader",Syracuse,3,5772,1924.0,39,13.00,1695,565.0,31,10.33,462,154.0,765,255.0
"Garrett Simpson",UTEP,2,55,27.5,0,0.00,1,0.5,1,0.50,3,1.5,3,1.5
"Garrett Smith","UL Monroe",3,3854,1284.7,31,10.33,632,210.7,5,1.67,329,109.7,572,190.7
"Garrett Venuto","Penn State",1,17,17.0,0,0.00,NULL,NULL,NULL,NULL,1,1.0,1,1.0
"Garrison Davis","Arkansas-Pine Bluff",1,NULL,NULL,NULL,NULL,0,0.0,0,0.00,NULL,NULL,NULL,NULL
"Gary Nova",Rutgers,4,9258,2314.5,73,18.25,-258,-64.5,4,1.00,689,172.3,1245,311.3
"Gaston Moore","South Florida",1,54,54.0,0,0.00,9,9.0,0,0.00,10,10.0,13,13.0
"Gaston Moore",Tennessee,4,273,68.3,2,0.50,22,5.5,0,0.00,26,6.5,44,11.0
"Gavin Frakes","New Mexico State",1,736,736.0,4,4.00,143,143.0,2,2.00,55,55.0,110,110.0
"Gavin Hardison",UTEP,5,7995,1599.0,40,8.00,-13,-2.6,3,0.60,572,114.4,1062,212.4
"Gavin Kuld",Colorado,1,22,22.0,0,0.00,-3,-3.0,0,0.00,1,1.0,3,3.0
"Gavin McCarney",Colgate,1,143,143.0,1,1.00,35,35.0,0,0.00,14,14.0,27,27.0
"Gavin McCusker",Merrimack,3,1487,495.7,11,3.67,179,59.7,4,1.33,105,35.0,230,76.7
"Gavin Muir",Dartmouth,1,4,4.0,0,0.00,NULL,NULL,NULL,NULL,1,1.0,1,1.0
"Gavin Rupp",Stetson,1,150,150.0,1,1.00,-29,-29.0,0,0.00,12,12.0,18,18.0
"Gavin Rutherford","Stephen F. Austin",2,996,498.0,6,3.00,107,53.5,6,3.00,89,44.5,143,71.5
"Gavin Screws","Indiana State",2,659,329.5,1,0.50,-40,-20.0,0,0.00,66,33.0,121,60.5
"Gavin Wimsatt","Jacksonville State",1,669,669.0,3,3.00,244,244.0,4,4.00,62,62.0,109,109.0
"Gavin Wimsatt",Kentucky,1,287,287.0,3,3.00,183,183.0,2,2.00,16,16.0,39,39.0
"Gavin Wimsatt",Rutgers,3,2537,845.7,14,4.67,628,209.3,11,3.67,212,70.7,454,151.3
"General Booty","UL Monroe",1,306,306.0,2,2.00,16,16.0,0,0.00,29,29.0,54,54.0
"Geno Smith","West Virginia",4,11662,2915.5,98,24.50,342,85.5,4,1.00,988,247.0,1465,366.3
"Geoff Wade","Holy Cross",1,27,27.0,0,0.00,21,21.0,0,0.00,6,6.0,10,10.0
"George Bollas","Kent State",3,2291,763.7,8,2.67,622,207.3,3,1.00,209,69.7,407,135.7
"George Hamsley","Tennessee State",1,NULL,NULL,NULL,NULL,8,8.0,0,0.00,NULL,NULL,NULL,NULL
"George MacIntyre",Tennessee,1,52,52.0,0,0.00,NULL,NULL,NULL,NULL,6,6.0,7,7.0
"George Martin","Robert Morris",2,105,52.5,0,0.00,-3,-1.5,0,0.00,12,6.0,17,8.5
"George Pearson","Central Michigan",1,94,94.0,1,1.00,-21,-21.0,0,0.00,12,12.0,24,24.0
"Geremy Hickbottom",Grambling,3,508,169.3,2,0.67,181,60.3,1,0.33,52,17.3,90,30.0
"Geremy Hickbottom","Tennessee State",1,NULL,NULL,NULL,NULL,NULL,NULL,NULL,NULL,NULL,NULL,NULL,NULL
"Gerrit Groenewold","Northern Arizona",1,48,48.0,0,0.00,NULL,NULL,NULL,NULL,3,3.0,3,3.0
"Gerry Bohannon",Baylor,4,2394,598.5,20,5.00,606,151.5,12,3.00,191,47.8,313,78.3
"Gerry Bohannon",BYU,1,27,27.0,0,0.00,30,30.0,0,0.00,3,3.0,4,4.0
"Gerry Bohannon","South Florida",1,1070,1070.0,6,6.00,386,386.0,3,3.00,91,91.0,160,160.0
"Gerry Bohanon",Baylor,1,NULL,NULL,NULL,NULL,3,3.0,0,0.00,NULL,NULL,NULL,NULL
"Gevani McCoy",Idaho,3,5617,1872.3,42,14.00,297,99.0,5,1.67,429,143.0,642,214.0
"Gevani McCoy","Oregon State",1,1300,1300.0,3,3.00,328,328.0,5,5.00,123,123.0,202,202.0
"Gevani McCoy",Temple,1,123,123.0,2,2.00,35,35.0,0,0.00,15,15.0,18,18.0
"Gil Rivera","Delaware State",3,63,21.0,0,0.00,-1,-0.3,0,0.00,11,3.7,25,8.3
"Giles Pooler","Colorado State",2,168,84.0,1,0.50,-14,-7.0,0,0.00,12,6.0,33,16.5
"Gino English","East Tennessee State",1,761,761.0,7,7.00,35,35.0,3,3.00,46,46.0,80,80.0
"Gino English","Florida State",1,16,16.0,0,0.00,-5,-5.0,0,0.00,2,2.0,2,2.0
"Gino English",Gardner-Webb,1,42,42.0,1,1.00,-23,-23.0,1,1.00,5,5.0,14,14.0
"Giorgio Morgan","Kent State",3,718,239.3,5,1.67,61,20.3,1,0.33,70,23.3,127,42.3
"Giovanni Lopez","North Carolina",1,805,805.0,4,4.00,92,92.0,2,2.00,84,84.0,138,138.0
"Giovanni Lopez","South Alabama",2,3032,1516.0,22,11.00,619,309.5,9,4.50,246,123.0,372,186.0
"Giovanni Rescigno",Rutgers,3,1776,592.0,8,2.67,352,117.3,3,1.00,168,56.0,337,112.3
"Glen Cuiellette","Texas Southern",1,157,157.0,0,0.00,11,11.0,0,0.00,14,14.0,35,35.0
"Glen Cuiellette",Tulane,2,1320,660.0,10,5.00,216,108.0,1,0.50,102,51.0,238,119.0
"Glendon McDaniel",Southern,5,411,82.2,3,0.60,196,39.2,3,0.60,39,7.8,89,17.8
"Golatt Jr.Dj","Morgan State",1,5,5.0,0,0.00,14,14.0,0,0.00,1,1.0,8,8.0
"Grady Brosterhous",Virginia,2,21,10.5,0,0.00,21,10.5,4,2.00,1,0.5,1,0.5
"Grady Cramer","Morehead State",2,1506,753.0,13,6.50,-50,-25.0,1,0.50,136,68.0,257,128.5
"Grady Robison","Southern Utah",2,130,65.0,1,0.50,289,144.5,2,1.00,8,4.0,12,6.0
"Graeson Underwood","The Citadel",3,1474,491.3,9,3.00,472,157.3,5,1.67,120,40.0,240,80.0
"Graham Knowles","Georgia Tech",1,84,84.0,1,1.00,NULL,NULL,NULL,NULL,1,1.0,1,1.0
"Graham Lindman",Wagner,1,108,108.0,0,0.00,NULL,NULL,NULL,NULL,9,9.0,15,15.0
"Graham Mertz",Florida,2,3669,1834.5,26,13.00,-7,-3.5,5,2.50,332,166.0,451,225.5
"Graham Mertz",Wisconsin,4,5405,1351.3,38,9.50,-21,-5.3,8,2.00,460,115.0,773,193.3
"Graham Wilbert","Florida Atlantic",3,4235,1411.7,25,8.33,-60,-20.0,2,0.67,405,135.0,677,225.7
"Grant Ashcraft",McNeese,1,28,28.0,0,0.00,-32,-32.0,0,0.00,4,4.0,8,8.0
"Grant Breneman",Colgate,3,214,71.3,1,0.33,104,34.7,0,0.00,24,8.0,55,18.3
"Grant Gregory","Kansas State",1,1096,1096.0,4,4.00,308,308.0,3,3.00,100,100.0,175,175.0
"Grant Gregory","South Florida",3,384,128.0,4,1.33,130,43.3,0,0.00,27,9.0,50,16.7
"Grant Gremel",Indiana,1,269,269.0,1,1.00,-27,-27.0,0,0.00,32,32.0,58,58.0
"Grant Gunnell",Arizona,2,1864,932.0,15,7.50,36,18.0,1,0.50,164,82.0,247,123.5
"Grant Gunnell","North Texas",1,75,75.0,0,0.00,-5,-5.0,0,0.00,4,4.0,9,9.0
"Grant Gunnell","Sam Houston",1,100,100.0,0,0.00,-4,-4.0,0,0.00,14,14.0,22,22.0
"Grant Harper","UC Davis",4,440,110.0,6,1.50,61,15.3,0,0.00,36,9.0,65,16.3
"Grant Hedrick","Boise State",4,5656,1414.0,39,9.75,971,242.8,18,4.50,475,118.8,677,169.3
"Grant Jordan",Massachusetts,1,278,278.0,0,0.00,10,10.0,2,2.00,27,27.0,46,46.0
"Grant Jordan",Yale,1,1938,1938.0,22,22.00,360,360.0,5,5.00,166,166.0,250,250.0
"Grant Kraemer",Drake,1,221,221.0,3,3.00,12,12.0,0,0.00,20,20.0,29,29.0
"Grant Loy",Auburn,1,0,0.0,0,0.00,2,2.0,0,0.00,0,0.0,2,2.0
"Grant Loy","Bowling Green",3,1478,492.7,8,2.67,642,214.0,6,2.00,131,43.7,231,77.0
"Grant Rohach",Buffalo,1,628,628.0,2,2.00,44,44.0,0,0.00,46,46.0,84,84.0
"Grant Rohach","Iowa State",2,1491,745.5,10,5.00,77,38.5,1,0.50,137,68.5,245,122.5
"Grant Sergent","San Diego",3,3217,1072.3,34,11.33,-210,-70.0,0,0.00,248,82.7,409,136.3
"Grant Stucker","Colorado State",2,1896,948.0,12,6.00,52,26.0,3,1.50,136,68.0,256,128.0
"Grant Tisdale","Ole Miss",1,56,56.0,1,1.00,10,10.0,0,0.00,2,2.0,2,2.0
"Grant Tisdale",TCU,1,8,8.0,0,0.00,2,2.0,0,0.00,1,1.0,1,1.0
"Grant Wells",Marshall,3,5623,1874.3,34,11.33,231,77.0,9,3.00,460,153.3,715,238.3
"Grant Wells","Virginia Tech",2,2686,1343.0,14,7.00,287,143.5,7,3.50,233,116.5,400,200.0
"Grant Wilson",Fordham,2,41,20.5,2,1.00,25,12.5,0,0.00,4,2.0,5,2.5
"Grant Wilson",Indiana,1,5,5.0,0,0.00,6,6.0,0,0.00,1,1.0,1,1.0
"Grant Wilson","Old Dominion",2,2656,1328.0,21,10.50,339,169.5,5,2.50,226,113.0,398,199.0
"Gray Crow",Miami,1,55,55.0,1,1.00,3,3.0,0,0.00,6,6.0,8,8.0
"Grayson James","Boston College",2,1870,935.0,12,6.00,140,70.0,3,1.50,152,76.0,254,127.0
"Grayson James","Florida International",3,2342,780.7,13,4.33,256,85.3,4,1.33,246,82.0,421,140.3
"Grayson Loftis",Charlotte,1,766,766.0,5,5.00,-12,-12.0,0,0.00,63,63.0,125,125.0
"Grayson Loftis",Duke,2,1006,503.0,8,4.00,21,10.5,1,0.50,91,45.5,163,81.5
"Grayson McCall","Coastal Carolina",5,10005,2001.0,88,17.60,1113,222.6,18,3.60,710,142.0,1015,203.0
"Grayson McCall","NC State",1,518,518.0,3,3.00,53,53.0,0,0.00,53,53.0,80,80.0
"Grayson Muehlstein",TCU,4,355,88.8,3,0.75,115,28.8,0,0.00,35,8.8,63,15.8
"Grayson Saunier",Dartmouth,2,1927,963.5,10,5.00,533,266.5,16,8.00,163,81.5,242,121.0
"Greg Alexander",Hawai'i,2,3328,1664.0,23,11.50,242,121.0,3,1.50,252,126.0,395,197.5
"Greg Hankerson","Florida Atlantic",2,642,321.0,4,2.00,65,32.5,0,0.00,69,34.5,142,71.0
"Greg Hankerson","Norfolk State",1,457,457.0,3,3.00,77,77.0,0,0.00,41,41.0,87,87.0
"Greg McElroy",Alabama,4,5691,1422.8,39,9.75,71,17.8,2,0.50,436,109.0,658,164.5
"Greg McGhee",Howard,3,738,246.0,1,0.33,217,72.3,2,0.67,79,26.3,140,46.7
"Greg Paulus",Syracuse,1,2024,2024.0,13,13.00,-12,-12.0,1,1.00,193,193.0,285,285.0
"Greg Ward Jr.",Houston,4,8705,2176.3,52,13.00,2375,593.8,39,9.75,747,186.8,1106,276.5
"Greg Windham",Ohio,3,2262,754.0,15,5.00,542,180.7,3,1.00,189,63.0,349,116.3
"Greg Zingler",Navy,2,NULL,NULL,NULL,NULL,4,2.0,0,0.00,NULL,NULL,NULL,NULL
"Gresch Jensen",Montana,1,9,9.0,0,0.00,-11,-11.0,0,0.00,2,2.0,3,3.0
"Gresch Jensen","Texas State",1,1291,1291.0,5,5.00,-49,-49.0,2,2.00,129,129.0,206,206.0
"Greyson Lambert",Georgia,2,2015,1007.5,12,6.00,-48,-24.0,1,0.50,169,84.5,268,134.0
"Greyson Lambert",Virginia,2,1972,986.0,11,5.50,-61,-30.5,2,1.00,187,93.5,336,168.0
"Griffin Alstott","Western Michigan",1,31,31.0,1,1.00,17,17.0,0,0.00,5,5.0,6,6.0
"Griffin Dahn",Nevada,1,NULL,NULL,NULL,NULL,-1,-1.0,0,0.00,NULL,NULL,NULL,NULL
"Guenson Alexis",Wagner,2,36,18.0,0,0.00,11,5.5,1,0.50,4,2.0,9,4.5
"Gunnar Amos",Idaho,1,33,33.0,0,0.00,22,22.0,1,1.00,3,3.0,10,10.0
"Gunnar Amos","Idaho State",2,52,26.0,0,0.00,-3,-1.5,0,0.00,7,3.5,18,9.0
"Gunnar Gray",Buffalo,2,215,107.5,1,0.50,-6,-3.0,0,0.00,27,13.5,55,27.5
"Gunnar Gundy","Oklahoma State",3,449,149.7,4,1.33,120,40.0,1,0.33,40,13.3,73,24.3
"Gunnar Hoak",Kentucky,1,167,167.0,2,2.00,NULL,NULL,NULL,NULL,13,13.0,26,26.0
"Gunnar Hoak","Ohio State",2,104,52.0,1,0.50,-6,-3.0,0,0.00,6,3.0,6,3.0
"Gunnar Holcombe",Marshall,2,128,64.0,0,0.00,70,35.0,0,0.00,13,6.5,24,12.0
"Gunnar Holcombe","UT Martin",1,181,181.0,1,1.00,8,8.0,0,0.00,17,17.0,35,35.0
"Gunnar Holmberg",Duke,3,2519,839.7,7,2.33,195,65.0,7,2.33,235,78.3,349,116.3
"Gunnar Holmberg","Florida International",1,103,103.0,1,1.00,17,17.0,0,0.00,14,14.0,20,20.0
"Gunnar Smith",Fordham,1,1959,1959.0,10,10.00,67,67.0,4,4.00,171,171.0,296,296.0
"Gunnar Watson",Troy,6,10259,1709.8,65,10.83,-422,-70.3,4,0.67,845,140.8,1336,222.7
"Gunner Chenier",Stetson,1,176,176.0,1,1.00,67,67.0,0,0.00,24,24.0,43,43.0
"Gunner Cruz",Arizona,1,536,536.0,2,2.00,-21,-21.0,0,0.00,61,61.0,93,93.0
"Gunner Cruz","Washington State",1,34,34.0,1,1.00,3,3.0,0,0.00,5,5.0,7,7.0
"Gunner Kiel",Cincinnati,3,6835,2278.3,56,18.67,165,55.0,3,1.00,505,168.3,833,277.7
"Gunner Stockton",Georgia,3,2141,713.7,13,4.33,329,109.7,7,2.33,198,66.0,283,94.3
"Gunner Talkington","Eastern Washington",1,2389,2389.0,22,22.00,144,144.0,0,0.00,214,214.0,340,340.0
"Gunnor Faulk","UC Davis",1,50,50.0,0,0.00,4,4.0,0,0.00,4,4.0,4,4.0
"Gus Ragland","Miami (OH)",4,6321,1580.3,56,14.00,870,217.5,14,3.50,513,128.3,849,212.3
"Haaziq Daniels","Air Force",3,2453,817.7,17,5.67,1726,575.3,22,7.33,122,40.7,241,80.3
"Haden Carlson","Florida International",3,710,236.7,4,1.33,9,3.0,0,0.00,58,19.3,106,35.3
"Haden Klees",Samford,1,0,0.0,0,0.00,5,5.0,0,0.00,0,0.0,1,1.0
"Hajj-Malik Williams",Campbell,5,5599,1119.8,36,7.20,825,165.0,14,2.80,477,95.4,752,150.4
"Hajj-Malik Williams",UNLV,1,1941,1941.0,19,19.00,851,851.0,9,9.00,150,150.0,252,252.0
"Hamish McClure",Nevada,1,20,20.0,0,0.00,-9,-9.0,0,0.00,3,3.0,3,3.0
"Hamp Sisson",Furman,2,91,45.5,1,0.50,-2,-1.0,0,0.00,9,4.5,20,10.0
"Hank Bachmeier","Boise State",4,6605,1651.3,41,10.25,8,2.0,3,0.75,536,134.0,869,217.3
"Hank Bachmeier","Louisiana Tech",1,2058,2058.0,10,10.00,47,47.0,2,2.00,182,182.0,269,269.0
"Hank Bachmeier","Wake Forest",1,2593,2593.0,16,16.00,141,141.0,1,1.00,224,224.0,357,357.0
"Hank Brown",Auburn,2,535,267.5,6,3.00,10,5.0,0,0.00,34,17.0,52,26.0
"Hank Brown",Iowa,1,107,107.0,1,1.00,-3,-3.0,1,1.00,11,11.0,21,21.0
"Hank Shapiro",Lehigh,1,NULL,NULL,NULL,NULL,23,23.0,0,0.00,NULL,NULL,NULL,NULL
"Harold Blood",Missouri,1,NULL,NULL,NULL,NULL,-1,-1.0,0,0.00,NULL,NULL,NULL,NULL
"Harold Blood",Southern,2,1583,791.5,12,6.00,-26,-13.0,1,0.50,116,58.0,200,100.0
"Harris Boyd",Memphis,1,14,14.0,0,0.00,4,4.0,1,1.00,1,1.0,1,1.0
"Harris Roberts",Furman,1,16,16.0,0,0.00,0,0.0,0,0.00,2,2.0,2,2.0
"Harrison Bailey",Louisville,2,278,139.0,4,2.00,17,8.5,0,0.00,27,13.5,38,19.0
"Harrison Bailey",Tennessee,2,594,297.0,4,2.00,-20,-10.0,1,0.50,51,25.5,75,37.5
"Harrison Bailey",UNLV,1,318,318.0,2,2.00,-1,-1.0,1,1.00,30,30.0,58,58.0
"Harrison Barker",UAB,2,124,62.0,2,1.00,120,60.0,0,0.00,9,4.5,16,8.0
"Harrison Frost",Mercer,2,186,93.0,1,0.50,1,0.5,0,0.00,19,9.5,29,14.5
"Harry Kirk",Colgate,2,34,17.0,0,0.00,3,1.5,0,0.00,5,2.5,13,6.5
"Harry Woodbery","Eastern Illinois",2,111,55.5,2,1.00,-7,-3.5,0,0.00,12,6.0,23,11.5
"Hasaan Klugh",Charlotte,3,3222,1074.0,22,7.33,1145,381.7,19,6.33,281,93.7,546,182.0
"Hauss Hejny","Oklahoma State",1,96,96.0,1,1.00,27,27.0,1,1.00,5,5.0,10,10.0
"Hauss Hejny",TCU,1,NULL,NULL,NULL,NULL,65,65.0,0,0.00,NULL,NULL,NULL,NULL
"Hayden Alford",VMI,3,87,29.0,0,0.00,-4,-1.3,1,0.33,4,1.3,8,2.7
"Hayden Hildebrand","Central Arkansas",2,468,234.0,2,1.00,-4,-2.0,0,0.00,45,22.5,71,35.5
"Hayden Johnson",Lehigh,2,2952,1476.0,22,11.00,549,274.5,7,3.50,224,112.0,347,173.5
"Hayden Moore",Cincinnati,4,6503,1625.8,42,10.50,500,125.0,10,2.50,546,136.5,957,239.3
"Hayden Rettig",Rutgers,1,233,233.0,2,2.00,-1,-1.0,1,1.00,14,14.0,25,25.0
"Hayden Wolff","Old Dominion",3,5589,1863.0,30,10.00,-176,-58.7,1,0.33,468,156.0,791,263.7
"Hayden Wolff","Western Michigan",2,3915,1957.5,26,13.00,-84,-42.0,2,1.00,356,178.0,538,269.0
"Hayes Gibson","Tennessee Tech",1,247,247.0,0,0.00,37,37.0,0,0.00,21,21.0,46,46.0
"Haynes Eller","East Tennessee State",1,280,280.0,2,2.00,15,15.0,0,0.00,18,18.0,37,37.0
"Haynes King","Georgia Tech",3,6436,2145.3,48,16.00,1965,655.0,33,11.00,555,185.0,820,273.3
"Haynes King","Texas A&M",3,1579,526.3,10,3.33,156,52.0,1,0.33,128,42.7,226,75.3
"Hendon Hooker",Tennessee,2,6080,3040.0,58,29.00,1050,525.0,10,5.00,435,217.5,631,315.5
"Hendon Hooker","Virginia Tech",3,2896,965.3,22,7.33,1033,344.3,15,5.00,195,65.0,310,103.3
"Henry Belin IV",Duke,4,540,135.0,5,1.25,92,23.0,1,0.25,46,11.5,82,20.5
"Henry Colombi",Marshall,1,938,938.0,6,6.00,-18,-18.0,0,0.00,94,94.0,128,128.0
"Henry Colombi","Texas Tech",2,2356,1178.0,13,6.50,169,84.5,3,1.50,204,102.0,314,157.0
"Henry Colombi","Utah State",2,460,230.0,2,1.00,153,76.5,2,1.00,53,26.5,69,34.5
"Henry Hesson","Miami (OH)",4,488,122.0,4,1.00,34,8.5,0,0.00,35,8.8,68,17.0
"Henry Ogala","Western Illinois",1,367,367.0,4,4.00,12,12.0,0,0.00,41,41.0,82,82.0
"Henry Van Dellen",Liberty,1,NULL,NULL,NULL,NULL,NULL,NULL,NULL,NULL,NULL,NULL,NULL,NULL
"Hess Horne",Mercer,2,204,102.0,2,1.00,6,3.0,0,0.00,25,12.5,43,21.5
"Heys McMath",Presbyterian,1,216,216.0,0,0.00,-21,-21.0,0,0.00,32,32.0,56,56.0
"Holden Geriner",Auburn,3,116,38.7,0,0.00,-23,-7.7,0,0.00,9,3.0,20,6.7
"Holden Geriner","Texas State",1,0,0.0,0,0.00,10,10.0,0,0.00,0,0.0,1,1.0
"Holden Phillips","Texas Tech",1,8,8.0,0,0.00,3,3.0,0,0.00,1,1.0,1,1.0
"Hollis Mathis","William & Mary",5,161,32.2,2,0.40,452,90.4,1,0.20,11,2.2,22,4.4
"Holman Edwards",Houston,2,0,0.0,0,0.00,-2,-1.0,0,0.00,0,0.0,1,0.5
"Holman Edwards","Southern Miss",1,70,70.0,0,0.00,-15,-15.0,0,0.00,8,8.0,19,19.0
"Holton Ahlers","East Carolina",5,13933,2786.6,97,19.40,1446,289.2,25,5.00,1127,225.4,1856,371.2
"Hudson Card",Purdue,2,4028,2014.0,24,12.00,176,88.0,5,2.50,359,179.5,613,306.5
"Hudson Card",Texas,3,1523,507.7,11,3.67,74,24.7,1,0.33,127,42.3,194,64.7
"Hunter Correll","Northern Arizona",1,23,23.0,0,0.00,NULL,NULL,NULL,NULL,3,3.0,9,9.0
"Hunter Dekkers","Iowa State",3,3355,1118.3,22,7.33,146,48.7,4,1.33,327,109.0,500,166.7
"Hunter Etheridge","James Madison",1,NULL,NULL,NULL,NULL,NULL,NULL,NULL,NULL,NULL,NULL,NULL,NULL
"Hunter Fralick",Nevada,1,0,0.0,0,0.00,4,4.0,1,1.00,0,0.0,3,3.0
"Hunter Hays","Idaho State",4,2512,628.0,21,5.25,671,167.8,13,3.25,254,63.5,398,99.5
"Hunter Helms",Clemson,3,218,72.7,2,0.67,13,4.3,0,0.00,23,7.7,37,12.3
"Hunter Helms","Rhode Island",1,1160,1160.0,5,5.00,-3,-3.0,1,1.00,100,100.0,162,162.0
"Hunter Herring","UL Monroe",3,249,83.0,2,0.67,233,77.7,4,1.33,24,8.0,42,14.0
"Hunter Johnson",Clemson,2,244,122.0,2,1.00,-4,-2.0,0,0.00,27,13.5,33,16.5
"Hunter Johnson",Northwestern,3,856,285.3,5,1.67,42,14.0,1,0.33,95,31.7,183,61.0
"Hunter Moore",BYU,1,NULL,NULL,NULL,NULL,30,30.0,0,0.00,NULL,NULL,NULL,NULL
"Hunter Najm","Bowling Green",1,30,30.0,0,0.00,NULL,NULL,NULL,NULL,2,2.0,4,4.0
"Hunter Rodrigues","UC Davis",2,349,174.5,1,0.50,7,3.5,0,0.00,33,16.5,42,21.0
"Hunter Simmons","Southern Illinois",2,1008,504.0,4,2.00,82,41.0,1,0.50,89,44.5,159,79.5
"Hunter Simmons",Wisconsin,1,469,469.0,2,2.00,-27,-27.0,0,0.00,46,46.0,92,92.0
"Hunter Taylor","Stephen F. Austin",3,78,26.0,1,0.33,2,0.7,0,0.00,5,1.7,16,5.3
"Hunter Vaughn","South Alabama",1,342,342.0,1,1.00,47,47.0,0,0.00,38,38.0,59,59.0
"Hunter Watson","Sam Houston",2,2726,1363.0,17,8.50,858,429.0,11,5.50,265,132.5,430,215.0
"Hunter Wells","Youngstown State",2,585,292.5,3,1.50,-38,-19.0,0,0.00,37,18.5,70,35.0
"Husan Longstreet",USC,1,103,103.0,1,1.00,76,76.0,2,2.00,13,13.0,15,15.0
"Hutson Mason",Georgia,4,3492,873.0,29,7.25,-5,-1.3,6,1.50,282,70.5,434,108.5
"Ian Book","Notre Dame",4,8948,2237.0,72,18.00,1518,379.5,17,4.25,728,182.0,1141,285.3
"Ian Corwin",Drake,2,1360,680.0,10,5.00,215,107.5,1,0.50,110,55.0,244,122.0
"Ian McCoig","UL Monroe",1,0,0.0,0,0.00,NULL,NULL,NULL,NULL,0,0.0,1,1.0
"Ian Shultis",Massachusetts,1,0,0.0,0,0.00,NULL,NULL,NULL,NULL,0,0.0,1,1.0
"Ikaika Woolsey",Hawai'i,4,4233,1058.3,24,6.00,382,95.5,4,1.00,338,84.5,684,171.0
"Ike Ogbogu",Houston,2,256,128.0,2,1.00,10,5.0,0,0.00,21,10.5,36,18.0
"Ike Udengwu III","Eastern Michigan",1,100,100.0,0,0.00,3,3.0,0,0.00,13,13.0,31,31.0
"Ira Armstead","Eastern Illinois",3,NULL,NULL,NULL,NULL,5,1.7,0,0.00,NULL,NULL,NULL,NULL
"Ira Armstead",Virginia,2,9,4.5,0,0.00,117,58.5,1,0.50,1,0.5,5,2.5
"Isaac Harker","Indiana State",2,260,130.0,3,1.50,-5,-2.5,0,0.00,21,10.5,38,19.0
"Isaac Lee","Western Carolina",1,263,263.0,2,2.00,126,126.0,1,1.00,30,30.0,50,50.0
"Isaac McNamee","Murray State",1,57,57.0,0,0.00,-4,-4.0,0,0.00,7,7.0,22,22.0
"Isaac Stiebeling","Eastern Michigan",2,51,25.5,0,0.00,87,43.5,2,1.00,10,5.0,19,9.5
"Isaac Wilson",Utah,2,1510,755.0,10,5.00,50,25.0,0,0.00,127,63.5,226,113.0
"Isaiah Bess","Charleston Southern",2,961,480.5,8,4.00,126,63.0,0,0.00,68,34.0,154,77.0
"Isaiah Bravo",UTEP,1,NULL,NULL,NULL,NULL,7,7.0,0,0.00,NULL,NULL,NULL,NULL
"Isaiah Chavez","New Mexico",3,412,137.3,4,1.33,194,64.7,1,0.33,36,12.0,52,17.3
"Isaiah Freeman",Hampton,1,343,343.0,3,3.00,248,248.0,1,1.00,35,35.0,67,67.0
"Isaiah Freeman","Lincoln (PA)",2,167,83.5,0,0.00,44,22.0,0,0.00,17,8.5,31,15.5
"Isaiah Green",Marshall,2,4897,2448.5,30,15.00,416,208.0,6,3.00,376,188.0,666,333.0
"Isaiah Knowles","Albany State GA",1,201,201.0,1,1.00,24,24.0,0,0.00,17,17.0,31,31.0
"Isaiah Marshall",Kansas,1,28,28.0,0,0.00,69,69.0,0,0.00,3,3.0,3,3.0
"Isaiah Robinson",Maine,1,162,162.0,0,0.00,-26,-26.0,0,0.00,16,16.0,32,32.0
"Isaiah Sanders","Air Force",3,953,317.7,4,1.33,756,252.0,9,3.00,57,19.0,98,32.7
"Isaiah Sanders",Stanford,2,46,23.0,0,0.00,76,38.0,5,2.50,3,1.5,6,3.0
"Isaiah Sepand",Davidson,3,NULL,NULL,NULL,NULL,34,11.3,1,0.33,NULL,NULL,NULL,NULL
"Israel Carter","Norfolk State",1,132,132.0,0,0.00,40,40.0,0,0.00,18,18.0,32,32.0
"Israel Carter","South Florida",2,195,97.5,4,2.00,39,19.5,0,0.00,11,5.5,15,7.5
"J.C. Robles","Colorado State",1,NULL,NULL,NULL,NULL,0,0.0,0,0.00,NULL,NULL,NULL,NULL
"J.D. Almond","Northwestern State",3,267,89.0,2,0.67,40,13.3,0,0.00,19,6.3,35,11.7
"J.D. Head","Louisiana Tech",2,637,318.5,6,3.00,3,1.5,2,1.00,56,28.0,102,51.0
"J.J. Cosentino","Florida State",3,104,34.7,2,0.67,-7,-2.3,0,0.00,15,5.0,30,10.0
"J.J. Kohl","App State",1,979,979.0,8,8.00,32,32.0,1,1.00,82,82.0,142,142.0
"J.J. Kohl","Iowa State",1,23,23.0,0,0.00,32,32.0,0,0.00,9,9.0,11,11.0
"J.J. McCarthy",Michigan,3,6226,2075.3,49,16.33,632,210.7,10,3.33,482,160.7,713,237.7
"J.J. McDermott","New Mexico State",2,639,319.5,2,1.00,-80,-40.0,0,0.00,63,31.5,104,52.0
"J.J. McDermott",SMU,2,3454,1727.0,17,8.50,-139,-69.5,1,0.50,274,137.0,459,229.5
"J.P. Andrade","Jackson State",1,49,49.0,1,1.00,7,7.0,0,0.00,6,6.0,18,18.0
"J.P. Caruso","App State",2,155,77.5,3,1.50,187,93.5,1,0.50,14,7.0,18,9.0
"J.T. Barrett","Ohio State",4,9434,2358.5,104,26.00,3263,815.8,43,10.75,769,192.3,1211,302.8
"J.T. Granato",Rice,1,96,96.0,0,0.00,-6,-6.0,1,1.00,8,8.0,19,19.0
"J.W. Walsh","Oklahoma State",4,3917,979.3,36,9.00,1036,259.0,25,6.25,299,74.8,474,118.5
"J'Bore Gibbs",Idaho,1,0,0.0,0,0.00,0,0.0,0,0.00,0,0.0,3,3.0
"J'Bore Gibbs","South Dakota State",1,193,193.0,1,1.00,16,16.0,1,1.00,13,13.0,26,26.0
"J'Mar Smith","Louisiana Tech",4,9522,2380.5,51,12.75,858,214.5,15,3.75,758,189.5,1279,319.8
"Ja'Shawn Scroggins",Howard,4,1380,345.0,9,2.25,513,128.3,5,1.25,134,33.5,254,63.5
"Jaalon Frazier",Wagner,1,79,79.0,0,0.00,-5,-5.0,0,0.00,7,7.0,12,12.0
"Jabari Blake","Virginia St",1,NULL,NULL,NULL,NULL,NULL,NULL,NULL,NULL,NULL,NULL,NULL,NULL
"Jabari Dunham",Bethune-Cookman,2,35,17.5,0,0.00,13,6.5,0,0.00,4,2.0,9,4.5
"Jabari Laws",Army,2,617,308.5,5,2.50,527,263.5,4,2.00,35,17.5,44,22.0
"Jabu Lovelace",Rutgers,4,111,27.8,0,0.00,423,105.8,4,1.00,9,2.3,31,7.8
"Jace Wilson",Furman,2,515,257.5,4,2.00,95,47.5,3,1.50,53,26.5,83,41.5
"Jace Wilson","Tennessee Tech",1,194,194.0,2,2.00,26,26.0,1,1.00,5,5.0,8,8.0
"Jace Wilson","Texas Southern",2,2315,1157.5,14,7.00,262,131.0,4,2.00,216,108.0,390,195.0
"Jack Abraham",Missouri,1,44,44.0,0,0.00,NULL,NULL,NULL,NULL,3,3.0,8,8.0
"Jack Abraham","Southern Miss",3,7050,2350.0,41,13.67,33,11.0,7,2.33,593,197.7,857,285.7
"Jack Albers",Purdue,2,32,16.0,0,0.00,1,0.5,0,0.00,2,1.0,7,3.5
"Jack Allison","West Virginia",2,498,249.0,2,1.00,-46,-23.0,0,0.00,43,21.5,72,36.0
"Jack Capaldi",Fordham,2,1593,796.5,8,4.00,146,73.0,2,1.00,125,62.5,251,125.5
"Jack Cassidy","Stony Brook",1,129,129.0,1,1.00,5,5.0,0,0.00,14,14.0,28,28.0
"Jack Chambers","Charleston Southern",3,577,192.3,2,0.67,85,28.3,1,0.33,65,21.7,125,41.7
"Jack Chambers","NC State",1,252,252.0,1,1.00,117,117.0,1,1.00,32,32.0,64,64.0
"Jack Click","Virginia Tech",1,0,0.0,0,0.00,1,1.0,0,0.00,0,0.0,1,1.0
"Jack Coan","Notre Dame",1,3150,3150.0,25,25.00,-100,-100.0,2,2.00,253,253.0,385,385.0
"Jack Coan",Wisconsin,3,3324,1108.0,23,7.67,-12,-4.0,5,1.67,297,99.0,437,145.7
"Jack Henry","South Dakota State",1,8,8.0,0,0.00,2,2.0,0,0.00,1,1.0,2,2.0
"Jack Jacobs","East Texas A&M",1,43,43.0,0,0.00,-4,-4.0,0,0.00,2,2.0,3,3.0
"Jack Johnson",Georgetown,1,51,51.0,0,0.00,-6,-6.0,0,0.00,4,4.0,8,8.0
"Jack Kennedy",Michigan,2,7,3.5,0,0.00,6,3.0,0,0.00,1,0.5,1,0.5
"Jack Kwiatkowski","Eastern Illinois",1,0,0.0,0,0.00,NULL,NULL,NULL,NULL,0,0.0,1,1.0
"Jack Lausch",Northwestern,3,1792,597.3,7,2.33,290,96.7,3,1.00,165,55.0,307,102.3
"Jack Layne",Idaho,3,2057,685.7,23,7.67,70,23.3,1,0.33,142,47.3,215,71.7
"Jack Layne","New Mexico",1,1598,1598.0,9,9.00,91,91.0,2,2.00,145,145.0,215,215.0
"Jack Lindsey",Arkansas,3,126,42.0,3,1.00,100,33.3,0,0.00,13,4.3,30,10.0
"Jack Lowary",Missouri,1,NULL,NULL,NULL,NULL,0,0.0,0,0.00,NULL,NULL,NULL,NULL
"Jack McDaniels","Delaware State",2,275,137.5,1,0.50,-53,-26.5,0,0.00,24,12.0,50,25.0
"Jack Milas","Ball State",4,2814,703.5,13,3.25,211,52.8,2,0.50,280,70.0,521,130.3
"Jack Miller III",Florida,1,180,180.0,0,0.00,13,13.0,0,0.00,13,13.0,22,22.0
"Jack Miller III","Ohio State",2,101,50.5,0,0.00,22,11.0,1,0.50,7,3.5,14,7.0
"Jack O'Connell",Stonehill,3,2056,685.3,18,6.00,155,51.7,1,0.33,192,64.0,311,103.7
"Jack Plummer",California,1,3096,3096.0,21,21.00,-126,-126.0,1,1.00,282,282.0,451,451.0
"Jack Plummer",Louisville,1,3204,3204.0,21,21.00,34,34.0,1,1.00,256,256.0,395,395.0
"Jack Plummer",Purdue,3,3407,1135.7,26,8.67,74,24.7,1,0.33,320,106.7,493,164.3
"Jack Richardson",Stanford,1,6,6.0,0,0.00,-4,-4.0,0,0.00,1,1.0,1,1.0
"Jack Salopek",Elon,1,483,483.0,1,1.00,-5,-5.0,0,0.00,47,47.0,83,83.0
"Jack Salopek","Western Michigan",3,1621,540.3,8,2.67,98,32.7,1,0.33,149,49.7,280,93.3
"Jack Sears","Boise State",2,380,190.0,3,1.50,58,29.0,2,1.00,25,12.5,33,16.5
"Jack Sears",USC,1,235,235.0,2,2.00,10,10.0,0,0.00,20,20.0,28,28.0
"Jack Shields",Buffalo,1,NULL,NULL,NULL,NULL,8,8.0,0,0.00,NULL,NULL,NULL,NULL
"Jack Shields","Old Dominion",1,353,353.0,2,2.00,53,53.0,1,1.00,25,25.0,47,47.0
"Jack Shields",UAlbany,1,1170,1170.0,7,7.00,25,25.0,1,1.00,94,94.0,187,187.0
"Jack Snyder","Sacred Heart",1,1256,1256.0,7,7.00,347,347.0,4,4.00,112,112.0,158,158.0
"Jack Stevens",Wagner,2,458,229.0,2,1.00,119,59.5,2,1.00,58,29.0,98,49.0
"Jack Sulik","North Dakota",1,10,10.0,0,0.00,4,4.0,0,0.00,2,2.0,3,3.0
"Jack Turner","Louisiana Tech",3,1664,554.7,8,2.67,107,35.7,2,0.67,140,46.7,252,84.0
"Jack Tuttle",Indiana,4,901,225.3,5,1.25,79,19.8,0,0.00,104,26.0,182,45.5
"Jack Tuttle",Michigan,2,436,218.0,2,1.00,39,19.5,0,0.00,45,22.5,67,33.5
"Jack Wagner",Idaho,3,1685,561.7,14,4.67,78,26.0,0,0.00,123,41.0,217,72.3
"Jack Walker","Georgia State",2,14,7.0,0,0.00,0,0.0,0,0.00,2,1.0,3,1.5
"Jack Walker","Southern Miss",1,NULL,NULL,NULL,NULL,1,1.0,0,0.00,NULL,NULL,NULL,NULL
"Jack West",Stanford,4,436,109.0,0,0.00,-50,-12.5,0,0.00,49,12.3,86,21.5
"Jack Williams","Kent State",1,0,0.0,0,0.00,NULL,NULL,NULL,NULL,0,0.0,1,1.0
"Jack Zergiotis",Merrimack,1,667,667.0,7,7.00,-11,-11.0,1,1.00,52,52.0,106,106.0
"Jack Zergiotis",UConn,2,2107,1053.5,12,6.00,-101,-50.5,1,0.50,188,94.0,346,173.0
"Jackie Wilson",Bethune-Cookman,3,268,89.3,1,0.33,67,22.3,2,0.67,29,9.7,51,17.0
"Jackson Akins","Cal Poly",2,851,425.5,4,2.00,23,11.5,0,0.00,84,42.0,132,66.0
"Jackson Arnold",Auburn,1,1263,1263.0,6,6.00,270,270.0,7,7.00,131,131.0,207,207.0
"Jackson Arnold",Oklahoma,2,1984,992.0,16,8.00,560,280.0,4,2.00,198,99.0,315,157.5
"Jackson Berry","Southern Utah",3,1390,463.3,9,3.00,276,92.0,1,0.33,117,39.0,188,62.7
"Jackson Brousseau","Colorado State",3,867,289.0,6,2.00,30,10.0,1,0.33,83,27.7,138,46.0
"Jackson Byrd","East Tennessee State",1,19,19.0,0,0.00,21,21.0,1,1.00,2,2.0,2,2.0
"Jackson Gibbs","App State",1,NULL,NULL,NULL,NULL,-2,-2.0,0,0.00,NULL,NULL,NULL,NULL
"Jackson Gilkey","Weber State",1,693,693.0,4,4.00,227,227.0,1,1.00,59,59.0,115,115.0
"Jackson Gutierrez",Navy,2,0,0.0,0,0.00,123,61.5,0,0.00,0,0.0,1,0.5
"Jackson Hardy",Richmond,2,96,48.0,2,1.00,72,36.0,0,0.00,8,4.0,17,8.5
"Jackson Kilburg",Colgate,1,0,0.0,0,0.00,NULL,NULL,NULL,NULL,0,0.0,1,1.0
"Jackson Muschamp",Georgia,1,NULL,NULL,NULL,NULL,14,14.0,0,0.00,NULL,NULL,NULL,NULL
"Jackson Pavitt","Cal Poly",1,NULL,NULL,NULL,NULL,NULL,NULL,NULL,NULL,NULL,NULL,NULL,NULL
"Jackson Proctor",Dartmouth,3,2297,765.7,18,6.00,617,205.7,5,1.67,214,71.3,305,101.7
"Jackson Proctor","Northern Illinois",1,8,8.0,0,0.00,13,13.0,0,0.00,2,2.0,6,6.0
"Jackson Stratton","Colorado State",1,78,78.0,1,1.00,18,18.0,0,0.00,4,4.0,17,17.0
"Jackson Stratton",Iowa,1,219,219.0,1,1.00,4,4.0,0,0.00,21,21.0,35,35.0
"Jackson Tyner",Rice,3,1048,349.3,4,1.33,85,28.3,2,0.67,87,29.0,184,61.3
"Jackson Tyner","Texas Tech",1,2,2.0,0,0.00,6,6.0,0,0.00,1,1.0,8,8.0
"Jackson Waring","Illinois State",1,NULL,NULL,NULL,NULL,-2,-2.0,0,0.00,NULL,NULL,NULL,NULL
"Jackson White",Marshall,2,11,5.5,0,0.00,-11,-5.5,0,0.00,2,1.0,2,1.0
"Jackson Williamson","Miami (OH)",1,84,84.0,0,0.00,35,35.0,0,0.00,8,8.0,19,19.0
"Jackson Zalinsky",Stonehill,2,NULL,NULL,NULL,NULL,2,1.0,0,0.00,NULL,NULL,NULL,NULL
"Jacob Bower",Tulsa,2,427,213.5,3,1.50,150,75.0,2,1.00,26,13.0,51,25.5
"Jacob Buie","Southeast Missouri State",1,-4,-4.0,0,0.00,NULL,NULL,NULL,NULL,2,2.0,4,4.0
"Jacob Charest",Illinois,1,382,382.0,2,2.00,20,20.0,1,1.00,28,28.0,56,56.0
"Jacob Clark",Minnesota,1,39,39.0,0,0.00,NULL,NULL,NULL,NULL,1,1.0,1,1.0
"Jacob Clark","Missouri State",4,6279,1569.8,49,12.25,117,29.3,3,0.75,464,116.0,691,172.8
"Jacob Conover","Arizona State",1,130,130.0,0,0.00,-5,-5.0,0,0.00,11,11.0,38,38.0
"Jacob Conover",BYU,2,45,22.5,0,0.00,5,2.5,0,0.00,5,2.5,11,5.5
"Jacob Conover","Utah State",2,178,89.0,2,1.00,1,0.5,0,0.00,17,8.5,29,14.5
"Jacob Dehaan",Toledo,1,NULL,NULL,NULL,NULL,13,13.0,0,0.00,NULL,NULL,NULL,NULL
"Jacob Dolegala","Central Connecticut",1,117,117.0,0,0.00,-3,-3.0,0,0.00,14,14.0,24,24.0
"Jacob Drena",UConn,1,15,15.0,0,0.00,-7,-7.0,0,0.00,2,2.0,3,3.0
"Jacob Eason",Georgia,2,2458,1229.0,16,8.00,-57,-28.5,1,0.50,208,104.0,377,188.5
"Jacob Eason",Washington,2,3132,1566.0,23,11.50,-69,-34.5,1,0.50,260,130.0,405,202.5
"Jacob Free",Troy,1,1051,1051.0,6,6.00,-58,-58.0,1,1.00,88,88.0,152,152.0
"Jacob Holtschlag",Georgetown,1,342,342.0,0,0.00,17,17.0,0,0.00,33,33.0,68,68.0
"Jacob Huesman","App State",5,452,90.4,5,1.00,30,6.0,1,0.20,42,8.4,72,14.4
"Jacob Huesman",Chattanooga,4,495,123.8,4,1.00,191,47.8,3,0.75,52,13.0,85,21.3
"Jacob Jones",Grambling,1,0,0.0,0,0.00,47,47.0,0,0.00,0,0.0,1,1.0
"Jacob Karam",Memphis,2,1917,958.5,14,7.00,205,102.5,1,0.50,179,89.5,281,140.5
"Jacob Karam","Texas Tech",2,104,52.0,2,1.00,2,1.0,0,0.00,9,4.5,18,9.0
"Jacob Knipp","Northern Colorado",2,507,253.5,4,2.00,26,13.0,0,0.00,53,26.5,93,46.5
"Jacob Knuth","Kansas State",2,18,9.0,0,0.00,63,31.5,0,0.00,2,1.0,2,1.0
"Jacob Park","Iowa State",2,2972,1486.0,21,10.50,68,34.0,2,1.00,233,116.5,388,194.0
"Jacob Sexton","Austin Peay",2,38,19.0,0,0.00,28,14.0,0,0.00,2,1.0,5,2.5
"Jacob Sirmon","Central Michigan",1,734,734.0,6,6.00,-53,-53.0,0,0.00,73,73.0,119,119.0
"Jacob Sirmon","Northern Colorado",2,1784,892.0,11,5.50,-87,-43.5,1,0.50,182,91.0,323,161.5
"Jacob Sirmon",Washington,2,28,14.0,0,0.00,0,0.0,0,0.00,3,1.5,4,2.0
"Jacob Thomas",Troy,2,NULL,NULL,NULL,NULL,NULL,NULL,NULL,NULL,NULL,NULL,NULL,NULL
"Jacob Zeno",Baylor,3,282,94.0,1,0.33,1,0.3,1,0.33,15,5.0,29,9.7
"Jacob Zeno",UAB,3,4666,1555.3,31,10.33,353,117.7,5,1.67,419,139.7,599,199.7
"Jacobe Robinson","Boston College",1,23,23.0,0,0.00,23,23.0,1,1.00,2,2.0,3,3.0
"Jacobe Robinson","Southern Miss",1,NULL,NULL,NULL,NULL,33,33.0,0,0.00,NULL,NULL,NULL,NULL
"JaCobian Morgan","Jackson State",3,4252,1417.3,41,13.67,693,231.0,14,4.67,336,112.0,527,175.7
"JaCobian Morgan",Syracuse,2,288,144.0,2,1.00,-25,-12.5,0,0.00,32,16.0,50,25.0
"Jacoby Brissett",Florida,2,455,227.5,3,1.50,3,1.5,3,1.50,41,20.5,74,37.0
"Jacoby Brissett","NC State",2,5268,2634.0,43,21.50,899,449.5,9,4.50,458,229.0,765,382.5
"Jacolby Criswell",Arkansas,1,143,143.0,3,3.00,44,44.0,0,0.00,17,17.0,27,27.0
"Jacolby Criswell","East Tennessee State",1,354,354.0,3,3.00,155,155.0,0,0.00,31,31.0,53,53.0
"Jacolby Criswell","North Carolina",4,2663,665.8,16,4.00,234,58.5,4,1.00,204,51.0,351,87.8
"Jacory Harris",Miami,4,8826,2206.5,70,17.50,-3,-0.8,5,1.25,703,175.8,1170,292.5
"JacQai Long",Marshall,1,31,31.0,0,0.00,38,38.0,1,1.00,6,6.0,18,18.0
"Jacurri Brown",Miami,2,411,205.5,4,2.00,280,140.0,2,1.00,47,23.5,78,39.0
"Jacurri Brown",UCF,2,484,242.0,2,1.00,543,271.5,6,3.00,37,18.5,71,35.5
"Jaden Casey","Portland State",2,28,14.0,0,0.00,19,9.5,0,0.00,3,1.5,8,4.0
"Jaden Craig",Harvard,3,4736,1578.7,39,13.00,160,53.3,8,2.67,335,111.7,542,180.7
"Jaden Johnson","Missouri State",2,53,26.5,0,0.00,4,2.0,0,0.00,8,4.0,18,9.0
"Jaden Johnson","Prairie View A&M",2,1223,611.5,7,3.50,165,82.5,0,0.00,98,49.0,167,83.5
"Jaden Jones","Cal Poly",4,1093,273.3,7,1.75,262,65.5,1,0.25,83,20.8,153,38.3
"Jaden Keefner",Bryant,1,434,434.0,2,2.00,201,201.0,2,2.00,38,38.0,72,72.0
"Jaden Rashada","Arizona State",1,485,485.0,4,4.00,23,23.0,0,0.00,44,44.0,82,82.0
"Jaden Rashada","Sacramento State",1,264,264.0,1,1.00,-4,-4.0,0,0.00,17,17.0,42,42.0
"Jadrian Clark","Weber State",3,257,85.7,0,0.00,15,5.0,0,0.00,34,11.3,64,21.3
"Jadyn Davis",Michigan,1,0,0.0,0,0.00,-6,-6.0,0,0.00,0,0.0,2,2.0
"Jadyn Glasser","Central Michigan",2,517,258.5,2,1.00,-28,-14.0,2,1.00,48,24.0,85,42.5
"Jagger LaRoe","East Texas A&M",1,32,32.0,0,0.00,NULL,NULL,NULL,NULL,2,2.0,5,5.0
"Jai'ave Magalei","East Texas A&M",1,160,160.0,0,0.00,-21,-21.0,0,0.00,25,25.0,44,44.0
"Jai'ave Magalei",Louisiana,2,244,122.0,2,1.00,-14,-7.0,0,0.00,23,11.5,32,16.0
"JaJuan Lawson","New Mexico",2,54,27.0,0,0.00,65,32.5,1,0.50,3,1.5,5,2.5
"JaJuan Lawson","Rhode Island",2,351,175.5,4,2.00,85,42.5,2,1.00,23,11.5,34,17.0
"Jake Arceneaux",Louisiana,2,6,3.0,0,0.00,8,4.0,0,0.00,1,0.5,1,0.5
"Jake Barlage",Nevada,1,NULL,NULL,NULL,NULL,37,37.0,0,0.00,NULL,NULL,NULL,NULL
"Jake Bentley","South Alabama",1,2476,2476.0,17,17.00,-8,-8.0,4,4.00,212,212.0,303,303.0
"Jake Bentley","South Carolina",4,7527,1881.8,55,13.75,153,38.3,8,2.00,626,156.5,1002,250.5
"Jake Bentley",Utah,1,882,882.0,6,6.00,113,113.0,1,1.00,77,77.0,124,124.0
"Jake Bernards","San Diego State",2,10,5.0,0,0.00,NULL,NULL,NULL,NULL,1,0.5,2,1.0
"Jake Blumrick","Stephen F. Austin",2,142,71.0,1,0.50,-8,-4.0,0,0.00,15,7.5,33,16.5
"Jake Browning",Washington,4,12269,3067.3,94,23.50,232,58.0,16,4.00,956,239.0,1479,369.8
"Jake Coker",Alabama,2,3513,1756.5,25,12.50,81,40.5,2,1.00,301,150.5,452,226.0
"Jake Coker","Florida State",2,295,147.5,1,0.50,15,7.5,1,0.50,21,10.5,41,20.5
"Jake Constantine",Rice,1,1622,1622.0,8,8.00,-7,-7.0,0,0.00,126,126.0,206,206.0
"Jake Constantine","Weber State",1,119,119.0,0,0.00,8,8.0,0,0.00,21,21.0,31,31.0
"Jake Curry","Southern Illinois",2,961,480.5,3,1.50,172,86.0,3,1.50,86,43.0,157,78.5
"Jake Dolegala","Central Connecticut",1,86,86.0,1,1.00,NULL,NULL,NULL,NULL,6,6.0,19,19.0
"Jake Dunniway","Sacramento State",2,2465,1232.5,20,10.00,4,2.0,0,0.00,192,96.0,319,159.5
"Jake Farrell",Hawai'i,1,14,14.0,0,0.00,9,9.0,0,0.00,3,3.0,8,8.0
"Jake Fromm",Georgia,3,8224,2741.3,78,26.00,40,13.3,3,1.00,621,207.0,981,327.0
"Jake Froschauer",Colgate,1,5,5.0,0,0.00,12,12.0,0,0.00,2,2.0,2,2.0
"Jake Garcia","East Carolina",1,1426,1426.0,8,8.00,46,46.0,2,2.00,109,109.0,181,181.0
"Jake Garcia",Miami,2,950,475.0,7,3.50,-30,-15.0,0,0.00,79,39.5,126,63.0
"Jake Haener","Fresno State",3,8948,2982.7,67,22.33,-93,-31.0,8,2.67,727,242.3,1067,355.7
"Jake Haener",Washington,1,107,107.0,1,1.00,-9,-9.0,0,0.00,9,9.0,13,13.0
"Jake Hall",UCLA,1,5,5.0,0,0.00,NULL,NULL,NULL,NULL,1,1.0,1,1.0
"Jake Heaps",BYU,2,3768,1884.0,24,12.00,-157,-78.5,2,1.00,363,181.5,635,317.5
"Jake Heaps",Kansas,1,1414,1414.0,8,8.00,-162,-162.0,1,1.00,128,128.0,261,261.0
"Jake Heaps",Miami,1,51,51.0,0,0.00,-10,-10.0,0,0.00,6,6.0,12,12.0
"Jake Hubenak","Texas A&M",3,1381,460.3,9,3.00,57,19.0,0,0.00,114,38.0,196,65.3
"Jake Jensen",Montana,1,7,7.0,0,0.00,8,8.0,0,0.00,1,1.0,2,2.0
"Jake Jensen",USC,2,NULL,NULL,NULL,NULL,0,0.0,0,0.00,NULL,NULL,NULL,NULL
"Jake Johnson","Austin Peay",2,39,19.5,0,0.00,2,1.0,0,0.00,3,1.5,6,3.0
"Jake Johnson","Central Michigan",1,NULL,NULL,NULL,NULL,-3,-3.0,0,0.00,NULL,NULL,NULL,NULL
"Jake Kolbe","Illinois State",2,434,217.0,2,1.00,0,0.0,0,0.00,41,20.5,56,28.0
"Jake Lange","Southern Miss",2,953,476.5,5,2.50,-189,-94.5,0,0.00,90,45.0,158,79.0
"Jake Locker",Washington,4,7639,1909.8,53,13.25,1939,484.8,29,7.25,619,154.8,1148,287.0
"Jake Luton",Idaho,1,383,383.0,1,1.00,73,73.0,5,5.00,49,49.0,78,78.0
"Jake Luton","Oregon State",3,5227,1742.3,42,14.00,-204,-68.0,1,0.33,445,148.3,716,238.7
"Jake Maier","UC Davis",3,1071,357.0,5,1.67,-27,-9.0,0,0.00,97,32.3,161,53.7
"Jake Mcnamara","East Tennessee State",1,273,273.0,2,2.00,21,21.0,0,0.00,22,22.0,32,32.0
"Jake Mcnamara",UTEP,1,32,32.0,0,0.00,32,32.0,1,1.00,3,3.0,7,7.0
"Jake Medlock","Florida International",3,3425,1141.7,18,6.00,342,114.0,5,1.67,264,88.0,478,159.3
"Jake Melville",Colgate,3,346,115.3,2,0.67,52,17.3,0,0.00,38,12.7,74,24.7
"Jake Merklinger",Tennessee,2,223,111.5,2,1.00,38,19.0,0,0.00,18,9.0,31,15.5
"Jake Paladino",VMI,1,NULL,NULL,NULL,NULL,NULL,NULL,NULL,NULL,NULL,NULL,NULL,NULL
"Jake Retzlaff",BYU,2,3544,1772.0,22,11.00,533,266.5,9,4.50,274,137.0,492,246.0
"Jake Retzlaff",Tulane,1,1622,1622.0,7,7.00,513,513.0,9,9.00,130,130.0,218,218.0
"Jake Rizzo","Florida State",1,6,6.0,0,0.00,NULL,NULL,NULL,NULL,1,1.0,2,2.0
"Jake Rodrigues",Oregon,1,67,67.0,1,1.00,38,38.0,0,0.00,3,3.0,6,6.0
"Jake Rubley","Illinois State",1,355,355.0,2,2.00,-20,-20.0,1,1.00,34,34.0,61,61.0
"Jake Rubley","Kansas State",2,47,23.5,0,0.00,2,1.0,0,0.00,5,2.5,6,3.0
"Jake Rudock",Iowa,2,4819,2409.5,34,17.00,394,197.0,8,4.00,417,208.5,691,345.5
"Jake Rudock",Michigan,1,3017,3017.0,20,20.00,166,166.0,4,4.00,249,249.0,389,389.0
"Jake Ryder",Towson,4,NULL,NULL,NULL,NULL,NULL,NULL,NULL,NULL,NULL,NULL,NULL,NULL
"Jake Sanders","Idaho State",1,NULL,NULL,NULL,NULL,2,2.0,0,0.00,NULL,NULL,NULL,NULL
"Jake Schakel","Eastern Washington",1,46,46.0,0,0.00,8,8.0,0,0.00,7,7.0,10,10.0
"Jake Simmons","Robert Morris",1,240,240.0,1,1.00,30,30.0,0,0.00,30,30.0,59,59.0
"Jake Smith",Harvard,1,NULL,NULL,NULL,NULL,NULL,NULL,NULL,NULL,NULL,NULL,NULL,NULL
"Jake Sopko",Cincinnati,2,0,0.0,0,0.00,16,8.0,0,0.00,0,0.0,1,0.5
"Jake Stearney",Colgate,3,4017,1339.0,31,10.33,131,43.7,3,1.00,377,125.7,598,199.3
"Jake Strong",McNeese,1,1441,1441.0,8,8.00,209,209.0,5,5.00,118,118.0,208,208.0
"Jake Strong","Texas Tech",1,409,409.0,2,2.00,61,61.0,0,0.00,35,35.0,65,65.0
"Jake Triptree","New Haven",1,9,9.0,0,0.00,NULL,NULL,NULL,NULL,3,3.0,3,3.0
"Jake Waters","Kansas State",2,5970,2985.0,40,20.00,796,398.0,15,7.50,421,210.5,657,328.5
"Jake Weir","Houston Christian",1,764,764.0,2,2.00,-95,-95.0,0,0.00,89,89.0,174,174.0
"Jake Willcox",Brown,3,6738,2246.0,38,12.67,429,143.0,2,0.67,670,223.3,1054,351.3
"Jake Wilson",Bucknell,1,NULL,NULL,NULL,NULL,NULL,NULL,NULL,NULL,NULL,NULL,NULL,NULL
"Jake Wolfe","Robert Morris",1,159,159.0,1,1.00,75,75.0,0,0.00,12,12.0,20,20.0
"Jakob Foss",Nicholls,1,18,18.0,1,1.00,9,9.0,0,0.00,2,2.0,2,2.0
"Jakolby Longino",Lamar,3,488,162.7,5,1.67,169,56.3,1,0.33,37,12.3,68,22.7
"Jakolby Longino",UTEP,1,NULL,NULL,NULL,NULL,NULL,NULL,NULL,NULL,NULL,NULL,NULL,NULL
"Jalan Early","Fresno State",1,NULL,NULL,NULL,NULL,NULL,NULL,NULL,NULL,NULL,NULL,NULL,NULL
"Jalan McClendon",Baylor,1,715,715.0,3,3.00,102,102.0,2,2.00,55,55.0,91,91.0
"Jalan McClendon","NC State",3,262,87.3,1,0.33,223,74.3,2,0.67,26,8.7,47,15.7
"Jalani Eason","Mississippi Valley State",2,551,275.5,4,2.00,178,89.0,0,0.00,63,31.5,141,70.5
"Jalani Eason","Portland State",3,483,161.0,6,2.00,143,47.7,2,0.67,40,13.3,81,27.0
"Jalen Dummett",Lamar,2,33,16.5,0,0.00,98,49.0,2,1.00,6,3.0,11,5.5
"Jalen Ferguson",Campbell,1,58,58.0,0,0.00,2,2.0,0,0.00,10,10.0,17,17.0
"Jalen Fowler","North Carolina A&T",3,1796,598.7,15,5.00,62,20.7,0,0.00,141,47.0,230,76.7
"Jalen Greene",Elon,3,22,7.3,0,0.00,23,7.7,1,0.33,2,0.7,4,1.3
"Jalen Hurts",Alabama,3,5626,1875.3,48,16.00,1976,658.7,23,7.67,445,148.3,706,235.3
"Jalen Hurts",Oklahoma,1,3851,3851.0,32,32.00,1298,1298.0,20,20.00,237,237.0,341,341.0
"Jalen Kitna",Florida,1,181,181.0,1,1.00,6,6.0,0,0.00,10,10.0,14,14.0
"Jalen Kitna",UAB,2,3985,1992.5,27,13.50,-103,-51.5,0,0.00,357,178.5,550,275.0
"Jalen Macon","Arkansas-Pine Bluff",2,566,283.0,3,1.50,175,87.5,0,0.00,49,24.5,84,42.0
"Jalen Macon","Northern Illinois",2,50,25.0,0,0.00,49,24.5,1,0.50,4,2.0,7,3.5
"Jalen Mayden","Mississippi State",1,9,9.0,0,0.00,32,32.0,0,0.00,1,1.0,2,2.0
"Jalen Mayden","San Diego State",3,4099,1366.3,23,7.67,795,265.0,8,2.67,344,114.7,556,185.3
"Jalen Milroe",Alabama,4,6016,1504.0,45,11.25,1579,394.8,33,8.25,426,106.5,663,165.8
"Jalen Morton","Prairie View A&M",3,789,263.0,7,2.33,143,47.7,1,0.33,49,16.3,106,35.3
"Jalen Nixon",Louisiana,4,1021,255.3,8,2.00,526,131.5,5,1.25,91,22.8,168,42.0
"Jalen Ollie",Fordham,1,NULL,NULL,NULL,NULL,NULL,NULL,NULL,NULL,NULL,NULL,NULL,NULL
"Jalen Reese",Toledo,1,NULL,NULL,NULL,NULL,5,5.0,0,0.00,NULL,NULL,NULL,NULL
"Jalen Whitlow","Eastern Illinois",2,467,233.5,1,0.50,195,97.5,1,0.50,54,27.0,88,44.0
"Jalen Whitlow",Kentucky,2,1834,917.0,8,4.00,663,331.5,9,4.50,185,92.5,320,160.0
"Jalon Daniels",Kansas,6,8605,1434.2,63,10.50,1309,218.2,21,3.50,683,113.8,1095,182.5
"Jalon Jones",Bethune-Cookman,1,2231,2231.0,13,13.00,572,572.0,5,5.00,187,187.0,320,320.0
"Jalon Jones",Charlotte,1,646,646.0,2,2.00,476,476.0,4,4.00,67,67.0,109,109.0
"Jalyn Gramstad",Nebraska,2,27,13.5,0,0.00,2,1.0,0,0.00,6,3.0,8,4.0
"Jamari Jones","Mississippi Valley State",2,815,407.5,8,4.00,203,101.5,0,0.00,63,31.5,119,59.5
"Jamarr Robinson",Maryland,2,808,404.0,6,3.00,326,163.0,0,0.00,72,36.0,134,67.0
"Jameel Sewell",Virginia,3,5366,1788.7,24,8.00,646,215.3,15,5.00,514,171.3,903,301.0
"Jameill Showers","Texas A&M",2,359,179.5,2,1.00,72,36.0,1,0.50,31,15.5,49,24.5
"Jameill Showers",UTEP,2,3121,1560.5,23,11.50,507,253.5,8,4.00,266,133.0,474,237.0
"Jameis Winston","Florida State",2,7964,3982.0,65,32.50,284,142.0,7,3.50,562,281.0,851,425.5
"James Barnes",Clemson,1,9,9.0,0,0.00,NULL,NULL,NULL,NULL,1,1.0,1,1.0
"James Blackman","Arkansas State",2,3807,1903.5,22,11.00,-159,-79.5,3,1.50,332,166.0,531,265.5
"James Blackman","Florida State",4,5450,1362.5,43,10.75,-50,-12.5,1,0.25,433,108.3,716,179.0
"James Capello","Iowa State",1,NULL,NULL,NULL,NULL,27,27.0,1,1.00,NULL,NULL,NULL,NULL
"James Foster",Charlotte,2,534,267.0,3,1.50,33,16.5,1,0.50,43,21.5,84,42.0
"James Foster","Texas A&M",1,30,30.0,0,0.00,15,15.0,0,0.00,3,3.0,9,9.0
"James Franklin",Missouri,4,6962,1740.5,51,12.75,1729,432.3,21,5.25,586,146.5,943,235.8
"James Hayes","Alabama State",1,88,88.0,2,2.00,-15,-15.0,0,0.00,5,5.0,11,11.0
"James Knapke","Bowling Green",4,4053,1013.3,20,5.00,100,25.0,2,0.50,357,89.3,632,158.0
"James Lark",BYU,3,836,278.7,8,2.67,31,10.3,1,0.33,77,25.7,125,41.7
"James Laubstein","New Mexico",1,67,67.0,1,1.00,93,93.0,0,0.00,8,8.0,11,11.0
"James Lawson",Wofford,2,95,47.5,0,0.00,16,8.0,0,0.00,5,2.5,7,3.5
"James Mauro","Western Kentucky",1,172,172.0,2,2.00,-10,-10.0,0,0.00,12,12.0,18,18.0
"James McCauley",Columbia,1,21,21.0,0,0.00,-9,-9.0,0,0.00,2,2.0,9,9.0
"James Morgan","Bowling Green",2,3342,1671.0,25,12.50,-109,-54.5,0,0.00,279,139.5,538,269.0
"James Morgan","Florida International",2,5287,2643.5,40,20.00,-74,-37.0,3,1.50,420,210.0,683,341.5
"James Mott III",Villanova,1,9,9.0,0,0.00,NULL,NULL,NULL,NULL,2,2.0,3,3.0
"James Murphy",Brown,2,1870,935.0,10,5.00,-30,-15.0,0,0.00,170,85.0,258,129.0
"James Pensyl","Eastern Michigan",1,27,27.0,0,0.00,NULL,NULL,NULL,NULL,2,2.0,2,2.0
"James Smith Jr.","Eastern Kentucky",2,0,0.0,0,0.00,12,6.0,0,0.00,0,0.0,1,0.5
"James Summers","East Carolina",1,13,13.0,0,0.00,1,1.0,0,0.00,3,3.0,4,4.0
"James Tabary","Arkansas State",1,788,788.0,4,4.00,-92,-92.0,0,0.00,65,65.0,105,105.0
"James Tabary",McNeese,2,358,179.0,0,0.00,-33,-16.5,0,0.00,39,19.5,59,29.5
"James Thomas II",UTEP,4,281,70.3,2,0.50,630,157.5,6,1.50,19,4.8,40,10.0
"James Vandenberg",Iowa,4,5786,1446.5,35,8.75,67,16.8,7,1.75,507,126.8,888,222.0
"Jameson Holcomb","Murray State",1,197,197.0,2,2.00,-14,-14.0,0,0.00,18,18.0,29,29.0
"Jameson Holcomb","Valdosta State",1,144,144.0,0,0.00,-7,-7.0,0,0.00,21,21.0,31,31.0
"Jameson Wang",Cornell,3,6420,2140.0,46,15.33,1457,485.7,23,7.67,616,205.3,983,327.7
"Jamie Cunningham",Howard,2,112,56.0,0,0.00,-19,-9.5,0,0.00,13,6.5,24,12.0
"Jamie Hampton",Troy,4,1190,297.5,12,3.00,472,118.0,4,1.00,133,33.3,212,53.0
"Jamie Newman","Wake Forest",3,3959,1319.7,35,11.67,826,275.3,10,3.33,306,102.0,505,168.3
"Jaquez Johnson","Florida Atlantic",3,5673,1891.0,38,12.67,1566,522.0,19,6.33,460,153.3,810,270.0
"Jaquez Parks","Georgia State",1,NULL,NULL,NULL,NULL,6,6.0,0,0.00,NULL,NULL,NULL,NULL
"Jared Barnett","Illinois State",1,282,282.0,2,2.00,1,1.0,0,0.00,20,20.0,29,29.0
"Jared Barnett","Iowa State",2,1825,912.5,12,6.00,567,283.5,1,0.50,162,81.0,328,164.0
"Jared Davis","Tennessee Tech",1,312,312.0,2,2.00,-15,-15.0,0,0.00,16,16.0,26,26.0
"Jared Echols","Charleston Southern",1,24,24.0,0,0.00,-4,-4.0,0,0.00,2,2.0,2,2.0
"Jared Funk",Vanderbilt,1,651,651.0,5,5.00,67,67.0,0,0.00,52,52.0,109,109.0
"Jared Goff",California,3,12200,4066.7,96,32.00,-114,-38.0,1,0.33,977,325.7,1569,523.0
"Jared Hollins","South Alabama",1,5,5.0,0,0.00,NULL,NULL,NULL,NULL,2,2.0,2,2.0
"Jared Johnson","Sam Houston",2,286,143.0,0,0.00,83,41.5,0,0.00,26,13.0,53,26.5
"Jared Johnson",UTSA,1,564,564.0,4,4.00,-35,-35.0,0,0.00,41,41.0,75,75.0
"Jared Lebowitz",UNLV,1,344,344.0,1,1.00,-5,-5.0,1,1.00,26,26.0,62,62.0
"Jared Lewis","Delaware State",2,387,193.5,3,1.50,58,29.0,0,0.00,24,12.0,53,26.5
"Jared Lewis",Hampton,1,47,47.0,0,0.00,-5,-5.0,0,0.00,4,4.0,16,16.0
"Jared Lewis","Long Island University",1,32,32.0,0,0.00,9,9.0,2,2.00,2,2.0,2,2.0
"Jared Lockhart","Jackson State",1,353,353.0,2,2.00,76,76.0,3,3.00,17,17.0,28,28.0
"Jared McClain","Eastern Kentucky",4,395,98.8,1,0.25,85,21.3,1,0.25,33,8.3,75,18.8
"Jared Rayman",Virginia,1,0,0.0,0,0.00,12,12.0,0,0.00,0,0.0,1,1.0
"Jared Taylor","Eastern Washington",3,765,255.0,7,2.33,1024,341.3,16,5.33,92,30.7,159,53.0
"Jared Wackerly",Akron,1,36,36.0,0,0.00,2,2.0,0,0.00,4,4.0,5,5.0
"Jaren Hall",BYU,4,6174,1543.5,52,13.00,796,199.0,9,2.25,468,117.0,718,179.5
"Jaren Lewis","Kansas State",1,154,154.0,1,1.00,3,3.0,0,0.00,12,12.0,23,23.0
"Jarin Morikawa","Jackson State",1,7,7.0,0,0.00,NULL,NULL,NULL,NULL,1,1.0,1,1.0
"Jarod Neal","UT Martin",3,1011,337.0,3,1.00,31,10.3,1,0.33,87,29.0,148,49.3
"Jaron-Keawe Sagapolutele",California,1,1974,1974.0,11,11.00,-54,-54.0,2,2.00,174,174.0,286,286.0
"Jarrad Hayes","Jackson State",2,53,26.5,1,0.50,-4,-2.0,0,0.00,8,4.0,11,5.5
"Jarrad Hayes",Southern,1,91,91.0,0,0.00,-6,-6.0,0,0.00,7,7.0,10,10.0
"Jarren Williams",Miami,2,2204,1102.0,19,9.50,-66,-33.0,1,0.50,170,85.0,279,139.5
"Jarret Doege","Bowling Green",2,4041,2020.5,39,19.50,-262,-131.0,4,2.00,362,181.0,577,288.5
"Jarret Doege",Troy,1,575,575.0,5,5.00,-39,-39.0,0,0.00,44,44.0,64,64.0
"Jarret Doege","West Virginia",3,6408,2136.0,40,13.33,-283,-94.3,3,1.00,587,195.7,906,302.0
"Jarrett Brown","West Virginia",4,2983,745.8,16,4.00,1124,281.0,13,3.25,268,67.0,421,105.3
"Jarrett Guarantano",Tennessee,4,6173,1543.3,38,9.50,-62,-15.5,5,1.25,494,123.5,808,202.0
"Jarrett Guarantano","Washington State",1,304,304.0,1,1.00,-6,-6.0,0,0.00,33,33.0,49,49.0
"Jarrett Guest",Bryant,1,1686,1686.0,12,12.00,74,74.0,0,0.00,171,171.0,283,283.0
"Jarrett Guest","Coastal Carolina",5,1243,248.6,10,2.00,159,31.8,2,0.40,80,16.0,127,25.4
"Jarrett Lee",LSU,4,3949,987.3,32,8.00,-181,-45.3,0,0.00,317,79.3,565,141.3
"Jarrett Stidham",Auburn,2,5953,2976.5,36,18.00,148,74.0,7,3.50,470,235.0,739,369.5
"Jarrett Stidham",Baylor,1,1265,1265.0,12,12.00,70,70.0,2,2.00,75,75.0,109,109.0
"Jarrett Synek","South Dakota",2,51,25.5,0,0.00,49,24.5,0,0.00,6,3.0,13,6.5
"Jarrin Alley",Butler,1,252,252.0,0,0.00,18,18.0,0,0.00,28,28.0,49,49.0
"Jarvis Cummings",Navy,1,NULL,NULL,NULL,NULL,29,29.0,1,1.00,NULL,NULL,NULL,NULL
"Jase Bauer","Central Michigan",2,2316,1158.0,13,6.50,678,339.0,14,7.00,198,99.0,346,173.0
"Jase Bauer","Sam Houston",1,310,310.0,2,2.00,195,195.0,0,0.00,40,40.0,65,65.0
"Jase Bauer","UT Martin",1,1376,1376.0,6,6.00,285,285.0,6,6.00,139,139.0,193,193.0
"Jason Bean",Kansas,3,4662,1554.0,38,12.67,906,302.0,9,3.00,313,104.3,516,172.0
"Jason Bean","North Texas",3,1307,435.7,17,5.67,440,146.7,5,1.67,101,33.7,182,60.7
"Jason Brown","Jackson State",1,1259,1259.0,7,7.00,36,36.0,1,1.00,120,120.0,187,187.0
"Jason Brown","South Carolina",1,721,721.0,8,8.00,-71,-71.0,0,0.00,60,60.0,108,108.0
"Jason Brown","Virginia Tech",1,65,65.0,0,0.00,-9,-9.0,0,0.00,7,7.0,13,13.0
"Jason Collins",Howard,3,166,55.3,1,0.33,-9,-3.0,0,0.00,11,3.7,22,7.3
"Jason Connella","East Carolina",1,NULL,NULL,NULL,NULL,2,2.0,0,0.00,NULL,NULL,NULL,NULL
"Jason Driskel","Florida Atlantic",3,5632,1877.3,27,9.00,691,230.3,13,4.33,462,154.0,756,252.0
"Jason Goldstein","Southern Miss",1,0,0.0,0,0.00,NULL,NULL,NULL,NULL,0,0.0,1,1.0
"Jason Penza",Lafayette,2,71,35.5,0,0.00,367,183.5,2,1.00,12,6.0,15,7.5
"Jason Shelley","Missouri State",2,2878,1439.0,19,9.50,193,96.5,4,2.00,227,113.5,378,189.0
"Jason Shelley",Utah,2,1205,602.5,6,3.00,223,111.5,4,2.00,104,52.0,179,89.5
"Jason Shelley","Utah State",1,420,420.0,2,2.00,68,68.0,0,0.00,51,51.0,98,98.0
"Jason Stewart",Memphis,2,274,137.0,3,1.50,100,50.0,1,0.50,24,12.0,36,18.0
"Jason Thompson",Utah,2,0,0.0,0,0.00,5,2.5,0,0.00,0,0.0,1,0.5
"Jason Thompson",Wyoming,1,222,222.0,1,1.00,116,116.0,1,1.00,27,27.0,52,52.0
"Jason Williams","Eastern Michigan",1,4,4.0,0,0.00,23,23.0,1,1.00,1,1.0,3,3.0
"Jason Wright",Buffalo,1,NULL,NULL,NULL,NULL,38,38.0,0,0.00,NULL,NULL,NULL,NULL
"Javance Tupou'ata-Johnson","North Dakota",1,41,41.0,0,0.00,107,107.0,2,2.00,3,3.0,11,11.0
"Javance Tupou'ata-Johnson","San Diego State",1,222,222.0,2,2.00,37,37.0,0,0.00,20,20.0,39,39.0
"JaVaughn Craig","Austin Peay",3,161,53.7,1,0.33,240,80.0,1,0.33,26,8.7,49,16.3
"Javelle Allen",Arizona,1,0,0.0,0,0.00,79,79.0,1,1.00,0,0.0,1,1.0
"Javia Hall",UTEP,1,281,281.0,0,0.00,-48,-48.0,0,0.00,20,20.0,55,55.0
"Jawon Pass",Louisville,4,2545,636.3,14,3.50,255,63.8,5,1.25,211,52.8,381,95.3
"Jawon Pass","Prairie View A&M",1,2,2.0,0,0.00,-25,-25.0,0,0.00,1,1.0,3,3.0
"Jax Leatherwood","Southeast Missouri State",1,1391,1391.0,8,8.00,-17,-17.0,2,2.00,126,126.0,189,189.0
"Jaxon Dailey","Arkansas State",2,171,85.5,0,0.00,25,12.5,0,0.00,22,11.0,43,21.5
"Jaxon Dailey","Northern Iowa",1,97,97.0,2,2.00,84,84.0,0,0.00,9,9.0,19,19.0
"Jaxon Potter","Washington State",2,630,315.0,4,2.00,8,4.0,0,0.00,69,34.5,97,48.5
"Jaxon Smolik","Penn State",1,NULL,NULL,NULL,NULL,3,3.0,0,0.00,NULL,NULL,NULL,NULL
"Jaxson Dart","Ole Miss",3,10618,3539.3,72,24.00,1499,499.7,12,4.00,735,245.0,1118,372.7
"Jaxson Dart",USC,1,1353,1353.0,9,9.00,43,43.0,2,2.00,117,117.0,189,189.0
"Jay Butterfield",Oregon,2,23,11.5,0,0.00,NULL,NULL,NULL,NULL,3,1.5,4,2.0
"Jay Butterfield","San José State",1,80,80.0,1,1.00,-2,-2.0,0,0.00,7,7.0,11,11.0
"Jay Christophe","Texas Southern",1,436,436.0,4,4.00,12,12.0,0,0.00,26,26.0,48,48.0
"Jay Jones","Georgia Tech",2,NULL,NULL,NULL,NULL,9,4.5,0,0.00,NULL,NULL,NULL,NULL
"Jay Urich","South Carolina",2,9,4.5,0,0.00,14,7.0,0,0.00,1,0.5,1,0.5
"Jay Woolfolk",Virginia,2,245,122.5,0,0.00,104,52.0,0,0.00,22,11.0,44,22.0
"Jaybo Shaw","Georgia Tech",2,339,169.5,2,1.00,251,125.5,3,1.50,16,8.0,26,13.0
"Jayden Clemons",Utah,1,NULL,NULL,NULL,NULL,NULL,NULL,NULL,NULL,NULL,NULL,NULL,NULL
"Jayden Clemons",Wyoming,2,145,72.5,1,0.50,66,33.0,1,0.50,12,6.0,29,14.5
"Jayden Daniels","Arizona State",3,6024,2008.0,32,10.67,1288,429.3,13,4.33,451,150.3,723,241.0
"Jayden Daniels",LSU,2,6725,3362.5,57,28.50,2019,1009.5,21,10.50,502,251.0,715,357.5
"Jayden de Laura",Arizona,2,4805,2402.5,35,17.50,243,121.5,7,3.50,361,180.5,563,281.5
"Jayden de Laura","Washington State",2,3684,1842.0,28,14.00,111,55.5,5,2.50,305,152.5,488,244.0
"Jayden Denegal",Michigan,1,50,50.0,1,1.00,10,10.0,0,0.00,4,4.0,5,5.0
"Jayden Denegal","San Diego State",1,1224,1224.0,7,7.00,88,88.0,1,1.00,94,94.0,145,145.0
"Jayden George",Miami,1,NULL,NULL,NULL,NULL,NULL,NULL,NULL,NULL,NULL,NULL,NULL,NULL
"Jayden Maiava",UNLV,1,3085,3085.0,17,17.00,277,277.0,3,3.00,224,224.0,353,353.0
"Jayden Maiava",USC,2,3381,1690.5,26,13.00,86,43.0,8,4.00,246,123.0,382,191.0
"Jayden Mandal","Fresno State",1,39,39.0,0,0.00,-4,-4.0,0,0.00,4,4.0,9,9.0
"Jayden Sauray","Delaware State",1,323,323.0,2,2.00,107,107.0,1,1.00,22,22.0,38,38.0
"Jayden Sauray",Maryland,1,NULL,NULL,NULL,NULL,NULL,NULL,NULL,NULL,NULL,NULL,NULL,NULL
"Jayden Stinson","Murray State",2,1648,824.0,10,5.00,-57,-28.5,0,0.00,132,66.0,276,138.0
"Jayden Whitaker",Wofford,1,469,469.0,2,2.00,-38,-38.0,0,0.00,35,35.0,71,71.0
"Jaylan Adams","Norfolk State",1,417,417.0,4,4.00,175,175.0,1,1.00,40,40.0,75,75.0
"Jaylan Adams","The Citadel",2,18,9.0,0,0.00,205,102.5,0,0.00,4,2.0,8,4.0
"Jaylen Gipson","North Alabama",2,50,25.0,0,0.00,-25,-12.5,0,0.00,6,3.0,12,6.0
"Jaylen Gipson","Texas State",2,12,6.0,0,0.00,18,9.0,0,0.00,3,1.5,6,3.0
"Jaylen Henderson","Fresno State",2,49,24.5,0,0.00,66,33.0,0,0.00,5,2.5,8,4.0
"Jaylen Henderson","Texas A&M",1,715,715.0,6,6.00,104,104.0,2,2.00,53,53.0,78,78.0
"Jaylen Henderson","West Virginia",1,50,50.0,0,0.00,146,146.0,1,1.00,7,7.0,18,18.0
"Jaylen King","East Tennessee State",1,1536,1536.0,9,9.00,422,422.0,5,5.00,116,116.0,221,221.0
"Jaylen King","Florida State",1,0,0.0,0,0.00,6,6.0,0,0.00,0,0.0,1,1.0
"Jaylen King",Gardner-Webb,1,1038,1038.0,10,10.00,357,357.0,4,4.00,93,93.0,183,183.0
"Jaylen Myers",Gardner-Webb,1,9,9.0,0,0.00,15,15.0,0,0.00,3,3.0,5,5.0
"Jaylen Raynor","Arkansas State",3,7205,2401.7,42,14.00,1098,366.0,15,5.00,625,208.3,1007,335.7
"Jaylian Williamson",Hampton,2,607,303.5,4,2.00,-24,-12.0,0,0.00,48,24.0,82,41.0
"Jaylon Henderson","Boise State",2,1094,547.0,12,6.00,210,105.0,2,1.00,90,45.0,144,72.0
"Jaylon Henderson",UTSA,1,NULL,NULL,NULL,NULL,NULL,NULL,NULL,NULL,NULL,NULL,NULL,NULL
"Jaylon Tolbert","Alcorn State",1,1352,1352.0,9,9.00,62,62.0,1,1.00,131,131.0,216,216.0
"Jaylon Tolbert",Howard,2,1139,569.5,9,4.50,6,3.0,3,1.50,97,48.5,152,76.0
"Jaymason Lee","Alabama A&M",2,276,138.0,1,0.50,14,7.0,0,0.00,17,8.5,36,18.0
"JC Evans","James Madison",2,1,0.5,1,0.50,125,62.5,2,1.00,1,0.5,3,1.5
"JC French","Georgia Southern",3,4630,1543.3,32,10.67,488,162.7,7,2.33,426,142.0,660,220.0
"JD Davis II","Alabama A&M",1,95,95.0,1,1.00,0,0.0,0,0.00,6,6.0,14,14.0
"JD Sherrod","Kent State",1,18,18.0,0,0.00,67,67.0,0,0.00,2,2.0,7,7.0
"JD Sprague",Ohio,3,2215,738.3,10,3.33,522,174.0,4,1.33,166,55.3,323,107.7
"Jeff Driskel",Florida,4,3411,852.8,23,5.75,644,161.0,9,2.25,328,82.0,552,138.0
"Jeff Driskel","Louisiana Tech",1,4033,4033.0,27,27.00,323,323.0,5,5.00,281,281.0,450,450.0
"Jeff Fischer","Utah State",1,NULL,NULL,NULL,NULL,8,8.0,0,0.00,NULL,NULL,NULL,NULL
"Jeff Fleming","New Mexico State",1,789,789.0,4,4.00,280,280.0,3,3.00,87,87.0,172,172.0
"Jeff Fleming","Sacramento State",2,301,150.5,3,1.50,49,24.5,0,0.00,28,14.0,47,23.5
"Jeff George Jr.",Illinois,2,1743,871.5,11,5.50,-131,-65.5,0,0.00,132,66.0,275,137.5
"Jeff George Jr.",Pittsburgh,1,1,1.0,0,0.00,NULL,NULL,NULL,NULL,1,1.0,3,3.0
"Jeff Hoenstine","St. Francis (PA)",2,536,268.0,4,2.00,39,19.5,1,0.50,50,25.0,84,42.0
"Jeff Lockie",Oregon,3,844,281.3,6,2.00,124,41.3,1,0.33,90,30.0,140,46.7
"Jeff Manning","Utah State",1,NULL,NULL,NULL,NULL,1,1.0,0,0.00,NULL,NULL,NULL,NULL
"Jeff Murphy","Middle Tennessee",3,1067,355.7,3,1.00,153,51.0,2,0.67,102,34.0,175,58.3
"Jeff Sims","Arizona State",2,350,175.0,1,0.50,189,94.5,1,0.50,37,18.5,74,37.0
"Jeff Sims","Georgia Tech",3,4464,1488.0,30,10.00,1155,385.0,11,3.67,364,121.3,633,211.0
"Jeff Sims",Nebraska,1,282,282.0,1,1.00,189,189.0,1,1.00,28,28.0,47,47.0
"Jeff Tuel","Washington State",4,5932,1483.0,33,8.25,47,11.8,2,0.50,530,132.5,864,216.0
"Jeff Undercuffler",Akron,2,1915,957.5,7,3.50,-257,-128.5,1,0.50,179,89.5,298,149.0
"Jeff Undercuffler",UAlbany,2,268,134.0,2,1.00,-21,-10.5,0,0.00,22,11.0,41,20.5
"Jeff Van Camp","Florida Atlantic",4,3905,976.3,29,7.25,-181,-45.3,4,1.00,311,77.8,544,136.0
"Jeff Widener","Northern Arizona",3,6,2.0,0,0.00,22,7.3,1,0.33,2,0.7,8,2.7
"Jefferson Boaz","North Carolina",2,6,3.0,0,0.00,NULL,NULL,NULL,NULL,2,1.0,2,1.0
"Jefferson Boaz","Western Carolina",1,24,24.0,0,0.00,5,5.0,1,1.00,2,2.0,5,5.0
"Jeffrey Jackson",Valparaiso,2,441,220.5,4,2.00,64,32.0,1,0.50,43,21.5,86,43.0
"JeMar Lincoln",Furman,1,16,16.0,0,0.00,13,13.0,0,0.00,1,1.0,4,4.0
"Jemel Jones",Army,4,572,143.0,4,1.00,730,182.5,12,3.00,31,7.8,71,17.8
"Jensen Jones","Air Force",4,160,40.0,0,0.00,355,88.8,7,1.75,5,1.3,16,4.0
"Jeremiah Briscoe","Sam Houston",1,176,176.0,1,1.00,16,16.0,0,0.00,18,18.0,24,24.0
"Jeremiah Briscoe",UAB,1,361,361.0,3,3.00,7,7.0,0,0.00,17,17.0,47,47.0
"Jeremiah Masoli","Ole Miss",1,2039,2039.0,14,14.00,544,544.0,6,6.00,167,167.0,296,296.0
"Jeremiah Masoli",Oregon,2,3891,1945.5,28,14.00,1386,693.0,23,11.50,313,156.5,544,272.0
"Jeremiah Oatsvall","Austin Peay",3,633,211.0,2,0.67,65,21.7,0,0.00,55,18.3,96,32.0
"Jeremiah Oatsvall","Tennessee Tech",1,1790,1790.0,15,15.00,359,359.0,4,4.00,160,160.0,264,264.0
"Jeremiah Salem","Eastern Michigan",1,126,126.0,1,1.00,-1,-1.0,0,0.00,8,8.0,11,11.0
"Jeremy Hecklinski",Iowa,1,8,8.0,0,0.00,6,6.0,1,1.00,2,2.0,2,2.0
"Jeremy Higgins",Hawai'i,3,489,163.0,1,0.33,-62,-20.7,1,0.33,41,13.7,82,27.3
"Jeremy Higgins","Utah State",1,22,22.0,0,0.00,-3,-3.0,0,0.00,4,4.0,6,6.0
"Jeremy Hodge","New Mexico State",2,NULL,NULL,NULL,NULL,NULL,NULL,NULL,NULL,NULL,NULL,NULL,NULL
"Jeremy Hunt","UL Monroe",1,742,742.0,6,6.00,18,18.0,1,1.00,70,70.0,129,129.0
"Jeremy Johnson",Auburn,4,2224,556.0,20,5.00,210,52.5,9,2.25,179,44.8,282,70.5
"Jeremy Moussa","Florida A&M",2,5163,2581.5,38,19.00,-75,-37.5,3,1.50,405,202.5,708,354.0
"Jeremy Moussa",Hawai'i,1,77,77.0,1,1.00,-1,-1.0,0,0.00,4,4.0,9,9.0
"Jeremy Moussa",Vanderbilt,1,24,24.0,0,0.00,NULL,NULL,NULL,NULL,5,5.0,8,8.0
"Jerod Evans","Virginia Tech",1,3552,3552.0,29,29.00,846,846.0,12,12.00,268,268.0,422,422.0
"Jerome Pettiway","South Carolina State",3,NULL,NULL,NULL,NULL,NULL,NULL,NULL,NULL,NULL,NULL,NULL,NULL
"Jerrard Randall",Arizona,2,518,259.0,5,2.50,806,403.0,6,3.00,47,23.5,98,49.0
"Jerrod Johnson","Texas A&M",4,8011,2002.8,67,16.75,877,219.3,16,4.00,650,162.5,1109,277.3
"Jerry Davis",Buffalo,2,1898,949.0,17,8.50,224,112.0,0,0.00,150,75.0,313,156.5
"Jerry Kaminski","North Dakota",2,1618,809.0,22,11.00,312,156.0,5,2.50,139,69.5,222,111.0
"Jerry Lovelocke","Prairie View A&M",1,109,109.0,0,0.00,NULL,NULL,NULL,NULL,16,16.0,27,27.0
"Jerry Neuheisel",UCLA,3,371,123.7,2,0.67,-22,-7.3,0,0.00,42,14.0,70,23.3
"Jesse Ertz","Kansas State",4,2685,671.3,16,4.00,1399,349.8,15,3.75,207,51.8,364,91.0
"Jesse Fiske",Campbell,2,8,4.0,0,0.00,-1,-0.5,0,0.00,2,1.0,7,3.5
"Jesse Hosket","Southeast Missouri State",2,313,156.5,3,1.50,0,0.0,0,0.00,44,22.0,74,37.0
"Jesse Scroggins III",Arizona,1,152,152.0,1,1.00,41,41.0,0,0.00,7,7.0,18,18.0
"Jett Duffey",Hampton,1,83,83.0,1,1.00,-1,-1.0,0,0.00,7,7.0,16,16.0
"Jett Duffey","Texas Tech",3,4077,1359.0,26,8.67,587,195.7,5,1.67,345,115.0,523,174.3
"Jett Even","Alabama State",1,8,8.0,0,0.00,NULL,NULL,NULL,NULL,1,1.0,5,5.0
"Jett Peddy","Florida A&M",1,258,258.0,0,0.00,-6,-6.0,0,0.00,21,21.0,47,47.0
"Jevan Snead","Ole Miss",2,5394,2697.0,46,23.00,161,80.5,6,3.00,375,187.5,678,339.0
"Jevan Snead",Texas,1,371,371.0,2,2.00,87,87.0,1,1.00,26,26.0,49,49.0
"Jihad Vercher","Sacramento State",1,5,5.0,0,0.00,1,1.0,0,0.00,1,1.0,2,2.0
"Jim Ogle","Murray State",2,1843,921.5,8,4.00,66,33.0,2,1.00,168,84.0,293,146.5
"Jimmy Clausen","Notre Dame",3,8148,2716.0,60,20.00,-355,-118.3,5,1.67,695,231.7,1110,370.0
"Jimmy Costello",Missouri,2,138,69.0,1,0.50,18,9.0,0,0.00,12,6.0,21,10.5
"Jimmy Ferrell","Alabama State",1,NULL,NULL,NULL,NULL,NULL,NULL,NULL,NULL,NULL,NULL,NULL,NULL
"Jimmy Garoppolo","Eastern Illinois",3,1245,415.0,11,3.67,-28,-9.3,0,0.00,94,31.3,152,50.7
"Jimmy Laughrea","UC Davis",1,178,178.0,1,1.00,-4,-4.0,0,0.00,13,13.0,27,27.0
"Jimmy Walker","San Diego State",1,NULL,NULL,NULL,NULL,NULL,NULL,NULL,NULL,NULL,NULL,NULL,NULL
"Jimmy Weirick",Wofford,1,2479,2479.0,12,12.00,-26,-26.0,0,0.00,187,187.0,322,322.0
"Jiya Wright","UL Monroe",3,1410,470.0,12,4.00,394,131.3,3,1.00,117,39.0,224,74.7
"Joe Bauserman","Ohio State",4,812,203.0,7,1.75,46,11.5,1,0.25,65,16.3,133,33.3
"Joe Bento",UAB,3,30,10.0,0,0.00,-15,-5.0,0,0.00,5,1.7,16,5.3
"Joe Brennan",Towson,1,20,20.0,0,0.00,-17,-17.0,0,0.00,1,1.0,7,7.0
"Joe Brennan",Wisconsin,1,48,48.0,0,0.00,9,9.0,1,1.00,6,6.0,15,15.0
"Joe Burrow",LSU,2,8564,4282.0,76,38.00,768,384.0,12,6.00,621,310.5,906,453.0
"Joe Burrow","Ohio State",2,287,143.5,2,1.00,53,26.5,1,0.50,29,14.5,39,19.5
"Joe Carbone","Stony Brook",3,239,79.7,0,0.00,-65,-21.7,0,0.00,29,9.7,62,20.7
"Joe Cox",Georgia,4,3016,754.0,29,7.25,-13,-3.3,0,0.00,218,54.5,389,97.3
"Joe Craycraft","Youngstown State",1,56,56.0,0,0.00,3,3.0,0,0.00,6,6.0,9,9.0
"Joe Critchlow",BYU,2,715,357.5,3,1.50,-52,-26.0,0,0.00,64,32.0,113,56.5
"Joe Fagnano",Maine,3,2885,961.7,22,7.33,328,109.3,3,1.00,249,83.0,428,142.7
"Joe Fagnano",UConn,3,4066,1355.3,38,12.67,196,65.3,3,1.00,324,108.0,516,172.0
"Joe Gray","San José State",3,3167,1055.7,17,5.67,88,29.3,4,1.33,286,95.3,438,146.0
"Joe Green",Columbia,3,1688,562.7,11,3.67,38,12.7,1,0.33,180,60.0,301,100.3
"Joe Hubener","Kansas State",4,2347,586.8,11,2.75,780,195.0,18,4.50,162,40.5,331,82.8
"Joe Hudson","UT Martin",2,57,28.5,0,0.00,22,11.0,0,0.00,6,3.0,12,6.0
"Joe Licata",Buffalo,4,9485,2371.3,76,19.00,-184,-46.0,4,1.00,823,205.8,1359,339.8
"Joe Mancuso",Richmond,3,121,40.3,1,0.33,107,35.7,0,0.00,12,4.0,18,6.0
"Joe Mauro",Northwestern,1,NULL,NULL,NULL,NULL,6,6.0,0,0.00,NULL,NULL,NULL,NULL
"Joe Milton",Michigan,3,1181,393.7,5,1.67,145,48.3,3,1.00,85,28.3,151,50.3
"Joe Milton",Tennessee,3,4160,1386.7,32,10.67,505,168.3,9,3.00,315,105.0,499,166.3
"Joe Minden",Lamar,1,97,97.0,1,1.00,-5,-5.0,1,1.00,8,8.0,11,11.0
"Joe Minden","Stephen F. Austin",3,443,147.7,1,0.33,2,0.7,1,0.33,44,14.7,64,21.3
"Joe Mischler",Duquesne,2,1628,814.0,15,7.50,-41,-20.5,2,1.00,147,73.5,263,131.5
"Joe Mischler",Ohio,1,23,23.0,0,0.00,8,8.0,0,0.00,1,1.0,3,3.0
"Joe Mollberg","North Dakota",1,126,126.0,0,0.00,26,26.0,0,0.00,14,14.0,20,20.0
"Joe Newman",Wofford,3,228,76.0,1,0.33,68,22.7,1,0.33,14,4.7,27,9.0
"Joe Owens Jr.","Alabama State",2,8,4.0,0,0.00,18,9.0,0,0.00,2,1.0,4,2.0
"Joe Owens Jr.","Fayetteville State",1,35,35.0,1,1.00,-3,-3.0,0,0.00,3,3.0,7,7.0
"Joe Pesansky","Florida International",1,260,260.0,1,1.00,11,11.0,0,0.00,23,23.0,38,38.0
"Joe Pesansky","Holy Cross",3,2859,953.0,22,7.33,166,55.3,1,0.33,204,68.0,350,116.7
"Joe Pyle","Southeast Missouri State",1,13,13.0,0,0.00,-6,-6.0,0,0.00,2,2.0,6,6.0
"Joe Southwick","Boise State",4,4784,1196.0,33,8.25,279,69.8,3,0.75,439,109.8,633,158.3
"Joe Spaziani",Virginia,2,NULL,NULL,NULL,NULL,NULL,NULL,NULL,NULL,NULL,NULL,NULL,NULL
"Joe Walker",Delaware,3,140,46.7,0,0.00,38,12.7,0,0.00,12,4.0,27,9.0
"Joe Weatherford",UCF,1,160,160.0,0,0.00,-8,-8.0,0,0.00,15,15.0,36,36.0
"Joe Webb",UAB,4,5771,1442.8,37,9.25,2774,693.5,24,6.00,468,117.0,792,198.0
"Joel Blumenthal","Northwestern State",2,99,49.5,0,0.00,-13,-6.5,0,0.00,7,3.5,14,7.0
"Joel Stave",Wisconsin,4,7635,1908.8,48,12.00,-266,-66.5,2,0.50,613,153.3,1031,257.8
"Joey Aguilar","App State",2,6756,3378.0,56,28.00,466,233.0,5,2.50,510,255.0,849,424.5
"Joey Aguilar",Tennessee,1,2344,2344.0,18,18.00,91,91.0,2,2.00,166,166.0,252,252.0
"Joey Baughman",Elon,2,24,12.0,0,0.00,45,22.5,0,0.00,2,1.0,3,1.5
"Joey Carino",UAlbany,2,59,29.5,1,0.50,69,34.5,3,1.50,7,3.5,11,5.5
"Joey Elliott",Purdue,4,3326,831.5,24,6.00,295,73.8,5,1.25,294,73.5,482,120.5
"Joey Gulbin",Fordham,1,12,12.0,0,0.00,NULL,NULL,NULL,NULL,1,1.0,1,1.0
"Joey Labas","Central Michigan",2,2028,1014.0,14,7.00,37,18.5,0,0.00,164,82.0,258,129.0
"Joey Labas",Iowa,1,139,139.0,1,1.00,11,11.0,0,0.00,14,14.0,24,24.0
"Joey Marousek",Akron,1,11,11.0,0,0.00,NULL,NULL,NULL,NULL,3,3.0,5,5.0
"Joey Tomasso","William & Mary",1,0,0.0,0,0.00,NULL,NULL,NULL,NULL,0,0.0,1,1.0
"Joey Yellen","Arizona State",1,292,292.0,4,4.00,-5,-5.0,0,0.00,28,28.0,44,44.0
"Joey Yellen",Hawai'i,1,324,324.0,0,0.00,-45,-45.0,0,0.00,40,40.0,87,87.0
"Joey Yellen",Pittsburgh,1,402,402.0,1,1.00,-47,-47.0,0,0.00,35,35.0,78,78.0
"John Alan Richter",Toledo,3,699,233.0,7,2.33,29,9.7,0,0.00,63,21.0,96,32.0
"John Austin","North Alabama",1,11,11.0,0,0.00,7,7.0,0,0.00,2,2.0,5,5.0
"John Bachus III","UT Martin",2,258,129.0,0,0.00,22,11.0,0,0.00,29,14.5,49,24.5
"John Brantley",Florida,4,4750,1187.5,30,7.50,-156,-39.0,0,0.00,398,99.5,645,161.3
"John Busha","Air Force",2,567,283.5,1,0.50,183,91.5,2,1.00,38,19.0,98,49.0
"John Chiarolanzio",Bucknell,1,69,69.0,0,0.00,NULL,NULL,NULL,NULL,3,3.0,8,8.0
"John David Baker","Abilene Christian",1,428,428.0,3,3.00,32,32.0,0,0.00,33,33.0,49,49.0
"John Griffith","Morgan State",1,7,7.0,0,0.00,11,11.0,0,0.00,5,5.0,15,15.0
"John Hendrick",Navy,3,92,30.7,0,0.00,76,25.3,1,0.33,8,2.7,18,6.0
"John Holcombe II","Kansas State",1,9,9.0,0,0.00,71,71.0,0,0.00,1,1.0,3,3.0
"John Joseph Kolar","Oklahoma State",1,8,8.0,0,0.00,18,18.0,0,0.00,1,1.0,2,2.0
"John Kinder","Stony Brook",1,68,68.0,0,0.00,17,17.0,0,0.00,4,4.0,10,10.0
"John Lampley",Southern,3,296,98.7,2,0.67,32,10.7,1,0.33,26,8.7,46,15.3
"John Loughery",Elon,1,28,28.0,0,0.00,-5,-5.0,0,0.00,3,3.0,5,5.0
"John Mateer",Oklahoma,1,1790,1790.0,8,8.00,226,226.0,5,5.00,150,150.0,236,236.0
"John Mateer","Washington State",3,3396,1132.0,32,10.67,977,325.7,18,6.00,239,79.7,366,122.0
"John Michalski","Sacred Heart",2,1343,671.5,5,2.50,486,243.0,8,4.00,142,71.0,258,129.0
"John Nimmo",Oklahoma,2,0,0.0,0,0.00,-17,-8.5,0,0.00,0,0.0,2,1.0
"John O'Korn",Houston,2,4068,2034.0,34,17.00,121,60.5,2,1.00,349,174.5,619,309.5
"John O'Korn",Michigan,2,1146,573.0,4,2.00,-23,-11.5,0,0.00,104,52.0,191,95.5
"John Paddock","Ball State",4,2895,723.8,18,4.50,-103,-25.8,0,0.00,310,77.5,514,128.5
"John Paddock",Illinois,1,1294,1294.0,9,9.00,-55,-55.0,0,0.00,85,85.0,142,142.0
"John Perry Jr.",Merrimack,1,NULL,NULL,NULL,NULL,3,3.0,1,1.00,NULL,NULL,NULL,NULL
"John Rhys Plumlee","Ole Miss",3,967,322.3,5,1.67,1186,395.3,12,4.00,84,28.0,156,52.0
"John Rhys Plumlee",UCF,2,4857,2428.5,29,14.50,1353,676.5,16,8.00,379,189.5,602,301.0
"John Robertson",Villanova,5,645,129.0,3,0.60,354,70.8,2,0.40,58,11.6,101,20.2
"John Russ",Mercer,1,225,225.0,1,1.00,24,24.0,0,0.00,24,24.0,38,38.0
"John Schrock",Colorado,1,7,7.0,0,0.00,-1,-1.0,0,0.00,1,1.0,1,1.0
"John Seter",Limestone,1,259,259.0,2,2.00,-11,-11.0,0,0.00,20,20.0,32,32.0
"John Stephen Jones",Arkansas,3,106,35.3,2,0.67,37,12.3,0,0.00,14,4.7,33,11.0
"John Thomas Shepherd",Rice,4,803,200.8,2,0.50,107,26.8,0,0.00,85,21.3,159,39.8
"John Townsley",Vanderbilt,1,NULL,NULL,NULL,NULL,7,7.0,0,0.00,NULL,NULL,NULL,NULL
"John Urzua","Middle Tennessee",2,2338,1169.0,15,7.50,-58,-29.0,0,0.00,214,107.0,351,175.5
"John White","Southern Miss",2,239,119.5,0,0.00,-52,-26.0,1,0.50,18,9.0,32,16.0
"John Wienke",Iowa,3,0,0.0,0,0.00,NULL,NULL,NULL,NULL,0,0.0,2,0.7
"John Wolford","Wake Forest",4,8794,2198.5,59,14.75,1120,280.0,19,4.75,761,190.3,1273,318.3
"John-Keawe Sagapolutele",Hawai'i,1,42,42.0,0,0.00,-8,-8.0,0,0.00,4,4.0,7,7.0
"John-Keawe Sagapolutele","Portland State",1,1075,1075.0,3,3.00,32,32.0,0,0.00,104,104.0,183,183.0
"Johnathan Bennett",Liberty,5,1927,385.4,17,3.40,184,36.8,3,0.60,152,30.4,272,54.4
"Johnathan Bennett","The Citadel",1,1726,1726.0,9,9.00,557,557.0,4,4.00,124,124.0,241,241.0
"Johnathan Brantley","Eastern Illinois",2,183,91.5,1,0.50,22,11.0,0,0.00,26,13.0,42,21.0
"Johnathan Brantley",Tulane,2,152,76.0,0,0.00,395,197.5,3,1.50,18,9.0,38,19.0
"Johnathan Williams",Grambling,2,103,51.5,0,0.00,6,3.0,0,0.00,7,3.5,22,11.0
"Johnny Deaton","Oklahoma State",1,6,6.0,0,0.00,NULL,NULL,NULL,NULL,1,1.0,2,2.0
"Johnny Manziel","Texas A&M",2,7820,3910.0,63,31.50,2169,1084.5,30,15.00,595,297.5,863,431.5
"Johnny McCrary",Vanderbilt,2,2518,1259.0,15,7.50,225,112.5,2,1.00,224,112.0,419,209.5
"Johnny McEntee",UConn,2,2209,1104.5,13,6.50,-148,-74.0,0,0.00,182,91.0,360,180.0
"Johnny Stanton",Nebraska,1,6,6.0,0,0.00,NULL,NULL,NULL,NULL,1,1.0,1,1.0
"Johnny Stanton",UNLV,2,1400,700.0,10,5.00,327,163.5,3,1.50,105,52.5,195,97.5
"Johnny Weber","Southeast Missouri State",1,756,756.0,6,6.00,5,5.0,0,0.00,64,64.0,107,107.0
"JoJo Crump",VMI,2,218,109.0,1,0.50,220,110.0,1,0.50,20,10.0,52,26.0
"Jon Bell","South Dakota State",2,96,48.0,1,0.50,-12,-6.0,0,0.00,7,3.5,15,7.5
"Jon Brown","Kent State",2,1163,581.5,5,2.50,-197,-98.5,0,0.00,148,74.0,256,128.0
"Jon Budmayr",Wisconsin,1,134,134.0,1,1.00,1,1.0,0,0.00,8,8.0,10,10.0
"Jon Copeland","Incarnate Word",2,842,421.0,3,1.50,-48,-24.0,2,1.00,66,33.0,137,68.5
"Jon Eastman","Colorado State",1,498,498.0,2,2.00,-26,-26.0,0,0.00,43,43.0,69,69.0
"Jon Hays",Utah,2,2112,1056.0,19,9.50,-72,-36.0,0,0.00,183,91.5,318,159.0
"Jon Santaga",Minnesota,1,NULL,NULL,NULL,NULL,NULL,NULL,NULL,NULL,NULL,NULL,NULL,NULL
"Jon Wassink","Western Michigan",3,6497,2165.7,50,16.67,607,202.3,12,4.00,515,171.7,844,281.3
"Jonah Chong","Northern Colorado",1,50,50.0,0,0.00,69,69.0,0,0.00,12,12.0,24,24.0
"Jonah Fitzgerald","Norfolk State",1,NULL,NULL,NULL,NULL,3,3.0,0,0.00,NULL,NULL,NULL,NULL
"Jonah Fitzgerald","Old Dominion",2,21,10.5,0,0.00,3,1.5,0,0.00,2,1.0,4,2.0
"Jonah Johnson","New Mexico State",1,2705,2705.0,10,10.00,166,166.0,4,4.00,257,257.0,438,438.0
"Jonah O'Brien","Alabama State",1,58,58.0,0,0.00,-11,-11.0,0,0.00,4,4.0,9,9.0
"Jonah O'Brien","Eastern Illinois",1,853,853.0,9,9.00,62,62.0,5,5.00,87,87.0,136,136.0
"Jonathan Banks",Tulane,2,2871,1435.5,17,8.50,712,356.0,9,4.50,196,98.0,358,179.0
"Jonathan Crompton",Tennessee,4,4187,1046.8,36,9.00,-16,-4.0,3,0.75,348,87.0,629,157.3
"Jonathan Murphy","Kennesaw State",3,1346,448.7,7,2.33,697,232.3,15,5.00,101,33.7,194,64.7
"Jonathan Palmer","Tennessee State",1,288,288.0,1,1.00,-22,-22.0,0,0.00,29,29.0,60,60.0
"Jonathan Perry",UAB,3,4454,1484.7,26,8.67,640,213.3,7,2.33,340,113.3,596,198.7
"Jonathon Weymann","East Carolina",2,NULL,NULL,NULL,NULL,NULL,NULL,NULL,NULL,NULL,NULL,NULL,NULL
"Jordan Adamczyk","Weber State",3,141,47.0,0,0.00,-8,-2.7,0,0.00,12,4.0,22,7.3
"Jordan Barton","Sacramento State",1,11,11.0,0,0.00,30,30.0,0,0.00,2,2.0,5,5.0
"Jordan Barton",Wagner,1,557,557.0,4,4.00,68,68.0,0,0.00,54,54.0,89,89.0
"Jordan Black","The Citadel",2,71,35.5,0,0.00,-8,-4.0,0,0.00,2,1.0,6,3.0
"Jordan Davis",Louisiana,3,1649,549.7,11,3.67,413,137.7,6,2.00,150,50.0,259,86.3
"Jordan Davis","Texas Southern",3,462,154.0,4,1.33,239,79.7,2,0.67,40,13.3,68,22.7
"Jordan Gehrke",Colorado,3,324,108.0,1,0.33,19,6.3,1,0.33,36,12.0,75,25.0
"Jordan Heisey",Duquesne,3,200,66.7,3,1.00,35,11.7,1,0.33,22,7.3,31,10.3
"Jordan Hoy",Lamar,2,83,41.5,0,0.00,30,15.0,0,0.00,11,5.5,30,15.0
"Jordan Hoy","Old Dominion",1,73,73.0,0,0.00,26,26.0,1,1.00,8,8.0,19,19.0
"Jordan Jefferson",LSU,4,4733,1183.3,34,8.50,1018,254.5,12,3.00,397,99.3,678,169.5
"Jordan Johnson",Montana,2,411,205.5,2,1.00,17,8.5,0,0.00,43,21.5,81,40.5
"Jordan La Secla","San José State",4,4863,1215.8,27,6.75,-112,-28.0,2,0.50,423,105.8,716,179.0
"Jordan Love","Utah State",3,8585,2861.7,60,20.00,403,134.3,9,3.00,688,229.3,1124,374.7
"Jordan Lynch","Northern Illinois",4,6209,1552.3,51,12.75,4343,1085.8,48,12.00,509,127.3,823,205.8
"Jordan Magwood","Florida Atlantic",1,63,63.0,0,0.00,16,16.0,0,0.00,7,7.0,9,9.0
"Jordan McCloud",Arizona,1,481,481.0,2,2.00,75,75.0,0,0.00,48,48.0,73,73.0
"Jordan McCloud","James Madison",1,3670,3670.0,35,35.00,276,276.0,8,8.00,282,282.0,413,413.0
"Jordan McCloud","South Florida",2,2770,1385.0,21,10.50,357,178.5,5,2.50,244,122.0,418,209.0
"Jordan McCloud","Texas State",1,3222,3222.0,30,30.00,278,278.0,7,7.00,272,272.0,389,389.0
"Jordan Moore","Texas State",1,63,63.0,1,1.00,34,34.0,0,0.00,6,6.0,12,12.0
"Jordan Pachot","Missouri State",2,2288,1144.0,19,9.50,-117,-58.5,1,0.50,184,92.0,273,136.5
"Jordan Pachot","Southern Utah",1,8,8.0,0,0.00,-26,-26.0,0,0.00,1,1.0,3,3.0
"Jordan Reid","North Carolina Central",2,305,152.5,0,0.00,2,1.0,1,0.50,28,14.0,48,24.0
"Jordan Rodgers",Vanderbilt,2,4063,2031.5,24,12.00,491,245.5,6,3.00,299,149.5,535,267.5
"Jordan Smith",Gardner-Webb,2,324,162.0,1,0.50,-15,-7.5,0,0.00,30,15.0,67,33.5
"Jordan Ta'amu","Ole Miss",2,5194,2597.0,29,14.50,513,256.5,9,4.50,355,177.5,549,274.5
"Jordan Taamu","Ole Miss",1,373,373.0,1,1.00,-6,-6.0,1,1.00,22,22.0,35,35.0
"Jordan Travis","Florida State",5,8633,1726.6,65,13.00,1913,382.6,31,6.20,633,126.6,1013,202.6
"Jordan Travis",Louisville,1,71,71.0,1,1.00,40,40.0,0,0.00,4,4.0,14,14.0
"Jordan Webb",Colorado,1,1434,1434.0,8,8.00,-135,-135.0,2,2.00,144,144.0,265,265.0
"Jordan Webb",Kansas,2,3079,1539.5,20,10.00,-2,-1.0,1,0.50,300,150.0,495,247.5
"Jordan Weeks",UTSA,3,766,255.3,3,1.00,-50,-16.7,0,0.00,73,24.3,151,50.3
"Jordan West","Eastern Washington",1,293,293.0,3,3.00,1,1.0,0,0.00,23,23.0,34,34.0
"Jordan Williams","Jackson State",3,4,1.3,0,0.00,3,1.0,0,0.00,2,0.7,2,0.7
"Jordan Wynn",Utah,4,4637,1159.3,33,8.25,-72,-18.0,0,0.00,381,95.3,632,158.0
"Jordan Yates","Georgia Tech",3,957,319.0,6,2.00,87,29.0,2,0.67,99,33.0,174,58.0
"Jordan Yates","Sam Houston",2,265,132.5,0,0.00,194,97.0,1,0.50,32,16.0,68,34.0
"Jordan Yates","Tennessee Tech",1,48,48.0,0,0.00,235,235.0,4,4.00,4,4.0,6,6.0
"Jordon Brookshire","San Diego State",3,1241,413.7,5,1.67,274,91.3,5,1.67,104,34.7,194,64.7
"Jordy Joseph",Tulane,2,620,310.0,6,3.00,90,45.0,0,0.00,47,23.5,92,46.0
"Jordyn Potts","Eastern Kentucky",1,107,107.0,1,1.00,-36,-36.0,0,0.00,10,10.0,25,25.0
"Jordyn Potts","Tennessee Tech",2,2088,1044.0,14,7.00,68,34.0,3,1.50,204,102.0,370,185.0
"Jorge Reyna","Fresno State",2,2764,1382.0,16,8.00,345,172.5,2,1.00,243,121.5,376,188.0
"Joseph Brunell",Georgetown,1,NULL,NULL,NULL,NULL,NULL,NULL,NULL,NULL,NULL,NULL,NULL,NULL
"Joseph Calcagni",Tulsa,3,182,60.7,1,0.33,37,12.3,0,0.00,19,6.3,43,14.3
"Joseph Willis",UAB,1,NULL,NULL,NULL,NULL,NULL,NULL,NULL,NULL,NULL,NULL,NULL,NULL
"Josh Adkins","New Mexico State",2,5093,2546.5,27,13.50,160,80.0,4,2.00,497,248.5,830,415.0
"Josh Adkins",UTSA,2,462,231.0,3,1.50,-13,-6.5,0,0.00,36,18.0,66,33.0
"Josh Allen",Wyoming,3,5066,1688.7,44,14.67,756,252.0,12,4.00,365,121.7,649,216.3
"Josh Brown","Mississippi Valley State",1,905,905.0,5,5.00,304,304.0,0,0.00,81,81.0,149,149.0
"Josh Covey","Stephen F. Austin",1,22,22.0,0,0.00,6,6.0,0,0.00,3,3.0,4,4.0
"Josh Covey",Texas,1,NULL,NULL,NULL,NULL,NULL,NULL,NULL,NULL,NULL,NULL,NULL,NULL
"Josh Flowers","Arkansas State",1,7,7.0,0,0.00,30,30.0,0,0.00,1,1.0,3,3.0
"Josh Greer","North Texas",2,268,134.0,0,0.00,-49,-24.5,1,0.50,32,16.0,73,36.5
"Josh Holl",Tulane,1,NULL,NULL,NULL,NULL,4,4.0,0,0.00,NULL,NULL,NULL,NULL
"Josh Holst","Northern Illinois",2,1195,597.5,6,3.00,371,185.5,2,1.00,138,69.0,228,114.0
"Josh Hoover",TCU,4,8532,2133.0,64,16.00,-10,-2.5,8,2.00,685,171.3,1056,264.0
"Josh Jackson",Maryland,1,1274,1274.0,12,12.00,-53,-53.0,0,0.00,98,98.0,207,207.0
"Josh Jackson","Virginia Tech",2,3566,1783.0,25,12.50,385,192.5,7,3.50,272,136.0,454,227.0
"Josh Jenkins","Holy Cross",1,0,0.0,0,0.00,NULL,NULL,NULL,NULL,0,0.0,1,1.0
"Josh Johnson","Air Force",2,350,175.0,3,1.50,130,65.0,0,0.00,15,7.5,32,16.0
"Josh Jones",Mercer,1,0,0.0,0,0.00,NULL,NULL,NULL,NULL,0,0.0,1,1.0
"Josh Kraght","Portland State",3,137,45.7,1,0.33,53,17.7,1,0.33,5,1.7,10,3.3
"Josh Love","San José State",4,7206,1801.5,43,10.75,-282,-70.5,3,0.75,578,144.5,999,249.8
"Josh Nunes",Stanford,2,1650,825.0,10,5.00,74,37.0,3,1.50,125,62.5,237,118.5
"Josh Rosen",UCLA,3,9302,3100.7,59,19.67,-154,-51.3,6,2.00,711,237.0,1169,389.7
"Josh Straughan","Southern Illinois",1,367,367.0,1,1.00,-5,-5.0,0,0.00,36,36.0,51,51.0
"Josh Taylor","NC State",2,0,0.0,0,0.00,24,12.0,0,0.00,0,0.0,1,0.5
"Josh Vander Maten","South Dakota",4,264,66.0,2,0.50,122,30.5,2,0.50,27,6.8,53,13.3
"Josh Woodrum",Liberty,4,1557,389.3,7,1.75,70,17.5,1,0.25,124,31.0,196,49.0
"Joshua Dobbs",Tennessee,4,7138,1784.5,53,13.25,2160,540.0,32,8.00,614,153.5,999,249.8
"Joshua Hand","Mississippi State",1,NULL,NULL,NULL,NULL,5,5.0,0,0.00,NULL,NULL,NULL,NULL
"Joshua Nesbitt","Georgia Tech",4,3276,819.0,20,5.00,2806,701.5,35,8.75,173,43.3,403,100.8
"Joshua Wood","Fresno State",1,195,195.0,1,1.00,118,118.0,6,6.00,18,18.0,28,28.0
"Joshua Wood",Idaho,1,1186,1186.0,10,10.00,370,370.0,6,6.00,93,93.0,152,152.0
"Joshua Zamot","Stony Brook",2,113,56.5,0,0.00,118,59.0,0,0.00,8,4.0,21,10.5
"Josiah Bushnell","Morgan State",1,NULL,NULL,NULL,NULL,54,54.0,1,1.00,NULL,NULL,NULL,NULL
"JP Pickles",Mercer,1,48,48.0,0,0.00,59,59.0,0,0.00,4,4.0,6,6.0
"JP Pickles",UTEP,1,218,218.0,0,0.00,133,133.0,1,1.00,29,29.0,50,50.0
"JT Daniels",Georgia,2,1953,976.5,17,8.50,-89,-44.5,0,0.00,148,74.0,213,106.5
"JT Daniels",Rice,1,2443,2443.0,21,21.00,-65,-65.0,1,1.00,181,181.0,287,287.0
"JT Daniels",USC,2,2876,1438.0,15,7.50,-155,-77.5,0,0.00,241,120.5,396,198.0
"JT Daniels","West Virginia",1,2097,2097.0,13,13.00,-51,-51.0,1,1.00,201,201.0,328,328.0
"JT Fayard","Northwestern State",2,1046,523.0,5,2.50,-107,-53.5,0,0.00,80,40.0,162,81.0
"JT Fayard",Wofford,1,572,572.0,4,4.00,-17,-17.0,0,0.00,63,63.0,88,88.0
"JT Jackson","UL Monroe",1,10,10.0,0,0.00,NULL,NULL,NULL,NULL,2,2.0,3,3.0
"JT Kitna","Stephen F. Austin",1,2,2.0,0,0.00,NULL,NULL,NULL,NULL,1,1.0,2,2.0
"JT Shrout","Arkansas State",1,227,227.0,0,0.00,-12,-12.0,0,0.00,24,24.0,51,51.0
"JT Shrout",Colorado,1,1220,1220.0,7,7.00,-15,-15.0,1,1.00,90,90.0,203,203.0
"JT Shrout",Tennessee,2,494,247.0,5,2.50,8,4.0,0,0.00,37,18.5,69,34.5
"Ju-Ju Clayton","Virginia Tech",1,80,80.0,1,1.00,-13,-13.0,0,0.00,1,1.0,5,5.0
"Ju'Juan Johnson",LSU,2,NULL,NULL,NULL,NULL,151,75.5,2,1.00,NULL,NULL,NULL,NULL
"Judd Erickson","San Diego",1,1981,1981.0,14,14.00,-53,-53.0,0,0.00,166,166.0,284,284.0
"Juice Williams",Illinois,2,4805,2402.5,34,17.00,1226,613.0,9,4.50,350,175.0,608,304.0
"Jujuan Young-Battle","Alabama State",1,102,102.0,0,0.00,-4,-4.0,0,0.00,11,11.0,18,18.0
"Julian Calvez",Grambling,2,694,347.0,5,2.50,201,100.5,5,2.50,63,31.5,153,76.5
"Julian Calvez","UT Martin",2,150,75.0,1,0.50,52,26.0,0,0.00,20,10.0,32,16.0
"Julian Dugger",Pittsburgh,1,72,72.0,2,2.00,88,88.0,1,1.00,7,7.0,13,13.0
"Julian Dugger","Washington State",1,0,0.0,0,0.00,-5,-5.0,1,1.00,0,0.0,3,3.0
"Julian Lewis",Colorado,1,8,8.0,0,0.00,-8,-8.0,0,0.00,2,2.0,4,4.0
"Julian Sayin","Ohio State",2,1956,978.0,20,10.00,41,20.5,0,0.00,161,80.5,207,103.5
"Junior Muratovic","Florida A&M",2,271,135.5,1,0.50,-32,-16.0,0,0.00,29,14.5,64,32.0
"Justice Hansen","Arkansas State",3,10133,3377.7,83,27.67,968,322.7,14,4.67,788,262.7,1261,420.3
"Justin Agner","Florida Atlantic",1,30,30.0,0,0.00,-3,-3.0,0,0.00,3,3.0,5,5.0
"Justin Agner","Kent State",1,64,64.0,0,0.00,7,7.0,0,0.00,8,8.0,15,15.0
"Justin Agner",Stetson,1,NULL,NULL,NULL,NULL,NULL,NULL,NULL,NULL,NULL,NULL,NULL,NULL
"Justin Allen",Elon,2,337,168.5,1,0.50,18,9.0,0,0.00,34,17.0,60,30.0
"Justin Alo","SE Louisiana",2,94,47.0,0,0.00,-6,-3.0,0,0.00,3,1.5,9,4.5
"Justin Arias","Idaho State",3,819,273.0,5,1.67,-66,-22.0,0,0.00,98,32.7,201,67.0
"Justin Burke",Louisville,2,1444,722.0,13,6.50,38,19.0,1,0.50,124,62.0,226,113.0
"Justin Burke","NC State",1,15,15.0,0,0.00,NULL,NULL,NULL,NULL,2,2.0,3,3.0
"Justin Engstrom","Oregon State",1,0,0.0,0,0.00,NULL,NULL,NULL,NULL,0,0.0,2,2.0
"Justin Fields",Georgia,1,328,328.0,4,4.00,266,266.0,4,4.00,27,27.0,39,39.0
"Justin Fields","Ohio State",2,5373,2686.5,63,31.50,867,433.5,15,7.50,396,198.0,579,289.5
"Justin Fomby","Houston Christian",2,2455,1227.5,17,8.50,-175,-87.5,0,0.00,253,126.5,420,210.0
"Justin Fomby","North Carolina A&T",1,1527,1527.0,9,9.00,-53,-53.0,1,1.00,135,135.0,231,231.0
"Justin Herbert",Oregon,4,10541,2635.3,95,23.75,560,140.0,13,3.25,827,206.8,1293,323.3
"Justin Holaday","New Mexico",2,222,111.0,0,0.00,135,67.5,1,0.50,26,13.0,59,29.5
"Justin Holman",UCF,4,4916,1229.0,34,8.50,492,123.0,5,1.25,395,98.8,739,184.8
"Justin Ibieta",Tulane,4,304,76.0,2,0.50,108,27.0,2,0.50,26,6.5,40,10.0
"Justin Kowalak","Eastern Illinois",1,9,9.0,0,0.00,-10,-10.0,0,0.00,1,1.0,4,4.0
"Justin Lamson","Montana State",1,1578,1578.0,13,13.00,324,324.0,5,5.00,138,138.0,192,192.0
"Justin Lamson",Stanford,2,804,402.0,4,2.00,428,214.0,13,6.50,62,31.0,135,67.5
"Justin Lewis",Merrimack,1,165,165.0,1,1.00,20,20.0,0,0.00,14,14.0,19,19.0
"Justin McMillan",LSU,2,19,9.5,0,0.00,2,1.0,0,0.00,1,0.5,1,0.5
"Justin McMillan",Tulane,2,3738,1869.0,27,13.50,988,494.0,17,8.50,261,130.5,467,233.5
"Justin Miller","Southern Utah",3,5569,1856.3,47,15.67,-51,-17.0,4,1.33,477,159.0,769,256.3
"Justin Rogers",TCU,1,1,1.0,0,0.00,-4,-4.0,0,0.00,1,1.0,1,1.0
"Justin Rogers",UNLV,2,636,318.0,4,2.00,-63,-31.5,0,0.00,47,23.5,81,40.5
"Justin Sliwoski","St. Francis (PA)",2,1117,558.5,9,4.50,125,62.5,3,1.50,77,38.5,130,65.0
"Justin Thomas","Georgia Tech",4,4754,1188.5,40,10.00,2412,603.0,22,5.50,259,64.8,532,133.0
"Justin Tomlin","Georgia Southern",4,1300,325.0,2,0.50,587,146.8,5,1.25,97,24.3,194,48.5
"Justin Tuggle","Boston College",1,229,229.0,4,4.00,35,35.0,0,0.00,13,13.0,37,37.0
"Justin Uahinui",Hawai'i,1,14,14.0,1,1.00,-8,-8.0,0,0.00,1,1.0,3,3.0
"Justin Worley",Tennessee,4,3556,889.0,23,5.75,-71,-17.8,3,0.75,329,82.3,558,139.5
"Justyn Martin",Maryland,1,NULL,NULL,NULL,NULL,2,2.0,0,0.00,NULL,NULL,NULL,NULL
"Justyn Martin",UCLA,2,179,89.5,1,0.50,10,5.0,0,0.00,24,12.0,35,17.5
"Juwan Carter","Norfolk State",3,776,258.7,7,2.33,131,43.7,1,0.33,76,25.3,131,43.7
"Jy Walls","North Carolina A&T",1,14,14.0,0,0.00,5,5.0,0,0.00,2,2.0,4,4.0
"K.J. Carta-Samuels","Colorado State",1,2261,2261.0,19,19.00,-14,-14.0,1,1.00,183,183.0,298,298.0
"K.J. Carta-Samuels",Washington,3,310,103.3,3,1.00,-1,-0.3,1,0.33,27,9.0,47,15.7
"K.J. Costello","Mississippi State",1,1283,1283.0,6,6.00,-65,-65.0,0,0.00,134,134.0,209,209.0
"K.J. Costello",Stanford,3,6120,2040.0,49,16.33,96,32.0,3,1.00,492,164.0,788,262.7
"KaDarius Davis","Alabama State",2,514,257.0,5,2.50,-30,-15.0,0,0.00,52,26.0,85,42.5
"Kade Young",Troy,1,23,23.0,0,0.00,NULL,NULL,NULL,NULL,3,3.0,5,5.0
"Kaden Anderson",Wyoming,2,2589,1294.5,17,8.50,25,12.5,2,1.00,216,108.0,365,182.5
"Kaden Huot",Montana,1,NULL,NULL,NULL,NULL,2,2.0,0,0.00,NULL,NULL,NULL,NULL
"Kaden Jenks","Weber State",2,70,35.0,1,0.50,14,7.0,1,0.50,11,5.5,43,21.5
"Kadin Semonza","Ball State",2,3380,1690.0,28,14.00,-71,-35.5,1,0.50,325,162.5,509,254.5
"Kado Brown","Georgia Southern",1,354,354.0,1,1.00,145,145.0,2,2.00,18,18.0,30,30.0
"Kael Alexander",Stetson,2,1041,520.5,7,3.50,-27,-13.5,0,0.00,89,44.5,149,74.5
"Kaelan Riley",Mercer,3,269,89.7,1,0.33,-5,-1.7,0,0.00,46,15.3,87,29.0
"Kahliq Paulette","Cal Poly",2,49,24.5,1,0.50,120,60.0,1,0.50,5,2.5,12,6.0
"Kahliq Paulette","Stephen F. Austin",1,NULL,NULL,NULL,NULL,NULL,NULL,NULL,NULL,NULL,NULL,NULL,NULL
"Kai Coln",Princeton,2,1037,518.5,8,4.00,-7,-3.5,0,0.00,83,41.5,137,68.5
"Kai Horton",Tulane,4,866,216.5,6,1.50,-56,-14.0,2,0.50,66,16.5,125,31.3
"Kai Horton",Washington,1,50,50.0,0,0.00,21,21.0,1,1.00,3,3.0,5,5.0
"Kai Locksley",UTEP,2,2266,1133.0,9,4.50,885,442.5,11,5.50,186,93.0,350,175.0
"Kai Millner",California,1,121,121.0,2,2.00,13,13.0,0,0.00,9,9.0,15,15.0
"Kai Millner","Northern Arizona",1,458,458.0,2,2.00,87,87.0,1,1.00,38,38.0,64,64.0
"Kaiden Bennett","Delaware State",1,1133,1133.0,7,7.00,410,410.0,9,9.00,94,94.0,159,159.0
"Kaiden Bennett","Sacramento State",4,2363,590.8,15,3.75,666,166.5,6,1.50,201,50.3,322,80.5
"Kaiden Box","Northern Colorado",1,232,232.0,1,1.00,-16,-16.0,0,0.00,16,16.0,36,36.0
"Kaidon Salter",Colorado,1,1193,1193.0,9,9.00,267,267.0,5,5.00,102,102.0,164,164.0
"Kaidon Salter",Liberty,4,5887,1471.8,56,14.00,2014,503.5,21,5.25,412,103.0,702,175.5
"Kain Colter",Northwestern,4,2160,540.0,18,4.50,2180,545.0,28,7.00,222,55.5,320,80.0
"Kaiya Sheron",Kentucky,2,192,96.0,2,1.00,-29,-14.5,0,0.00,19,9.5,33,16.5
"Kaiya Sheron","UT Martin",1,394,394.0,3,3.00,18,18.0,0,0.00,37,37.0,48,48.0
"Kale Pearson","Air Force",3,1764,588.0,14,4.67,751,250.3,8,2.67,118,39.3,208,69.3
"Kaleb Barker",Troy,4,4793,1198.3,41,10.25,680,170.0,8,2.00,402,100.5,604,151.0
"Kaleb Eleby","Western Michigan",3,6069,2023.0,45,15.00,75,25.0,13,4.33,419,139.7,660,220.0
"Kaleb Fletcher","Northwestern State",2,134,67.0,1,0.50,3,1.5,0,0.00,13,6.5,22,11.0
"Kaleb Griffin",Presbyterian,3,81,27.0,0,0.00,-3,-1.0,0,0.00,10,3.3,28,9.3
"Kalen Henderson",Nicholls,2,664,332.0,1,0.50,87,43.5,1,0.50,60,30.0,121,60.5
"Kalen Henderson",Tulsa,2,416,208.0,4,2.00,109,54.5,1,0.50,24,12.0,75,37.5
"Kalen Johnson",Howard,3,306,102.0,2,0.67,-2,-0.7,1,0.33,33,11.0,66,22.0
"Kalieb Osborne",Toledo,1,152,152.0,1,1.00,126,126.0,2,2.00,10,10.0,13,13.0
"Kam Montgomery","Eastern Kentucky",1,NULL,NULL,NULL,NULL,1,1.0,0,0.00,NULL,NULL,NULL,NULL
"Kamal Gray",Temple,1,95,95.0,0,0.00,13,13.0,0,0.00,10,10.0,21,21.0
"Kamario Taylor","Mississippi State",1,47,47.0,2,2.00,92,92.0,1,1.00,3,3.0,4,4.0
"Kamden Sixkiller",Campbell,1,1492,1492.0,11,11.00,126,126.0,2,2.00,159,159.0,266,266.0
"Kamden Sixkiller",McNeese,2,1357,678.5,8,4.00,188,94.0,0,0.00,117,58.5,222,111.0
"Kameron Bryant","App State",2,475,237.5,4,2.00,30,15.0,1,0.50,45,22.5,82,41.0
"Kanler Coker","North Carolina",1,0,0.0,0,0.00,6,6.0,0,0.00,1,1.0,1,1.0
"Kannon Williams","Incarnate Word",1,20,20.0,0,0.00,NULL,NULL,NULL,NULL,4,4.0,5,5.0
"Kare Lyles","Southern Illinois",1,288,288.0,2,2.00,24,24.0,1,1.00,19,19.0,31,31.0
"Kareame Cotton Jr","Northwestern State",1,90,90.0,0,0.00,54,54.0,0,0.00,6,6.0,18,18.0
"Kareem Keye","Alabama State",2,1355,677.5,11,5.50,55,27.5,2,1.00,82,41.0,140,70.0
"Karle Lacey Jr.",Texas,1,7,7.0,0,0.00,NULL,NULL,NULL,NULL,1,1.0,1,1.0
"Karson Roberts","Air Force",3,1868,622.7,14,4.67,996,332.0,13,4.33,98,32.7,189,63.0
"Karson Siqueiros-Lasky",Pennsylvania,2,14,7.0,0,0.00,-4,-2.0,0,0.00,2,1.0,6,3.0
"Karsten Sween",Wyoming,4,3663,915.8,21,5.25,-211,-52.8,2,0.50,380,95.0,655,163.8
"Kasen Weisman","Florida Atlantic",1,416,416.0,2,2.00,71,71.0,1,1.00,39,39.0,73,73.0
"Kasim Hill",Maryland,2,1313,656.5,11,5.50,45,22.5,1,0.50,102,51.0,191,95.5
"Kasim Hill","Rhode Island",3,5835,1945.0,39,13.00,356,118.7,12,4.00,409,136.3,720,240.0
"Kason Lincke","Western Carolina",2,21,10.5,0,0.00,53,26.5,1,0.50,3,1.5,3,1.5
"Kason Martin","Eastern New Mexico",1,NULL,NULL,NULL,NULL,NULL,NULL,NULL,NULL,NULL,NULL,NULL,NULL
"Kason Martin","North Texas",2,175,87.5,2,1.00,-21,-10.5,0,0.00,13,6.5,19,9.5
"Katin Houser","East Carolina",2,3995,1997.5,28,14.00,255,127.5,8,4.00,312,156.0,493,246.5
"Katin Houser","Michigan State",2,1100,550.0,6,3.00,7,3.5,2,1.00,114,57.0,195,97.5
"Kato Nelson",Akron,4,5585,1396.3,37,9.25,695,173.8,2,0.50,434,108.5,830,207.5
"Katravis Marsh","South Florida",3,1150,383.3,8,2.67,25,8.3,0,0.00,92,30.7,184,61.3
"Kavaris Thomas","Western Kentucky",3,375,125.0,3,1.00,47,15.7,2,0.67,38,12.7,72,24.0
"Kawaun Jakes","Western Kentucky",4,7538,1884.5,51,12.75,784,196.0,14,3.50,650,162.5,1123,280.8
"Kaylan Wiggins","Florida International",3,305,101.7,0,0.00,426,142.0,4,1.33,30,10.0,64,21.3
"KD Humphries","Murray State",4,1091,272.8,5,1.25,28,7.0,1,0.25,103,25.8,173,43.3
"Keali'i Ah Yat",Montana,3,3585,1195.0,25,8.33,181,60.3,10,3.33,305,101.7,473,157.7
"Keaton Heide","South Dakota State",1,0,0.0,0,0.00,-8,-8.0,0,0.00,1,1.0,1,1.0
"Keaton Studsrud","North Dakota",3,547,182.3,2,0.67,61,20.3,1,0.33,47,15.7,87,29.0
"Kedon Slovis",BYU,1,1716,1716.0,12,12.00,-41,-41.0,3,3.00,153,153.0,266,266.0
"Kedon Slovis",Pittsburgh,1,2391,2391.0,10,10.00,-68,-68.0,0,0.00,184,184.0,315,315.0
"Kedon Slovis",USC,3,7576,2525.3,58,19.33,-150,-50.0,0,0.00,652,217.3,951,317.0
"Keegan Patterson","Indiana State",2,546,273.0,3,1.50,95,47.5,1,0.50,67,33.5,123,61.5
"Keegan Shoemaker","Sam Houston",2,3636,1818.0,21,10.50,499,249.5,3,1.50,359,179.5,624,312.0
"Keelon Russell",Alabama,1,65,65.0,2,2.00,1,1.0,0,0.00,4,4.0,6,6.0
"Keenan Black","Delaware State",3,126,42.0,1,0.33,104,34.7,0,0.00,11,3.7,27,9.0
"Keenan Reynolds",Navy,4,4001,1000.3,31,7.75,4559,1139.8,88,22.00,242,60.5,462,115.5
"Keenon Rush","Wake Forest",1,NULL,NULL,NULL,NULL,NULL,NULL,NULL,NULL,NULL,NULL,NULL,NULL
"Keilon Brown",Memphis,1,NULL,NULL,NULL,NULL,NULL,NULL,NULL,NULL,NULL,NULL,NULL,NULL
"Keith Price",Washington,4,8921,2230.3,75,18.75,99,24.8,10,2.50,757,189.3,1183,295.8
"Keith Ridley Jr.",Bryant,2,7,3.5,0,0.00,-3,-1.5,0,0.00,2,1.0,3,1.5
"Keith Wenning","Ball State",4,11094,2773.5,90,22.50,322,80.5,13,3.25,999,249.8,1590,397.5
"Kekoa Visperas","Eastern Washington",3,5022,1674.0,39,13.00,612,204.0,12,4.00,458,152.7,659,219.7
"Kekoa Visperas","Tennessee Tech",1,1690,1690.0,19,19.00,341,341.0,3,3.00,136,136.0,211,211.0
"Keldric Luster",SMU,2,23,11.5,0,0.00,68,34.0,0,0.00,3,1.5,9,4.5
"Keldric Luster","Texas State",1,14,14.0,0,0.00,14,14.0,0,0.00,1,1.0,3,3.0
"Kellen Mond","Texas A&M",4,9578,2394.5,71,17.75,1616,404.0,22,5.50,799,199.8,1354,338.5
"Kellen Moore","Boise State",4,14667,3666.8,142,35.50,-133,-33.3,3,0.75,1157,289.3,1658,414.5
"Kellen Pagel","Bowling Green",1,20,20.0,0,0.00,NULL,NULL,NULL,NULL,2,2.0,3,3.0
"Kellen Pagel",Massachusetts,1,195,195.0,0,0.00,10,10.0,0,0.00,18,18.0,37,37.0
"Keller Chryst",Stanford,3,1926,642.0,19,6.33,164,54.7,3,1.00,160,53.3,289,96.3
"Keller Chryst",Tennessee,1,450,450.0,3,3.00,3,3.0,0,0.00,23,23.0,51,51.0
"Kelly Bryant",Clemson,4,3338,834.5,16,4.00,973,243.3,16,4.00,311,77.8,470,117.5
"Kelly Bryant",Missouri,1,2215,2215.0,15,15.00,242,242.0,1,1.00,181,181.0,292,292.0
"Kelly Page","Ball State",4,1737,434.3,14,3.50,368,92.0,3,0.75,167,41.8,314,78.5
"Kelsey Sokoloski","San Diego State",3,119,39.7,1,0.33,18,6.0,0,0.00,10,3.3,15,5.0
"Kelvin Hopkins Jr.",Army,3,1679,559.7,11,3.67,1780,593.3,25,8.33,90,30.0,187,62.3
"Ken Seals",TCU,2,121,60.5,1,0.50,12,6.0,0,0.00,14,7.0,19,9.5
"Ken Seals",Vanderbilt,3,4312,1437.3,28,9.33,-44,-14.7,3,1.00,417,139.0,685,228.3
"Kendal Thompson",Oklahoma,1,64,64.0,1,1.00,20,20.0,0,0.00,4,4.0,13,13.0
"Kendal Thompson",Utah,2,544,272.0,3,1.50,247,123.5,3,1.50,60,30.0,88,44.0
"Kenji Bahar",Monmouth,3,457,152.3,1,0.33,-36,-12.0,1,0.33,63,21.0,103,34.3
"Kenneth Coleman","Florida A&M",2,270,135.0,0,0.00,36,18.0,0,0.00,23,11.5,45,22.5
"Kennique Bonner-Steward","Rhode Island",1,NULL,NULL,NULL,NULL,0,0.0,0,0.00,NULL,NULL,NULL,NULL
"Kenny Guiton","Ohio State",3,893,297.7,16,5.33,383,127.7,6,2.00,89,29.7,134,44.7
"Kenny Hill",TCU,2,6360,3180.0,40,20.00,934,467.0,15,7.50,538,269.0,840,420.0
"Kenny Hill","Texas A&M",2,2832,1416.0,24,12.00,193,96.5,0,0.00,230,115.0,343,171.5
"Kenny Minchey","Notre Dame",3,111,37.0,0,0.00,18,6.0,1,0.33,11,3.7,12,4.0
"Kenny Pickett",Pittsburgh,5,12303,2460.6,81,16.20,827,165.4,20,4.00,1046,209.2,1674,334.8
"Kenny Potter","San José State",2,4257,2128.5,31,15.50,745,372.5,14,7.00,365,182.5,578,289.0
"Kent Myers","Utah State",4,6131,1532.8,39,9.75,1406,351.5,19,4.75,536,134.0,877,219.3
"Kenyon Oblad",UNLV,3,2090,696.7,18,6.00,-31,-10.3,1,0.33,170,56.7,316,105.3
"Kenyon Oblad","Utah Tech",1,NULL,NULL,NULL,NULL,NULL,NULL,NULL,NULL,NULL,NULL,NULL,NULL
"Keon Howard","Southern Miss",2,1564,782.0,9,4.50,331,165.5,2,1.00,118,59.0,220,110.0
"Keon Howard",Tulane,2,521,260.5,3,1.50,120,60.0,2,1.00,39,19.5,77,38.5
"Keon Howard","UT Martin",1,195,195.0,1,1.00,44,44.0,2,2.00,20,20.0,43,43.0
"Keondre Wudtee","Oklahoma State",2,33,16.5,1,0.50,110,55.0,0,0.00,3,1.5,8,4.0
"Ker-Sean Wilson","Savannah St",2,214,107.0,0,0.00,62,31.0,0,0.00,25,12.5,51,25.5
"Kevin Anderson",Fordham,3,857,285.7,1,0.33,35,11.7,1,0.33,67,22.3,106,35.3
"Kevin Conway","Eastern Illinois",1,0,0.0,0,0.00,11,11.0,0,0.00,0,0.0,4,4.0
"Kevin Craft","San Diego State",1,737,737.0,4,4.00,-15,-15.0,0,0.00,69,69.0,121,121.0
"Kevin Craft",UCLA,2,3063,1531.5,9,4.50,81,40.5,0,0.00,292,146.0,524,262.0
"Kevin Earl","South Dakota",1,136,136.0,0,0.00,-1,-1.0,0,0.00,13,13.0,26,26.0
"Kevin Ellison","Georgia Southern",4,2469,617.3,17,4.25,2604,651.0,29,7.25,177,44.3,326,81.5
"Kevin Hogan",Stanford,4,9385,2346.3,75,18.75,1249,312.3,15,3.75,727,181.8,1103,275.8
"Kevin Jennings",SMU,4,6131,1532.8,46,11.50,530,132.5,7,1.75,507,126.8,781,195.3
"Kevin Johnson",Richmond,1,194,194.0,0,0.00,3,3.0,0,0.00,11,11.0,28,28.0
"Kevin Lopina","Washington State",2,1437,718.5,2,1.00,111,55.5,4,2.00,141,70.5,256,128.0
"Kevin Moore",Tulane,4,2925,731.3,12,3.00,-79,-19.8,1,0.25,247,61.8,454,113.5
"Kevin Newsome","Penn State",2,144,72.0,0,0.00,154,77.0,3,1.50,14,7.0,24,12.0
"Kevin Newsome",Temple,1,0,0.0,0,0.00,57,57.0,0,0.00,0,0.0,1,1.0
"Kevin Olsen",Charlotte,1,842,842.0,6,6.00,-59,-59.0,0,0.00,87,87.0,175,175.0
"Kevin Prince",UCLA,4,4277,1069.3,23,5.75,724,181.0,5,1.25,343,85.8,630,157.5
"Kevin Riley",California,4,6182,1545.5,50,12.50,-46,-11.5,5,1.25,468,117.0,844,211.0
"Kevin Sousa","Wake Forest",2,0,0.0,0,0.00,9,4.5,0,0.00,0,0.0,1,0.5
"Kevin Sperry","Florida State",1,194,194.0,2,2.00,27,27.0,0,0.00,12,12.0,17,17.0
"Kevin Thomson","Sacramento State",3,768,256.0,5,1.67,12,4.0,0,0.00,75,25.0,130,43.3
"Kevin White","North Carolina A&T",3,1977,659.0,9,3.00,266,88.7,7,2.33,167,55.7,288,96.0
"Kevin Yeager","Incarnate Word",1,62,62.0,0,0.00,NULL,NULL,NULL,NULL,4,4.0,10,10.0
"Keyone Jenkins","Florida International",3,6381,2127.0,39,13.00,243,81.0,12,4.00,524,174.7,861,287.0
"Khaioz Watford",Hampton,1,NULL,NULL,NULL,NULL,NULL,NULL,NULL,NULL,NULL,NULL,NULL,NULL
"Khaleel Jenkins","Cal Poly",1,37,37.0,0,0.00,44,44.0,1,1.00,4,4.0,10,10.0
"Khalib Johnson","Kennesaw State",1,57,57.0,0,0.00,-2,-2.0,0,0.00,6,6.0,22,22.0
"Khalil Tate",Arizona,4,6318,1579.5,57,14.25,2286,571.5,18,4.50,459,114.8,792,198.0
"Khalil Wilkins","West Virginia",1,176,176.0,1,1.00,243,243.0,2,2.00,15,15.0,31,31.0
"Khristian Martin",Maryland,1,25,25.0,0,0.00,0,0.0,0,0.00,6,6.0,12,12.0
"Kia'i Keone","Northern Colorado",2,796,398.0,1,0.50,188,94.0,3,1.50,90,45.0,161,80.5
"Kiael Kelly","Ball State",4,1590,397.5,8,2.00,1314,328.5,13,3.25,165,41.3,297,74.3
"Kieran McDonagh","Portland State",4,853,213.3,3,0.75,101,25.3,2,0.50,72,18.0,131,32.8
"Kierra Harris","Missouri State",4,507,126.8,4,1.00,79,19.8,0,0.00,44,11.0,79,19.8
"Kierston Harvey","Georgia State",1,0,0.0,0,0.00,1,1.0,0,0.00,0,0.0,1,1.0
"Kilton Anderson","Coastal Carolina",2,1753,876.5,15,7.50,309,154.5,1,0.50,125,62.5,240,120.0
"Kilton Anderson","Fresno State",1,817,817.0,2,2.00,211,211.0,5,5.00,78,78.0,157,157.0
"Kilton Anderson","William & Mary",1,197,197.0,0,0.00,-2,-2.0,0,0.00,14,14.0,30,30.0
"King Davis","New Mexico State",1,371,371.0,2,2.00,165,165.0,0,0.00,26,26.0,50,50.0
"Kingsley Ifedi","East Carolina",1,26,26.0,0,0.00,-4,-4.0,0,0.00,4,4.0,13,13.0
"Kingsley Ifedi","North Carolina A&T",1,53,53.0,0,0.00,83,83.0,2,2.00,10,10.0,19,19.0
"Kingston Tisdell","Weber State",1,27,27.0,0,0.00,NULL,NULL,NULL,NULL,2,2.0,6,6.0
"Kinkead Dent","Ole Miss",3,14,4.7,0,0.00,37,12.3,0,0.00,5,1.7,9,3.0
"Kinkead Dent","UT Martin",2,4571,2285.5,44,22.00,666,333.0,10,5.00,364,182.0,652,326.0
"Kirk Cousins","Michigan State",4,9131,2282.8,66,16.50,-127,-31.8,1,0.25,723,180.8,1128,282.0
"Kirk Francis",Tulsa,3,3045,1015.0,18,6.00,-14,-4.7,0,0.00,270,90.0,462,154.0
"Kirk Rygol","South Florida",1,170,170.0,2,2.00,29,29.0,0,0.00,12,12.0,24,24.0
"KJ Cooper","Texas Southern",2,924,462.0,5,2.50,214,107.0,3,1.50,103,51.5,167,83.5
"KJ Jackson",Arkansas,2,168,84.0,1,0.50,24,12.0,1,0.50,10,5.0,12,6.0
"KJ Jefferson",Arkansas,5,7923,1584.6,67,13.40,1876,375.2,21,4.20,626,125.2,962,192.4
"KJ Jefferson",UCF,1,1012,1012.0,7,7.00,193,193.0,2,2.00,64,64.0,108,108.0
"KJ Riley",Bloomsburg,1,48,48.0,0,0.00,38,38.0,0,0.00,7,7.0,12,12.0
"Klay Kubiak","Colorado State",2,252,126.0,0,0.00,-26,-13.0,0,0.00,19,9.5,37,18.5
"Knox Kadum",McNeese,1,964,964.0,6,6.00,-35,-35.0,0,0.00,81,81.0,162,162.0
"Knox Kadum","Virginia Tech",2,219,109.5,0,0.00,41,20.5,0,0.00,16,8.0,30,15.0
"Kobe Muasau","Morgan State",2,1026,513.0,6,3.00,79,39.5,1,0.50,95,47.5,141,70.5
"Kobe Tracy","Idaho State",1,3011,3011.0,24,24.00,77,77.0,2,2.00,258,258.0,429,429.0
"Kobe Tracy","Utah Tech",3,4006,1335.3,28,9.33,47,15.7,1,0.33,320,106.7,591,197.0
"Kobie Jones","Alabama State",1,59,59.0,0,0.00,-6,-6.0,0,0.00,9,9.0,17,17.0
"Kobie Lain","Delaware State",1,82,82.0,0,0.00,0,0.0,0,0.00,7,7.0,15,15.0
"Kody Akers",Navy,1,NULL,NULL,NULL,NULL,-2,-2.0,0,0.00,NULL,NULL,NULL,NULL
"Kody Sparks","UT Martin",2,90,45.0,1,0.50,-3,-1.5,0,0.00,7,3.5,13,6.5
"Kody Wilstead","Utah Tech",1,NULL,NULL,NULL,NULL,NULL,NULL,NULL,NULL,NULL,NULL,NULL,NULL
"Kohen Granier",Nicholls,3,1912,637.3,14,4.67,108,36.0,1,0.33,179,59.7,316,105.3
"Kolney Cassel",Hawai'i,1,8,8.0,0,0.00,NULL,NULL,NULL,NULL,1,1.0,1,1.0
"Kolney Cassel","Sacramento State",1,20,20.0,0,0.00,-10,-10.0,0,0.00,2,2.0,2,2.0
"Kolney Cassel",SMU,1,156,156.0,1,1.00,-38,-38.0,0,0.00,15,15.0,37,37.0
"Kolt Peavey","Rhode Island",1,3,3.0,0,0.00,10,10.0,0,0.00,1,1.0,5,5.0
"Kolton Browning","UL Monroe",4,10080,2520.0,79,19.75,1493,373.3,18,4.50,935,233.8,1553,388.3
"Kory Faulkner","Southern Illinois",2,507,253.5,3,1.50,16,8.0,0,0.00,44,22.0,74,37.0
"Koy Detmer Jr.",BYU,2,148,74.0,0,0.00,-8,-4.0,0,0.00,10,5.0,23,11.5
"Kramer Berg",Wagner,2,9,4.5,0,0.00,NULL,NULL,NULL,NULL,1,0.5,4,2.0
"Kris Brown",Montana,3,242,80.7,1,0.33,38,12.7,1,0.33,29,9.7,55,18.3
"Kriss Proctor",Navy,3,847,282.3,7,2.33,1441,480.3,23,7.67,56,18.7,112,37.3
"Ksaan Farrar",UConn,1,0,0.0,0,0.00,17,17.0,0,0.00,0,0.0,1,1.0
"Kurt Benkert","East Carolina",1,58,58.0,0,0.00,23,23.0,2,2.00,8,8.0,10,10.0
"Kurt Benkert",Virginia,2,5759,2879.5,46,23.00,-157,-78.5,0,0.00,526,263.0,915,457.5
"Kurt Hess","Youngstown State",4,590,147.5,6,1.50,61,15.3,0,0.00,62,15.5,110,27.5
"Kurt Palandech",UNLV,3,1489,496.3,14,4.67,728,242.7,9,3.00,132,44.0,268,89.3
"Kurtis Rourke",Indiana,1,3042,3042.0,29,29.00,-35,-35.0,2,2.00,222,222.0,320,320.0
"Kurtis Rourke",Ohio,5,7674,1534.8,50,10.00,832,166.4,11,2.20,640,128.0,965,193.0
"Kurtis Wilderman","Indiana State",1,6,6.0,0,0.00,NULL,NULL,NULL,NULL,1,1.0,1,1.0
"Kwadra Griggs","Southern Miss",2,1878,939.0,16,8.00,270,135.0,3,1.50,149,74.5,266,133.0
"Kwashaun Quick","North Carolina A&T",1,78,78.0,0,0.00,48,48.0,1,1.00,7,7.0,19,19.0
"Kylan Weisser","Weber State",4,720,180.0,1,0.25,61,15.3,2,0.50,77,19.3,150,37.5
"Kyle Adams",Purdue,4,NULL,NULL,NULL,NULL,NULL,NULL,NULL,NULL,NULL,NULL,NULL,NULL
"Kyle Akin","UT Martin",1,23,23.0,0,0.00,NULL,NULL,NULL,NULL,1,1.0,2,2.0
"Kyle Allen",Houston,1,751,751.0,4,4.00,-14,-14.0,0,0.00,80,80.0,105,105.0
"Kyle Allen","Texas A&M",2,3532,1766.0,33,16.50,146,73.0,3,1.50,278,139.0,475,237.5
"Kyle Banks","Middle Tennessee",2,49,24.5,0,0.00,12,6.0,0,0.00,6,3.0,11,5.5
"Kyle Boehm",California,1,NULL,NULL,NULL,NULL,13,13.0,0,0.00,NULL,NULL,NULL,NULL
"Kyle Bolin",Louisville,3,2104,701.3,13,4.33,-91,-30.3,0,0.00,141,47.0,242,80.7
"Kyle Bolin",Rutgers,1,711,711.0,3,3.00,10,10.0,0,0.00,73,73.0,133,133.0
"Kyle Copeland","Charleston Southern",2,173,86.5,3,1.50,126,63.0,1,0.50,15,7.5,34,17.0
"Kyle Crum","San Diego State",1,53,53.0,1,1.00,-11,-11.0,0,0.00,5,5.0,17,17.0
"Kyle Kamman","Ball State",1,0,0.0,0,0.00,-7,-7.0,0,0.00,0,0.0,1,1.0
"Kyle Kearns","Wake Forest",1,206,206.0,0,0.00,-31,-31.0,0,0.00,13,13.0,35,35.0
"Kyle Keckler",Mercyhurst,1,0,0.0,0,0.00,NULL,NULL,NULL,NULL,0,0.0,1,1.0
"Kyle Kempt","Iowa State",3,1962,654.0,15,5.00,-43,-14.3,0,0.00,184,61.3,276,92.0
"Kyle Lauletta",Richmond,2,557,278.5,3,1.50,-14,-7.0,1,0.50,42,21.0,65,32.5
"Kyle Lowe","Georgia State",1,18,18.0,1,1.00,57,57.0,1,1.00,3,3.0,7,7.0
"Kyle Lowe","Middle Tennessee",1,-1,-1.0,0,0.00,5,5.0,0,0.00,1,1.0,1,1.0
"Kyle Lowe","SE Louisiana",1,628,628.0,6,6.00,336,336.0,4,4.00,48,48.0,73,73.0
"Kyle McCord","Ohio State",3,3776,1258.7,27,9.00,-77,-25.7,0,0.00,270,90.0,406,135.3
"Kyle McCord",Syracuse,1,4779,4779.0,34,34.00,-65,-65.0,3,3.00,391,391.0,592,592.0
"Kyle McMahon","Eastern Michigan",3,1752,584.0,9,3.00,248,82.7,2,0.67,151,50.3,278,92.7
"Kyle Padron","Eastern Washington",1,639,639.0,3,3.00,12,12.0,0,0.00,39,39.0,87,87.0
"Kyle Padron",SMU,3,5902,1967.3,41,13.67,287,95.7,7,2.33,446,148.7,729,243.0
"Kyle Parker",Clemson,2,4739,2369.5,32,16.00,163,81.5,1,0.50,401,200.5,710,355.0
"Kyle Pinnix",Wofford,4,NULL,NULL,NULL,NULL,7,1.8,1,0.25,NULL,NULL,NULL,NULL
"Kyle Pohl",Akron,4,5128,1282.0,28,7.00,141,35.3,4,1.00,482,120.5,869,217.3
"Kyle Postma",Houston,3,1788,596.0,8,2.67,542,180.7,6,2.00,183,61.0,281,93.7
"Kyle Reed","San José State",2,2052,1026.0,12,6.00,129,64.5,5,2.50,214,107.0,342,171.0
"Kyle Romano","Eastern Kentucky",2,12,6.0,0,0.00,NULL,NULL,NULL,NULL,4,2.0,5,2.5
"Kyle Shurmur",Vanderbilt,4,8865,2216.3,64,16.00,-326,-81.5,3,0.75,722,180.5,1264,316.0
"Kyle Smith",Bethune-Cookman,1,29,29.0,0,0.00,NULL,NULL,NULL,NULL,1,1.0,3,3.0
"Kyle Snyder",Ohio,1,38,38.0,0,0.00,80,80.0,0,0.00,5,5.0,8,8.0
"Kyle Snyder","Southeast Missouri State",1,269,269.0,3,3.00,33,33.0,0,0.00,12,12.0,27,27.0
"Kyle Toole",Troy,2,NULL,NULL,NULL,NULL,0,0.0,0,0.00,NULL,NULL,NULL,NULL
"Kyle Trask",Florida,3,7386,2462.0,69,23.00,54,18.0,8,2.67,552,184.0,813,271.0
"Kyle Vantrease",Buffalo,5,4752,950.4,25,5.00,195,39.0,13,2.60,386,77.2,653,130.6
"Kyle Vantrease","Georgia Southern",1,4246,4246.0,27,27.00,34,34.0,3,3.00,370,370.0,603,603.0
"Kyle Wickersham",Richmond,4,2482,620.5,16,4.00,817,204.3,9,2.25,244,61.0,357,89.3
"Kyle Wright",UTEP,4,148,37.0,2,0.50,-42,-10.5,0,0.00,15,3.8,39,9.8
"Kyle Zajack","Central Connecticut",1,214,214.0,0,0.00,13,13.0,1,1.00,19,19.0,39,39.0
"Kyler Davis","Norfolk State",1,NULL,NULL,NULL,NULL,12,12.0,0,0.00,NULL,NULL,NULL,NULL
"Kyler Murray",Oklahoma,2,4723,2361.5,45,22.50,1143,571.5,12,6.00,277,138.5,397,198.5
"Kyler Murray","Texas A&M",1,686,686.0,5,5.00,335,335.0,1,1.00,72,72.0,121,121.0
"Kylil Carter","North Carolina A&T",4,267,66.8,3,0.75,79,19.8,0,0.00,23,5.8,44,11.0
"Kyren Poe","Northern Arizona",3,445,148.3,0,0.00,-19,-6.3,0,0.00,44,14.7,77,25.7
"Kyron Drones",Baylor,1,219,219.0,1,1.00,49,49.0,2,2.00,14,14.0,23,23.0
"Kyron Drones","Virginia Tech",3,5162,1720.7,41,13.67,1569,523.0,18,6.00,443,147.7,745,248.3
"L.D. Crow",UCF,1,135,135.0,1,1.00,-8,-8.0,0,0.00,7,7.0,12,12.0
"L.G. Williams","Texas State",1,22,22.0,1,1.00,NULL,NULL,NULL,NULL,1,1.0,1,1.0
"LaBaron Anthony","Georgia Southern",3,7,2.3,0,0.00,24,8.0,0,0.00,1,0.3,11,3.7
"LaBronz Davis","Bowling Green",1,0,0.0,0,0.00,NULL,NULL,NULL,NULL,0,0.0,2,2.0
"LaEarl Patterson","Arkansas-Pine Bluff",1,99,99.0,0,0.00,-17,-17.0,0,0.00,3,3.0,4,4.0
"Lake Bennett","East Texas A&M",2,190,95.0,0,0.00,48,24.0,0,0.00,14,7.0,29,14.5
"Lamar Jackson",Louisville,3,9043,3014.3,69,23.00,4132,1377.3,50,16.67,619,206.3,1086,362.0
"Lamar Jordan","New Mexico",4,3225,806.3,20,5.00,2501,625.3,17,4.25,206,51.5,398,99.5
"Lamar Raynard","North Carolina A&T",4,611,152.8,4,1.00,64,16.0,1,0.25,46,11.5,85,21.3
"LaMontiez Ivy","Jackson State",3,531,177.0,3,1.00,28,9.3,0,0.00,45,15.0,90,30.0
"Landen Clark",Elon,2,1758,879.0,11,5.50,460,230.0,7,3.50,120,60.0,208,104.0
"Landon Brown",Liberty,1,25,25.0,0,0.00,-7,-7.0,0,0.00,3,3.0,10,10.0
"Landon Graves","UL Monroe",1,174,174.0,2,2.00,70,70.0,0,0.00,18,18.0,39,39.0
"Landon Hochstein",Butler,1,50,50.0,0,0.00,31,31.0,0,0.00,6,6.0,7,7.0
"Landon Holcomb","Arkansas-Pine Bluff",1,NULL,NULL,NULL,NULL,0,0.0,0,0.00,NULL,NULL,NULL,NULL
"Landon Root","Kansas State",1,NULL,NULL,NULL,NULL,NULL,NULL,NULL,NULL,NULL,NULL,NULL,NULL
"Landon Sims",Wyoming,1,35,35.0,0,0.00,45,45.0,1,1.00,5,5.0,5,5.0
"Landry Jones",Oklahoma,4,16646,4161.5,123,30.75,-375,-93.8,3,0.75,1388,347.0,2183,545.8
"Landry Klann",Nicholls,3,399,133.0,1,0.33,-88,-29.3,0,0.00,42,14.0,85,28.3
"Landy Lyddy","Louisiana Tech",1,767,767.0,3,3.00,8,8.0,1,1.00,82,82.0,126,126.0
"Landy Lyddy","Southern Miss",1,11,11.0,0,0.00,-1,-1.0,0,0.00,1,1.0,2,2.0
"Landy Lyddy",UAB,2,121,60.5,1,0.50,-9,-4.5,0,0.00,15,7.5,27,13.5
"Landyn Locke","Sam Houston",1,108,108.0,1,1.00,-11,-11.0,0,0.00,11,11.0,19,19.0
"Lanorris Sellers","South Carolina",3,3969,1323.0,26,8.67,907,302.3,10,3.33,309,103.0,475,158.3
"Larry Brihm Jr.",Bethune-Cookman,4,359,89.8,0,0.00,71,17.8,0,0.00,43,10.8,80,20.0
"Larry Robinson",Army,1,20,20.0,0,0.00,80,80.0,1,1.00,2,2.0,6,6.0
"Larry Smith",Vanderbilt,4,3223,805.8,16,4.00,518,129.5,8,2.00,310,77.5,631,157.8
"Lathan Boone","Northern Arizona",2,38,19.0,0,0.00,87,43.5,0,0.00,4,2.0,9,4.5
"Latravis Washington",Nebraska,1,NULL,NULL,NULL,NULL,17,17.0,0,0.00,NULL,NULL,NULL,NULL
"Layne Hatcher","Arkansas State",3,7435,2478.3,65,21.67,7,2.3,2,0.67,522,174.0,846,282.0
"Layne Hatcher","Ball State",1,583,583.0,4,4.00,-53,-53.0,1,1.00,65,65.0,98,98.0
"Layne Hatcher","Texas State",1,2654,2654.0,19,19.00,-151,-151.0,1,1.00,273,273.0,440,440.0
"Lee McNeill",Charlotte,2,881,440.5,1,0.50,-95,-47.5,1,0.50,102,51.0,195,97.5
"Lek Powell","Charleston Southern",1,90,90.0,0,0.00,16,16.0,0,0.00,5,5.0,12,12.0
"Lendon Redwine","UVA Wise",1,264,264.0,1,1.00,-23,-23.0,1,1.00,25,25.0,36,36.0
"Lenorris Footman","Alcorn State",2,247,123.5,1,0.50,74,37.0,0,0.00,24,12.0,40,20.0
"Leo Kelly","Wake Forest",2,8,4.0,0,0.00,4,2.0,0,0.00,1,0.5,4,2.0
"Leon Kinnard",UConn,1,3,3.0,0,0.00,18,18.0,0,0.00,1,1.0,1,1.0
"Leon Prunty","Savannah St",3,118,39.3,0,0.00,1,0.3,0,0.00,18,6.0,42,14.0
"Leonard Kelly",Nicholls,1,385,385.0,0,0.00,20,20.0,1,1.00,38,38.0,73,73.0
"Les Obie",UNLV,1,NULL,NULL,NULL,NULL,8,8.0,0,0.00,NULL,NULL,NULL,NULL
"Levi Brown",Troy,2,6284,3142.0,38,19.00,24,12.0,1,0.50,522,261.0,830,415.0
"Levi Lewis",Louisiana,5,9230,1846.0,74,14.80,1088,217.6,14,2.80,723,144.6,1179,235.8
"Levi Williams","Utah State",2,453,226.5,5,2.50,260,130.0,3,1.50,40,20.0,78,39.0
"Levi Williams",Wyoming,3,2210,736.7,13,4.33,763,254.3,13,4.33,150,50.0,278,92.7
"Lex Thomas","NC State",2,83,41.5,1,0.50,9,4.5,0,0.00,7,3.5,14,7.0
"Liam O'Brien",Pennsylvania,4,2642,660.5,26,6.50,642,160.5,15,3.75,207,51.8,318,79.5
"Liam Poronsky",Dayton,2,43,21.5,0,0.00,3,1.5,0,0.00,7,3.5,9,4.5
"Liam Szarka","Air Force",1,1058,1058.0,8,8.00,725,725.0,9,9.00,55,55.0,90,90.0
"Liam Welch",Samford,2,466,233.0,3,1.50,75,37.5,2,1.00,45,22.5,75,37.5
"Lincoln Kienholz","Ohio State",2,197,98.5,1,0.50,25,12.5,1,0.50,17,8.5,30,15.0
"Lindell Stone",Virginia,3,487,162.3,4,1.33,20,6.7,0,0.00,63,21.0,112,37.3
"Lindsey Scott Jr.","Incarnate Word",1,4655,4655.0,60,60.00,703,703.0,11,11.00,320,320.0,451,451.0
"Lindsey Scott Jr.",Nicholls,1,553,553.0,4,4.00,145,145.0,1,1.00,43,43.0,67,67.0
"Liu Aumavae","San Diego State",1,2,2.0,0,0.00,NULL,NULL,NULL,NULL,1,1.0,8,8.0
"LJ Phillips Jr.",Davidson,2,94,47.0,1,0.50,105,52.5,2,1.00,8,4.0,13,6.5
"Locklan Hewlett","South Florida",1,45,45.0,1,1.00,NULL,NULL,NULL,NULL,1,1.0,1,1.0
"Logan Bitikofer",Bucknell,1,39,39.0,0,0.00,-17,-17.0,0,0.00,6,6.0,9,9.0
"Logan Bonner","Arkansas State",4,3150,787.5,30,7.50,62,15.5,1,0.25,271,67.8,468,117.0
"Logan Bonner","Utah State",2,4381,2190.5,42,21.00,83,41.5,0,0.00,325,162.5,540,270.0
"Logan Brabham",Marist,3,912,304.0,5,1.67,48,16.0,0,0.00,88,29.3,141,47.0
"Logan Burnett","Mississippi State",2,33,16.5,0,0.00,3,1.5,0,0.00,2,1.0,2,1.0
"Logan Fife","Fresno State",3,1567,522.3,6,2.00,100,33.3,4,1.33,141,47.0,225,75.0
"Logan Fife",Montana,1,1781,1781.0,13,13.00,120,120.0,5,5.00,157,157.0,246,246.0
"Logan Fife","New Mexico State",1,1715,1715.0,9,9.00,21,21.0,1,1.00,139,139.0,242,242.0
"Logan Gonzalez","Idaho State",1,2,2.0,0,0.00,3,3.0,0,0.00,1,1.0,2,2.0
"Logan Gonzalez","Portland State",2,90,45.0,1,0.50,NULL,NULL,NULL,NULL,7,3.5,13,6.5
"Logan Hallock","App State",2,2,1.0,0,0.00,-5,-2.5,0,0.00,1,0.5,2,1.0
"Logan Holgorsen",Houston,2,196,98.0,1,0.50,-11,-5.5,0,0.00,13,6.5,28,14.0
"Logan Inagawa",Drake,1,742,742.0,7,7.00,285,285.0,5,5.00,64,64.0,90,90.0
"Logan Kilgore","Middle Tennessee",4,7702,1925.5,53,13.25,197,49.3,4,1.00,682,170.5,1116,279.0
"Logan Kushner",Duquesne,1,145,145.0,1,1.00,49,49.0,2,2.00,15,15.0,20,20.0
"Logan Marchi","East Tennessee State",1,72,72.0,0,0.00,9,9.0,0,0.00,11,11.0,26,26.0
"Logan Marchi",Temple,2,1687,843.5,9,4.50,-32,-16.0,0,0.00,138,69.0,251,125.5
"Logan Smothers","Jacksonville State",2,858,429.0,6,3.00,497,248.5,10,5.00,77,38.5,136,68.0
"Logan Smothers",Nebraska,2,413,206.5,0,0.00,161,80.5,2,1.00,33,16.5,52,26.0
"Logan Thomas","Virginia Tech",4,9003,2250.8,53,13.25,1359,339.8,24,6.00,693,173.3,1248,312.0
"Logan Woodside",Toledo,4,10523,2630.8,93,23.25,88,22.0,4,1.00,760,190.0,1167,291.8
"London Johnson","Charleston Southern",3,2,0.7,0,0.00,94,31.3,0,0.00,3,1.0,13,4.3
"London Lacy","UC Davis",3,254,84.7,1,0.33,-42,-14.0,0,0.00,33,11.0,57,19.0
"Louis Colosimo",Davidson,1,NULL,NULL,NULL,NULL,NULL,NULL,NULL,NULL,NULL,NULL,NULL,NULL
"Lowell Narcisse",UTSA,2,1643,821.5,11,5.50,617,308.5,4,2.00,142,71.0,257,128.5
"Luca Stanzani","Long Island University",4,2592,648.0,24,6.00,740,185.0,11,2.75,238,59.5,409,102.3
"Lucas Beatty",Gardner-Webb,4,247,61.8,0,0.00,-57,-14.3,0,0.00,29,7.3,46,11.5
"Lucas Coley",Houston,1,8,8.0,0,0.00,4,4.0,0,0.00,3,3.0,3,3.0
"Lucas Coley","Prairie View A&M",1,108,108.0,0,0.00,-17,-17.0,0,0.00,8,8.0,20,20.0
"Lucas Hartings","Western Michigan",1,NULL,NULL,NULL,NULL,25,25.0,0,0.00,NULL,NULL,NULL,NULL
"Lucas Johnson","Georgia Tech",2,187,93.5,1,0.50,44,22.0,0,0.00,21,10.5,37,18.5
"Lucas Johnson",Montana,1,1983,1983.0,18,18.00,296,296.0,7,7.00,168,168.0,274,274.0
"Lucas Johnson","San Diego State",2,1608,804.0,13,6.50,257,128.5,2,1.00,152,76.0,247,123.5
"Lucas Maue","Murray State",1,143,143.0,2,2.00,155,155.0,4,4.00,8,8.0,30,30.0
"Lucas Powell",Lamar,1,11,11.0,0,0.00,19,19.0,0,0.00,2,2.0,2,2.0
"Lucas Razore","Cal Poly",1,121,121.0,1,1.00,-27,-27.0,0,0.00,5,5.0,16,16.0
"Lucas Scheerhorn","Kennesaw State",1,1,1.0,0,0.00,-14,-14.0,0,0.00,1,1.0,3,3.0
"Lucas Scheerhorn",Rice,1,24,24.0,0,0.00,0,0.0,0,0.00,3,3.0,4,4.0
"Lucian Anderson III","Bowling Green",3,277,92.3,3,1.00,233,77.7,4,1.33,31,10.3,53,17.7
"Luke Altmyer",Illinois,3,6620,2206.7,50,16.67,519,173.0,9,3.00,547,182.3,843,281.0
"Luke Altmyer","Ole Miss",2,317,158.5,3,1.50,3,1.5,1,0.50,28,14.0,54,27.0
"Luke Anthony","Abilene Christian",3,799,266.3,5,1.67,-77,-25.7,0,0.00,77,25.7,117,39.0
"Luke Anthony","Louisiana Tech",1,1479,1479.0,16,16.00,-58,-58.0,1,1.00,138,138.0,221,221.0
"Luke Ashworth",Arizona,1,0,0.0,0,0.00,NULL,NULL,NULL,NULL,0,0.0,1,1.0
"Luke Bailey",Drake,3,5830,1943.3,36,12.00,-1,-0.3,0,0.00,522,174.0,881,293.7
"Luke Bottari",Utah,2,250,125.0,1,0.50,45,22.5,2,1.00,26,13.0,41,20.5
"Luke Carney",Syracuse,1,10,10.0,0,0.00,18,18.0,1,1.00,2,2.0,3,3.0
"Luke Collis",Nevada,2,0,0.0,0,0.00,8,4.0,0,0.00,0,0.0,1,0.5
"Luke Del Rio",Florida,2,1496,748.0,9,4.50,-52,-26.0,0,0.00,130,65.0,226,113.0
"Luke Del Rio","Oregon State",1,141,141.0,0,0.00,NULL,NULL,NULL,NULL,8,8.0,18,18.0
"Luke Duby","Black Hills State",1,160,160.0,2,2.00,-20,-20.0,0,0.00,17,17.0,36,36.0
"Luke Duby",Cornell,2,288,144.0,1,0.50,18,9.0,0,0.00,29,14.5,42,21.0
"Luke Durkin",Davidson,3,1226,408.7,15,5.00,209,69.7,2,0.67,87,29.0,140,46.7
"Luke Emge",Harvard,2,200,100.0,1,0.50,27,13.5,0,0.00,13,6.5,22,11.0
"Luke Falk","Washington State",4,14486,3621.5,119,29.75,-400,-100.0,4,1.00,1404,351.0,2055,513.8
"Luke Flowers",Montana,1,31,31.0,0,0.00,NULL,NULL,NULL,NULL,2,2.0,2,2.0
"Luke Gombert","Incarnate Word",2,45,22.5,1,0.50,NULL,NULL,NULL,NULL,3,1.5,6,3.0
"Luke Kromenhoek","Florida State",1,502,502.0,3,3.00,113,113.0,0,0.00,44,44.0,84,84.0
"Luke Kromenhoek","Mississippi State",1,20,20.0,0,0.00,24,24.0,1,1.00,2,2.0,4,4.0
"Luke Langdon",Army,3,0,0.0,0,0.00,82,27.3,2,0.67,0,0.0,4,1.3
"Luke MacPhail",Syracuse,1,0,0.0,0,0.00,1,1.0,0,0.00,0,0.0,1,1.0
"Luke MacPhail","Utah Tech",1,52,52.0,0,0.00,8,8.0,0,0.00,5,5.0,14,14.0
"Luke Marble","South Dakota State",1,311,311.0,3,3.00,-3,-3.0,0,0.00,24,24.0,42,42.0
"Luke Massei",Wagner,2,62,31.0,0,0.00,-18,-9.0,0,0.00,8,4.0,18,9.0
"Luke Medlock",Fordham,2,303,151.5,1,0.50,-17,-8.5,0,0.00,24,12.0,50,25.0
"Luke Moga",Oregon,1,58,58.0,0,0.00,49,49.0,0,0.00,3,3.0,5,5.0
"Luke Schomburg",Chattanooga,2,1180,590.0,6,3.00,-24,-12.0,0,0.00,92,46.0,174,87.0
"Luke Skipper",Tulsa,2,1857,928.5,7,3.50,271,135.5,5,2.50,139,69.5,242,121.0
"Luke Sprague",Bethune-Cookman,2,657,328.5,5,2.50,-73,-36.5,2,1.00,67,33.5,112,56.0
"Luke Ward","Tennessee Tech",3,97,32.3,2,0.67,54,18.0,0,0.00,10,3.3,20,6.7
"Luke Weaver",Hawai'i,1,600,600.0,5,5.00,73,73.0,0,0.00,61,61.0,102,102.0
"Luke Wright",Cincinnati,1,16,16.0,0,0.00,3,3.0,0,0.00,1,1.0,3,3.0
"Luke Wright",Kentucky,1,28,28.0,0,0.00,NULL,NULL,NULL,NULL,3,3.0,4,4.0
"Luke Zban",Marshall,2,287,143.5,3,1.50,179,89.5,0,0.00,32,16.0,47,23.5
"Luther Richesson","Central Arkansas",1,726,726.0,6,6.00,92,92.0,1,1.00,61,61.0,98,98.0
"Lyle Moevao","Oregon State",3,3410,1136.7,21,7.00,-133,-44.3,4,1.33,291,97.0,509,169.7
"Lyle Negron","Stony Brook",1,300,300.0,2,2.00,23,23.0,0,0.00,25,25.0,48,48.0
"M.J. McPeek","Colorado State",1,552,552.0,4,4.00,-13,-13.0,0,0.00,47,47.0,85,85.0
"M.J. Rivers",Illinois,1,105,105.0,2,2.00,36,36.0,0,0.00,9,9.0,16,16.0
"M.J. Rivers II",Illinois,1,442,442.0,1,1.00,29,29.0,0,0.00,47,47.0,85,85.0
"Maalik Murphy",Duke,1,2932,2932.0,26,26.00,-79,-79.0,2,2.00,254,254.0,421,421.0
"Maalik Murphy","Oregon State",1,1719,1719.0,9,9.00,-39,-39.0,1,1.00,153,153.0,262,262.0
"Maalik Murphy",Texas,1,477,477.0,3,3.00,-18,-18.0,0,0.00,40,40.0,71,71.0
"Maasai Maynor",Navy,3,220,73.3,1,0.33,-1,-0.3,1,0.33,15,5.0,30,10.0
"Mabrey Mettauer","Sam Houston",1,237,237.0,2,2.00,56,56.0,0,0.00,29,29.0,44,44.0
"Mabrey Mettauer",Wisconsin,1,2,2.0,0,0.00,2,2.0,0,0.00,1,1.0,1,1.0
"Mac Jones",Alabama,3,6126,2042.0,56,18.67,44,14.7,2,0.67,413,137.7,556,185.3
"Mack Leftwich",UTEP,2,1686,843.0,11,5.50,44,22.0,0,0.00,149,74.5,267,133.5
"Mack Lowrie","Rhode Island",1,111,111.0,1,1.00,11,11.0,0,0.00,17,17.0,28,28.0
"Mackenzi Adams",Vanderbilt,4,2779,694.8,16,4.00,571,142.8,3,0.75,257,64.3,493,123.3
"Maddox Kopp",Colorado,1,123,123.0,1,1.00,9,9.0,0,0.00,15,15.0,28,28.0
"Maddox Kopp","Houston Christian",1,286,286.0,2,2.00,26,26.0,0,0.00,26,26.0,52,52.0
"Maddox Kopp","Miami (OH)",1,28,28.0,0,0.00,-4,-4.0,0,0.00,1,1.0,2,2.0
"Maddux Madsen","Boise State",4,6249,1562.3,47,11.75,418,104.5,10,2.50,482,120.5,783,195.8
"Maddux Richey","Tennessee Tech",1,18,18.0,0,0.00,-9,-9.0,0,0.00,3,3.0,7,7.0
"Maealiuaki Smith","Oklahoma State",1,499,499.0,2,2.00,-19,-19.0,1,1.00,44,44.0,75,75.0
"Maguire Martin","Air Force",1,NULL,NULL,NULL,NULL,11,11.0,1,1.00,NULL,NULL,NULL,NULL
"Maikhail Miller","Murray State",1,279,279.0,1,1.00,125,125.0,0,0.00,38,38.0,64,64.0
"Maikhail Miller","Ole Miss",1,NULL,NULL,NULL,NULL,23,23.0,0,0.00,NULL,NULL,NULL,NULL
"Major Cantrell","Iowa State",1,NULL,NULL,NULL,NULL,25,25.0,0,0.00,NULL,NULL,NULL,NULL
"Malachi Broadnax","Illinois State",1,NULL,NULL,NULL,NULL,NULL,NULL,NULL,NULL,NULL,NULL,NULL,NULL
"Malachi Nelson","Boise State",1,128,128.0,0,0.00,-11,-11.0,0,0.00,12,12.0,17,17.0
"Malachi Nelson",USC,1,0,0.0,0,0.00,NULL,NULL,NULL,NULL,1,1.0,3,3.0
"Malachi Nelson",UTEP,1,1163,1163.0,8,8.00,-13,-13.0,0,0.00,104,104.0,190,190.0
"Malachi Singleton",Arkansas,1,358,358.0,1,1.00,67,67.0,3,3.00,21,21.0,28,28.0
"Malachi Singleton",Purdue,1,266,266.0,3,3.00,153,153.0,1,1.00,18,18.0,31,31.0
"Malakai Anthony","Bowie State",1,114,114.0,1,1.00,40,40.0,0,0.00,16,16.0,30,30.0
"Malakai Anthony",Merrimack,2,733,366.5,5,2.50,188,94.0,5,2.50,65,32.5,124,62.0
"Malcolm Bell","North Carolina Central",4,451,112.8,2,0.50,18,4.5,1,0.25,41,10.3,99,24.8
"Malcolm Brown","Morgan State",2,6,3.0,0,0.00,NULL,NULL,NULL,NULL,1,0.5,1,0.5
"Malcolm Mays",Hampton,3,2530,843.3,25,8.33,480,160.0,5,1.67,205,68.3,359,119.7
"Malcolm Perry",Navy,4,1311,327.8,10,2.50,4359,1089.8,40,10.00,58,14.5,112,28.0
"Malik Cunningham",Louisville,5,9664,1932.8,70,14.00,3183,636.6,50,10.00,692,138.4,1104,220.8
"Malik Henry",Nevada,1,593,593.0,1,1.00,-2,-2.0,0,0.00,42,42.0,78,78.0
"Malik Rosier",Miami,4,4533,1133.3,34,8.50,832,208.0,12,3.00,335,83.8,630,157.5
"Malik Stokes","Norfolk State",2,87,43.5,1,0.50,33,16.5,1,0.50,7,3.5,25,12.5
"Malik Washington",Maryland,1,1716,1716.0,11,11.00,112,112.0,3,3.00,160,160.0,268,268.0
"Malik Watson","San José State",1,59,59.0,0,0.00,3,3.0,0,0.00,9,9.0,15,15.0
"Malik Willis",Auburn,2,69,34.5,1,0.50,309,154.5,2,1.00,11,5.5,14,7.0
"Malik Willis",Liberty,2,5109,2554.5,47,23.50,1822,911.0,27,13.50,376,188.0,603,301.5
"Malik Zaire",Florida,1,349,349.0,0,0.00,39,39.0,0,0.00,32,32.0,56,56.0
"Malik Zaire","Notre Dame",3,816,272.0,6,2.00,324,108.0,2,0.67,58,19.3,98,32.7
"Manny Miles",Kansas,1,114,114.0,1,1.00,22,22.0,1,1.00,9,9.0,17,17.0
"Manny Miles","North Carolina",2,55,27.5,1,0.50,8,4.0,0,0.00,3,1.5,5,2.5
"Manny Stocker","NC State",1,0,0.0,0,0.00,18,18.0,0,0.00,0,0.0,2,2.0
"Manny Stocker",Pittsburgh,1,NULL,NULL,NULL,NULL,9,9.0,0,0.00,NULL,NULL,NULL,NULL
"Manny Wilkins","Arizona State",4,8622,2155.5,52,13.00,1035,258.8,20,5.00,703,175.8,1112,278.0
"Marc Verica",Virginia,3,4992,1664.0,22,7.33,-155,-51.7,1,0.33,487,162.3,813,271.0
"Marcel Reed","Texas A&M",3,4210,1403.3,33,11.00,941,313.7,14,4.67,305,101.7,499,166.3
"Marcelo Rodriguez","Southern Miss",1,8,8.0,0,0.00,9,9.0,0,0.00,3,3.0,7,7.0
"Marco Lainez",Elon,1,22,22.0,0,0.00,43,43.0,0,0.00,2,2.0,7,7.0
"Marco Lainez",Iowa,1,4,4.0,0,0.00,51,51.0,0,0.00,2,2.0,7,7.0
"Marco Siderman","Holy Cross",1,14,14.0,0,0.00,-2,-2.0,0,0.00,2,2.0,3,3.0
"Marco Siderman","Tarleton State",1,47,47.0,1,1.00,19,19.0,0,0.00,1,1.0,2,2.0
"Marcus Brown",Valparaiso,1,0,0.0,0,0.00,63,63.0,0,0.00,0,0.0,3,3.0
"Marcus Childers","Northern Illinois",3,4148,1382.7,37,12.33,1335,445.0,16,5.33,413,137.7,717,239.0
"Marcus Jackson",TCU,4,1149,287.3,9,2.25,695,173.8,6,1.50,98,24.5,177,44.3
"Marcus Mariota",Oregon,3,10796,3598.7,105,35.00,2237,745.7,29,9.67,779,259.7,1167,389.0
"Marcus McDade","Fresno State",1,NULL,NULL,NULL,NULL,6,6.0,0,0.00,NULL,NULL,NULL,NULL
"Marcus McMaryion","Fresno State",2,6354,3177.0,39,19.50,598,299.0,12,6.00,511,255.5,778,389.0
"Marcus McMaryion","Oregon State",2,1689,844.5,11,5.50,93,46.5,2,1.00,128,64.0,237,118.5
"Marcus Riley",Bethune-Cookman,2,29,14.5,0,0.00,1,0.5,0,0.00,3,1.5,5,2.5
"Marcus Terrell","Arkansas-Pine Bluff",1,12,12.0,0,0.00,6,6.0,0,0.00,1,1.0,2,2.0
"Marcus Wasilewski",Maine,2,638,319.0,2,1.00,114,57.0,1,0.50,65,32.5,110,55.0
"Mariano Valenti",Temple,1,73,73.0,0,0.00,3,3.0,0,0.00,10,10.0,14,14.0
"Mark Cann",Marshall,1,1767,1767.0,14,14.00,-40,-40.0,1,1.00,154,154.0,307,307.0
"Mark Gronowski",Iowa,1,946,946.0,4,4.00,313,313.0,11,11.00,107,107.0,165,165.0
"Mark Gronowski","South Dakota State",3,8226,2742.0,72,24.00,1097,365.7,27,9.00,604,201.3,946,315.3
"Mark Iannotti","Eastern Michigan",1,0,0.0,0,0.00,NULL,NULL,NULL,NULL,0,0.0,1,1.0
"Mark Iannotti","Southern Illinois",2,659,329.5,4,2.00,121,60.5,2,1.00,48,24.0,76,38.0
"Mark Konecny","Western Michigan",1,0,0.0,0,0.00,-2,-2.0,0,0.00,0,0.0,1,1.0
"Mark Leal","Virginia Tech",4,411,102.8,3,0.75,1,0.3,0,0.00,34,8.5,57,14.3
"Mark Myers",Pittsburgh,1,5,5.0,0,0.00,-3,-3.0,0,0.00,1,1.0,4,4.0
"Mark Pappas","Morehead State",1,NULL,NULL,NULL,NULL,NULL,NULL,NULL,NULL,NULL,NULL,NULL,NULL
"Markevion Quinn","Alcorn State",1,34,34.0,0,0.00,3,3.0,0,0.00,2,2.0,4,4.0
"Markevion Quinn",Memphis,1,NULL,NULL,NULL,NULL,18,18.0,0,0.00,NULL,NULL,NULL,NULL
"Marlon Kelly","Delaware State",1,11,11.0,0,0.00,1,1.0,0,0.00,3,3.0,4,4.0
"MarQueis Gray",Minnesota,4,2053,513.3,14,3.50,1731,432.8,12,3.00,150,37.5,295,73.8
"Marquez McCray",Monmouth,1,2492,2492.0,20,20.00,-97,-97.0,0,0.00,202,202.0,309,309.0
"Marquez McCray","Sacred Heart",2,1951,975.5,8,4.00,46,23.0,4,2.00,176,88.0,274,137.0
"Marqui Adams","Delaware State",3,2451,817.0,15,5.00,379,126.3,2,0.67,203,67.7,339,113.0
"Marquise Williams","North Carolina",4,7965,1991.3,61,15.25,2458,614.5,35,8.75,625,156.3,1019,254.8
"Marshall Howe",Yale,3,35,11.7,0,0.00,19,6.3,0,0.00,5,1.7,13,4.3
"Marshall Lobbestael","Washington State",4,3871,967.8,26,6.50,-357,-89.3,2,0.50,335,83.8,603,150.8
"Marshall Skoloff",Stetson,1,0,0.0,0,0.00,12,12.0,0,0.00,0,0.0,2,2.0
"Martevious Young","Southern Miss",4,2001,500.3,17,4.25,382,95.5,1,0.25,146,36.5,256,64.0
"Marvin Washington",UConn,1,147,147.0,1,1.00,21,21.0,0,0.00,9,9.0,24,24.0
"Marvin Zanders",Missouri,1,114,114.0,1,1.00,198,198.0,2,2.00,10,10.0,12,12.0
"Mason Bray",Arizona,1,22,22.0,0,0.00,12,12.0,0,0.00,1,1.0,2,2.0
"Mason Cunningham",Liberty,1,31,31.0,0,0.00,2,2.0,0,0.00,4,4.0,7,7.0
"Mason Fine","North Texas",4,12497,3124.3,93,23.25,57,14.3,7,1.75,1038,259.5,1654,413.5
"Mason Garcia","Austin Peay",1,19,19.0,0,0.00,7,7.0,0,0.00,3,3.0,8,8.0
"Mason Garcia","East Carolina",4,571,142.8,2,0.50,347,86.8,4,1.00,66,16.5,132,33.0
"Mason Heintschel",Pittsburgh,1,1246,1246.0,9,9.00,122,122.0,1,1.00,95,95.0,146,146.0
"Mason Maggs","Ohio State",1,NULL,NULL,NULL,NULL,3,3.0,0,0.00,NULL,NULL,NULL,NULL
"Mason Magleby",Nevada,2,109,54.5,4,2.00,67,33.5,0,0.00,10,5.0,11,5.5
"Mason Phillips",Tennessee,1,NULL,NULL,NULL,NULL,18,18.0,0,0.00,NULL,NULL,NULL,NULL
"Mason Randall","San Diego",1,NULL,NULL,NULL,NULL,NULL,NULL,NULL,NULL,NULL,NULL,NULL,NULL
"Mason Rudolph","Oklahoma State",4,13618,3404.5,92,23.00,28,7.0,17,4.25,915,228.8,1447,361.8
"Mason Welch","Louisiana Tech",1,NULL,NULL,NULL,NULL,10,10.0,0,0.00,NULL,NULL,NULL,NULL
"Matt Adam","Indiana State",1,194,194.0,2,2.00,88,88.0,0,0.00,18,18.0,37,37.0
"Matt Alviti",Northwestern,4,169,42.3,1,0.25,144,36.0,2,0.50,15,3.8,30,7.5
"Matt Arvanitis",Stonehill,2,38,19.0,0,0.00,258,129.0,2,1.00,3,1.5,10,5.0
"Matt Barkley",USC,4,12327,3081.8,116,29.00,-113,-28.3,6,1.50,1001,250.3,1562,390.5
"Matt Cavallaro","Idaho State",1,24,24.0,0,0.00,NULL,NULL,NULL,NULL,3,3.0,6,6.0
"Matt Christian","New Mexico State",2,3530,1765.0,23,11.50,513,256.5,7,3.50,259,129.5,514,257.0
"Matt Corral","Ole Miss",4,8302,2075.5,57,14.25,1348,337.0,18,4.50,615,153.8,913,228.3
"Matt Davis",SMU,3,3273,1091.0,21,7.00,1465,488.3,14,4.67,280,93.3,517,172.3
"Matt Duncan",Temple,1,0,0.0,0,0.00,5,5.0,0,0.00,0,0.0,2,2.0
"Matt Faulkner","San José State",2,3355,1677.5,14,7.00,-102,-51.0,0,0.00,295,147.5,461,230.5
"Matt Fink",USC,4,732,183.0,5,1.25,94,23.5,2,0.50,72,18.0,107,26.8
"Matt Floyd","South Alabama",1,264,264.0,0,0.00,-10,-10.0,0,0.00,19,19.0,44,44.0
"Matt Floyd","South Florida",2,538,269.0,0,0.00,-61,-30.5,0,0.00,66,33.0,130,65.0
"Matt Gardner","UL Monroe",1,NULL,NULL,NULL,NULL,NULL,NULL,NULL,NULL,NULL,NULL,NULL,NULL
"Matt Grothe","South Florida",4,8669,2167.3,52,13.00,2206,551.5,23,5.75,717,179.3,1148,287.0
"Matt Joeckel",TCU,1,134,134.0,2,2.00,20,20.0,0,0.00,12,12.0,21,21.0
"Matt Joeckel","Texas A&M",2,335,167.5,2,1.00,1,0.5,0,0.00,27,13.5,48,24.0
"Matt Johns",Virginia,3,4233,1411.0,30,10.00,185,61.7,2,0.67,372,124.0,628,209.3
"Matt Keller",McNeese,1,6,6.0,0,0.00,NULL,NULL,NULL,NULL,1,1.0,3,3.0
"Matt Linehan",Idaho,4,10756,2689.0,62,15.50,322,80.5,12,3.00,899,224.8,1465,366.3
"Matt Machalik",Lehigh,2,16,8.0,0,0.00,286,143.0,6,3.00,3,1.5,5,2.5
"Matt Masker",Nebraska,1,17,17.0,0,0.00,13,13.0,0,0.00,3,3.0,3,3.0
"Matt McDonald","Boston College",1,111,111.0,2,2.00,3,3.0,0,0.00,6,6.0,7,7.0
"Matt McDonald","Bowling Green",3,5936,1978.7,35,11.67,43,14.3,6,2.00,522,174.0,896,298.7
"Matt McIntosh","Northern Illinois",3,233,77.7,4,1.33,180,60.0,2,0.67,23,7.7,38,12.7
"Matt McIntosh","Southern Illinois",1,NULL,NULL,NULL,NULL,19,19.0,0,0.00,NULL,NULL,NULL,NULL
"Matt McKay",Elon,1,2690,2690.0,21,21.00,458,458.0,3,3.00,196,196.0,321,321.0
"Matt McKay","Montana State",1,200,200.0,2,2.00,11,11.0,0,0.00,19,19.0,28,28.0
"Matt McKay","NC State",2,959,479.5,3,1.50,77,38.5,5,2.50,88,44.0,152,76.0
"Matt Misley",Wagner,1,11,11.0,0,0.00,-16,-16.0,0,0.00,4,4.0,11,11.0
"Matt Morrissey","Eastern Kentucky",1,1934,1934.0,12,12.00,242,242.0,3,3.00,181,181.0,318,318.0
"Matt Morrissey","Northern Iowa",1,0,0.0,0,0.00,NULL,NULL,NULL,NULL,0,0.0,1,1.0
"Matt Morrissey","Western Illinois",1,2008,2008.0,13,13.00,-190,-190.0,2,2.00,206,206.0,338,338.0
"Matt Myers",Buffalo,4,1316,329.0,10,2.50,385,96.3,10,2.50,107,26.8,210,52.5
"Matt O'Connor",Stetson,2,1553,776.5,7,3.50,33,16.5,1,0.50,126,63.0,234,117.0
"Matt O'Connor",Villanova,1,0,0.0,0,0.00,-4,-4.0,0,0.00,0,0.0,5,5.0
"Matt Pelesasa","Western Kentucky",1,NULL,NULL,NULL,NULL,-1,-1.0,0,0.00,NULL,NULL,NULL,NULL
"Matt Perrelli",Miami,1,3,3.0,0,0.00,1,1.0,1,1.00,1,1.0,1,1.0
"Matt Rauscher",Lehigh,1,NULL,NULL,NULL,NULL,0,0.0,0,0.00,NULL,NULL,NULL,NULL
"Matt Robinson",Illinois,3,508,169.3,1,0.33,-16,-5.3,1,0.33,48,16.0,87,29.0
"Matt Rodgers",Akron,3,500,166.7,3,1.00,181,60.3,3,1.00,46,15.3,80,26.7
"Matt Romero","New Mexico State",2,625,312.5,3,1.50,-15,-7.5,1,0.50,74,37.0,137,68.5
"Matt Schilz","Bowling Green",4,8012,2003.0,51,12.75,-220,-55.0,4,1.00,714,178.5,1224,306.0
"Matt Scott",Arizona,4,4921,1230.3,33,8.25,1138,284.5,8,2.00,415,103.8,676,169.0
"Matt Simms",Louisville,1,39,39.0,0,0.00,-5,-5.0,0,0.00,4,4.0,10,10.0
"Matt Simms",Tennessee,2,1779,889.5,8,4.00,-130,-65.0,2,1.00,140,70.0,257,128.5
"Matt Struck","Idaho State",1,142,142.0,0,0.00,-9,-9.0,0,0.00,14,14.0,29,29.0
"Matt Valecce","Boston College",1,27,27.0,0,0.00,-5,-5.0,0,0.00,3,3.0,7,7.0
"Matt Vezza","New Hampshire",3,2032,677.3,13,4.33,510,170.0,6,2.00,172,57.3,279,93.0
"Matt Zollers",Missouri,1,213,213.0,2,2.00,4,4.0,0,0.00,20,20.0,29,29.0
"Matthew Caldwell",Gardner-Webb,2,1314,657.0,8,4.00,92,46.0,3,1.50,134,67.0,232,116.0
"Matthew Caldwell",Texas,1,85,85.0,1,1.00,64,64.0,0,0.00,8,8.0,11,11.0
"Matthew Caldwell",Troy,1,1608,1608.0,13,13.00,47,47.0,5,5.00,141,141.0,224,224.0
"Matthew Clemmer",Chattanooga,1,0,0.0,0,0.00,NULL,NULL,NULL,NULL,0,0.0,2,2.0
"Matthew Considine","Wake Forest",1,0,0.0,0,0.00,NULL,NULL,NULL,NULL,0,0.0,2,2.0
"Matthew Downing",Elon,2,3950,1975.0,35,17.50,-65,-32.5,3,1.50,268,134.0,445,222.5
"Matthew Downing",Georgia,1,88,88.0,0,0.00,6,6.0,0,0.00,8,8.0,10,10.0
"Matthew Downing","Louisiana Tech",1,356,356.0,3,3.00,-3,-3.0,0,0.00,33,33.0,62,62.0
"Matthew Downing",TCU,2,195,97.5,1,0.50,1,0.5,0,0.00,20,10.0,34,17.0
"Matthew Geeting",UNLV,1,NULL,NULL,NULL,NULL,-2,-2.0,0,0.00,NULL,NULL,NULL,NULL
"Matthew Jordan","Georgia Tech",3,205,68.3,2,0.67,460,153.3,9,3.00,8,2.7,19,6.3
"Matthew Merrick",Texas,1,NULL,NULL,NULL,NULL,NULL,NULL,NULL,NULL,NULL,NULL,NULL,NULL
"Matthew Middleton","Morehead State",1,NULL,NULL,NULL,NULL,NULL,NULL,NULL,NULL,NULL,NULL,NULL,NULL
"Matthew Quinn",Massachusetts,1,0,0.0,0,0.00,NULL,NULL,NULL,NULL,0,0.0,1,1.0
"Matthew Schecklman","Northern Iowa",2,2664,1332.0,16,8.00,259,129.5,0,0.00,244,122.0,400,200.0
"Matthew Sluka","Holy Cross",3,4334,1444.7,48,16.00,2580,860.0,21,7.00,285,95.0,479,159.7
"Matthew Sluka","James Madison",1,68,68.0,2,2.00,161,161.0,2,2.00,7,7.0,10,10.0
"Matthew Sluka",UNLV,1,318,318.0,6,6.00,253,253.0,1,1.00,21,21.0,48,48.0
"Maty Mauk","Eastern Kentucky",1,303,303.0,1,1.00,19,19.0,0,0.00,21,21.0,39,39.0
"Maty Mauk",Missouri,3,4373,1457.7,42,14.00,737,245.7,4,1.33,346,115.3,657,219.0
"Maurice Smith","Long Island University",2,7,3.5,0,0.00,37,18.5,0,0.00,1,0.5,1,0.5
"Maverick McIvor","Abilene Christian",3,7921,2640.3,61,20.33,49,16.3,3,1.00,650,216.7,1075,358.3
"Maverick McIvor","Western Kentucky",1,1863,1863.0,12,12.00,28,28.0,1,1.00,171,171.0,254,254.0
"Max Blanc","Youngstown State",2,10,5.0,0,0.00,NULL,NULL,NULL,NULL,3,1.5,4,2.0
"Max Bortenschlager","Florida International",2,3152,1576.0,20,10.00,-280,-140.0,1,0.50,199,99.5,387,193.5
"Max Bortenschlager",Maryland,3,1522,507.3,11,3.67,-14,-4.7,2,0.67,137,45.7,266,88.7
"Max Brosmer",Minnesota,1,2829,2829.0,18,18.00,-37,-37.0,5,5.00,268,268.0,403,403.0
"Max Brosmer","New Hampshire",3,6837,2279.0,58,19.33,243,81.0,7,2.33,573,191.0,913,304.3
"Max Brown",Charlotte,1,561,561.0,3,3.00,85,85.0,0,0.00,43,43.0,93,93.0
"Max Brown",Florida,1,192,192.0,0,0.00,37,37.0,0,0.00,19,19.0,28,28.0
"Max Brown","West Virginia",1,NULL,NULL,NULL,NULL,19,19.0,0,0.00,NULL,NULL,NULL,NULL
"Max Browne",Pittsburgh,1,997,997.0,5,5.00,-74,-74.0,0,0.00,96,96.0,135,135.0
"Max Browne",USC,3,650,216.7,2,0.67,-10,-3.3,0,0.00,69,23.0,112,37.3
"Max Cutforth","Boise State",2,80,40.0,0,0.00,-11,-5.5,0,0.00,8,4.0,12,6.0
"Max Duggan",TCU,4,9587,2396.8,72,18.00,1877,469.3,28,7.00,738,184.5,1223,305.8
"Max Gilliam",UNLV,2,2180,1090.0,19,9.50,248,124.0,3,1.50,213,106.5,374,187.0
"Max Hall",BYU,3,11365,3788.3,94,31.33,199,66.3,7,2.33,903,301.0,1383,461.0
"Max Holtzclaw",Presbyterian,2,5,2.5,0,0.00,29,14.5,0,0.00,1,0.5,5,2.5
"Max Jenkins",Army,2,117,58.5,2,1.00,174,87.0,5,2.50,7,3.5,36,18.0
"Max Johnson",LSU,2,3884,1942.0,35,17.50,78,39.0,3,1.50,313,156.5,523,261.5
"Max Johnson","North Carolina",2,454,227.0,2,1.00,20,10.0,1,0.50,58,29.0,91,45.5
"Max Johnson","Texas A&M",2,1969,984.5,12,6.00,85,42.5,2,1.00,161,80.5,261,130.5
"Max Monroe",Presbyterian,2,NULL,NULL,NULL,NULL,2,1.0,0,0.00,NULL,NULL,NULL,NULL
"Max Shikenjanski",Minnesota,1,80,80.0,1,1.00,0,0.0,1,1.00,4,4.0,5,5.0
"Max Shortell","Jacksonville State",2,352,176.0,1,0.50,-39,-19.5,0,0.00,22,11.0,45,22.5
"Max Shortell",Minnesota,2,1162,581.0,8,4.00,62,31.0,0,0.00,91,45.5,170,85.0
"Max Smyth",Monmouth,2,9,4.5,0,0.00,NULL,NULL,NULL,NULL,2,1.0,4,2.0
"Max Staver","Houston Christian",1,88,88.0,1,1.00,-6,-6.0,0,0.00,7,7.0,24,24.0
"Max Wittek",Hawai'i,1,1542,1542.0,7,7.00,-89,-89.0,1,1.00,128,128.0,271,271.0
"Max Wittek",USC,2,600,300.0,3,1.50,-46,-23.0,1,0.50,50,25.0,95,47.5
"Maxwell Smith",Kentucky,3,3070,1023.3,21,7.00,-225,-75.0,0,0.00,292,97.3,486,162.0
"Maxwell Smith","San Diego State",1,1529,1529.0,13,13.00,-44,-44.0,2,2.00,110,110.0,200,200.0
"McCae Hillstead",BYU,1,33,33.0,0,0.00,26,26.0,0,0.00,4,4.0,5,5.0
"McCae Hillstead","Utah State",1,1062,1062.0,11,11.00,36,36.0,0,0.00,94,94.0,158,158.0
"McCoy Hill",BYU,1,27,27.0,0,0.00,27,27.0,0,0.00,2,2.0,2,2.0
"McCoy Hill","Southern Utah",3,54,18.0,0,0.00,26,8.7,0,0.00,7,2.3,13,4.3
"McKenzie Milton","Florida State",1,775,775.0,3,3.00,-13,-13.0,0,0.00,81,81.0,139,139.0
"McKenzie Milton",UCF,3,8683,2894.3,72,24.00,1078,359.3,20,6.67,630,210.0,1020,340.0
"McLane Carter",Rutgers,1,368,368.0,2,2.00,-13,-13.0,0,0.00,27,27.0,47,47.0
"McLane Carter","Texas Tech",2,677,338.5,4,2.00,-3,-1.5,1,0.50,51,25.5,97,48.5
"Mekhi Hagens","Arkansas-Pine Bluff",2,2986,1493.0,18,9.00,283,141.5,7,3.50,222,111.0,427,213.5
"Melvin Jacobs","East Carolina",2,NULL,NULL,NULL,NULL,NULL,NULL,NULL,NULL,NULL,NULL,NULL,NULL
"Messiah DeWeaver","Michigan State",1,NULL,NULL,NULL,NULL,-1,-1.0,0,0.00,NULL,NULL,NULL,NULL
"Messiah DeWeaver","Old Dominion",1,316,316.0,1,1.00,35,35.0,0,0.00,29,29.0,67,67.0
"Mic Roof",Charlotte,1,NULL,NULL,NULL,NULL,NULL,NULL,NULL,NULL,NULL,NULL,NULL,NULL
"Micah Alejado",Hawai'i,2,2342,1171.0,18,9.00,133,66.5,1,0.50,217,108.5,326,163.0
"Micah Bowens",Bethune-Cookman,1,1,1.0,0,0.00,20,20.0,0,0.00,3,3.0,11,11.0
"Micah Bowens",Charlotte,1,NULL,NULL,NULL,NULL,-13,-13.0,0,0.00,NULL,NULL,NULL,NULL
"Micah Bowens",Oklahoma,1,NULL,NULL,NULL,NULL,NULL,NULL,NULL,NULL,NULL,NULL,NULL,NULL
"Micah Leon",Florida,1,16,16.0,0,0.00,NULL,NULL,NULL,NULL,2,2.0,3,3.0
"Micah Leon",UConn,1,62,62.0,0,0.00,-4,-4.0,0,0.00,10,10.0,13,13.0
"Micah Thomas","SE Louisiana",1,NULL,NULL,NULL,NULL,-11,-11.0,0,0.00,NULL,NULL,NULL,NULL
"Micah Zanders","North Carolina Central",1,91,91.0,0,0.00,6,6.0,0,0.00,10,10.0,17,17.0
"Michael Alaimo","Kent State",1,932,932.0,2,2.00,-48,-48.0,1,1.00,79,79.0,144,144.0
"Michael Alaimo",Purdue,2,75,37.5,1,0.50,25,12.5,0,0.00,9,4.5,18,9.0
"Michael Appel Jr.",Valparaiso,3,2519,839.7,13,4.33,-243,-81.0,3,1.00,220,73.3,384,128.0
"Michael Birdsong","James Madison",2,351,175.5,3,1.50,14,7.0,0,0.00,33,16.5,52,26.0
"Michael Birdsong",Marshall,1,365,365.0,2,2.00,51,51.0,1,1.00,43,43.0,82,82.0
"Michael Birdsong","Tennessee Tech",1,164,164.0,0,0.00,-3,-3.0,0,0.00,17,17.0,35,35.0
"Michael Box",UConn,1,65,65.0,0,0.00,21,21.0,0,0.00,6,6.0,17,17.0
"Michael Brewer","Texas Tech",2,440,220.0,5,2.50,7,3.5,0,0.00,41,20.5,58,29.0
"Michael Brewer","Virginia Tech",2,4395,2197.5,31,15.50,-85,-42.5,3,1.50,388,194.0,657,328.5
"Michael Briggs","Missouri State",1,0,0.0,0,0.00,7,7.0,0,0.00,0,0.0,5,5.0
"Michael Carrillo","San José State",2,644,322.0,6,3.00,-58,-29.0,0,0.00,49,24.5,81,40.5
"Michael Chandler II",Campbell,2,1469,734.5,13,6.50,636,318.0,5,2.50,109,54.5,199,99.5
"Michael Chandler II",Lamar,3,1244,414.7,8,2.67,218,72.7,3,1.00,87,29.0,206,68.7
"Michael Church","Coastal Carolina",1,34,34.0,0,0.00,-1,-1.0,0,0.00,2,2.0,6,6.0
"Michael Collins",Rice,1,802,802.0,10,10.00,-25,-25.0,0,0.00,53,53.0,86,86.0
"Michael Collins",TCU,2,1107,553.5,6,3.00,120,60.0,4,2.00,82,41.0,145,72.5
"Michael Colosimo",Cincinnati,2,88,44.0,1,0.50,54,27.0,0,0.00,7,3.5,15,7.5
"Michael Cummings",Kansas,3,2215,738.3,13,4.33,142,47.3,5,1.67,183,61.0,342,114.0
"Michael Curtis",Massachusetts,3,700,233.3,6,2.00,149,49.7,5,1.67,56,18.7,104,34.7
"Michael Eubank","Arizona State",2,400,200.0,4,2.00,243,121.5,7,3.50,38,19.0,59,29.5
"Michael Eubank",Samford,2,239,119.5,1,0.50,13,6.5,0,0.00,30,15.0,53,26.5
"Michael Graham","William & Mary",2,269,134.5,1,0.50,-9,-4.5,1,0.50,21,10.5,32,16.0
"Michael Grant","Florida State",1,14,14.0,0,0.00,-9,-9.0,0,0.00,1,1.0,1,1.0
"Michael Hardyway",Bucknell,1,374,374.0,3,3.00,17,17.0,0,0.00,32,32.0,56,56.0
"Michael Haupert","Indiana State",2,18,9.0,0,0.00,-2,-1.0,0,0.00,1,0.5,1,0.5
"Michael Hawkins Jr.",Oklahoma,2,950,475.0,6,3.00,262,131.0,2,1.00,91,45.5,147,73.5
"Michael Hiers","Murray State",1,4,4.0,0,0.00,4,4.0,0,0.00,1,1.0,1,1.0
"Michael Hiers",Samford,2,5741,2870.5,44,22.00,126,63.0,6,3.00,594,297.0,795,397.5
"Michael Hughes","Tennessee State",1,100,100.0,1,1.00,5,5.0,0,0.00,7,7.0,8,8.0
"Michael Johnson Jr.",Akron,1,39,39.0,1,1.00,42,42.0,0,0.00,11,11.0,22,22.0
"Michael Johnson Jr.","Florida Atlantic",2,0,0.0,0,0.00,140,70.0,7,3.50,0,0.0,1,0.5
"Michael Johnson Jr.",Syracuse,1,31,31.0,0,0.00,-8,-8.0,0,0.00,2,2.0,3,3.0
"Michael Julian",Toledo,4,249,62.3,2,0.50,51,12.8,1,0.25,17,4.3,37,9.3
"Michael Kern","Wake Forest",6,1309,218.2,6,1.00,47,7.8,0,0.00,104,17.3,179,29.8
"Michael Lindauer",Cincinnati,1,NULL,NULL,NULL,NULL,15,15.0,0,0.00,NULL,NULL,NULL,NULL
"Michael Lindauer","Southern Illinois",1,445,445.0,8,8.00,21,21.0,0,0.00,34,34.0,57,57.0
"Michael McGovern",Brown,1,NULL,NULL,NULL,NULL,NULL,NULL,NULL,NULL,NULL,NULL,NULL,NULL
"Michael Merdinger",Liberty,1,98,98.0,0,0.00,15,15.0,0,0.00,8,8.0,18,18.0
"Michael Merdinger","North Carolina",1,86,86.0,0,0.00,-31,-31.0,0,0.00,9,9.0,12,12.0
"Michael Penix Jr.",Indiana,4,4105,1026.3,28,7.00,157,39.3,6,1.50,333,83.3,565,141.3
"Michael Penix Jr.",Washington,2,9544,4772.0,67,33.50,100,50.0,7,3.50,725,362.5,1110,555.0
"Michael Pratt",Tulane,4,9603,2400.8,90,22.50,1155,288.8,28,7.00,728,182.0,1202,300.5
"Michael Rocco",Richmond,1,97,97.0,0,0.00,3,3.0,1,1.00,5,5.0,11,11.0
"Michael Rocco",Virginia,3,4731,1577.0,27,9.00,98,32.7,2,0.67,396,132.0,657,219.0
"Michael Rostberg","St. Thomas (MN)",2,316,158.0,1,0.50,21,10.5,3,1.50,35,17.5,86,43.0
"Michael Sanders","Idaho State",1,333,333.0,1,1.00,-17,-17.0,0,0.00,35,35.0,75,75.0
"Michael Scarnecchia","South Carolina",2,362,181.0,4,2.00,-7,-3.5,0,0.00,30,15.0,52,26.0
"Michael Shuster","Penn State",1,NULL,NULL,NULL,NULL,-5,-5.0,0,0.00,NULL,NULL,NULL,NULL
"Michael Strauss",Richmond,3,626,208.7,3,1.00,-53,-17.7,0,0.00,60,20.0,89,29.7
"Michael Turner",UAB,1,NULL,NULL,NULL,NULL,NULL,NULL,NULL,NULL,NULL,NULL,NULL,NULL
"Michael Valentino","Florida Atlantic",1,0,0.0,0,0.00,NULL,NULL,NULL,NULL,0,0.0,1,1.0
"Michael Van Buren Jr.",LSU,1,172,172.0,2,2.00,23,23.0,1,1.00,13,13.0,16,16.0
"Michael Van Buren Jr.","Mississippi State",1,1886,1886.0,11,11.00,-12,-12.0,5,5.00,140,140.0,256,256.0
"Michael Wade",Clemson,2,NULL,NULL,NULL,NULL,8,4.0,0,0.00,NULL,NULL,NULL,NULL
"Michael Walsh",Brown,2,59,29.5,0,0.00,0,0.0,0,0.00,8,4.0,11,5.5
"Michael Weimer",Wofford,3,35,11.7,0,0.00,15,5.0,0,0.00,3,1.0,10,3.3
"Michal Penix Jr",Indiana,1,96,96.0,1,1.00,8,8.0,0,0.00,8,8.0,10,10.0
"Mikal Davis","Delaware State",2,60,30.0,1,0.50,-6,-3.0,0,0.00,7,3.5,18,9.0
"Mike Beaudry",Idaho,1,243,243.0,2,2.00,7,7.0,0,0.00,29,29.0,45,45.0
"Mike Beaudry",UConn,1,503,503.0,1,1.00,-32,-32.0,1,1.00,53,53.0,83,83.0
"Mike Bercovici","Arizona State",4,5338,1334.5,42,10.50,146,36.5,6,1.50,439,109.8,725,181.3
"Mike Burke","Sacred Heart",1,NULL,NULL,NULL,NULL,4,4.0,0,0.00,NULL,NULL,NULL,NULL
"Mike Coughlin","Boise State",4,206,51.5,2,0.50,127,31.8,2,0.50,25,6.3,47,11.8
"Mike Diliello","Austin Peay",2,5596,2798.0,49,24.50,641,320.5,13,6.50,435,217.5,684,342.0
"Mike Diliello","Middle Tennessee",2,302,151.0,2,1.00,270,135.0,6,3.00,32,16.0,53,26.5
"Mike Fafaul",UCLA,3,1670,556.7,12,4.00,-18,-6.0,0,0.00,141,47.0,265,88.3
"Mike Fallon",Massachusetts,2,81,40.5,0,0.00,31,15.5,0,0.00,9,4.5,14,7.0
"Mike Fiacable",Indiana,2,0,0.0,0,0.00,6,3.0,0,0.00,0,0.0,1,0.5
"Mike Gerardi",Temple,2,1713,856.5,13,6.50,-49,-24.5,1,0.50,123,61.5,215,107.5
"Mike Glass III","Eastern Michigan",2,4098,2049.0,32,16.00,822,411.0,14,7.00,333,166.5,508,254.0
"Mike Glennon","NC State",4,7411,1852.8,63,15.75,-292,-73.0,3,0.75,646,161.5,1069,267.3
"Mike Hartline",Kentucky,4,5680,1420.0,38,9.50,-20,-5.0,1,0.25,523,130.8,855,213.8
"Mike Irwin","Portland State",1,31,31.0,1,1.00,NULL,NULL,NULL,NULL,2,2.0,2,2.0
"Mike Kafka",Northwestern,4,4265,1066.3,19,4.75,891,222.8,11,2.75,408,102.0,637,159.3
"Mike Marscovetra","Boston College",3,518,172.7,4,1.33,-64,-21.3,0,0.00,48,16.0,81,27.0
"Mike Nebrich",Fordham,2,672,336.0,5,2.50,25,12.5,0,0.00,50,25.0,74,37.0
"Mike Nebrich",UConn,1,69,69.0,0,0.00,10,10.0,0,0.00,5,5.0,14,14.0
"Mike Paulus","North Carolina",1,33,33.0,0,0.00,-13,-13.0,0,0.00,4,4.0,13,13.0
"Mike Perish","Indiana State",3,1042,347.3,8,2.67,-92,-30.7,0,0.00,102,34.0,180,60.0
"Mike Perish","Western Michigan",1,42,42.0,0,0.00,16,16.0,1,1.00,4,4.0,10,10.0
"Mike Quinn",Elon,3,355,118.3,0,0.00,-14,-4.7,0,0.00,40,13.3,75,25.0
"Mike Scherpenberg","Miami (OH)",1,9,9.0,0,0.00,6,6.0,0,0.00,1,1.0,1,1.0
"Mike Schmidt","Air Force",2,147,73.5,1,0.50,154,77.0,3,1.50,5,2.5,6,3.0
"Mike Wegzyn",Massachusetts,2,2428,1214.0,9,4.50,241,120.5,2,1.00,231,115.5,447,223.5
"Mike White","South Florida",2,2722,1361.0,11,5.50,-121,-60.5,0,0.00,215,107.5,417,208.5
"Mike White","Western Kentucky",2,8540,4270.0,63,31.50,-342,-171.0,6,3.00,648,324.0,976,488.0
"Mike Wright","East Carolina",1,13,13.0,0,0.00,61,61.0,1,1.00,3,3.0,5,5.0
"Mike Wright","Mississippi State",1,453,453.0,3,3.00,324,324.0,3,3.00,48,48.0,85,85.0
"Mike Wright",Northwestern,1,356,356.0,0,0.00,82,82.0,1,1.00,39,39.0,67,67.0
"Mike Wright",Vanderbilt,3,2067,689.0,21,7.00,911,303.7,7,2.33,184,61.3,333,111.0
"Mikele Colasurdo","Georgia State",4,74,18.5,1,0.25,32,8.0,1,0.25,8,2.0,13,3.3
"Mikey Keene","Fresno State",2,5863,2931.5,42,21.00,-328,-164.0,1,0.50,558,279.0,811,405.5
"Mikey Keene",UCF,2,2377,1188.5,23,11.50,-49,-24.5,1,0.50,233,116.5,355,177.5
"Mikey Pauley",Kansas,1,NULL,NULL,NULL,NULL,17,17.0,0,0.00,NULL,NULL,NULL,NULL
"Mikey Zele","Idaho State",1,0,0.0,0,0.00,-6,-6.0,0,0.00,0,0.0,2,2.0
"Miklo Smalls",Rice,1,623,623.0,1,1.00,308,308.0,3,3.00,43,43.0,75,75.0
"Miles Fallin","Northwestern State",1,455,455.0,2,2.00,47,47.0,0,0.00,57,57.0,89,89.0
"Miles Hastings","UC Davis",3,9494,3164.7,66,22.00,-208,-69.3,1,0.33,813,271.0,1191,397.0
"Miles Kendrick",Kansas,3,853,284.3,9,3.00,105,35.0,1,0.33,96,32.0,157,52.3
"Miles Kendrick","New Mexico",1,870,870.0,3,3.00,128,128.0,3,3.00,85,85.0,144,144.0
"Miles O'Neill","Texas A&M",2,152,76.0,2,1.00,-9,-4.5,0,0.00,9,4.5,13,6.5
"Miles Onyegbule",Texas,1,0,0.0,0,0.00,-13,-13.0,0,0.00,0,0.0,1,1.0
"Miller Mosley","Georgia Southern",1,131,131.0,1,1.00,49,49.0,0,0.00,6,6.0,15,15.0
"Miller Mosley",Wofford,1,6,6.0,0,0.00,3,3.0,0,0.00,1,1.0,1,1.0
"Miller Moss",Louisville,1,1793,1793.0,10,10.00,-77,-77.0,6,6.00,158,158.0,243,243.0
"Miller Moss",USC,4,3469,867.3,27,6.75,9,2.3,4,1.00,299,74.8,454,113.5
"Mitch Davidson","Youngstown State",2,4701,2350.5,36,18.00,261,130.5,8,4.00,375,187.5,569,284.5
"Mitch Griffis","Texas Tech",1,212,212.0,2,2.00,14,14.0,1,1.00,13,13.0,18,18.0
"Mitch Griffis","Wake Forest",4,1943,485.8,15,3.75,142,35.5,2,0.50,156,39.0,263,65.8
"Mitch Kimble","Eastern Illinois",2,277,138.5,3,1.50,41,20.5,0,0.00,33,16.5,61,30.5
"Mitch Kimble",Syracuse,1,37,37.0,0,0.00,45,45.0,1,1.00,6,6.0,19,19.0
"Mitch Leidner",Minnesota,4,7287,1821.8,36,9.00,1495,373.8,33,8.25,580,145.0,1029,257.3
"Mitch Mustain",Arkansas,1,894,894.0,10,10.00,-20,-20.0,1,1.00,69,69.0,132,132.0
"Mitch Mustain",USC,2,505,252.5,3,1.50,2,1.0,1,0.50,52,26.0,89,44.5
"Mitch Ravizza","San José State",1,61,61.0,0,0.00,80,80.0,1,1.00,14,14.0,23,23.0
"Mitch Trubisky","North Carolina",3,4762,1587.3,41,13.67,439,146.3,8,2.67,386,128.7,571,190.3
"Mitchell Guadagni",Toledo,3,2168,722.7,21,7.00,839,279.7,7,2.33,149,49.7,248,82.7
"MJ Morris","Coastal Carolina",1,304,304.0,1,1.00,31,31.0,0,0.00,35,35.0,60,60.0
"MJ Morris",Maryland,1,350,350.0,5,5.00,12,12.0,1,1.00,36,36.0,61,61.0
"MJ Morris","NC State",2,1367,683.5,14,7.00,103,51.5,1,0.50,115,57.5,199,99.5
"Mo Hasan",Vanderbilt,2,158,79.0,1,0.50,79,39.5,0,0.00,11,5.5,17,8.5
"Montel Aaron","San José State",2,2031,1015.5,10,5.00,-111,-55.5,1,0.50,170,85.0,300,150.0
"Montell Cozart","Boise State",1,754,754.0,10,10.00,361,361.0,4,4.00,61,61.0,97,97.0
"Montell Cozart",Kansas,4,2755,688.8,14,3.50,481,120.3,2,0.50,265,66.3,486,121.5
"Montgomery VanGorder","Youngstown State",1,157,157.0,1,1.00,16,16.0,0,0.00,11,11.0,24,24.0
"Morgan Mahalak",Towson,1,165,165.0,0,0.00,8,8.0,0,0.00,16,16.0,36,36.0
"Morgan Newton",Kentucky,4,1837,459.3,15,3.75,515,128.8,5,1.25,193,48.3,384,96.0
"Morgan Roberts",Clemson,1,20,20.0,0,0.00,-1,-1.0,0,0.00,2,2.0,3,3.0
"Morgan Roberts",Yale,1,290,290.0,1,1.00,67,67.0,1,1.00,23,23.0,40,40.0
"Moses Skillon","Morgan State",2,151,75.5,0,0.00,52,26.0,1,0.50,15,7.5,27,13.5
"Munchie Legaux",Cincinnati,5,3421,684.2,23,4.60,677,135.4,8,1.60,258,51.6,477,95.4
"Myles Brennan",LSU,4,1653,413.3,13,3.25,-4,-1.0,0,0.00,116,29.0,194,48.5
"Myles Burkett","Eastern Kentucky",1,864,864.0,2,2.00,177,177.0,2,2.00,90,90.0,169,169.0
"Myles Burkett",UAlbany,1,1793,1793.0,10,10.00,140,140.0,0,0.00,139,139.0,259,259.0
"Myles Burkett",Wisconsin,1,84,84.0,0,0.00,-9,-9.0,0,0.00,4,4.0,5,5.0
"Myles Crawley","Alabama State",2,785,392.5,4,2.00,-42,-21.0,0,0.00,58,29.0,98,49.0
"Myles Crawley",Grambling,2,3624,1812.0,25,12.50,-127,-63.5,3,1.50,313,156.5,536,268.0
"Myles Eden","San José State",4,526,131.5,3,0.75,119,29.8,1,0.25,51,12.8,88,22.0
"Myles McKee",UAB,1,NULL,NULL,NULL,NULL,-22,-22.0,0,0.00,NULL,NULL,NULL,NULL
"Myles Slade",Navy,1,NULL,NULL,NULL,NULL,NULL,NULL,NULL,NULL,NULL,NULL,NULL,NULL
"Mylik Mitchell","Ferris State",1,137,137.0,0,0.00,13,13.0,0,0.00,13,13.0,17,17.0
"Mylik Mitchell","Kent State",1,363,363.0,5,5.00,87,87.0,0,0.00,39,39.0,69,69.0
"N'Kosi Perry","Florida Atlantic",2,5472,2736.0,45,22.50,393,196.5,10,5.00,425,212.5,715,357.5
"N'Kosi Perry",Miami,3,2484,828.0,24,8.00,225,75.0,3,1.00,208,69.3,397,132.3
"Naiil Ramadan","North Carolina Central",2,51,25.5,0,0.00,10,5.0,0,0.00,6,3.0,15,7.5
"Nana Utsey",VMI,1,65,65.0,0,0.00,5,5.0,1,1.00,4,4.0,7,7.0
"Nat Dunlap",Gardner-Webb,1,16,16.0,0,0.00,3,3.0,0,0.00,2,2.0,5,5.0
"Nate Bell","Eastern Washington",3,965,321.7,6,2.00,656,218.7,7,2.33,88,29.3,161,53.7
"Nate Bennett",Baylor,2,53,26.5,0,0.00,NULL,NULL,NULL,NULL,6,3.0,9,4.5
"Nate Boudreau",Indiana,1,0,0.0,0,0.00,-8,-8.0,0,0.00,0,0.0,1,1.0
"Nate Costa",Oregon,3,556,185.3,2,0.67,195,65.0,3,1.00,50,16.7,71,23.7
"Nate Cox",Nevada,3,1755,585.0,7,2.33,302,100.7,4,1.33,160,53.3,296,98.7
"Nate Glantz",Lindenwood,2,4027,2013.5,29,14.50,526,263.0,11,5.50,303,151.5,524,262.0
"Nate Glantz",McNeese,1,861,861.0,3,3.00,72,72.0,2,2.00,71,71.0,144,144.0
"Nate Hampton",Gardner-Webb,1,1245,1245.0,10,10.00,279,279.0,4,4.00,83,83.0,142,142.0
"Nate Hampton",Liberty,4,179,44.8,2,0.50,57,14.3,0,0.00,6,1.5,22,5.5
"Nate Hayden",Presbyterian,1,1287,1287.0,7,7.00,-30,-30.0,2,2.00,101,101.0,180,180.0
"Nate Ketteringham","North Dakota",1,96,96.0,0,0.00,3,3.0,0,0.00,16,16.0,30,30.0
"Nate Ketteringham","Sacramento State",1,89,89.0,0,0.00,12,12.0,0,0.00,9,9.0,25,25.0
"Nate Lamb","Western Illinois",2,3392,1696.0,21,10.50,351,175.5,8,4.00,264,132.0,408,204.0
"Nate Lussier",Brown,3,97,32.3,2,0.67,46,15.3,4,1.33,10,3.3,15,5.0
"Nate Montana","Notre Dame",1,116,116.0,0,0.00,25,25.0,0,0.00,9,9.0,18,18.0
"Nate Rogers",UAB,2,-9,-4.5,0,0.00,60,30.0,2,1.00,1,0.5,1,0.5
"Nate Romine","Air Force",5,2293,458.6,17,3.40,783,156.6,9,1.80,119,23.8,252,50.4
"Nate Sudfeld",Indiana,4,7879,1969.8,61,15.25,132,33.0,8,2.00,593,148.3,983,245.8
"Nate Tice",Wisconsin,1,NULL,NULL,NULL,NULL,17,17.0,1,1.00,NULL,NULL,NULL,NULL
"Nate Yarnell",Pittsburgh,3,1846,615.3,15,5.00,28,9.3,1,0.33,149,49.7,243,81.0
"Nathan Downey",Valparaiso,1,41,41.0,0,0.00,-16,-16.0,0,0.00,5,5.0,11,11.0
"Nathan Elliott","North Carolina",3,3159,1053.0,20,6.67,171,57.0,0,0.00,283,94.3,479,159.7
"Nathan Hayes","North Dakota State",2,402,201.0,5,2.50,133,66.5,1,0.50,24,12.0,37,18.5
"Nathan Kent",Towson,4,2350,587.5,16,4.00,348,87.0,4,1.00,199,49.8,349,87.3
"Nathan Mays","Youngstown State",1,NULL,NULL,NULL,NULL,2,2.0,0,0.00,NULL,NULL,NULL,NULL
"Nathan Peterman",Pittsburgh,2,5142,2571.0,47,23.50,519,259.5,4,2.00,378,189.0,620,310.0
"Nathan Peterman",Tennessee,2,94,47.0,0,0.00,7,3.5,1,0.50,20,10.0,43,21.5
"Nathan Rourke",Ohio,3,7454,2484.7,60,20.00,2639,879.7,49,16.33,526,175.3,895,298.3
"Nathan Scheelhaase",Illinois,4,8568,2142.0,55,13.75,2066,516.5,19,4.75,775,193.8,1231,307.8
"Nathan Stanley",Iowa,4,8275,2068.8,68,17.00,-104,-26.0,2,0.50,672,168.0,1155,288.8
"Nathan Stanley","Ole Miss",2,424,212.0,4,2.00,-52,-26.0,0,0.00,28,14.0,55,27.5
"Nathan Stanley","SE Louisiana",2,351,175.5,1,0.50,-57,-28.5,0,0.00,41,20.5,78,39.0
"Nathan Strock","Kent State",1,104,104.0,2,2.00,64,64.0,0,0.00,16,16.0,40,40.0
"Nathan Tune","North Texas",3,1226,408.7,9,3.00,62,20.7,0,0.00,114,38.0,186,62.0
"Nathan West","Portland State",1,132,132.0,0,0.00,126,126.0,2,2.00,12,12.0,30,30.0
"Navy Shuler",Tennessee,3,9,3.0,0,0.00,5,1.7,0,0.00,2,0.7,4,1.3
"Naylan Yates",Ohio,1,NULL,NULL,NULL,NULL,NULL,NULL,NULL,NULL,NULL,NULL,NULL,NULL
"Neal Burcham",SMU,2,714,357.0,2,1.00,-104,-52.0,0,0.00,91,45.5,157,78.5
"Nehuel Garcia",Furman,2,9,4.5,0,0.00,-2,-1.0,0,0.00,2,1.0,2,1.0
"Neil Caudle",Auburn,4,244,61.0,1,0.25,87,21.8,1,0.25,20,5.0,29,7.3
"Nelson Fishback","Western Kentucky",2,244,122.0,1,0.50,29,14.5,1,0.50,20,10.0,26,13.0
"Nelson Layne","North Carolina A&T",1,69,69.0,0,0.00,19,19.0,0,0.00,8,8.0,10,10.0
"Nevan Cremascoli","Northern Illinois",1,600,600.0,5,5.00,10,10.0,0,0.00,49,49.0,102,102.0
"Nevan Cremascoli","South Dakota",2,107,53.5,2,1.00,133,66.5,1,0.50,3,1.5,6,3.0
"Neven Sussman",UAlbany,4,137,34.3,2,0.50,36,9.0,1,0.25,16,4.0,26,6.5
"Neyland Jean","Austin Peay",1,9,9.0,0,0.00,NULL,NULL,NULL,NULL,3,3.0,3,3.0
"Nic Baker","Southern Illinois",3,5635,1878.3,37,12.33,153,51.0,3,1.00,486,162.0,729,243.0
"Nic Shimonek","Texas Tech",3,4445,1481.7,39,13.00,-97,-32.3,1,0.33,367,122.3,553,184.3
"Nicco Marchiol","West Virginia",4,1462,365.5,10,2.50,342,85.5,4,1.00,137,34.3,220,55.0
"Nick Arbuckle","Georgia State",2,7651,3825.5,51,25.50,-85,-42.5,8,4.00,566,283.0,915,457.5
"Nick Billoups","Lane College",1,56,56.0,0,0.00,-6,-6.0,0,0.00,5,5.0,13,13.0
"Nick Conley",Nicholls,1,NULL,NULL,NULL,NULL,NULL,NULL,NULL,NULL,NULL,NULL,NULL,NULL
"Nick Crissman",UCLA,1,0,0.0,0,0.00,NULL,NULL,NULL,NULL,0,0.0,2,2.0
"Nick Davenport","Western Illinois",1,317,317.0,4,4.00,47,47.0,0,0.00,18,18.0,40,40.0
"Nick Evers",Oklahoma,1,0,0.0,0,0.00,NULL,NULL,NULL,NULL,0,0.0,1,1.0
"Nick Evers",UConn,2,1023,511.5,6,3.00,243,121.5,3,1.50,107,53.5,195,97.5
"Nick Fanuzzi",Rice,3,4402,1467.3,29,9.67,84,28.0,1,0.33,425,141.7,704,234.7
"Nick Fitzgerald","Mississippi State",4,6212,1553.0,55,13.75,3607,901.8,46,11.50,511,127.8,942,235.5
"Nick Florence",Baylor,4,6301,1575.3,41,10.25,651,162.8,14,3.50,466,116.5,754,188.5
"Nick Foles",Arizona,3,10011,3337.0,67,22.33,-289,-96.3,4,1.33,933,311.0,1395,465.0
"Nick Foles","Michigan State",1,57,57.0,0,0.00,NULL,NULL,NULL,NULL,5,5.0,8,8.0
"Nick Frey",Colgate,1,0,0.0,0,0.00,NULL,NULL,NULL,NULL,0,0.0,1,1.0
"Nick Hirschman",Akron,1,162,162.0,3,3.00,-23,-23.0,1,1.00,8,8.0,15,15.0
"Nick Hirschman",Colorado,2,781,390.5,2,1.00,-39,-19.5,1,0.50,73,36.5,128,64.0
"Nick Holley","Kent State",4,974,243.5,6,1.50,1776,444.0,14,3.50,81,20.3,167,41.8
"Nick Howard",Butler,1,524,524.0,7,7.00,662,662.0,11,11.00,34,34.0,52,52.0
"Nick Howard",Dartmouth,3,1032,344.0,3,1.00,1119,373.0,19,6.33,98,32.7,177,59.0
"Nick Isham","Louisiana Tech",1,1457,1457.0,8,8.00,-19,-19.0,2,2.00,155,155.0,257,257.0
"Nick Jeanty","New Mexico State",4,1038,259.5,6,1.50,92,23.0,0,0.00,115,28.8,201,50.3
"Nick Josifek",Idaho,2,368,184.0,3,1.50,55,27.5,0,0.00,27,13.5,50,25.0
"Nick Kargman",Wagner,1,1531,1531.0,9,9.00,-107,-107.0,0,0.00,131,131.0,248,248.0
"Nick Kargman","Western Michigan",1,4,4.0,0,0.00,NULL,NULL,NULL,NULL,1,1.0,3,3.0
"Nick Lamaison",UTEP,2,3404,1702.0,24,12.00,108,54.0,1,0.50,256,128.0,476,238.0
"Nick Marshall",Auburn,2,4508,2254.0,34,17.00,1866,933.0,23,11.50,320,160.0,532,266.0
"Nick Minicucci",Delaware,3,3375,1125.0,28,9.33,436,145.3,10,3.33,306,102.0,485,161.7
"Nick Mitchell","Oregon State",1,571,571.0,3,3.00,78,78.0,1,1.00,51,51.0,113,113.0
"Nick Montana",Tulane,2,2059,1029.5,15,7.50,34,17.0,0,0.00,203,101.5,375,187.5
"Nick Montana",Washington,1,226,226.0,3,3.00,-26,-26.0,0,0.00,24,24.0,42,42.0
"Nick Mullens","Southern Miss",4,11994,2998.5,87,21.75,-215,-53.8,9,2.25,928,232.0,1546,386.5
"Nick Patti","Boise State",1,63,63.0,0,0.00,19,19.0,0,0.00,8,8.0,11,11.0
"Nick Patti",Pittsburgh,4,782,195.5,5,1.25,134,33.5,4,1.00,71,17.8,128,32.0
"Nick Patti",UCF,3,251,83.7,0,0.00,202,67.3,4,1.33,23,7.7,45,15.0
"Nick Poulos",Ohio,2,290,145.0,2,1.00,181,90.5,1,0.50,26,13.0,57,28.5
"Nick Schuessler",Clemson,4,564,141.0,3,0.75,3,0.8,0,0.00,44,11.0,66,16.5
"Nick Semptimphelter",Bucknell,3,853,284.3,5,1.67,61,20.3,1,0.33,81,27.0,148,49.3
"Nick Sheridan",Michigan,2,701,350.5,2,1.00,103,51.5,1,0.50,70,35.0,148,74.0
"Nick Sherry",UNLV,3,2959,986.3,19,6.33,-41,-13.7,1,0.33,276,92.0,530,176.7
"Nick Sipe",Purdue,1,3,3.0,0,0.00,0,0.0,0,0.00,1,1.0,1,1.0
"Nick Smith",Wyoming,3,716,238.7,4,1.33,179,59.7,3,1.00,67,22.3,135,45.0
"Nick Sproles",Florida,1,0,0.0,0,0.00,NULL,NULL,NULL,NULL,0,0.0,1,1.0
"Nick Starkel",Arkansas,1,1152,1152.0,7,7.00,-16,-16.0,0,0.00,96,96.0,179,179.0
"Nick Starkel","San José State",2,3819,1909.5,26,13.00,-111,-55.5,1,0.50,291,145.5,502,251.0
"Nick Starkel","Texas A&M",2,1962,981.0,15,7.50,-48,-24.0,1,0.50,138,69.0,227,113.5
"Nick Stephens",Tennessee,2,982,491.0,5,2.50,-50,-25.0,0,0.00,72,36.0,143,71.5
"Nick Stevens","Colorado State",4,8550,2137.5,70,17.50,196,49.0,9,2.25,639,159.8,1032,258.0
"Nick Tiano",Chattanooga,3,468,156.0,0,0.00,17,5.7,0,0.00,36,12.0,84,28.0
"Nick Tiano","Mississippi State",1,5,5.0,0,0.00,NULL,NULL,NULL,NULL,1,1.0,1,1.0
"Nick Tronti","Florida Atlantic",3,1253,417.7,8,2.67,404,134.7,6,2.00,124,41.3,224,74.7
"Nick Vattiato","Middle Tennessee",5,9434,1886.8,59,11.80,544,108.8,5,1.00,893,178.6,1383,276.6
"Nick Whitfield Jr.","St. Francis (PA)",3,2449,816.3,12,4.00,-36,-12.0,0,0.00,222,74.0,372,124.0
"Nick Yockey",Lamar,1,574,574.0,3,3.00,38,38.0,0,0.00,62,62.0,107,107.0
"Nico Iamaleava",Tennessee,2,2930,1465.0,21,10.50,435,217.5,6,3.00,241,120.5,379,189.5
"Nico Iamaleava",UCLA,1,1468,1468.0,10,10.00,388,388.0,4,4.00,148,148.0,234,234.0
"Nik Scalzo",Samford,1,0,0.0,0,0.00,-7,-7.0,0,0.00,0,0.0,1,1.0
"Nikhil Nayar",Idaho,1,3,3.0,0,0.00,NULL,NULL,NULL,NULL,1,1.0,4,4.0
"Niko Haen","Northern Arizona",1,NULL,NULL,NULL,NULL,NULL,NULL,NULL,NULL,NULL,NULL,NULL,NULL
"Niko Vangarelli",Princeton,1,0,0.0,0,0.00,22,22.0,2,2.00,0,0.0,1,1.0
"Noah Bodden","Edward Waters",1,167,167.0,1,1.00,8,8.0,0,0.00,18,18.0,38,38.0
"Noah Bodden",Grambling,1,NULL,NULL,NULL,NULL,NULL,NULL,NULL,NULL,NULL,NULL,NULL,NULL
"Noah Bodden",Southern,3,1642,547.3,7,2.33,67,22.3,1,0.33,117,39.0,241,80.3
"Noah Brannock","William & Mary",1,180,180.0,0,0.00,32,32.0,1,1.00,12,12.0,25,25.0
"Noah Carpenter",Maine,1,NULL,NULL,NULL,NULL,NULL,NULL,NULL,NULL,NULL,NULL,NULL,NULL
"Noah Fifita",Arizona,4,7784,1946.0,61,15.25,62,15.5,4,1.00,665,166.3,1017,254.3
"Noah Gillon","App State",1,111,111.0,0,0.00,-21,-21.0,0,0.00,13,13.0,32,32.0
"Noah Johnson","Alcorn State",3,673,224.3,4,1.33,214,71.3,1,0.33,66,22.0,102,34.0
"Noah Johnson","South Florida",1,459,459.0,3,3.00,106,106.0,3,3.00,48,48.0,77,77.0
"Noah Kim","Coastal Carolina",1,333,333.0,4,4.00,0,0.0,0,0.00,30,30.0,56,56.0
"Noah Kim","Eastern Michigan",1,2051,2051.0,14,14.00,143,143.0,5,5.00,183,183.0,293,293.0
"Noah Kim","Michigan State",2,1264,632.0,9,4.50,58,29.0,0,0.00,105,52.5,179,89.5
"Noah Sanders","North Carolina A&T",2,95,47.5,1,0.50,31,15.5,1,0.50,7,3.5,20,10.0
"Noah Trigueros",Dartmouth,1,4,4.0,0,0.00,NULL,NULL,NULL,NULL,1,1.0,2,2.0
"Noah Vedral",Nebraska,2,447,223.5,0,0.00,119,59.5,4,2.00,36,18.0,61,30.5
"Noah Vedral",Rutgers,3,3328,1109.3,17,5.67,534,178.0,4,1.33,334,111.3,566,188.7
"Noah Vedral",UCF,1,276,276.0,1,1.00,77,77.0,2,2.00,22,22.0,29,29.0
"Noah Walters","North Alabama",2,4496,2248.0,40,20.00,604,302.0,4,2.00,374,187.0,666,333.0
"Noah Walters","Oklahoma State",1,72,72.0,1,1.00,9,9.0,0,0.00,6,6.0,14,14.0
"Noah Wezensky","Miami (OH)",1,307,307.0,2,2.00,-54,-54.0,0,0.00,28,28.0,53,53.0
"Nolan Genovese","Middle Tennessee",1,2,2.0,0,0.00,-22,-22.0,0,0.00,1,1.0,1,1.0
"Nolan Good","Kent State",1,38,38.0,0,0.00,1,1.0,0,0.00,5,5.0,10,10.0
"Nolan Grooms",Yale,3,3655,1218.3,37,12.33,1400,466.7,8,2.67,303,101.0,513,171.0
"Nolan Henderson",Delaware,3,3434,1144.7,35,11.67,107,35.7,4,1.33,307,102.3,489,163.0
"Nolan Henry","Notre Dame",1,NULL,NULL,NULL,NULL,1,1.0,0,0.00,NULL,NULL,NULL,NULL
"Nyqua Lett","Alabama State",2,72,36.0,1,0.50,42,21.0,0,0.00,11,5.5,14,7.0
"Oluwafemi Bamiro","North Carolina A&T",1,127,127.0,2,2.00,43,43.0,1,1.00,12,12.0,27,27.0
"Omar Clayton",UNLV,4,6560,1640.0,48,12.00,774,193.5,7,1.75,564,141.0,961,240.3
"Omari Smith","North Carolina Central",1,NULL,NULL,NULL,NULL,6,6.0,0,0.00,NULL,NULL,NULL,NULL
"Orion Olivas","Houston Christian",2,58,29.0,0,0.00,-2,-1.0,0,0.00,6,3.0,9,4.5
"Osaar Rasshan",UCLA,1,259,259.0,0,0.00,109,109.0,0,0.00,17,17.0,45,45.0
"Oscar Gordon","Texas Southern",1,0,0.0,0,0.00,NULL,NULL,NULL,NULL,0,0.0,2,2.0
"Otto Kuhns","Norfolk State",3,4391,1463.7,35,11.67,581,193.7,8,2.67,350,116.7,619,206.3
"Owen McCown",Colorado,1,600,600.0,2,2.00,38,38.0,2,2.00,57,57.0,100,100.0
"Owen McCown",UTSA,3,5541,1847.0,46,15.33,418,139.3,3,1.00,504,168.0,773,257.7
"Ozzie Mann","Ball State",2,1310,655.0,10,5.00,-39,-19.5,0,0.00,118,59.0,206,103.0
"P.J. Blazejowski",Furman,4,422,105.5,1,0.25,10,2.5,0,0.00,36,9.0,66,16.5
"P.J. Walker",Temple,4,10669,2667.3,74,18.50,763,190.8,9,2.25,831,207.8,1459,364.8
"Parish Metzger","Western Carolina",1,36,36.0,1,1.00,NULL,NULL,NULL,NULL,3,3.0,7,7.0
"Parker Adamson","Southern Miss",2,193,96.5,1,0.50,60,30.0,1,0.50,19,9.5,40,20.0
"Parker Awad","New Mexico State",1,1079,1079.0,7,7.00,109,109.0,1,1.00,74,74.0,159,159.0
"Parker Boehme",Duke,4,628,157.0,3,0.75,279,69.8,6,1.50,51,12.8,90,22.5
"Parker McKenzie","Abilene Christian",2,883,441.5,6,3.00,-9,-4.5,0,0.00,73,36.5,103,51.5
"Parker McKinney","Eastern Kentucky",5,7330,1466.0,53,10.60,655,131.0,11,2.20,614,122.8,928,185.6
"Parker McNeil","Louisiana Tech",1,1908,1908.0,18,18.00,-68,-68.0,0,0.00,123,123.0,214,214.0
"Parker McNeil",Troy,1,0,0.0,0,0.00,3,3.0,0,0.00,0,0.0,2,2.0
"Parker Navarro",Ohio,4,4437,1109.3,27,6.75,1725,431.3,22,5.50,358,89.5,540,135.0
"Parker Navarro",UCF,1,4,4.0,0,0.00,54,54.0,3,3.00,1,1.0,2,2.0
"Parker Stofa","Jackson State",2,93,46.5,0,0.00,29,14.5,1,0.50,8,4.0,16,8.0
"Parker Towns",Rice,1,10,10.0,0,0.00,1,1.0,0,0.00,1,1.0,4,4.0
"Parker Welch",Georgia,2,59,29.5,1,0.50,-2,-1.0,0,0.00,4,2.0,8,4.0
"Parks Frazier","Murray State",1,36,36.0,0,0.00,-5,-5.0,0,0.00,8,8.0,8,8.0
"Pat Bostick",Pittsburgh,3,1814,604.7,9,3.00,-176,-58.7,2,0.67,184,61.3,304,101.3
"Pat McQuaide",Nicholls,2,4415,2207.5,27,13.50,-68,-34.0,4,2.00,395,197.5,684,342.0
"Pat McQuaide",Villanova,1,1696,1696.0,12,12.00,-28,-28.0,2,2.00,129,129.0,205,205.0
"Patrick Crayton Jr.",Rice,1,3,3.0,0,0.00,-22,-22.0,0,0.00,3,3.0,6,6.0
"Patrick Duchien","Montana State",2,50,25.0,0,0.00,64,32.0,1,0.50,6,3.0,10,5.0
"Patrick Grusser",Marist,1,46,46.0,1,1.00,4,4.0,0,0.00,4,4.0,6,6.0
"Patrick Heitert","Southeast Missouri State",3,976,325.3,3,1.00,140,46.7,3,1.00,95,31.7,167,55.7
"Patrick Mahomes","Texas Tech",3,11252,3750.7,93,31.00,845,281.7,22,7.33,857,285.7,1349,449.7
"Patrick McClure",Clemson,1,NULL,NULL,NULL,NULL,12,12.0,0,0.00,NULL,NULL,NULL,NULL
"Patrick Nicely",Akron,3,3358,1119.3,18,6.00,-79,-26.3,1,0.33,308,102.7,619,206.3
"Patrick O'Brien","Colorado State",2,3382,1691.0,16,8.00,-11,-5.5,4,2.00,253,126.5,417,208.5
"Patrick O'Brien",Nebraska,1,192,192.0,0,0.00,4,4.0,0,0.00,18,18.0,30,30.0
"Patrick O'Brien",Washington,1,1,1.0,0,0.00,12,12.0,0,0.00,1,1.0,3,3.0
"Patrick Pinkney","East Carolina",3,6980,2326.7,39,13.00,437,145.7,5,1.67,603,201.0,1003,334.3
"Patrick Thompson","Wake Forest",3,30,10.0,0,0.00,16,5.3,0,0.00,10,3.3,13,4.3
"Patrick Towles","Boston College",1,1730,1730.0,12,12.00,294,294.0,4,4.00,138,138.0,273,273.0
"Patrick Towles",Kentucky,3,5099,1699.7,24,8.00,355,118.3,11,3.67,427,142.3,758,252.7
"Patrick Tyler","Southern Utah",2,341,170.5,2,1.00,-2,-1.0,1,0.50,37,18.5,66,33.0
"Patton Robinette",Vanderbilt,2,1096,548.0,7,3.50,277,138.5,8,4.00,89,44.5,155,77.5
"Paul Hargrave","Alcorn State",1,NULL,NULL,NULL,NULL,NULL,NULL,NULL,NULL,NULL,NULL,NULL,NULL
"Paul Harris","Louisiana Tech",1,0,0.0,0,0.00,28,28.0,0,0.00,0,0.0,1,1.0
"Paul Harris","Northwestern State",2,214,107.0,1,0.50,75,37.5,1,0.50,19,9.5,33,16.5
"Paul Jones","Penn State",1,NULL,NULL,NULL,NULL,-7,-7.0,0,0.00,NULL,NULL,NULL,NULL
"Paul McCall","Florida International",4,5169,1292.3,34,8.50,146,36.5,3,0.75,414,103.5,759,189.8
"Paul Millard","West Virginia",3,1330,443.3,9,3.00,-60,-20.0,0,0.00,108,36.0,201,67.0
"Paul Mroz","Rhode Island",1,60,60.0,0,0.00,11,11.0,0,0.00,10,10.0,20,20.0
"Paul Tyson",Alabama,1,150,150.0,0,0.00,NULL,NULL,NULL,NULL,10,10.0,16,16.0
"Paul Tyson",Clemson,1,42,42.0,1,1.00,NULL,NULL,NULL,NULL,3,3.0,4,4.0
"Paxton DeLaurent","Southeast Missouri State",3,8538,2846.0,63,21.00,458,152.7,10,3.33,735,245.0,1206,402.0
"Paxton Lynch",Memphis,3,8863,2954.3,59,19.67,687,229.0,17,5.67,758,252.7,1205,401.7
"Payne Sullins","Texas Tech",1,NULL,NULL,NULL,NULL,0,0.0,0,0.00,NULL,NULL,NULL,NULL
"Payton Thorne",Auburn,2,4468,2234.0,37,18.50,798,399.0,5,2.50,361,180.5,582,291.0
"Payton Thorne","Michigan State",3,6501,2167.0,49,16.33,270,90.0,6,2.00,525,175.0,861,287.0
"Payton Wehner","St. Francis (PA)",1,NULL,NULL,NULL,NULL,NULL,NULL,NULL,NULL,NULL,NULL,NULL,NULL
"Perry Hills",Maryland,4,3887,971.8,29,7.25,629,157.3,10,2.50,314,78.5,556,139.0
"Perry Orth","South Carolina",4,2595,648.8,12,3.00,66,16.5,2,0.50,201,50.3,354,88.5
"Pete DiNovo",UCF,2,18,9.0,0,0.00,-5,-2.5,0,0.00,3,1.5,9,4.5
"Pete Thomas","Colorado State",2,4269,2134.5,18,9.00,-153,-76.5,3,1.50,414,207.0,652,326.0
"Pete Thomas","NC State",1,1667,1667.0,4,4.00,163,163.0,2,2.00,149,149.0,247,247.0
"Pete Thomas","UL Monroe",1,3181,3181.0,14,14.00,6,6.0,3,3.00,301,301.0,501,501.0
"Peter Anderson","North Dakota State",1,0,0.0,0,0.00,-4,-4.0,0,0.00,0,0.0,2,2.0
"Peter Athens",Towson,3,549,183.0,2,0.67,3,1.0,1,0.33,45,15.0,74,24.7
"Peter Badovinac","Michigan State",1,2,2.0,0,0.00,NULL,NULL,NULL,NULL,1,1.0,2,2.0
"Peter Costelli","Northern Colorado",2,678,339.0,5,2.50,130,65.0,1,0.50,44,22.0,83,41.5
"Peter Parrish","East Texas A&M",1,212,212.0,0,0.00,87,87.0,1,1.00,25,25.0,49,49.0
"Peter Parrish",Memphis,1,215,215.0,0,0.00,60,60.0,0,0.00,31,31.0,48,48.0
"Peter Pujals","Holy Cross",1,358,358.0,1,1.00,0,0.0,0,0.00,33,33.0,56,56.0
"Peter Zamora",Marshall,1,0,0.0,0,0.00,NULL,NULL,NULL,NULL,0,0.0,1,1.0
"Peyton Bender",Kansas,2,3508,1754.0,23,11.50,-227,-113.5,0,0.00,332,166.0,595,297.5
"Peyton Bender","Washington State",1,498,498.0,3,3.00,-18,-18.0,0,0.00,53,53.0,91,91.0
"Peyton Cosover",Lafayette,1,1,1.0,0,0.00,NULL,NULL,NULL,NULL,1,1.0,3,3.0
"Peyton Derrick","App State",1,186,186.0,2,2.00,41,41.0,1,1.00,13,13.0,22,22.0
"Peyton Derrick","The Citadel",1,579,579.0,5,5.00,241,241.0,1,1.00,45,45.0,84,84.0
"Peyton Derrick",Wofford,1,93,93.0,0,0.00,69,69.0,0,0.00,8,8.0,10,10.0
"Peyton Huslig","Missouri State",3,631,210.3,5,1.67,79,26.3,1,0.33,49,16.3,88,29.3
"Peyton Mansell","Abilene Christian",3,641,213.7,3,1.00,98,32.7,1,0.33,46,15.3,79,26.3
"Peyton Mansell",Iowa,1,83,83.0,0,0.00,31,31.0,1,1.00,5,5.0,8,8.0
"Peyton Matocha",Miami,2,NULL,NULL,NULL,NULL,18,9.0,0,0.00,NULL,NULL,NULL,NULL
"Peyton Ramsey",Indiana,3,6576,2192.0,42,14.00,832,277.3,14,4.67,632,210.7,951,317.0
"Peyton Ramsey",Northwestern,1,1742,1742.0,12,12.00,263,263.0,3,3.00,171,171.0,281,281.0
"Phil Bates",Ohio,2,320,160.0,3,1.50,588,294.0,3,1.50,13,6.5,28,14.0
"Phil Jurkovec","Boston College",3,5183,1727.7,35,11.67,438,146.0,9,3.00,404,134.7,679,226.3
"Phil Jurkovec","Notre Dame",2,213,106.5,2,1.00,129,64.5,0,0.00,13,6.5,18,9.0
"Phil Jurkovec",Pittsburgh,1,818,818.0,6,6.00,60,60.0,1,1.00,57,57.0,112,112.0
"Philip Nelson","East Carolina",1,2603,2603.0,16,16.00,73,73.0,2,2.00,234,234.0,347,347.0
"Philip Nelson",Minnesota,2,2179,1089.5,17,8.50,548,274.0,6,3.00,169,84.5,338,169.0
"Phillip Butterfield","Arkansas State",3,128,42.7,1,0.33,154,51.3,1,0.33,14,4.7,28,9.3
"Phillip Ely",Alabama,1,42,42.0,1,1.00,-2,-2.0,0,0.00,3,3.0,4,4.0
"Phillip Ely",Toledo,2,3506,1753.0,27,13.50,23,11.5,1,0.50,267,133.5,471,235.5
"Phillip Sims",Alabama,1,163,163.0,0,0.00,-10,-10.0,0,0.00,18,18.0,28,28.0
"Phillip Sims",Virginia,1,1263,1263.0,9,9.00,18,18.0,2,2.00,114,114.0,203,203.0
"Pierce Clarkson",Louisville,2,18,9.0,0,0.00,9,4.5,0,0.00,4,2.0,6,3.0
"Pierce Holley","Eastern Illinois",2,5724,2862.0,33,16.50,-261,-130.5,5,2.50,479,239.5,781,390.5
"Pierce Holley",Georgetown,2,2866,1433.0,18,9.00,-90,-45.0,1,0.50,292,146.0,444,222.0
"PJ Hatter","Texas State",1,NULL,NULL,NULL,NULL,45,45.0,0,0.00,NULL,NULL,NULL,NULL
"PJ London","Northern Arizona",2,265,132.5,1,0.50,92,46.0,1,0.50,23,11.5,39,19.5
"Pops Battle",Lindenwood,1,0,0.0,0,0.00,-10,-10.0,0,0.00,0,0.0,2,2.0
"Press Taylor",Marshall,1,10,10.0,0,0.00,18,18.0,0,0.00,1,1.0,3,3.0
"Preston Brown",Catawba,1,181,181.0,2,2.00,-9,-9.0,0,0.00,22,22.0,33,33.0
"Preston Clemmer","Kennesaw State",1,NULL,NULL,NULL,NULL,NULL,NULL,NULL,NULL,NULL,NULL,NULL,NULL
"Preston Heard",Baylor,1,0,0.0,0,0.00,23,23.0,0,0.00,0,0.0,1,1.0
"Preston Hutchinson",Chattanooga,1,2723,2723.0,17,17.00,159,159.0,6,6.00,194,194.0,319,319.0
"Preston Hutchinson","Eastern Michigan",4,2335,583.8,16,4.00,230,57.5,11,2.75,192,48.0,295,73.8
"Preston Rice","Middle Tennessee",1,-3,-3.0,0,0.00,7,7.0,0,0.00,1,1.0,1,1.0
"Preston Rice","Murray State",3,714,238.0,1,0.33,127,42.3,2,0.67,77,25.7,121,40.3
"Preston Stone",Northwestern,1,1372,1372.0,10,10.00,20,20.0,0,0.00,126,126.0,216,216.0
"Preston Stone",SMU,4,4030,1007.5,35,8.75,290,72.5,6,1.50,267,66.8,450,112.5
"Preston Weeks",Baylor,1,NULL,NULL,NULL,NULL,NULL,NULL,NULL,NULL,NULL,NULL,NULL,NULL
"Preston Weeks","Stephen F. Austin",3,1052,350.7,11,3.67,-31,-10.3,0,0.00,81,27.0,143,47.7
"Price Wilson","Louisiana Tech",2,88,44.0,0,0.00,6,3.0,0,0.00,4,2.0,7,3.5
"Prometheus Franklin II","South Carolina State",2,79,39.5,1,0.50,62,31.0,0,0.00,8,4.0,28,14.0
"Quadry Jones",UCF,4,138,34.5,2,0.50,20,5.0,0,0.00,6,1.5,7,1.8
"Quantavius Peterson","Mississippi Valley State",1,10,10.0,0,0.00,-30,-30.0,0,0.00,1,1.0,9,9.0
"Quaterius Hawkins",Grambling,1,806,806.0,5,5.00,35,35.0,0,0.00,54,54.0,110,110.0
"Quaterius Hawkins","Northwestern State",2,888,444.0,2,1.00,130,65.0,0,0.00,99,49.5,171,85.5
"Quayde Hawkins","Abilene Christian",1,75,75.0,1,1.00,31,31.0,0,0.00,7,7.0,26,26.0
"Quentin Harris",Duke,4,2588,647.0,24,6.00,785,196.3,14,3.50,250,62.5,438,109.5
"Quentin Hayes","Air Force",1,455,455.0,3,3.00,466,466.0,7,7.00,25,25.0,43,43.0
"Quentin Hayes","The Citadel",1,369,369.0,3,3.00,394,394.0,5,5.00,30,30.0,48,48.0
"Quentin Williams",Bethune-Cookman,4,389,97.3,1,0.25,126,31.5,1,0.25,33,8.3,63,15.8
"Quest Powell","North Carolina Central",2,39,19.5,1,0.50,77,38.5,1,0.50,3,1.5,7,3.5
"Quincy Casey","Alabama A&M",2,2072,1036.0,12,6.00,89,44.5,1,0.50,168,84.0,279,139.5
"Quincy Casey","West Georgia",1,1066,1066.0,10,10.00,160,160.0,3,3.00,79,79.0,139,139.0
"Quincy Crittendon",Samford,4,4392,1098.0,27,6.75,604,151.0,9,2.25,456,114.0,663,165.8
"Quincy Guy-Barnes",Wagner,2,173,86.5,1,0.50,45,22.5,0,0.00,13,6.5,35,17.5
"Quincy Patterson II","North Dakota State",1,NULL,NULL,NULL,NULL,NULL,NULL,NULL,NULL,NULL,NULL,NULL,NULL
"Quincy Patterson II",Temple,2,248,124.0,0,0.00,219,109.5,6,3.00,26,13.0,59,29.5
"Quincy Patterson II","Virginia Tech",3,359,119.7,4,1.33,333,111.0,3,1.00,22,7.3,52,17.3
"Quincy Vaughn","North Dakota",4,17,4.3,1,0.25,128,32.0,15,3.75,3,0.8,10,2.5
"Quinn Billerman","North Carolina Central",2,255,127.5,0,0.00,-35,-17.5,0,0.00,28,14.0,51,25.5
"Quinn Boyd","Stony Brook",1,202,202.0,1,1.00,-5,-5.0,0,0.00,23,23.0,36,36.0
"Quinn Ewers",Texas,3,9079,3026.3,68,22.67,-59,-19.7,8,2.67,736,245.3,1134,378.0
"Quinn Henicle","Old Dominion",2,203,101.5,2,1.00,346,173.0,3,1.50,18,9.0,34,17.0
"Quinn Kaehler","San Diego State",2,5164,2582.0,28,14.00,-214,-107.0,1,0.50,401,200.5,696,348.0
"Quinn Mecham",Kansas,2,667,333.5,6,3.00,6,3.0,0,0.00,72,36.0,120,60.0
"Quinn Shanbour","North Texas",3,87,29.0,1,0.33,142,47.3,2,0.67,10,3.3,23,7.7
"Quinten Dormady","Central Michigan",1,2312,2312.0,14,14.00,-39,-39.0,0,0.00,190,190.0,294,294.0
"Quinten Dormady",Houston,1,8,8.0,0,0.00,NULL,NULL,NULL,NULL,2,2.0,5,5.0
"Quinten Dormady",Tennessee,3,1282,427.3,7,2.33,21,7.0,0,0.00,100,33.3,176,58.7
"Quinterris Toppings","Alabama State",2,64,32.0,1,0.50,21,10.5,0,0.00,5,2.5,9,4.5
"Quinton Flowers","South Florida",4,8130,2032.5,71,17.75,3665,916.3,41,10.25,566,141.5,981,245.3
"Quinton Maxwell",Ohio,3,1758,586.0,12,4.00,305,101.7,5,1.67,125,41.7,225,75.0
"Quinton McCown","New Mexico",2,26,13.0,1,0.50,34,17.0,1,0.50,4,2.0,11,5.5
"Quinton Williams",Howard,4,4020,1005.0,29,7.25,245,61.3,9,2.25,361,90.3,598,149.5
"R.J. Nitti",Bucknell,1,186,186.0,2,2.00,-1,-1.0,0,0.00,17,17.0,33,33.0
"Raeden Oliver","Morgan State",1,11,11.0,0,0.00,NULL,NULL,NULL,NULL,2,2.0,2,2.0
"Rafe Peavey","Florida Atlantic",1,147,147.0,0,0.00,5,5.0,1,1.00,20,20.0,34,34.0
"Rafe Peavey",SMU,1,116,116.0,1,1.00,-2,-2.0,0,0.00,4,4.0,4,4.0
"Raheim Jeter","East Carolina",2,1,0.5,0,0.00,16,8.0,0,0.00,1,0.5,2,1.0
"Rakeem Cato",Marshall,4,14079,3519.8,131,32.75,839,209.8,15,3.75,1153,288.3,1838,459.5
"Ralph Rucker",Bucknell,3,6847,2282.3,56,18.67,386,128.7,8,2.67,565,188.3,865,288.3
"Ralph Rucker",Oklahoma,1,20,20.0,0,0.00,NULL,NULL,NULL,NULL,2,2.0,2,2.0
"Ramar Williams",Howard,2,78,39.0,0,0.00,-13,-6.5,0,0.00,4,2.0,9,4.5
"Rand Jensen","Southern Utah",1,NULL,NULL,NULL,NULL,NULL,NULL,NULL,NULL,NULL,NULL,NULL,NULL
"Randall Johnson","Weber State",1,NULL,NULL,NULL,NULL,NULL,NULL,NULL,NULL,NULL,NULL,NULL,NULL
"Randall West",Massachusetts,3,909,303.0,6,2.00,16,5.3,2,0.67,96,32.0,162,54.0
"Rasean Mckay","Florida A&M",4,318,79.5,1,0.25,-27,-6.8,0,0.00,36,9.0,71,17.8
"Ray Smith","Western Carolina",1,84,84.0,0,0.00,-3,-3.0,0,0.00,8,8.0,16,16.0
"Raymond Moore III","Morgan State",1,243,243.0,2,2.00,153,153.0,2,2.00,22,22.0,44,44.0
"Re-al Mitchell","Iowa State",1,14,14.0,1,1.00,100,100.0,1,1.00,2,2.0,4,4.0
"Re-al Mitchell","San Diego",2,94,47.0,3,1.50,634,317.0,7,3.50,10,5.0,16,8.0
"Re-al Mitchell",Temple,1,212,212.0,1,1.00,114,114.0,0,0.00,24,24.0,49,49.0
"Reagan Andrew",Butler,2,2789,1394.5,19,9.50,946,473.0,14,7.00,246,123.0,371,185.5
"Reece Goddard","Western Michigan",1,542,542.0,3,3.00,57,57.0,2,2.00,44,44.0,96,96.0
"Reece Udinski",Maryland,1,100,100.0,1,1.00,NULL,NULL,NULL,NULL,11,11.0,15,15.0
"Reece Udinski",Richmond,1,3396,3396.0,26,26.00,4,4.0,4,4.00,356,356.0,475,475.0
"Reece Udinski",VMI,3,648,216.0,1,0.33,-62,-20.7,0,0.00,79,26.3,141,47.0
"Reese Hannon",Furman,3,611,203.7,2,0.67,-19,-6.3,0,0.00,57,19.0,107,35.7
"Reese Phillips",Kentucky,1,45,45.0,0,0.00,18,18.0,0,0.00,2,2.0,9,9.0
"Reese Phillips",Montana,1,123,123.0,0,0.00,-18,-18.0,0,0.00,17,17.0,28,28.0
"Reese Poffenbarger",Miami,1,20,20.0,0,0.00,12,12.0,0,0.00,6,6.0,7,7.0
"Reese Poffenbarger","North Texas",1,36,36.0,0,0.00,20,20.0,0,0.00,5,5.0,7,7.0
"Reese Poffenbarger",UAlbany,2,6560,3280.0,59,29.50,302,151.0,8,4.00,501,250.5,835,417.5
"Reggie Graff","Utah Tech",2,1873,936.5,13,6.50,767,383.5,7,3.50,180,90.0,307,153.5
"Reggie Hayes",Navy,1,NULL,NULL,NULL,NULL,NULL,NULL,NULL,NULL,NULL,NULL,NULL,NULL
"Reginald Bell","Eastern Michigan",2,1556,778.0,11,5.50,661,330.5,4,2.00,129,64.5,227,113.5
"Reid Herring","East Carolina",3,1696,565.3,7,2.33,-51,-17.0,1,0.33,159,53.0,293,97.7
"Reid McCollum","South Carolina",1,39,39.0,1,1.00,NULL,NULL,NULL,NULL,4,4.0,6,6.0
"Reilly Hennessey","Eastern Washington",1,145,145.0,2,2.00,20,20.0,0,0.00,14,14.0,21,21.0
"Reilly O'Toole",Illinois,4,2319,579.8,18,4.50,390,97.5,3,0.75,239,59.8,376,94.0
"Ren Hefley",Gardner-Webb,1,197,197.0,1,1.00,-12,-12.0,0,0.00,25,25.0,47,47.0
"Ren Hefley",Presbyterian,1,NULL,NULL,NULL,NULL,NULL,NULL,NULL,NULL,NULL,NULL,NULL,NULL
"Rent Montie",Lafayette,2,538,269.0,2,1.00,38,19.0,2,1.00,52,26.0,90,45.0
"Rett Files","North Alabama",3,390,130.0,1,0.33,-67,-22.3,0,0.00,33,11.0,51,17.0
"Rex Culpepper",Syracuse,3,1546,515.3,11,3.67,-9,-3.0,0,0.00,139,46.3,266,88.7
"Rhett Rodriguez",Arizona,4,578,144.5,3,0.75,-2,-0.5,1,0.25,51,12.8,100,25.0
"Rhett Rodriguez","UL Monroe",1,799,799.0,4,4.00,35,35.0,0,0.00,70,70.0,137,137.0
"Ricardo Young",Maryland,1,NULL,NULL,NULL,NULL,7,7.0,0,0.00,NULL,NULL,NULL,NULL
"Richard Brehaut",UCLA,4,2445,611.3,12,3.00,187,46.8,6,1.50,201,50.3,359,89.8
"Richard Cue","South Carolina State",2,362,181.0,2,1.00,3,1.5,0,0.00,36,18.0,75,37.5
"Richard Lagow",Indiana,2,5298,2649.0,34,17.00,-238,-119.0,2,1.00,425,212.5,733,366.5
"Richie Harrington","Oregon State",1,66,66.0,1,1.00,NULL,NULL,NULL,NULL,6,6.0,9,9.0
"Richie Kenney",Cornell,1,NULL,NULL,NULL,NULL,NULL,NULL,NULL,NULL,NULL,NULL,NULL,NULL
"Richie Lankford","West Georgia",1,17,17.0,0,0.00,15,15.0,1,1.00,2,2.0,3,3.0
"Richie Munoz","Weber State",2,3243,1621.5,30,15.00,233,116.5,4,2.00,303,151.5,494,247.0
"Rick Settle",TCU,1,NULL,NULL,NULL,NULL,18,18.0,1,1.00,NULL,NULL,NULL,NULL
"Rickie Collins",LSU,2,38,19.0,0,0.00,37,18.5,0,0.00,7,3.5,7,3.5
"Rickie Collins",Syracuse,1,957,957.0,6,6.00,143,143.0,1,1.00,85,85.0,156,156.0
"Ricky Dobbs",Navy,3,2770,923.3,20,6.67,2654,884.7,49,16.33,147,49.0,271,90.3
"Ricky Lloyd","Southern Miss",1,277,277.0,1,1.00,55,55.0,0,0.00,22,22.0,44,44.0
"Ricky Stanzi",Iowa,4,7377,1844.3,56,14.00,-4,-1.0,2,0.50,542,135.5,907,226.8
"Ricky Town",Pittsburgh,1,15,15.0,0,0.00,NULL,NULL,NULL,NULL,1,1.0,1,1.0
"Ridge Docekal",Bryant,2,73,36.5,1,0.50,8,4.0,0,0.00,15,7.5,30,15.0
"Riley Ferguson",Memphis,2,7955,3977.5,70,35.00,-48,-24.0,10,5.00,579,289.5,917,458.5
"Riley Gallaher",Campbell,1,0,0.0,0,0.00,2,2.0,0,0.00,0,0.0,3,3.0
"Riley Leonard",Duke,3,4450,1483.3,24,8.00,1223,407.7,19,6.33,382,127.3,618,206.0
"Riley Leonard","Notre Dame",1,2861,2861.0,21,21.00,906,906.0,17,17.00,269,269.0,403,403.0
"Riley Neal","Ball State",4,7393,1848.3,46,11.50,1363,340.8,15,3.75,731,182.8,1219,304.8
"Riley Neal",Vanderbilt,1,1585,1585.0,9,9.00,47,47.0,0,0.00,149,149.0,258,258.0
"Riley Nelson",BYU,4,4032,1008.0,35,8.75,858,214.5,6,1.50,324,81.0,560,140.0
"Riley Skinner","Wake Forest",4,9762,2440.5,60,15.00,161,40.3,4,1.00,903,225.8,1349,337.3
"Riley Trujillo",Delaware,1,NULL,NULL,NULL,NULL,-2,-2.0,0,0.00,NULL,NULL,NULL,NULL
"Rio Johnson","East Carolina",2,592,296.0,2,1.00,-19,-9.5,1,0.50,66,33.0,101,50.5
"Rishon Holmes",Towson,1,NULL,NULL,NULL,NULL,3,3.0,0,0.00,NULL,NULL,NULL,NULL
"RJ Johnson","Florida A&M",1,183,183.0,0,0.00,5,5.0,0,0.00,17,17.0,32,32.0
"RJ Johnson III","Florida A&M",1,1237,1237.0,7,7.00,113,113.0,2,2.00,103,103.0,153,153.0
"RJ Martinez",Baylor,1,110,110.0,0,0.00,22,22.0,0,0.00,12,12.0,24,24.0
"RJ Martinez","Northern Arizona",2,2976,1488.0,17,8.50,116,58.0,8,4.00,303,151.5,458,229.0
"RJ Martinez","Texas State",1,148,148.0,0,0.00,21,21.0,0,0.00,18,18.0,24,24.0
"Rob Bolden","Eastern Michigan",1,399,399.0,4,4.00,84,84.0,0,0.00,41,41.0,95,95.0
"Rob Bolden","Penn State",2,2045,1022.5,7,3.50,27,13.5,1,0.50,165,82.5,328,164.0
"Rob Henry",Purdue,3,2044,681.3,15,5.00,657,219.0,7,2.33,188,62.7,352,117.3
"Rob McCoy","Charleston Southern",1,52,52.0,0,0.00,20,20.0,0,0.00,7,7.0,13,13.0
"Rob McCoy","Sacred Heart",2,1397,698.5,4,2.00,440,220.0,4,2.00,140,70.0,247,123.5
"Robbie Kelley",Akron,2,254,127.0,2,1.00,-24,-12.0,0,0.00,22,11.0,54,27.0
"Robbie Picazo",Stanford,2,22,11.0,0,0.00,NULL,NULL,NULL,NULL,4,2.0,4,2.0
"Robby Ashford",Auburn,2,1758,879.0,9,4.50,927,463.5,12,6.00,137,68.5,277,138.5
"Robby Ashford","South Carolina",1,324,324.0,2,2.00,227,227.0,2,2.00,23,23.0,32,32.0
"Robby Ashford","Wake Forest",1,1205,1205.0,3,3.00,228,228.0,4,4.00,95,95.0,162,162.0
"Robby Rowell",California,2,13,6.5,0,0.00,-6,-3.0,0,0.00,2,1.0,3,1.5
"Robert Benjamin",Wyoming,1,269,269.0,1,1.00,118,118.0,0,0.00,30,30.0,66,66.0
"Robert Coleman",Lamar,3,4000,1333.3,32,10.67,391,130.3,7,2.33,323,107.7,571,190.3
"Robert Council","Morgan State",3,325,108.3,3,1.00,145,48.3,1,0.33,24,8.0,54,18.0
"Robert Griffin III",Baylor,4,10366,2591.5,78,19.50,2254,563.5,33,8.25,800,200.0,1192,298.0
"Robert Marve",Miami,1,1293,1293.0,9,9.00,119,119.0,2,2.00,116,116.0,213,213.0
"Robert Marve",Purdue,3,2879,959.7,22,7.33,85,28.3,2,0.67,294,98.0,461,153.7
"Robert Mitchell","Charleston Southern",2,142,71.0,1,0.50,34,17.0,0,0.00,7,3.5,20,10.0
"Robert Partridge","Miami (OH)",1,NULL,NULL,NULL,NULL,-18,-18.0,0,0.00,NULL,NULL,NULL,NULL
"Robert Ratliff","Ole Miss",1,24,24.0,0,0.00,NULL,NULL,NULL,NULL,3,3.0,7,7.0
"Robert Riddle",Mercer,1,104,104.0,2,2.00,26,26.0,0,0.00,10,10.0,19,19.0
"Rocco Becht","Iowa State",4,8623,2155.8,58,14.50,438,109.5,18,4.50,661,165.3,1076,269.0
"Rocco Koch",Idaho,2,42,21.0,1,0.50,227,113.5,5,2.50,1,0.5,7,3.5
"Rocky Lombardi","Michigan State",3,1902,634.0,11,3.67,180,60.0,0,0.00,159,53.0,333,111.0
"Rocky Lombardi","Northern Illinois",3,5516,1838.7,31,10.33,604,201.3,17,5.67,439,146.3,745,248.3
"Rodney Thompson","Northern Illinois",1,34,34.0,0,0.00,20,20.0,1,1.00,1,1.0,2,2.0
"Rodney Tisdale Jr.","Western Kentucky",1,387,387.0,2,2.00,85,85.0,0,0.00,34,34.0,50,50.0
"Roman Fuller",Tulsa,3,128,42.7,2,0.67,-7,-2.3,0,0.00,21,7.0,31,10.3
"Roman Gagliano","Middle Tennessee",2,46,23.0,0,0.00,-12,-6.0,0,0.00,5,2.5,10,5.0
"Roman Jensen",Maryland,1,NULL,NULL,NULL,NULL,-1,-1.0,0,0.00,NULL,NULL,NULL,NULL
"Romelo Williams","Central Connecticut",2,462,231.0,0,0.00,3,1.5,0,0.00,54,27.0,96,48.0
"Romelo Williams","Virginia St",1,171,171.0,1,1.00,53,53.0,1,1.00,14,14.0,20,20.0
"Ron Kellogg III",Nebraska,2,941,470.5,7,3.50,-14,-7.0,0,0.00,84,42.0,143,71.5
"Ron Peace","East Texas A&M",2,3447,1723.5,18,9.00,109,54.5,5,2.50,271,135.5,477,238.5
"Ronald Butler","Tennessee State",1,285,285.0,2,2.00,40,40.0,0,0.00,19,19.0,30,30.0
"Ronnie Bell","Georgia State",2,2602,1301.0,15,7.50,121,60.5,3,1.50,191,95.5,386,193.0
"Ronnie Fouch",Washington,2,1339,669.5,4,2.00,-105,-52.5,1,0.50,113,56.5,251,125.5
"Ross Bowers",California,3,3095,1031.7,18,6.00,-147,-49.0,3,1.00,280,93.3,478,159.3
"Ross Bowers","Northern Illinois",2,3505,1752.5,17,8.50,-198,-99.0,1,0.50,289,144.5,499,249.5
"Ross Comis",Massachusetts,4,3011,752.8,21,5.25,388,97.0,10,2.50,216,54.0,368,92.0
"Ross Jenkins","Louisiana Tech",4,5036,1259.0,36,9.00,244,61.0,7,1.75,438,109.5,742,185.5
"Ross Malmgren","Charleston Southern",3,839,279.7,7,2.33,-54,-18.0,0,0.00,94,31.3,154,51.3
"Ross Metheny","South Alabama",2,4770,2385.0,27,13.50,745,372.5,11,5.50,390,195.0,669,334.5
"Ross Metheny",Virginia,2,207,103.5,3,1.50,-15,-7.5,0,0.00,15,7.5,19,9.5
"Ross Trail",Cincinnati,2,525,262.5,1,0.50,31,15.5,2,1.00,51,25.5,79,39.5
"Rowan Keefe",Valparaiso,3,1514,504.7,9,3.00,-7,-2.3,2,0.67,123,41.0,214,71.3
"Ruben Lee II","Mississippi Valley State",2,248,124.0,2,1.00,4,2.0,0,0.00,19,9.5,35,17.5
"Ruben Lee II","Norfolk State",1,0,0.0,0,0.00,2,2.0,0,0.00,0,0.0,3,3.0
"Rudy Voss","South Dakota State",1,3,3.0,0,0.00,3,3.0,1,1.00,1,1.0,3,3.0
"Ruel Tomlinson","Kent State",1,73,73.0,0,0.00,7,7.0,0,0.00,11,11.0,28,28.0
"Russell Bellomy",Michigan,2,46,23.0,0,0.00,16,8.0,0,0.00,4,2.0,23,11.5
"Russell Bellomy",UTSA,1,39,39.0,0,0.00,21,21.0,0,0.00,4,4.0,10,10.0
"Russell Wilson","NC State",3,8545,2848.3,76,25.33,1083,361.0,17,5.67,682,227.3,1180,393.3
"Russell Wilson",Wisconsin,1,3175,3175.0,33,33.00,338,338.0,6,6.00,225,225.0,309,309.0
"Rusty Smith","Florida Atlantic",4,10112,2528.0,76,19.00,-335,-83.8,5,1.25,768,192.0,1361,340.3
"Ryan Agnew","San Diego State",4,4205,1051.3,24,6.00,345,86.3,1,0.25,354,88.5,600,150.0
"Ryan Aplin","Arkansas State",4,10397,2599.3,64,16.00,1721,430.3,31,7.75,882,220.5,1371,342.8
"Ryan Boe",Northwestern,2,49,24.5,0,0.00,70,35.0,1,0.50,5,2.5,15,7.5
"Ryan Boyle","Indiana State",2,219,109.5,1,0.50,21,10.5,0,0.00,22,11.0,37,18.5
"Ryan Brand",Maryland,1,204,204.0,1,1.00,46,46.0,0,0.00,24,24.0,47,47.0
"Ryan Browne",Purdue,3,2325,775.0,12,4.00,415,138.3,4,1.33,199,66.3,334,111.3
"Ryan Buchanan","Ole Miss",2,171,85.5,2,1.00,21,10.5,0,0.00,20,10.0,35,17.5
"Ryan Burger","App State",2,113,56.5,1,0.50,13,6.5,0,0.00,11,5.5,17,8.5
"Ryan Burger",Liberty,1,88,88.0,0,0.00,70,70.0,1,1.00,8,8.0,19,19.0
"Ryan Burns",Stanford,4,1228,307.0,6,1.50,53,13.3,0,0.00,109,27.3,175,43.8
"Ryan Colburn","Fresno State",3,5334,1778.0,42,14.00,248,82.7,5,1.67,412,137.3,663,221.0
"Ryan Finley","Boise State",2,646,323.0,3,1.50,73,36.5,0,0.00,58,29.0,97,48.5
"Ryan Finley","NC State",3,10181,3393.7,56,18.67,308,102.7,5,1.67,854,284.7,1327,442.3
"Ryan Glover",California,1,94,94.0,0,0.00,-12,-12.0,0,0.00,11,11.0,29,29.0
"Ryan Glover",Memphis,1,29,29.0,0,0.00,52,52.0,0,0.00,4,4.0,5,5.0
"Ryan Graham","Northern Illinois",3,1569,523.0,16,5.33,413,137.7,0,0.00,142,47.3,268,89.3
"Ryan Griffin",Tulane,4,9026,2256.5,56,14.00,-342,-85.5,1,0.25,836,209.0,1396,349.0
"Ryan Higgins","Louisiana Tech",4,6539,1634.8,48,12.00,340,85.0,7,1.75,516,129.0,812,203.0
"Ryan Hilinski",Northwestern,4,2806,701.5,10,2.50,-73,-18.3,3,0.75,248,62.0,451,112.8
"Ryan Hilinski","South Carolina",2,2391,1195.5,11,5.50,-55,-27.5,1,0.50,240,120.0,412,206.0
"Ryan Howard","Central Arkansas",1,79,79.0,1,1.00,NULL,NULL,NULL,NULL,4,4.0,6,6.0
"Ryan Humphries","Sam Houston",1,0,0.0,0,0.00,NULL,NULL,NULL,NULL,0,0.0,1,1.0
"Ryan Jackson","St. Thomas (MN)",1,104,104.0,1,1.00,67,67.0,1,1.00,15,15.0,19,19.0
"Ryan Jankowski",Akron,1,NULL,NULL,NULL,NULL,-8,-8.0,0,0.00,NULL,NULL,NULL,NULL
"Ryan Katz","Oregon State",3,2737,912.3,19,6.33,50,16.7,2,0.67,240,80.0,407,135.7
"Ryan Katz","San Diego State",1,1348,1348.0,13,13.00,287,287.0,4,4.00,99,99.0,163,163.0
"Ryan Kelley","Eastern Washington",2,NULL,NULL,NULL,NULL,NULL,NULL,NULL,NULL,NULL,NULL,NULL,NULL
"Ryan Kraft",Wagner,1,70,70.0,0,0.00,-10,-10.0,0,0.00,8,8.0,19,19.0
"Ryan Lamb","Central Michigan",1,NULL,NULL,NULL,NULL,-4,-4.0,0,0.00,NULL,NULL,NULL,NULL
"Ryan Lewis",Rice,1,240,240.0,1,1.00,-19,-19.0,0,0.00,27,27.0,70,70.0
"Ryan Lindley","San Diego State",4,12690,3172.5,90,22.50,-275,-68.8,2,0.50,961,240.3,1732,433.0
"Ryan Mallett",Arkansas,2,7493,3746.5,62,31.00,-103,-51.5,6,3.00,491,245.5,814,407.0
"Ryan Mallett",Michigan,1,892,892.0,7,7.00,-38,-38.0,1,1.00,61,61.0,141,141.0
"Ryan McCarthy","The Citadel",2,NULL,NULL,NULL,NULL,NULL,NULL,NULL,NULL,NULL,NULL,NULL,NULL
"Ryan McManus","Wake Forest",1,47,47.0,0,0.00,16,16.0,0,0.00,6,6.0,14,14.0
"Ryan Metz",UTEP,4,3488,872.0,26,6.50,200,50.0,4,1.00,310,77.5,539,134.8
"Ryan Morris","Northern Illinois",4,744,186.0,4,1.00,-102,-25.5,0,0.00,68,17.0,132,33.0
"Ryan Mossakowski",Lamar,2,91,45.5,0,0.00,-8,-4.0,0,0.00,13,6.5,21,10.5
"Ryan Nassib",Syracuse,4,9190,2297.5,70,17.50,164,41.0,5,1.25,791,197.8,1312,328.0
"Ryan O'Connor",Delaware,3,3049,1016.3,28,9.33,75,25.0,3,1.00,244,81.3,421,140.3
"Ryan Polite",UTSA,1,604,604.0,3,3.00,107,107.0,1,1.00,46,46.0,75,75.0
"Ryan Puglisi",Georgia,1,112,112.0,1,1.00,15,15.0,0,0.00,9,9.0,15,15.0
"Ryan Radcliff","Central Michigan",4,9917,2479.3,65,16.25,-152,-38.0,2,0.50,791,197.8,1347,336.8
"Ryan Rizk",Miami,1,9,9.0,0,0.00,-5,-5.0,0,0.00,1,1.0,2,2.0
"Ryan Roberts",McNeese,2,655,327.5,4,2.00,-12,-6.0,1,0.50,59,29.5,109,54.5
"Ryan Rubley",Tulsa,1,92,92.0,1,1.00,0,0.0,0,0.00,7,7.0,11,11.0
"Ryan Saeger","South Dakota",3,290,96.7,0,0.00,12,4.0,0,0.00,27,9.0,45,15.0
"Ryan Schmidt",Iowa,1,NULL,NULL,NULL,NULL,NULL,NULL,NULL,NULL,NULL,NULL,NULL,NULL
"Ryan Schuster",Lafayette,2,444,222.0,2,1.00,-28,-14.0,3,1.50,50,25.0,94,47.0
"Ryan Smith",UAlbany,1,8,8.0,0,0.00,NULL,NULL,NULL,NULL,2,2.0,5,5.0
"Ryan Stanley","Florida A&M",3,300,100.0,0,0.00,-12,-4.0,0,0.00,28,9.3,62,20.7
"Ryan Staub",Colorado,3,680,226.7,4,1.33,8,2.7,1,0.33,53,17.7,97,32.3
"Ryan Stover",Towson,3,236,78.7,2,0.67,76,25.3,0,0.00,23,7.7,41,13.7
"Ryan Stubblefield","Incarnate Word",1,89,89.0,0,0.00,-4,-4.0,0,0.00,11,11.0,18,18.0
"Ryan Stubblefield","South Carolina State",2,1513,756.5,10,5.00,173,86.5,7,3.50,116,58.0,190,95.0
"Ryan Swingle",VMI,2,34,17.0,0,0.00,NULL,NULL,NULL,NULL,1,0.5,5,2.5
"Ryan Tannehill","Texas A&M",4,5450,1362.5,42,10.50,369,92.3,5,1.25,484,121.0,774,193.5
"Ryan VanSchelven",Dayton,1,NULL,NULL,NULL,NULL,3,3.0,0,0.00,NULL,NULL,NULL,NULL
"Ryan Williams",Memphis,1,2075,2075.0,13,13.00,-174,-174.0,0,0.00,165,165.0,290,290.0
"Ryan Williams",Miami,3,506,168.7,4,1.33,-22,-7.3,0,0.00,37,12.3,53,17.7
"Ryan Willis",Kansas,2,2530,1265.0,12,6.00,-87,-43.5,1,0.50,236,118.0,432,216.0
"Ryan Willis","Virginia Tech",2,3622,1811.0,33,16.50,388,194.0,5,2.50,285,142.5,481,240.5
"Ryan Yost",Assumption,1,0,0.0,0,0.00,-13,-13.0,0,0.00,0,0.0,2,2.0
"Ryan Zanelli",Pennsylvania,1,53,53.0,0,0.00,NULL,NULL,NULL,NULL,1,1.0,1,1.0
"Ryder Burton",UAB,1,258,258.0,3,3.00,7,7.0,1,1.00,21,21.0,28,28.0
"Ryder Hagan","Tennessee State",1,NULL,NULL,NULL,NULL,4,4.0,0,0.00,NULL,NULL,NULL,NULL
"Ryker Fyfe",Nebraska,4,1043,260.8,10,2.50,-13,-3.3,1,0.25,87,21.8,165,41.3
"Sagan Gronauer","Idaho State",2,724,362.0,4,2.00,1,0.5,1,0.50,72,36.0,130,65.0
"Sage Attwood",Colgate,2,79,39.5,0,0.00,10,5.0,0,0.00,12,6.0,18,9.0
"Sam Allen","San José State",1,40,40.0,0,0.00,-12,-12.0,0,0.00,5,5.0,13,13.0
"Sam B. Richardson","Iowa State",4,6050,1512.5,45,11.25,1008,252.0,6,1.50,549,137.3,962,240.5
"Sam Bradford",Oklahoma,3,8406,2802.0,88,29.33,36,12.0,5,1.67,605,201.7,894,298.0
"Sam Darnold",USC,2,7229,3614.5,57,28.50,332,166.0,7,3.50,549,274.5,846,423.0
"Sam Ehlinger",Texas,4,11438,2859.5,94,23.50,1908,477.0,33,8.25,922,230.5,1475,368.8
"Sam Hartman","Notre Dame",1,2689,2689.0,24,24.00,123,123.0,3,3.00,191,191.0,301,301.0
"Sam Hartman","Wake Forest",5,12967,2593.4,110,22.00,886,177.2,17,3.40,944,188.8,1598,319.6
"Sam Horn",Missouri,3,54,18.0,1,0.33,15,5.0,0,0.00,3,1.0,8,2.7
"Sam Howell","North Carolina",3,10283,3427.7,92,30.67,1009,336.3,17,5.67,713,237.7,1117,372.3
"Sam Huard","Cal Poly",1,1775,1775.0,11,11.00,-97,-97.0,0,0.00,146,146.0,254,254.0
"Sam Huard",Washington,2,265,132.5,1,0.50,-45,-22.5,0,0.00,24,12.0,44,22.0
"Sam Johnson","Kansas State",1,NULL,NULL,NULL,NULL,6,6.0,0,0.00,NULL,NULL,NULL,NULL
"Sam Leavitt","Arizona State",2,4513,2256.5,34,17.00,749,374.5,10,5.00,361,180.5,589,294.5
"Sam Leavitt","Michigan State",1,139,139.0,2,2.00,67,67.0,0,0.00,15,15.0,23,23.0
"Sam Noyer",Colorado,4,1280,320.0,6,1.50,189,47.3,5,1.25,109,27.3,201,50.3
"Sam Noyer","Oregon State",1,101,101.0,0,0.00,-3,-3.0,0,0.00,11,11.0,24,24.0
"Sam Stratton",Wyoming,3,23,7.7,0,0.00,58,19.3,0,0.00,2,0.7,5,1.7
"Sam Straub","Southern Illinois",3,692,230.7,9,3.00,54,18.0,1,0.33,60,20.0,96,32.0
"Sam Vidlak","Boise State",1,86,86.0,0,0.00,-15,-15.0,0,0.00,9,9.0,14,14.0
"Sam Vidlak",Montana,1,358,358.0,3,3.00,-65,-65.0,0,0.00,36,36.0,54,54.0
"Sam Vidlak","Oregon State",1,8,8.0,0,0.00,NULL,NULL,NULL,NULL,2,2.0,3,3.0
"Sam Vidlak","Stephen F. Austin",2,4055,2027.5,40,20.00,-169,-84.5,0,0.00,319,159.5,485,242.5
"Samaj Jones",Cincinnati,1,53,53.0,1,1.00,26,26.0,0,0.00,2,2.0,2,2.0
"Samari Collier","Coastal Carolina",1,351,351.0,4,4.00,237,237.0,5,5.00,25,25.0,54,54.0
"Sammuel Lamur","Kansas State",2,80,40.0,0,0.00,37,18.5,1,0.50,9,4.5,11,5.5
"Samson Szakacsy","Arizona State",2,414,207.0,4,2.00,-6,-3.0,1,0.50,40,20.0,67,33.5
"Santino Marucci","New Mexico State",1,519,519.0,3,3.00,131,131.0,1,1.00,49,49.0,112,112.0
"Santino Marucci","Wake Forest",2,151,75.5,1,0.50,1,0.5,0,0.00,12,6.0,21,10.5
"Sawyer Kollmorgen","Northern Iowa",4,1397,349.3,9,2.25,-25,-6.3,1,0.25,100,25.0,180,45.0
"Sawyer Robertson",Baylor,3,6448,2149.3,53,17.67,304,101.3,7,2.33,496,165.3,811,270.3
"Sawyer Robertson","Mississippi State",1,23,23.0,0,0.00,0,0.0,0,0.00,6,6.0,11,11.0
"Sawyer Smith",Kentucky,1,690,690.0,4,4.00,-11,-11.0,1,1.00,57,57.0,126,126.0
"Sawyer Smith",Troy,2,1850,925.0,15,7.50,273,136.5,2,1.00,162,81.0,255,127.5
"Sawyer Teeney",Idaho,1,0,0.0,0,0.00,8,8.0,0,0.00,2,2.0,4,4.0
"Scott Lathrop","Southeast Missouri State",2,279,139.5,3,1.50,57,28.5,1,0.50,26,13.0,41,20.5
"Scott McCummings",UConn,2,159,79.5,2,1.00,417,208.5,7,3.50,6,3.0,12,6.0
"Scott Pfeiffer","Houston Christian",1,106,106.0,1,1.00,-10,-10.0,0,0.00,9,9.0,17,17.0
"Scott Smith III",Towson,1,30,30.0,0,0.00,34,34.0,0,0.00,4,4.0,10,10.0
"Scott Tolzien",Wisconsin,3,5271,1757.0,32,10.67,-9,-3.0,3,1.00,410,136.7,602,200.7
"Scotty Fox Jr.","West Virginia",1,466,466.0,3,3.00,80,80.0,1,1.00,39,39.0,66,66.0
"Scotty Gilkey Jr","Eastern Illinois",2,0,0.0,0,0.00,20,10.0,1,0.50,0,0.0,3,1.5
"Scotty Young","Louisiana Tech",1,733,733.0,4,4.00,2,2.0,0,0.00,87,87.0,165,165.0
"Sean Ashenfelder",Rutgers,1,11,11.0,0,0.00,-3,-3.0,0,0.00,1,1.0,1,1.0
"Sean Austin","Montana State",1,218,218.0,2,2.00,51,51.0,0,0.00,16,16.0,20,20.0
"Sean Brophy","Incarnate Word",3,59,19.7,0,0.00,NULL,NULL,NULL,NULL,8,2.7,16,5.3
"Sean Brown",Towson,2,2012,1006.0,11,5.50,-21,-10.5,1,0.50,169,84.5,272,136.0
"Sean Canfield","Oregon State",4,5970,1492.5,38,9.50,-313,-78.3,3,0.75,552,138.0,861,215.3
"Sean Chambers","Montana State",2,1435,717.5,15,7.50,1433,716.5,32,16.00,91,45.5,159,79.5
"Sean Chambers",Wyoming,4,2312,578.0,16,4.00,1092,273.0,15,3.75,158,39.5,324,81.0
"Sean Clifford","Penn State",5,10679,2135.8,86,17.20,1082,216.4,15,3.00,832,166.4,1355,271.0
"Sean Goldrich","New Hampshire",4,427,106.8,2,0.50,40,10.0,1,0.25,40,10.0,68,17.0
"Sean Maguire","Florida State",4,2039,509.8,16,4.00,-131,-32.8,0,0.00,157,39.3,271,67.8
"Sean Mannion","Oregon State",4,13600,3400.0,83,20.75,-804,-201.0,2,0.50,1187,296.8,1838,459.5
"Sean McCormack",Louisville,1,29,29.0,0,0.00,2,2.0,0,0.00,4,4.0,13,13.0
"Sean McGuire","Western Illinois",4,888,222.0,6,1.50,6,1.5,1,0.25,65,16.3,98,24.5
"Sean O'Malley",Lafayette,1,76,76.0,1,1.00,-6,-6.0,0,0.00,9,9.0,16,16.0
"Sean Pratt",UCF,1,NULL,NULL,NULL,NULL,1,1.0,0,0.00,NULL,NULL,NULL,NULL
"Sean Reilly",UNLV,1,186,186.0,1,1.00,-37,-37.0,0,0.00,19,19.0,39,39.0
"Sean Renfree",Duke,4,9465,2366.3,51,12.75,-167,-41.8,9,2.25,898,224.5,1389,347.3
"Sean Rubalcaba","Northern Colorado",1,189,189.0,0,0.00,18,18.0,0,0.00,16,16.0,21,21.0
"Sean Schroeder",Hawai'i,2,4849,2424.5,39,19.50,-220,-110.0,3,1.50,409,204.5,721,360.5
"Sean White",Auburn,2,2845,1422.5,10,5.00,198,99.0,2,1.00,216,108.0,351,175.5
"Sefo Liufau",Colorado,4,9765,2441.3,60,15.00,939,234.8,13,3.25,888,222.0,1412,353.0
"Sema'J Davis","Abilene Christian",3,29,9.7,0,0.00,76,25.3,0,0.00,3,1.0,8,2.7
"Seth Boomer",Tulsa,3,1535,511.7,10,3.33,95,31.7,1,0.33,116,38.7,226,75.3
"Seth Doege","Texas Tech",4,8636,2159.0,69,17.25,54,13.5,6,1.50,819,204.8,1187,296.8
"Seth Henigan",Memphis,4,14278,3569.5,104,26.00,900,225.0,10,2.50,1148,287.0,1792,448.0
"Seth Higgins","Morgan State",2,207,103.5,2,1.00,17,8.5,0,0.00,21,10.5,41,20.5
"Seth Lobato","Northern Colorado",3,242,80.7,1,0.33,-20,-6.7,0,0.00,27,9.0,53,17.7
"Seth Morgan","New Hampshire",1,2321,2321.0,22,22.00,-51,-51.0,2,2.00,234,234.0,363,363.0
"Seth Morgan",VMI,3,993,331.0,2,0.67,-24,-8.0,2,0.67,105,35.0,199,66.3
"Seth Russell",Baylor,4,5461,1365.3,60,15.00,1240,310.0,20,5.00,345,86.3,606,151.5
"Seth Shuman","Georgia Southern",1,357,357.0,1,1.00,39,39.0,0,0.00,34,34.0,72,72.0
"Seth Strickland","South Carolina",2,110,55.0,2,1.00,5,2.5,0,0.00,6,3.0,8,4.0
"Shaker Reisig","Boston College",1,89,89.0,1,1.00,9,9.0,0,0.00,6,6.0,13,13.0
"Shane Austin",Hawai'i,3,1303,434.3,6,2.00,-48,-16.0,2,0.67,124,41.3,214,71.3
"Shane Bucenell","Charleston Southern",1,15,15.0,0,0.00,-16,-16.0,0,0.00,3,3.0,17,17.0
"Shane Buechele",SMU,2,7025,3512.5,57,28.50,211,105.5,4,2.00,549,274.5,857,428.5
"Shane Buechele",Texas,3,4636,1545.3,30,10.00,258,86.0,4,1.33,403,134.3,648,216.0
"Shane Carden","East Carolina",3,11991,3997.0,86,28.67,253,84.3,24,8.00,1052,350.7,1579,526.3
"Shane Hamm",Dayton,1,701,701.0,6,6.00,426,426.0,3,3.00,63,63.0,112,112.0
"Shane Illingworth",Nevada,2,936,468.0,2,1.00,-77,-38.5,0,0.00,99,49.5,172,86.0
"Shane Illingworth","Oklahoma State",2,934,467.0,7,3.50,-19,-9.5,0,0.00,69,34.5,120,60.0
"Shane McGregor","Penn State",2,12,6.0,0,0.00,3,1.5,1,0.50,1,0.5,4,2.0
"Shane Morris","Central Michigan",1,3237,3237.0,27,27.00,93,93.0,3,3.00,249,249.0,446,446.0
"Shane Morris",Michigan,3,434,144.7,0,0.00,87,29.0,0,0.00,47,15.7,92,30.7
"Shannon Patrick","Arkansas-Pine Bluff",1,107,107.0,0,0.00,NULL,NULL,NULL,NULL,8,8.0,16,16.0
"Shannon Patrick",Bethune-Cookman,1,453,453.0,4,4.00,-14,-14.0,0,0.00,42,42.0,70,70.0
"Shaun Rutherford","Texas State",2,2233,1116.5,15,7.50,693,346.5,5,2.50,203,101.5,320,160.0
"Shaun Taylor","Oklahoma State",1,21,21.0,0,0.00,NULL,NULL,NULL,NULL,4,4.0,4,4.0
"Shaun White","Middle Tennessee",1,NULL,NULL,NULL,NULL,10,10.0,0,0.00,NULL,NULL,NULL,NULL
"Shavodrick Beaver",Tulsa,2,68,34.0,0,0.00,165,82.5,1,0.50,5,2.5,9,4.5
"Shawn Brown",Stonehill,1,11,11.0,0,0.00,45,45.0,1,1.00,1,1.0,4,4.0
"Shawn Stankavage",Rice,1,1328,1328.0,10,10.00,49,49.0,0,0.00,124,124.0,218,218.0
"Shawn Stankavage",Vanderbilt,1,6,6.0,0,0.00,NULL,NULL,NULL,NULL,1,1.0,1,1.0
"Shawqui Itraish",Rice,2,215,107.5,0,0.00,-12,-6.0,0,0.00,24,12.0,45,22.5
"Shay Smith",UTEP,2,28,14.0,0,0.00,13,6.5,2,1.00,5,2.5,9,4.5
"Shea Kuykendall","Northern Colorado",1,454,454.0,2,2.00,-8,-8.0,0,0.00,52,52.0,81,81.0
"Shea Patterson",Michigan,2,5631,2815.5,45,22.50,331,165.5,7,3.50,421,210.5,700,350.0
"Shea Patterson","Ole Miss",2,3139,1569.5,23,11.50,153,76.5,1,0.50,238,119.0,392,196.0
"Shedeur Sanders",Colorado,2,7364,3682.0,64,32.00,-127,-63.5,8,4.00,651,325.5,907,453.5
"Shedeur Sanders","Jackson State",2,3645,1822.5,37,18.50,156,78.0,4,2.00,350,175.0,495,247.5
"Sheldon Barnes","Savannah St",2,0,0.0,0,0.00,72,36.0,0,0.00,0,0.0,1,0.5
"Sheldon Layman","Austin Peay",2,94,47.0,1,0.50,-5,-2.5,0,0.00,9,4.5,20,10.0
"Shelton Eppler","Northwestern State",2,330,165.0,2,1.00,4,2.0,0,0.00,30,15.0,54,27.0
"Sheriron Jones","New Mexico",2,1932,966.0,15,7.50,490,245.0,3,1.50,136,68.0,264,132.0
"Sheriron Jones",Tennessee,1,2,2.0,0,0.00,NULL,NULL,NULL,NULL,1,1.0,1,1.0
"Sherrod Harris",Texas,2,NULL,NULL,NULL,NULL,-6,-3.0,0,0.00,NULL,NULL,NULL,NULL
"Shon Mitchell","Central Connecticut",2,1336,668.0,8,4.00,61,30.5,3,1.50,121,60.5,229,114.5
"Shon Mitchell","William & Mary",1,208,208.0,1,1.00,-8,-8.0,0,0.00,14,14.0,24,24.0
"Shuler Bentley","Murray State",1,25,25.0,0,0.00,NULL,NULL,NULL,NULL,4,4.0,6,6.0
"Shuler Bentley","Old Dominion",2,1498,749.0,12,6.00,-36,-18.0,2,1.00,144,72.0,279,139.5
"Simon Burkett","Eastern Washington",1,20,20.0,0,0.00,-9,-9.0,0,0.00,2,2.0,4,4.0
"Simon Romfo","North Dakota",4,2094,523.5,18,4.50,361,90.3,7,1.75,188,47.0,307,76.8
"Sky Forest","Lane College",1,16,16.0,0,0.00,3,3.0,0,0.00,2,2.0,4,4.0
"Skylar John Thompson","Kansas State",5,7131,1426.2,43,8.60,1087,217.4,26,5.20,552,110.4,885,177.0
"Skylar Jones",Memphis,1,124,124.0,0,0.00,4,4.0,0,0.00,10,10.0,18,18.0
"Skylar Jones","Wake Forest",1,119,119.0,0,0.00,41,41.0,0,0.00,13,13.0,27,27.0
"Skyler Cassel","Utah Tech",2,6,3.0,0,0.00,-6,-3.0,0,0.00,1,0.5,4,2.0
"Skyler Howard","West Virginia",3,7302,2434.0,60,20.00,1105,368.3,16,5.33,524,174.7,917,305.7
"Skyler Locklear","Austin Peay",2,70,35.0,1,0.50,2,1.0,0,0.00,4,2.0,7,3.5
"Skyler Locklear",UTEP,2,2151,1075.5,15,7.50,463,231.5,5,2.50,198,99.0,317,158.5
"Skyler Mornhinweg",Florida,1,344,344.0,3,3.00,-5,-5.0,0,0.00,44,44.0,63,63.0
"Skyler Perry","Arkansas-Pine Bluff",4,1583,395.8,6,1.50,223,55.8,1,0.25,162,40.5,309,77.3
"Sofian Massoud",Hampton,1,215,215.0,1,1.00,23,23.0,0,0.00,19,19.0,27,27.0
"Sonny Mannino",Marist,2,2883,1441.5,19,9.50,606,303.0,8,4.00,285,142.5,526,263.0
"Spencer Brasch","Cal Poly",3,2872,957.3,21,7.00,-41,-13.7,0,0.00,226,75.3,385,128.3
"Spencer Brasch",California,1,71,71.0,0,0.00,-42,-42.0,0,0.00,9,9.0,25,25.0
"Spencer Jones",Liberty,1,NULL,NULL,NULL,NULL,NULL,NULL,NULL,NULL,NULL,NULL,NULL,NULL
"Spencer Keith","Kent State",4,7802,1950.5,44,11.00,346,86.5,12,3.00,708,177.0,1276,319.0
"Spencer Petras",Iowa,5,5199,1039.8,24,4.80,-294,-58.8,11,2.20,468,93.6,825,165.0
"Spencer Petras","Utah State",1,2315,2315.0,17,17.00,35,35.0,1,1.00,214,214.0,327,327.0
"Spencer Rattler",Oklahoma,3,4595,1531.7,40,13.33,260,86.7,9,3.00,361,120.3,515,171.7
"Spencer Rattler","South Carolina",2,6197,3098.5,37,18.50,159,79.5,7,3.50,537,268.5,793,396.5
"Spencer Sanders","Oklahoma State",4,9553,2388.3,67,16.75,1960,490.0,18,4.50,765,191.3,1252,313.0
"Spencer Sanders","Ole Miss",1,278,278.0,3,3.00,45,45.0,0,0.00,19,19.0,29,29.0
"Spencer Whipple",Miami,2,54,27.0,0,0.00,-4,-2.0,0,0.00,6,3.0,12,6.0
"Stanley Anderson-Lofton","Middle Tennessee",1,11,11.0,0,0.00,9,9.0,0,0.00,1,1.0,1,1.0
"Star Jackson",Alabama,1,116,116.0,0,0.00,3,3.0,0,0.00,13,13.0,18,18.0
"Steele Jantz","Iowa State",2,3122,1561.0,23,11.50,432,216.0,3,1.50,305,152.5,528,264.0
"Steele Pizzella","Wake Forest",1,0,0.0,0,0.00,-1,-1.0,0,0.00,0,0.0,1,1.0
"Stefan Cantwell","Weber State",1,431,431.0,1,1.00,61,61.0,1,1.00,25,25.0,44,44.0
"Stephen Calvert",Liberty,4,7297,1824.3,53,13.25,-312,-78.0,3,0.75,542,135.5,952,238.0
"Stephen Curtis","Florida Atlantic",2,127,63.5,0,0.00,27,13.5,1,0.50,14,7.0,31,15.5
"Stephen Garcia","South Carolina",4,7597,1899.3,47,11.75,777,194.3,15,3.75,589,147.3,1021,255.3
"Stephen Hogan","Arkansas State",1,18,18.0,0,0.00,34,34.0,0,0.00,3,3.0,6,6.0
"Stephen Johnson",Grambling,1,151,151.0,0,0.00,23,23.0,0,0.00,11,11.0,18,18.0
"Stephen Johnson",Kentucky,2,4342,2171.0,23,11.50,702,351.0,8,4.00,334,167.0,581,290.5
"Stephen Kaiser",SMU,1,0,0.0,0,0.00,NULL,NULL,NULL,NULL,0,0.0,1,1.0
"Stephen Kittleman",Tulsa,2,69,34.5,0,0.00,12,6.0,2,1.00,5,2.5,6,3.0
"Stephen Morris",Miami,4,7896,1974.0,49,12.25,54,13.5,3,0.75,551,137.8,955,238.8
"Stephen Rivers",LSU,1,0,0.0,0,0.00,2,2.0,0,0.00,0,0.0,2,2.0
"Stephen Rivers","Northwestern State",1,46,46.0,0,0.00,-4,-4.0,0,0.00,4,4.0,8,8.0
"Stephen Rivers",Vanderbilt,1,334,334.0,0,0.00,-26,-26.0,0,0.00,25,25.0,65,65.0
"Stephon Masha",Liberty,3,134,44.7,0,0.00,66,22.0,0,0.00,18,6.0,42,14.0
"Stetson Bennett",Georgia,4,8425,2106.3,66,16.50,530,132.5,14,3.50,601,150.3,924,231.0
"Steve Cluley","William & Mary",3,433,144.3,4,1.33,-45,-15.0,1,0.33,40,13.3,75,25.0
"Steven Angeli","Notre Dame",2,772,386.0,10,5.00,36,18.0,0,0.00,58,29.0,80,40.0
"Steven Angeli",Syracuse,1,1317,1317.0,10,10.00,-32,-32.0,1,1.00,97,97.0,155,155.0
"Steven Bench","Penn State",1,12,12.0,0,0.00,18,18.0,0,0.00,2,2.0,8,8.0
"Steven Bench","South Florida",3,1180,393.3,7,2.33,17,5.7,3,1.00,89,29.7,186,62.0
"Steven Duncan","Incarnate Word",1,357,357.0,1,1.00,28,28.0,2,2.00,19,19.0,34,34.0
"Steven Duncan","Tarleton State",1,NULL,NULL,NULL,NULL,NULL,NULL,NULL,NULL,NULL,NULL,NULL,NULL
"Steven Duncan","Western Kentucky",3,1817,605.7,14,4.67,203,67.7,3,1.00,177,59.0,304,101.3
"Steven Ensminger","Louisiana Tech",1,NULL,NULL,NULL,NULL,7,7.0,0,0.00,NULL,NULL,NULL,NULL
"Steven Johnson",Charlotte,1,67,67.0,1,1.00,9,9.0,0,0.00,3,3.0,6,6.0
"Steven Johnson","East Tennessee State",1,33,33.0,0,0.00,1,1.0,0,0.00,3,3.0,3,3.0
"Steven Krajewski",UConn,3,1520,506.7,10,3.33,198,66.0,4,1.33,148,49.3,272,90.7
"Steven Krajewski",Wagner,1,1496,1496.0,13,13.00,109,109.0,2,2.00,127,127.0,234,234.0
"Steven Montez",Colorado,4,9709,2427.3,63,15.75,960,240.0,11,2.75,823,205.8,1320,330.0
"Steven Sheffield","Texas Tech",2,1578,789.0,17,8.50,-25,-12.5,3,1.50,134,67.0,194,97.0
"Steven Threet","Arizona State",1,2534,2534.0,18,18.00,19,19.0,2,2.00,208,208.0,336,336.0
"Steven Threet",Michigan,1,1105,1105.0,9,9.00,201,201.0,2,2.00,102,102.0,200,200.0
"Stone Earle","Abilene Christian",3,1872,624.0,13,4.33,295,98.3,4,1.33,170,56.7,261,87.0
"Stone Earle",Marshall,1,673,673.0,7,7.00,207,207.0,0,0.00,65,65.0,120,120.0
"Stone Earle","North Texas",2,319,159.5,5,2.50,180,90.0,1,0.50,27,13.5,48,24.0
"Stone Frost","Middle Tennessee",2,-4,-2.0,0,0.00,36,18.0,0,0.00,1,0.5,1,0.5
"Stone Hollenbach","Western Michigan",1,15,15.0,0,0.00,-9,-9.0,0,0.00,4,4.0,5,5.0
"Stone Labanowitz","Southern Illinois",2,271,135.5,4,2.00,5,2.5,0,0.00,20,10.0,27,13.5
"Stone Norton","Florida International",1,252,252.0,3,3.00,-71,-71.0,0,0.00,25,25.0,52,52.0
"Stone Smartt","Old Dominion",2,1006,503.0,1,0.50,191,95.5,5,2.50,101,50.5,177,88.5
"Stump Godfrey","New Mexico",1,553,553.0,5,5.00,287,287.0,4,4.00,57,57.0,97,97.0
"T.C. Molk","Western Illinois",1,0,0.0,0,0.00,NULL,NULL,NULL,NULL,0,0.0,2,2.0
"T.J. Bell","Savannah St",1,43,43.0,0,0.00,8,8.0,0,0.00,8,8.0,14,14.0
"T.J. DeShields",Akron,2,76,38.0,0,0.00,0,0.0,0,0.00,10,5.0,24,12.0
"T.J. Millweard",Kansas,2,14,7.0,0,0.00,NULL,NULL,NULL,NULL,2,1.0,4,2.0
"T.J. Patterson",Colorado,1,0,0.0,0,0.00,NULL,NULL,NULL,NULL,0,0.0,1,1.0
"T.J. Smith","North Alabama",1,1748,1748.0,15,15.00,300,300.0,5,5.00,131,131.0,213,213.0
"T.J. Yates","North Carolina",4,9377,2344.3,58,14.50,-333,-83.3,7,1.75,795,198.8,1277,319.3
"Ta'Quan Roberson",Buffalo,1,1603,1603.0,11,11.00,158,158.0,2,2.00,137,137.0,224,224.0
"Ta'Quan Roberson","Kansas State",1,18,18.0,0,0.00,7,7.0,0,0.00,3,3.0,7,7.0
"Ta'Quan Roberson","Penn State",2,85,42.5,1,0.50,23,11.5,0,0.00,11,5.5,29,14.5
"Ta'Quan Roberson",UConn,2,2085,1042.5,12,6.00,128,64.0,3,1.50,198,99.0,340,170.0
"Tad Hudson","Coastal Carolina",2,620,310.0,5,2.50,40,20.0,2,1.00,73,36.5,129,64.5
"Tago Smith",Navy,4,290,72.5,4,1.00,391,97.8,7,1.75,13,3.3,18,4.5
"Tahj Bullock",Akron,2,471,235.5,3,1.50,303,151.5,12,6.00,54,27.0,96,48.0
"Tahj Bullock","Colorado State",1,0,0.0,0,0.00,32,32.0,3,3.00,0,0.0,1,1.0
"Tahj Bullock","Virginia Tech",1,27,27.0,0,0.00,14,14.0,0,0.00,2,2.0,4,4.0
"Tahj Smith","Morgan State",2,1134,567.0,6,3.00,262,131.0,3,1.50,94,47.0,187,93.5
"Tahj Tolbert","Florida A&M",1,0,0.0,0,0.00,NULL,NULL,NULL,NULL,0,0.0,2,2.0
"Tai Lavatai",Navy,3,1937,645.7,15,5.00,925,308.3,14,4.67,132,44.0,253,84.3
"Taisun Phommachanh",Clemson,3,204,68.0,1,0.33,151,50.3,1,0.33,22,7.3,48,16.0
"Taisun Phommachanh","Georgia Tech",1,13,13.0,0,0.00,56,56.0,2,2.00,2,2.0,5,5.0
"Taisun Phommachanh",Massachusetts,2,3097,1548.5,14,7.00,355,177.5,5,2.50,271,135.5,461,230.5
"Tajh Boyd",Clemson,4,11904,2976.0,107,26.75,1165,291.3,26,6.50,901,225.3,1402,350.5
"Tak Tateoka","St. Thomas (MN)",2,1679,839.5,14,7.00,62,31.0,2,1.00,145,72.5,259,129.5
"Tama Amisone","San José State",1,30,30.0,0,0.00,53,53.0,0,0.00,5,5.0,9,9.0
"Tamyn Garrick",Presbyterian,3,379,126.3,1,0.33,-45,-15.0,0,0.00,44,14.7,94,31.3
"Tanner Bailey","South Carolina",1,NULL,NULL,NULL,NULL,-7,-7.0,0,0.00,NULL,NULL,NULL,NULL
"Tanner Brumby",Mercer,1,10,10.0,0,0.00,1,1.0,0,0.00,1,1.0,3,3.0
"Tanner Gueller","Idaho State",4,1451,362.8,8,2.00,12,3.0,0,0.00,132,33.0,246,61.5
"Tanner Hughes","Iowa State",1,NULL,NULL,NULL,NULL,4,4.0,0,0.00,NULL,NULL,NULL,NULL
"Tanner Jellison","San Diego",1,219,219.0,2,2.00,15,15.0,0,0.00,21,21.0,27,27.0
"Tanner Jones",Troy,2,225,112.5,2,1.00,47,23.5,1,0.50,20,10.0,42,21.0
"Tanner Justice","Ball State",3,648,216.0,2,0.67,7,2.3,1,0.33,56,18.7,111,37.0
"Tanner Kingsley","Central Connecticut",2,27,13.5,0,0.00,9,4.5,0,0.00,6,3.0,12,6.0
"Tanner Lee",Nebraska,1,3143,3143.0,23,23.00,-97,-97.0,2,2.00,246,246.0,428,428.0
"Tanner Lee",Tulane,2,3601,1800.5,23,11.50,-287,-143.5,0,0.00,328,164.0,612,306.0
"Tanner Maddocks",Villanova,3,208,69.3,1,0.33,103,34.3,1,0.33,20,6.7,31,10.3
"Tanner Mangum",BYU,4,6262,1565.5,39,9.75,-120,-30.0,3,0.75,550,137.5,922,230.5
"Tanner McGee","South Alabama",3,145,48.3,2,0.67,18,6.0,0,0.00,6,2.0,8,2.7
"Tanner McKee",Stanford,3,5336,1778.7,28,9.33,-82,-27.3,6,2.00,473,157.7,748,249.3
"Tanner Mordecai",Oklahoma,3,639,213.0,4,1.33,2,0.7,0,0.00,50,16.7,70,23.3
"Tanner Mordecai",SMU,2,7152,3576.0,72,36.00,302,151.0,4,2.00,596,298.0,897,448.5
"Tanner Mordecai",Wisconsin,1,2065,2065.0,9,9.00,303,303.0,4,4.00,204,204.0,314,314.0
"Tanner Morgan",Minnesota,5,9454,1890.8,65,13.00,5,1.0,8,1.60,661,132.2,1063,212.6
"Tanner Murray","SE Louisiana",2,43,21.5,0,0.00,62,31.0,0,0.00,2,1.0,6,3.0
"Tanner Price","Wake Forest",4,8899,2224.8,52,13.00,280,70.0,12,3.00,824,206.0,1451,362.8
"Tanner Rust","New Mexico State",1,33,33.0,0,0.00,103,103.0,0,0.00,8,8.0,18,18.0
"Tanner Schafer",Oklahoma,1,18,18.0,0,0.00,NULL,NULL,NULL,NULL,3,3.0,5,5.0
"Tanner Zolnosky","Western Illinois",2,51,25.5,1,0.50,63,31.5,0,0.00,3,1.5,3,1.5
"TaQuon Marshall","Georgia Tech",4,1836,459.0,15,3.75,2192,548.0,29,7.25,92,23.0,227,56.8
"Tarean Austin","New Mexico",2,1104,552.0,5,2.50,296,148.0,2,1.00,104,52.0,207,103.5
"Tarik Hakmi","Louisiana Tech",2,355,177.5,2,1.00,52,26.0,1,0.50,32,16.0,54,27.0
"Taron Dickens","Western Carolina",3,3531,1177.0,35,11.67,244,81.3,2,0.67,290,96.7,377,125.7
"Tarrin Earle",Bucknell,2,82,41.0,0,0.00,8,4.0,0,0.00,11,5.5,25,12.5
"Taryn Christion","South Dakota State",1,333,333.0,3,3.00,-30,-30.0,1,1.00,19,19.0,30,30.0
"Tate Forcier",Michigan,2,2647,1323.5,17,8.50,291,145.5,4,2.00,219,109.5,365,182.5
"Tate Martell",Miami,1,7,7.0,0,0.00,7,7.0,0,0.00,1,1.0,1,1.0
"Tate Martell","Ohio State",1,269,269.0,1,1.00,128,128.0,2,2.00,23,23.0,28,28.0
"Tate Martell",UNLV,1,27,27.0,0,0.00,2,2.0,0,0.00,2,2.0,6,6.0
"Tate Rodemaker","Florida State",4,901,225.3,7,1.75,-17,-4.3,0,0.00,68,17.0,118,29.5
"Tate Rodemaker","Southern Miss",1,985,985.0,7,7.00,-90,-90.0,0,0.00,98,98.0,165,165.0
"Tate Smith","New Mexico",1,82,82.0,0,0.00,25,25.0,0,0.00,7,7.0,21,21.0
"Tate Smith",UTEP,2,41,20.5,0,0.00,7,3.5,1,0.50,5,2.5,9,4.5
"Tate Whatley","Southern Miss",3,1110,370.0,7,2.33,217,72.3,7,2.33,91,30.3,169,56.3
"Taulia Tagovailoa",Alabama,1,100,100.0,1,1.00,-2,-2.0,0,0.00,9,9.0,12,12.0
"Taulia Tagovailoa",Maryland,4,11256,2814.0,76,19.00,208,52.0,13,3.25,955,238.8,1424,356.0
"Tavien St. Clair","Ohio State",1,0,0.0,0,0.00,NULL,NULL,NULL,NULL,0,0.0,2,2.0
"Tavis Williams","Jackson State",1,NULL,NULL,NULL,NULL,2,2.0,0,0.00,NULL,NULL,NULL,NULL
"Tavita Pritchard",Stanford,4,2865,716.3,15,3.75,173,43.3,1,0.25,254,63.5,471,117.8
"Tay Bender","Southeast Missouri State",1,56,56.0,0,0.00,59,59.0,0,0.00,12,12.0,22,22.0
"Taylen Green",Arkansas,2,5331,2665.5,33,16.50,1205,602.5,13,6.50,382,191.0,624,312.0
"Taylen Green","Boise State",3,3775,1258.3,25,8.33,1019,339.7,19,6.33,287,95.7,484,161.3
"Taylor Alie",Oregon,2,230,115.0,1,0.50,183,91.5,4,2.00,25,12.5,41,20.5
"Taylor Bean",Washington,1,80,80.0,0,0.00,12,12.0,1,1.00,8,8.0,19,19.0
"Taylor Burch","Louisiana Tech",2,38,19.0,0,0.00,17,8.5,1,0.50,5,2.5,7,3.5
"Taylor Cornelius","Oklahoma State",4,4170,1042.5,32,8.00,509,127.3,12,3.00,301,75.3,507,126.8
"Taylor Davis",Idaho,3,1888,629.3,12,4.00,80,26.7,3,1.00,164,54.7,344,114.7
"Taylor Graham",Hawai'i,2,595,297.5,3,1.50,-37,-18.5,0,0.00,58,29.0,122,61.0
"Taylor Heinicke","Old Dominion",1,3476,3476.0,30,30.00,139,139.0,2,2.00,289,289.0,457,457.0
"Taylor Kelly","Arizona State",4,8819,2204.8,79,19.75,1404,351.0,13,3.25,712,178.0,1125,281.3
"Taylor Laird","Incarnate Word",2,169,84.5,0,0.00,-22,-11.0,0,0.00,16,8.0,34,17.0
"Taylor Lamb","App State",4,9786,2446.5,90,22.50,2009,502.3,23,5.75,754,188.5,1240,310.0
"Taylor Martinez",Nebraska,4,7258,1814.5,56,14.00,2975,743.8,31,7.75,575,143.8,962,240.5
"Taylor McHargue",Rice,4,6117,1529.3,43,10.75,1406,351.5,17,4.25,496,124.0,881,220.3
"Taylor Potts","Texas Tech",4,7835,1958.8,62,15.50,-182,-45.5,4,1.00,733,183.3,1106,276.5
"Taylor Powell","Eastern Michigan",1,2114,2114.0,16,16.00,-96,-96.0,2,2.00,175,175.0,270,270.0
"Taylor Powell",Missouri,2,431,215.5,1,0.50,1,0.5,0,0.00,35,17.5,76,38.0
"Taylor Powell",Troy,1,1251,1251.0,7,7.00,-95,-95.0,1,1.00,125,125.0,189,189.0
"Taylor Reed","Central Arkansas",2,268,134.0,1,0.50,45,22.5,1,0.50,33,16.5,58,29.0
"Taylor Reed",Memphis,1,1690,1690.0,10,10.00,77,77.0,2,2.00,169,169.0,295,295.0
"Taysom Hill",BYU,5,6929,1385.8,43,8.60,2810,562.0,32,6.40,609,121.8,1049,209.8
"Tayven Jackson",Indiana,2,1263,631.5,6,3.00,52,26.0,4,2.00,101,50.5,165,82.5
"Tayven Jackson",Tennessee,1,37,37.0,0,0.00,10,10.0,1,1.00,3,3.0,4,4.0
"Tayven Jackson",UCF,1,1183,1183.0,5,5.00,65,65.0,3,3.00,103,103.0,158,158.0
"Tayvone Bowers","Wake Forest",1,0,0.0,0,0.00,-10,-10.0,0,0.00,0,0.0,1,1.0
"Te'Sean Smoot","Alabama State",1,35,35.0,0,0.00,NULL,NULL,NULL,NULL,6,6.0,10,10.0
"Te'Sean Smoot","Jacksonville State",2,8,4.0,0,0.00,40,20.0,1,0.50,1,0.5,2,1.0
"Ted Hefter","William & Mary",2,24,12.0,0,0.00,-10,-5.0,0,0.00,4,2.0,5,2.5
"Ted Stachitas","Wake Forest",2,283,141.5,0,0.00,218,109.0,3,1.50,30,15.0,49,24.5
"TeDarrius Wiley","South Carolina State",2,96,48.0,1,0.50,-15,-7.5,0,0.00,12,6.0,19,9.5
"Teddy Bridgewater",Louisville,3,9817,3272.3,72,24.00,164,54.7,6,2.00,781,260.3,1142,380.7
"Teddy Schell",Indiana,2,6,3.0,0,0.00,-4,-2.0,0,0.00,1,0.5,5,2.5
"Tee Webb","Southern Miss",1,23,23.0,0,0.00,-1,-1.0,0,0.00,4,4.0,11,11.0
"Terrance Broadway",Houston,1,424,424.0,3,3.00,72,72.0,0,0.00,30,30.0,42,42.0
"Terrance Broadway",Louisiana,3,7561,2520.3,49,16.33,1852,617.3,20,6.67,588,196.0,923,307.7
"Terrance Cain",Utah,2,2327,1163.5,17,8.50,403,201.5,3,1.50,198,99.0,311,155.5
"Terrance Ervin","Norfolk State",1,99,99.0,1,1.00,26,26.0,0,0.00,3,3.0,12,12.0
"Terrance Gipson","Eastern Illinois",1,NULL,NULL,NULL,NULL,NULL,NULL,NULL,NULL,NULL,NULL,NULL,NULL
"Terrance Gipson",SMU,2,86,43.0,0,0.00,64,32.0,1,0.50,6,3.0,6,3.0
"Terrel Hunt",Syracuse,3,2621,873.7,11,3.67,794,264.7,13,4.33,250,83.3,420,140.0
"Terrell Robinson",Chattanooga,3,126,42.0,0,0.00,93,31.0,0,0.00,16,5.3,22,7.3
"Terrell Russell",Howard,1,0,0.0,0,0.00,NULL,NULL,NULL,NULL,0,0.0,1,1.0
"Terry Wilson",Kentucky,3,3438,1146.0,19,6.33,1015,338.3,10,3.33,335,111.7,516,172.0
"Terry Wilson","New Mexico",1,1058,1058.0,7,7.00,32,32.0,1,1.00,101,101.0,174,174.0
"Tevaka Tuioti","New Mexico",5,3079,615.8,20,4.00,644,128.8,3,0.60,220,44.0,422,84.4
"Tevin Carter",Memphis,1,101,101.0,1,1.00,3,3.0,0,0.00,3,3.0,5,5.0
"Tevin Carter","Prairie View A&M",1,508,508.0,1,1.00,228,228.0,5,5.00,51,51.0,94,94.0
"Tevin Carter","Tennessee State",1,14,14.0,0,0.00,109,109.0,5,5.00,2,2.0,4,4.0
"Tevin Long",Army,1,0,0.0,0,0.00,22,22.0,0,0.00,0,0.0,1,1.0
"Tevin Washington","Georgia Tech",4,3312,828.0,21,5.25,2225,556.3,38,9.50,175,43.8,345,86.3
"Thaddeus Lewis",Duke,4,10065,2516.3,67,16.75,-78,-19.5,9,2.25,877,219.3,1510,377.5
"Theo Day","Michigan State",1,12,12.0,0,0.00,0,0.0,0,0.00,2,2.0,3,3.0
"Theo Day","Northern Iowa",3,5961,1987.0,42,14.00,-59,-19.7,5,1.67,414,138.0,659,219.7
"Theo Scott",Ohio,3,3359,1119.7,26,8.67,257,85.7,3,1.00,291,97.0,497,165.7
"Thomas Castellanos","Boston College",2,3636,1818.0,33,16.50,1307,653.5,14,7.00,288,144.0,491,245.5
"Thomas Castellanos","Florida State",1,1607,1607.0,9,9.00,319,319.0,5,5.00,100,100.0,166,166.0
"Thomas Castellanos",UCF,1,75,75.0,0,0.00,120,120.0,1,1.00,9,9.0,16,16.0
"Thomas Gotkowski","Miami (OH)",1,NULL,NULL,NULL,NULL,20,20.0,0,0.00,NULL,NULL,NULL,NULL
"Thomas Landry","East Texas A&M",1,0,0.0,0,0.00,NULL,NULL,NULL,NULL,0,0.0,4,4.0
"Thomas Linta",Wagner,1,131,131.0,1,1.00,-12,-12.0,0,0.00,7,7.0,15,15.0
"Thomas MacVittie",Kansas,2,24,12.0,0,0.00,39,19.5,0,0.00,6,3.0,11,5.5
"Thomas Sirk",Duke,2,2692,1346.0,19,9.50,1041,520.5,16,8.00,261,130.5,441,220.5
"Thomas Sirk","East Carolina",1,1655,1655.0,9,9.00,165,165.0,3,3.00,132,132.0,236,236.0
"Thomas Stuart","Boise State",2,164,82.0,1,0.50,61,30.5,3,1.50,15,7.5,23,11.5
"Thomas Woodson",Akron,4,6864,1716.0,53,13.25,731,182.8,5,1.25,543,135.8,970,242.5
"Thurston Rubin Jr.","Mississippi Valley State",1,0,0.0,0,0.00,-16,-16.0,0,0.00,0,0.0,2,2.0
"Tim Boyle","Eastern Kentucky",1,522,522.0,3,3.00,1,1.0,0,0.00,53,53.0,81,81.0
"Tim Boyle",UConn,3,1237,412.3,1,0.33,-122,-40.7,0,0.00,133,44.3,275,91.7
"Tim Byerly","Georgia Tech",3,174,58.0,1,0.33,365,121.7,10,3.33,11,3.7,18,6.0
"Tim Carpenter",Tulsa,1,46,46.0,2,2.00,86,86.0,0,0.00,4,4.0,8,8.0
"Tim Curry",UTEP,1,0,0.0,0,0.00,NULL,NULL,NULL,NULL,0,0.0,1,1.0
"Tim DeMorat",Fordham,3,5485,1828.3,60,20.00,38,12.7,5,1.67,379,126.3,603,201.0
"Tim DiGiorgio",Temple,2,0,0.0,0,0.00,-3,-1.5,0,0.00,0,0.0,1,0.5
"Tim Hiller","Western Michigan",4,12663,3165.8,119,29.75,-50,-12.5,5,1.25,1111,277.8,1757,439.3
"Tim Tancik","Northern Colorado",1,161,161.0,1,1.00,2,2.0,0,0.00,16,16.0,29,29.0
"Tim Tebow",Florida,4,9285,2321.3,88,22.00,2947,736.8,57,14.25,661,165.3,995,248.8
"Timarious Mitchell","Austin Peay",2,83,41.5,0,0.00,-9,-4.5,0,0.00,12,6.0,19,9.5
"Timmy McClain","Arkansas State",1,163,163.0,3,3.00,39,39.0,1,1.00,14,14.0,21,21.0
"Timmy McClain",Bethune-Cookman,1,633,633.0,2,2.00,79,79.0,2,2.00,66,66.0,93,93.0
"Timmy McClain","South Florida",1,1888,1888.0,5,5.00,238,238.0,4,4.00,145,145.0,262,262.0
"Timmy McClain",UCF,1,1065,1065.0,9,9.00,104,104.0,1,1.00,64,64.0,102,102.0
"Timothy Dorsey","East Tennessee State",1,14,14.0,0,0.00,54,54.0,0,0.00,3,3.0,14,14.0
"Tino Smith","Savannah St",1,NULL,NULL,NULL,NULL,0,0.0,0,0.00,NULL,NULL,NULL,NULL
"Tino Sunseri",Pittsburgh,4,8590,2147.5,49,12.25,1,0.3,7,1.75,736,184.0,1141,285.3
"Tison Hill","Texas Southern",1,32,32.0,0,0.00,1,1.0,0,0.00,3,3.0,7,7.0
"TJ Bell","Savannah St",2,50,25.0,0,0.00,2,1.0,0,0.00,6,3.0,28,14.0
"TJ Finley",Auburn,2,1258,629.0,7,3.50,-3,-1.5,2,1.00,103,51.5,181,90.5
"TJ Finley","Georgia State",1,816,816.0,4,4.00,-46,-46.0,0,0.00,86,86.0,136,136.0
"TJ Finley",LSU,1,940,940.0,5,5.00,34,34.0,1,1.00,80,80.0,140,140.0
"TJ Finley","Texas State",1,3439,3439.0,24,24.00,81,81.0,5,5.00,279,279.0,414,414.0
"TJ Finley","Western Kentucky",1,490,490.0,1,1.00,20,20.0,0,0.00,48,48.0,75,75.0
"TJ Goodwin","Mississippi Valley State",1,32,32.0,0,0.00,27,27.0,0,0.00,6,6.0,30,30.0
"TJ Green",Northwestern,3,236,78.7,0,0.00,32,10.7,1,0.33,27,9.0,45,15.0
"TJ Lateef",Nebraska,1,254,254.0,1,1.00,32,32.0,2,2.00,11,11.0,12,12.0
"Tj McMahon",Marshall,1,8,8.0,0,0.00,NULL,NULL,NULL,NULL,1,1.0,1,1.0
"Tj McMahon",Rice,2,2293,1146.5,20,10.00,156,78.0,3,1.50,172,86.0,286,143.0
"TJ Moore","South Carolina State",1,NULL,NULL,NULL,NULL,NULL,NULL,NULL,NULL,NULL,NULL,NULL,NULL
"Tobin O'Dell","San Diego State",1,0,0.0,0,0.00,13,13.0,0,0.00,1,1.0,2,2.0
"Todd Centeio","Colorado State",2,3165,1582.5,16,8.00,540,270.0,2,1.00,243,121.5,416,208.0
"Todd Centeio","James Madison",1,2692,2692.0,25,25.00,366,366.0,7,7.00,180,180.0,283,283.0
"Todd Centeio",Temple,3,529,176.3,6,2.00,222,74.0,1,0.33,43,14.3,64,21.3
"Todd Porter","Eastern Michigan",1,1064,1064.0,7,7.00,173,173.0,1,1.00,87,87.0,142,142.0
"Todd Porter","Western Kentucky",1,76,76.0,0,0.00,1,1.0,0,0.00,5,5.0,10,10.0
"Todd Reesing",Kansas,4,11135,2783.8,90,22.50,640,160.0,15,3.75,923,230.8,1446,361.5
"Tom Flacco",Towson,2,502,251.0,3,1.50,26,13.0,0,0.00,51,25.5,78,39.0
"Tom Flacco","Western Michigan",2,188,94.0,1,0.50,340,170.0,2,1.00,10,5.0,13,6.5
"Tom Jewell","Idaho State",1,2,2.0,0,0.00,NULL,NULL,NULL,NULL,1,1.0,8,8.0
"Tom Savage",Pittsburgh,1,2958,2958.0,21,21.00,-208,-208.0,3,3.00,238,238.0,389,389.0
"Tom Savage",Rutgers,2,2732,1366.0,16,8.00,-111,-55.5,1,0.50,192,96.0,368,184.0
"Tom Sharkey",Fordham,1,10,10.0,0,0.00,-12,-12.0,0,0.00,1,1.0,1,1.0
"Tom Stewart",Rice,1,1054,1054.0,8,8.00,35,35.0,2,2.00,92,92.0,153,153.0
"Tom von Grote","North Texas",1,NULL,NULL,NULL,NULL,2,2.0,0,0.00,NULL,NULL,NULL,NULL
"Tommy Armstrong Jr.",Nebraska,4,8871,2217.8,67,16.75,1819,454.8,23,5.75,625,156.3,1172,293.0
"Tommy Brown",Wagner,3,7,2.3,0,0.00,-13,-4.3,0,0.00,1,0.3,6,2.0
"Tommy DeVito",Illinois,1,2619,2619.0,15,15.00,35,35.0,6,6.00,255,255.0,367,367.0
"Tommy DeVito",Syracuse,4,3866,966.5,28,7.00,220,55.0,4,1.00,337,84.3,571,142.8
"Tommy Fiedler","Northern Illinois",1,265,265.0,2,2.00,42,42.0,0,0.00,21,21.0,45,45.0
"Tommy Hays","Austin Peay",1,124,124.0,2,2.00,52,52.0,0,0.00,8,8.0,12,12.0
"Tommy Herion","New Hampshire",2,86,43.0,0,0.00,-5,-2.5,0,0.00,4,2.0,12,6.0
"Tommy Lazzaro","Central Michigan",2,758,379.0,5,2.50,542,271.0,11,5.50,72,36.0,149,74.5
"Tommy Lock",Missouri,1,0,0.0,0,0.00,NULL,NULL,NULL,NULL,0,0.0,1,1.0
"Tommy McKee","William & Mary",2,70,35.0,0,0.00,92,46.0,1,0.50,7,3.5,13,6.5
"Tommy Mellott","Montana State",4,5441,1360.3,51,12.75,2621,655.3,33,8.25,394,98.5,611,152.8
"Tommy Rittenhouse","Illinois State",4,4924,1231.0,39,9.75,929,232.3,14,3.50,454,113.5,706,176.5
"Tommy Schuster","Michigan State",1,202,202.0,0,0.00,-51,-51.0,1,1.00,20,20.0,29,29.0
"Tommy Schuster","North Dakota",3,5213,1737.7,39,13.00,7,2.3,5,1.67,478,159.3,689,229.7
"Tommy Stevens","Mississippi State",1,1155,1155.0,11,11.00,381,381.0,4,4.00,97,97.0,161,161.0
"Tommy Stevens","Penn State",3,304,101.3,4,1.33,506,168.7,8,2.67,24,8.0,41,13.7
"Tommy Ulatowski","Kennesaw State",1,9,9.0,0,0.00,1,1.0,0,0.00,3,3.0,5,5.0
"Tommy Ulatowski","Kent State",3,2181,727.0,23,7.67,88,29.3,2,0.67,147,49.0,307,102.3
"Tony Bartalo","Charleston Southern",2,789,394.5,4,2.00,-47,-23.5,1,0.50,88,44.0,164,82.0
"Tony Daniel",Buffalo,4,226,56.5,3,0.75,66,16.5,2,0.50,17,4.3,29,7.3
"Tony Dawson","Houston Christian",1,140,140.0,0,0.00,83,83.0,0,0.00,14,14.0,36,36.0
"Tony Muskett",Monmouth,2,2174,1087.0,18,9.00,190,95.0,2,1.00,168,84.0,262,131.0
"Tony Muskett",Virginia,2,1576,788.0,9,4.50,164,82.0,5,2.50,138,69.0,223,111.5
"Tony Pike",Cincinnati,3,5018,1672.7,49,16.33,128,42.7,3,1.00,421,140.3,682,227.3
"Tony Rodriguez",Washington,1,NULL,NULL,NULL,NULL,NULL,NULL,NULL,NULL,NULL,NULL,NULL,NULL
"Tra'Von Chapman",Akron,3,857,285.7,6,2.00,233,77.7,4,1.33,64,21.3,153,51.0
"Trace Campbell",UAB,2,47,23.5,0,0.00,66,33.0,0,0.00,4,2.0,10,5.0
"Trace McSorley","Penn State",4,9882,2470.5,77,19.25,1698,424.5,30,7.50,720,180.0,1215,303.8
"Trad Beatty","Georgia Tech",1,NULL,NULL,NULL,NULL,1,1.0,0,0.00,NULL,NULL,NULL,NULL
"Trad Beatty",Temple,3,257,85.7,1,0.33,3,1.0,0,0.00,20,6.7,31,10.3
"Trae Self","Stephen F. Austin",4,3733,933.3,23,5.75,165,41.3,8,2.00,308,77.0,512,128.0
"Tramell Jones Jr.",Florida,1,131,131.0,2,2.00,14,14.0,0,0.00,12,12.0,18,18.0
"Trapper Pannell","Sam Houston",2,127,63.5,0,0.00,170,85.0,4,2.00,9,4.5,30,15.0
"Travis Egan",Louisville,1,NULL,NULL,NULL,NULL,11,11.0,0,0.00,NULL,NULL,NULL,NULL
"Travis Mumphry","Mississippi Valley State",1,NULL,NULL,NULL,NULL,4,4.0,0,0.00,NULL,NULL,NULL,NULL
"Travis Wilson",Utah,4,7403,1850.8,54,13.50,1225,306.3,21,5.25,646,161.5,1068,267.0
"Trazon Connley","Prairie View A&M",5,3645,729.0,21,4.20,881,176.2,17,3.40,264,52.8,473,94.6
"Tre Lawrence","Alcorn State",2,609,304.5,3,1.50,-68,-34.0,0,0.00,53,26.5,121,60.5
"Tre Roberson","Illinois State",1,49,49.0,0,0.00,-12,-12.0,0,0.00,5,5.0,12,12.0
"Tre Roberson",Indiana,3,2433,811.0,20,6.67,982,327.3,10,3.33,197,65.7,330,110.0
"Trent Brittain","Incarnate Word",2,444,222.0,2,1.00,68,34.0,0,0.00,31,15.5,61,30.5
"Trent Hurley","Bowling Green",1,115,115.0,0,0.00,31,31.0,0,0.00,9,9.0,16,16.0
"Trent Hurley",Delaware,2,171,85.5,1,0.50,-14,-7.0,0,0.00,23,11.5,38,19.0
"Trent Pearman",Clemson,2,39,19.5,0,0.00,17,8.5,0,0.00,3,1.5,8,4.0
"Trent Steelman",Army,4,2723,680.8,14,3.50,3320,830.0,45,11.25,192,48.0,378,94.5
"Trent Tompkins","UC Davis",4,0,0.0,0,0.00,407,101.8,6,1.50,0,0.0,3,0.8
"Trent Wessel","Florida Atlantic",1,6,6.0,0,0.00,-3,-3.0,0,0.00,1,1.0,1,1.0
"Trent Wessel","Louisiana Tech",1,NULL,NULL,NULL,NULL,NULL,NULL,NULL,NULL,NULL,NULL,NULL,NULL
"Trenton Bourguet","Arizona State",5,3162,632.4,14,2.80,71,14.2,2,0.40,306,61.2,467,93.4
"Trenton Norvell","Western Illinois",3,725,241.7,4,1.33,-32,-10.7,0,0.00,74,24.7,144,48.0
"Treon Harris",Florida,2,2695,1347.5,18,9.00,570,285.0,3,1.50,174,87.0,346,173.0
"Treon Harris","Tennessee State",2,145,72.5,0,0.00,91,45.5,1,0.50,12,6.0,25,12.5
"Trever Jackson",Arkansas,1,0,0.0,0,0.00,NULL,NULL,NULL,NULL,0,0.0,1,1.0
"Trever Jackson","Florida State",1,NULL,NULL,NULL,NULL,2,2.0,0,0.00,NULL,NULL,NULL,NULL
"Trevone Boykin",TCU,4,10728,2682.0,86,21.50,2049,512.3,27,6.75,830,207.5,1356,339.0
"Trevor Bycznski",Buffalo,2,0,0.0,0,0.00,NULL,NULL,NULL,NULL,0,0.0,2,1.0
"Trevor Knight","New Hampshire",2,166,83.0,2,1.00,46,23.0,0,0.00,17,8.5,38,19.0
"Trevor Knight",Oklahoma,3,3424,1141.3,25,8.33,853,284.3,8,2.67,280,93.3,490,163.3
"Trevor Knight","Texas A&M",1,2432,2432.0,19,19.00,614,614.0,10,10.00,193,193.0,362,362.0
"Trevor Lawrence",Clemson,3,10098,3366.0,90,30.00,943,314.3,18,6.00,758,252.7,1139,379.7
"Trevor Sasek",Delaware,2,109,54.5,0,0.00,36,18.0,1,0.50,11,5.5,26,13.0
"Trevor Siemian",Northwestern,4,5931,1482.8,27,6.75,-23,-5.8,6,1.50,550,137.5,934,233.5
"Trevor Vittatoe",UTEP,4,12237,3059.3,95,23.75,-179,-44.8,1,0.25,902,225.5,1615,403.8
"Trexler Ivey",Charlotte,3,1690,563.3,8,2.67,-87,-29.0,3,1.00,155,51.7,278,92.7
"Trey Anderson","Florida International",1,132,132.0,1,1.00,90,90.0,0,0.00,5,5.0,20,20.0
"Trey Anderson",Pittsburgh,3,263,87.7,1,0.33,40,13.3,0,0.00,25,8.3,53,17.7
"Trey Blakeney","Austin Peay",1,NULL,NULL,NULL,NULL,-1,-1.0,0,0.00,NULL,NULL,NULL,NULL
"Trey Drake","North Dakota State",1,4,4.0,0,0.00,5,5.0,0,0.00,1,1.0,1,1.0
"Trey Feeney","North Dakota",2,217,108.5,1,0.50,-7,-3.5,1,0.50,15,7.5,20,10.0
"Trey Fetner","South Alabama",3,0,0.0,0,0.00,51,17.0,3,1.00,0,0.0,1,0.3
"Trey Green","Prairie View A&M",2,449,224.5,2,1.00,-21,-10.5,0,0.00,38,19.0,76,38.0
"Trey Hedden",Furman,2,3829,1914.5,23,11.50,-183,-91.5,2,1.00,351,175.5,535,267.5
"Trey Holtz",Texas,1,NULL,NULL,NULL,NULL,10,10.0,0,0.00,NULL,NULL,NULL,NULL
"Trey Jefferson","Murray State",1,NULL,NULL,NULL,NULL,-5,-5.0,0,0.00,NULL,NULL,NULL,NULL
"Trey Kukuk","Louisiana Tech",1,235,235.0,2,2.00,106,106.0,0,0.00,29,29.0,43,43.0
"Trey Lindsey",UAlbany,2,150,75.0,1,0.50,72,36.0,1,0.50,15,7.5,29,14.5
"Trey Lowe III",Liberty,1,0,0.0,0,0.00,10,10.0,0,0.00,0,0.0,3,3.0
"Trey Lowe III","Southern Miss",3,1630,543.3,8,2.67,113,37.7,2,0.67,121,40.3,219,73.0
"Trey Lowe III","West Virginia",2,0,0.0,0,0.00,21,10.5,0,0.00,3,1.5,3,1.5
"Trey Miller",Navy,2,604,302.0,5,2.50,443,221.5,3,1.50,47,23.5,88,44.0
"Trey Mitchell","East Tennessee State",1,167,167.0,1,1.00,-16,-16.0,0,0.00,17,17.0,31,31.0
"Trey Owens",Texas,1,19,19.0,0,0.00,3,3.0,0,0.00,2,2.0,4,4.0
"Trey Revell","UL Monroe",3,2103,701.0,16,5.33,568,189.3,5,1.67,154,51.3,277,92.3
"Trey Taylor","Austin Peay",2,223,111.5,2,1.00,20,10.0,0,0.00,33,16.5,59,29.5
"Trey Tinsley","Washington State",2,78,39.0,2,1.00,NULL,NULL,NULL,NULL,9,4.5,15,7.5
"Trey Wheeler","San Diego",1,38,38.0,0,0.00,-1,-1.0,0,0.00,4,4.0,12,12.0
"Treynor Cleeland","UC Davis",1,26,26.0,0,0.00,NULL,NULL,NULL,NULL,2,2.0,3,3.0
"Treyson Bourguet",BYU,1,8,8.0,0,0.00,21,21.0,0,0.00,1,1.0,2,2.0
"Treyson Bourguet","Western Michigan",2,1314,657.0,6,3.00,219,109.5,1,0.50,111,55.5,212,106.0
"Trinidad Chambliss","Ole Miss",1,1864,1864.0,9,9.00,376,376.0,5,5.00,128,128.0,210,210.0
"Trip Maxwell",Stetson,1,252,252.0,4,4.00,-32,-32.0,0,0.00,23,23.0,50,50.0
"Tripp Holley",Fordham,1,108,108.0,0,0.00,3,3.0,1,1.00,14,14.0,27,27.0
"Tristan Gebbia","Oregon State",3,1250,416.7,5,1.67,17,5.7,3,1.00,128,42.7,200,66.7
"Tristan Ti'a","Oregon State",1,4,4.0,0,0.00,NULL,NULL,NULL,NULL,1,1.0,1,1.0
"Troy Cook","UT Martin",3,506,168.7,3,1.00,32,10.7,1,0.33,39,13.0,77,25.7
"Troy Jones","Western Kentucky",1,11,11.0,0,0.00,35,35.0,0,0.00,2,2.0,4,4.0
"Troy Mitchell","Western Carolina",4,1036,259.0,7,1.75,96,24.0,1,0.25,107,26.8,180,45.0
"Troy Williams",Utah,2,3569,1784.5,17,8.50,310,155.0,9,4.50,267,133.5,500,250.0
"Troy Williams",Washington,1,176,176.0,0,0.00,25,25.0,1,1.00,23,23.0,36,36.0
"Tua Tagovailoa",Alabama,3,7442,2480.7,87,29.00,340,113.3,9,3.00,474,158.0,684,228.0
"Tucker Carter",UTSA,2,1273,636.5,5,2.50,28,14.0,3,1.50,119,59.5,200,100.0
"Tucker Gleason",Toledo,5,5850,1170.0,49,9.80,679,135.8,13,2.60,464,92.8,788,157.6
"Tucker Israel",Clemson,1,25,25.0,0,0.00,2,2.0,0,0.00,4,4.0,4,4.0
"Tucker Kilcrease",Troy,2,1607,803.5,12,6.00,270,135.0,4,2.00,123,61.5,207,103.5
"Tucker McDonald",UConn,2,65,32.5,0,0.00,9,4.5,0,0.00,4,2.0,8,4.0
"Tucker Melton","Bowling Green",1,23,23.0,0,0.00,NULL,NULL,NULL,NULL,2,2.0,10,10.0
"Tucker Rovig","Montana State",1,4,4.0,0,0.00,NULL,NULL,NULL,NULL,2,2.0,2,2.0
"Tucker Tipton","Air Force",2,45,22.5,0,0.00,19,9.5,0,0.00,4,2.0,6,3.0
"Tucker Tuberville",Auburn,1,NULL,NULL,NULL,NULL,14,14.0,0,0.00,NULL,NULL,NULL,NULL
"Turner Helton","Georgia Southern",1,25,25.0,0,0.00,3,3.0,0,0.00,5,5.0,10,10.0
"Turner Helton","Western Kentucky",1,97,97.0,1,1.00,-19,-19.0,0,0.00,11,11.0,12,12.0
"Tuskani Figaro",Nicholls,4,284,71.0,1,0.25,203,50.8,0,0.00,23,5.8,57,14.3
"Ty Brock","Central Michigan",1,351,351.0,2,2.00,118,118.0,2,2.00,38,38.0,64,64.0
"Ty Brock","Sam Houston",1,258,258.0,1,1.00,-16,-16.0,0,0.00,21,21.0,38,38.0
"Ty Dieffenbach","Cal Poly",1,807,807.0,6,6.00,111,111.0,1,1.00,50,50.0,87,87.0
"Ty Englehart",Presbyterian,4,1114,278.5,10,2.50,466,116.5,6,1.50,91,22.8,156,39.0
"Ty Evans","Texas State",1,NULL,NULL,NULL,NULL,5,5.0,0,0.00,NULL,NULL,NULL,NULL
"Ty Gangi",Nevada,3,7349,2449.7,57,19.00,548,182.7,10,3.33,594,198.0,988,329.3
"Ty Griffin",Oregon,2,NULL,NULL,NULL,NULL,NULL,NULL,NULL,NULL,NULL,NULL,NULL,NULL
"Ty Hatcher",Samford,1,4,4.0,0,0.00,NULL,NULL,NULL,NULL,2,2.0,2,2.0
"Ty Hawkins",SMU,1,9,9.0,0,0.00,12,12.0,0,0.00,1,1.0,1,1.0
"Ty Keyes","Southern Miss",2,636,318.0,6,3.00,115,57.5,1,0.50,43,21.5,82,41.0
"Ty Pennington","Northern Arizona",2,3862,1931.0,21,10.50,595,297.5,8,4.00,332,166.0,512,256.0
"Ty Simpson",Alabama,4,2565,641.3,20,5.00,209,52.3,5,1.25,206,51.5,311,77.8
"Ty Storey",Arkansas,3,1587,529.0,11,3.67,124,41.3,1,0.33,144,48.0,254,84.7
"Ty Storey","Western Kentucky",1,2567,2567.0,14,14.00,276,276.0,7,7.00,241,241.0,345,345.0
"Ty Watkins","North Alabama",1,NULL,NULL,NULL,NULL,14,14.0,0,0.00,NULL,NULL,NULL,NULL
"Tyhier Tyler",Army,3,449,149.7,3,1.00,1726,575.3,24,8.00,14,4.7,32,10.7
"Tylan Morton","South Alabama",1,186,186.0,1,1.00,20,20.0,1,1.00,10,10.0,24,24.0
"Tyler Arndt","Texas State",4,904,226.0,2,0.50,62,15.5,3,0.75,94,23.5,187,46.8
"Tyler Bass","Florida A&M",1,41,41.0,0,0.00,-2,-2.0,0,0.00,6,6.0,7,7.0
"Tyler Bass",Memphis,3,774,258.0,7,2.33,261,87.0,2,0.67,63,21.0,96,32.0
"Tyler Benz","Eastern Michigan",3,3019,1006.3,24,8.00,118,39.3,1,0.33,244,81.3,431,143.7
"Tyler Beverett",Bucknell,2,172,86.0,0,0.00,22,11.0,0,0.00,20,10.0,44,22.0
"Tyler Bolfing",McNeese,3,151,50.3,1,0.33,6,2.0,1,0.33,15,5.0,23,7.7
"Tyler Bray",Tennessee,3,7444,2481.3,69,23.00,-207,-69.0,1,0.33,540,180.0,922,307.3
"Tyler Brosius","NC State",1,66,66.0,1,1.00,-16,-16.0,0,0.00,8,8.0,13,13.0
"Tyler Bruce","Western Kentucky",1,0,0.0,0,0.00,16,16.0,0,0.00,0,0.0,1,1.0
"Tyler Bruggman","Montana State",1,191,191.0,1,1.00,-7,-7.0,0,0.00,19,19.0,35,35.0
"Tyler Budge","Georgia Southern",1,NULL,NULL,NULL,NULL,9,9.0,0,0.00,NULL,NULL,NULL,NULL
"Tyler Cameron","Florida Atlantic",2,0,0.0,0,0.00,-8,-4.0,0,0.00,0,0.0,1,0.5
"Tyler Cameron","Wake Forest",2,140,70.0,0,0.00,1,0.5,0,0.00,17,8.5,40,20.0
"Tyler Clark","Norfolk State",1,105,105.0,0,0.00,-5,-5.0,0,0.00,13,13.0,22,22.0
"Tyler DeLoach",Baylor,1,0,0.0,0,0.00,NULL,NULL,NULL,NULL,0,0.0,1,1.0
"Tyler DeSue",Maryland,2,104,52.0,1,0.50,-13,-6.5,1,0.50,6,3.0,16,8.0
"Tyler Douglas",Temple,2,NULL,NULL,NULL,NULL,31,15.5,0,0.00,NULL,NULL,NULL,NULL
"Tyler Ferguson","Penn State",1,155,155.0,1,1.00,-9,-9.0,0,0.00,10,10.0,15,15.0
"Tyler Ferguson","Western Kentucky",1,234,234.0,3,3.00,-30,-30.0,0,0.00,19,19.0,41,41.0
"Tyler Gabbert",UCF,2,30,15.0,1,0.50,-5,-2.5,0,0.00,3,1.5,7,3.5
"Tyler Hansen",Colorado,4,5705,1426.3,35,8.75,478,119.5,8,2.00,506,126.5,872,218.0
"Tyler Harris","Rhode Island",2,284,142.0,3,1.50,-10,-5.0,0,0.00,21,10.5,40,20.0
"Tyler Harris",UCF,1,308,308.0,4,4.00,-28,-28.0,0,0.00,26,26.0,61,61.0
"Tyler Hilinski","Washington State",2,1421,710.5,9,4.50,-51,-25.5,2,1.00,154,77.0,209,104.5
"Tyler Holtz",Brown,1,0,0.0,0,0.00,32,32.0,1,1.00,0,0.0,1,1.0
"Tyler Huff",Furman,2,3874,1937.0,24,12.00,1211,605.5,13,6.50,363,181.5,540,270.0
"Tyler Huff","Jacksonville State",1,2543,2543.0,14,14.00,1344,1344.0,15,15.00,178,178.0,293,293.0
"Tyler Huff",Presbyterian,1,NULL,NULL,NULL,NULL,NULL,NULL,NULL,NULL,NULL,NULL,NULL,NULL
"Tyler Hughes","William & Mary",4,1849,462.3,16,4.00,670,167.5,12,3.00,141,35.3,228,57.0
"Tyler Huntley",Utah,4,7325,1831.3,46,11.50,1146,286.5,16,4.00,573,143.3,853,213.3
"Tyler Jefferson","Central Michigan",2,286,143.0,0,0.00,234,117.0,1,0.50,27,13.5,58,29.0
"Tyler Jefferson","Florida A&M",1,NULL,NULL,NULL,NULL,2,2.0,0,0.00,NULL,NULL,NULL,NULL
"Tyler Johnston III",UAB,5,4566,913.2,34,6.80,651,130.2,5,1.00,299,59.8,513,102.6
"Tyler Jones","Texas State",4,8480,2120.0,55,13.75,1409,352.3,21,5.25,790,197.5,1261,315.3
"Tyler Keane","Coastal Carolina",1,1440,1440.0,11,11.00,83,83.0,0,0.00,100,100.0,170,170.0
"Tyler Knoop",Georgetown,2,2425,1212.5,19,9.50,264,132.0,4,2.00,224,112.0,351,175.5
"Tyler Knoop","Stony Brook",1,2021,2021.0,17,17.00,172,172.0,0,0.00,182,182.0,263,263.0
"Tyler Lantrip",Nevada,4,1745,436.3,11,2.75,287,71.8,2,0.50,122,30.5,202,50.5
"Tyler Lytle",Colorado,3,68,22.7,0,0.00,0,0.0,0,0.00,8,2.7,13,4.3
"Tyler Lytle",Massachusetts,1,394,394.0,1,1.00,-23,-23.0,2,2.00,29,29.0,59,59.0
"Tyler Matthews","Southern Miss",1,112,112.0,1,1.00,67,67.0,1,1.00,5,5.0,7,7.0
"Tyler Matthews",TCU,1,0,0.0,0,0.00,2,2.0,0,0.00,0,0.0,3,3.0
"Tyler Monaco",Lehigh,1,16,16.0,1,1.00,NULL,NULL,NULL,NULL,3,3.0,9,9.0
"Tyler Murphy","Boston College",1,1623,1623.0,13,13.00,1184,1184.0,11,11.00,131,131.0,230,230.0
"Tyler Murphy",Florida,1,1216,1216.0,6,6.00,61,61.0,3,3.00,112,112.0,185,185.0
"Tyler Nelson","Prairie View A&M",1,NULL,NULL,NULL,NULL,11,11.0,0,0.00,NULL,NULL,NULL,NULL
"Tyler O'Connor","Michigan State",4,2344,586.0,20,5.00,164,41.0,2,0.50,188,47.0,316,79.0
"Tyler Pape","Central Michigan",1,12,12.0,0,0.00,NULL,NULL,NULL,NULL,2,2.0,2,2.0
"Tyler Phommachanh",UConn,1,321,321.0,1,1.00,92,92.0,2,2.00,35,35.0,72,72.0
"Tyler Queen",Auburn,1,NULL,NULL,NULL,NULL,11,11.0,0,0.00,NULL,NULL,NULL,NULL
"Tyler Riddell",Duquesne,1,1496,1496.0,20,20.00,82,82.0,3,3.00,126,126.0,212,212.0
"Tyler Riddell","East Tennessee State",4,2215,553.8,16,4.00,70,17.5,0,0.00,175,43.8,334,83.5
"Tyler Riddell",Gardner-Webb,1,2335,2335.0,15,15.00,-15,-15.0,0,0.00,198,198.0,317,317.0
"Tyler Rogers","New Mexico State",4,10358,2589.5,69,17.25,633,158.3,14,3.50,912,228.0,1539,384.8
"Tyler Russell","Mississippi State",4,5441,1360.3,42,10.50,117,29.3,3,0.75,410,102.5,699,174.8
"Tyler Sargent",Kentucky,2,0,0.0,0,0.00,2,1.0,0,0.00,0,0.0,1,0.5
"Tyler Sheehan","Bowling Green",4,10117,2529.3,70,17.50,348,87.0,14,3.50,966,241.5,1494,373.5
"Tyler Shough",Louisville,1,3195,3195.0,23,23.00,19,19.0,1,1.00,244,244.0,389,389.0
"Tyler Shough",Oregon,2,1684,842.0,16,8.00,282,141.0,2,1.00,117,58.5,181,90.5
"Tyler Shough","Texas Tech",3,2922,974.0,20,6.67,432,144.0,8,2.67,237,79.0,380,126.7
"Tyler Skidmore","Southern Utah",2,171,85.5,2,1.00,-14,-7.0,0,0.00,12,6.0,18,9.0
"Tyler Stehling",Rice,3,2528,842.7,14,4.67,286,95.3,4,1.33,230,76.7,383,127.7
"Tyler Stewart",Nevada,5,3551,710.2,27,5.40,438,87.6,6,1.20,317,63.4,537,107.4
"Tyler Strickland","Arkansas-Pine Bluff",2,0,0.0,0,0.00,NULL,NULL,NULL,NULL,0,0.0,1,0.5
"Tyler Swafford","Eastern Kentucky",1,46,46.0,1,1.00,NULL,NULL,NULL,NULL,5,5.0,6,6.0
"Tyler Szalkowski","Robert Morris",1,239,239.0,1,1.00,-15,-15.0,0,0.00,30,30.0,46,46.0
"Tyler Szalkowski",UAlbany,1,28,28.0,1,1.00,-4,-4.0,0,0.00,2,2.0,4,4.0
"Tyler Tettleton",Ohio,4,9129,2282.3,67,16.75,902,225.5,15,3.75,732,183.0,1174,293.5
"Tyler Tsagalis","South Dakota",1,25,25.0,0,0.00,NULL,NULL,NULL,NULL,4,4.0,4,4.0
"Tyler Van Dyke",Miami,4,7480,1870.0,54,13.50,32,8.0,2,0.50,582,145.5,913,228.3
"Tyler Van Dyke",Wisconsin,1,422,422.0,1,1.00,26,26.0,1,1.00,43,43.0,68,68.0
"Tyler Van Tubbergen","Western Michigan",2,2755,1377.5,19,9.50,130,65.0,3,1.50,241,120.5,444,222.0
"Tyler Vander Waal","Idaho State",2,442,221.0,3,1.50,-1,-0.5,0,0.00,27,13.5,56,28.0
"Tyler Vander Waal","Northwestern State",1,555,555.0,3,3.00,-18,-18.0,2,2.00,55,55.0,108,108.0
"Tyler Vander Waal",Wyoming,2,1822,911.0,6,3.00,-82,-41.0,6,3.00,169,84.5,342,171.0
"Tyler VanTubbergen","Western Michigan",2,444,222.0,7,3.50,103,51.5,1,0.50,40,20.0,49,24.5
"Tyler Vitt","Texas State",4,4483,1120.8,30,7.50,688,172.0,3,0.75,413,103.3,684,171.0
"Tyler Voss","San Diego",2,447,223.5,3,1.50,26,13.0,0,0.00,56,28.0,94,47.0
"Tyler Wesley",Presbyterian,2,2540,1270.0,17,8.50,612,306.0,5,2.50,171,85.5,338,169.0
"Tyler Wiegers","Eastern Michigan",1,1887,1887.0,11,11.00,40,40.0,1,1.00,171,171.0,264,264.0
"Tyler Wiegers",Iowa,2,35,17.5,1,0.50,-8,-4.0,0,0.00,4,2.0,6,3.0
"Tyler Wilson",Arkansas,5,7765,1553.0,52,10.40,-44,-8.8,4,0.80,593,118.6,948,189.6
"Tylik Bethea",Bethune-Cookman,1,369,369.0,2,2.00,59,59.0,1,1.00,38,38.0,74,74.0
"Tylik Bethea","Delaware State",2,NULL,NULL,NULL,NULL,NULL,NULL,NULL,NULL,NULL,NULL,NULL,NULL
"Tylin Oden",Rutgers,1,2,2.0,0,0.00,144,144.0,0,0.00,1,1.0,8,8.0
"Tyquell Fields","Stony Brook",3,172,57.3,0,0.00,22,7.3,0,0.00,17,5.7,40,13.3
"Tyre Givers-Wilson","Norfolk State",1,NULL,NULL,NULL,NULL,NULL,NULL,NULL,NULL,NULL,NULL,NULL,NULL
"Tyrece Nick","South Carolina State",3,681,227.0,4,1.33,391,130.3,5,1.67,43,14.3,91,30.3
"Tyree Jackson",Buffalo,3,6999,2333.0,49,16.33,757,252.3,16,5.33,533,177.7,955,318.3
"Tyrell Maxwell",Gardner-Webb,4,319,79.8,3,0.75,284,71.0,2,0.50,29,7.3,58,14.5
"Tyrie Adams","Western Carolina",4,1039,259.8,2,0.50,432,108.0,2,0.50,78,19.5,153,38.3
"Tyriek Starks","Prairie View A&M",1,73,73.0,1,1.00,17,17.0,0,0.00,3,3.0,10,10.0
"Tyriq Starks","Florida Atlantic",2,585,292.5,6,3.00,57,28.5,0,0.00,44,22.0,73,36.5
"Tyriq Starks",Howard,1,865,865.0,4,4.00,127,127.0,3,3.00,88,88.0,156,156.0
"Tyrod Taylor","Virginia Tech",4,7017,1754.3,44,11.00,2187,546.8,23,5.75,495,123.8,865,216.3
"Tyrone Franklin Jr",Bethune-Cookman,1,85,85.0,0,0.00,27,27.0,0,0.00,9,9.0,30,30.0
"Tyrone Swoopes",Texas,4,3038,759.5,17,4.25,966,241.5,24,6.00,281,70.3,499,124.8
"Tyrrell Pigrome",Maryland,4,1777,444.3,9,2.25,630,157.5,8,2.00,152,38.0,268,67.0
"Tyrrell Pigrome",Towson,1,1481,1481.0,11,11.00,450,450.0,2,2.00,141,141.0,249,249.0
"Tyrrell Pigrome","Western Kentucky",1,1615,1615.0,9,9.00,325,325.0,4,4.00,171,171.0,297,297.0
"Tysan Robbins","Arkansas-Pine Bluff",1,NULL,NULL,NULL,NULL,1,1.0,0,0.00,NULL,NULL,NULL,NULL
"Tyshaun James","Central Connecticut",4,NULL,NULL,NULL,NULL,56,14.0,1,0.25,NULL,NULL,NULL,NULL
"Tyson Broekemeier",Nebraska,1,NULL,NULL,NULL,NULL,NULL,NULL,NULL,NULL,NULL,NULL,NULL,NULL
"Tyson Lang",Colorado,1,NULL,NULL,NULL,NULL,NULL,NULL,NULL,NULL,NULL,NULL,NULL,NULL
"Tyson Lee","Mississippi State",2,2963,1481.5,11,5.50,212,106.0,3,1.50,283,141.5,481,240.5
"Tyson Oliver","East Texas A&M",1,7,7.0,0,0.00,9,9.0,1,1.00,1,1.0,3,3.0
"Ui Ale",Houston,2,181,90.5,2,1.00,28,14.0,0,0.00,14,7.0,21,10.5
"Ui Ale",Troy,1,54,54.0,0,0.00,3,3.0,0,0.00,5,5.0,10,10.0
"Vad Lee","Georgia Tech",2,2157,1078.5,15,7.50,1057,528.5,17,8.50,109,54.5,236,118.0
"Vad Lee","James Madison",2,430,215.0,3,1.50,303,151.5,2,1.00,36,18.0,70,35.0
"Van Weber",UAlbany,1,575,575.0,5,5.00,6,6.0,0,0.00,56,56.0,102,102.0
"Varney Farhnbullah","The Citadel",1,NULL,NULL,NULL,NULL,25,25.0,0,0.00,NULL,NULL,NULL,NULL
"Vernon Adams Jr.","Eastern Washington",3,1212,404.0,14,4.67,127,42.3,2,0.67,75,25.0,117,39.0
"Vernon Adams Jr.",Oregon,1,2643,2643.0,26,26.00,147,147.0,2,2.00,168,168.0,259,259.0
"Vic Hall",Virginia,3,77,25.7,1,0.33,215,71.7,4,1.33,5,1.7,9,3.0
"Victor Gabalis","Tarleton State",3,6513,2171.0,56,18.67,141,47.0,3,1.00,432,144.0,725,241.7
"Victor Gabalis","Utah Tech",1,1960,1960.0,17,17.00,-73,-73.0,0,0.00,134,134.0,258,258.0
"Victor Gabalis","Washington State",1,199,199.0,2,2.00,-23,-23.0,0,0.00,17,17.0,36,36.0
"Victorian Hardison","Savannah St",2,5,2.5,0,0.00,12,6.0,0,0.00,1,0.5,6,3.0
"Vince Moraga","Cal Poly",1,60,60.0,0,0.00,6,6.0,0,0.00,6,6.0,12,12.0
"Vincent Amendola","North Carolina",1,48,48.0,0,0.00,NULL,NULL,NULL,NULL,3,3.0,4,4.0
"Vincent Amendola",Towson,1,NULL,NULL,NULL,NULL,NULL,NULL,NULL,NULL,NULL,NULL,NULL,NULL
"Vincent Jeffries","Florida A&M",1,95,95.0,1,1.00,-4,-4.0,0,0.00,14,14.0,27,27.0
"Vincent Testaverde","Texas Tech",1,116,116.0,0,0.00,0,0.0,0,0.00,15,15.0,26,26.0
"Vincent Testaverde",UAlbany,1,263,263.0,1,1.00,-31,-31.0,0,0.00,18,18.0,29,29.0
"Vinson Berry","Norfolk State",2,248,124.0,1,0.50,7,3.5,0,0.00,19,9.5,39,19.5
"Vito Priore","Rhode Island",1,577,577.0,3,3.00,-32,-32.0,0,0.00,48,48.0,89,89.0
"Wade Freebeck",Vanderbilt,3,479,159.7,1,0.33,-29,-9.7,0,0.00,42,14.0,91,30.3
"Walker Eget","San José State",4,4672,1168.0,28,7.00,98,24.5,0,0.00,359,89.8,617,154.3
"Walker Harris","North Carolina Central",4,4459,1114.8,37,9.25,30,7.5,6,1.50,329,82.3,524,131.0
"Walker Howard",Louisiana,1,111,111.0,0,0.00,49,49.0,1,1.00,12,12.0,29,29.0
"Walker Howard",LSU,1,7,7.0,0,0.00,33,33.0,0,0.00,2,2.0,4,4.0
"Walker Howard","Ole Miss",2,56,28.0,0,0.00,NULL,NULL,NULL,NULL,3,1.5,6,3.0
"Walker White",Auburn,1,18,18.0,0,0.00,18,18.0,0,0.00,2,2.0,5,5.0
"Walker Wood",Kentucky,1,15,15.0,0,0.00,22,22.0,0,0.00,2,2.0,3,3.0
"Walker Wood",McNeese,1,261,261.0,1,1.00,94,94.0,1,1.00,18,18.0,25,25.0
"Walter Simmons III",Bethune-Cookman,3,505,168.3,2,0.67,351,117.0,5,1.67,68,22.7,128,42.7
"Walter Taylor",Vanderbilt,1,44,44.0,0,0.00,102,102.0,1,1.00,5,5.0,15,15.0
"Warner Bush",Presbyterian,3,63,21.0,1,0.33,15,5.0,0,0.00,5,1.7,10,3.3
"Warren Bryan","Air Force",2,96,48.0,1,0.50,159,79.5,1,0.50,6,3.0,13,6.5
"Wayne Younger","Florida International",4,1938,484.5,10,2.50,691,172.8,3,0.75,169,42.3,369,92.3
"Wes Holcombe","Western Carolina",2,48,24.0,0,0.00,29,14.5,0,0.00,6,3.0,11,5.5
"Wes Lunt",Illinois,3,5900,1966.7,36,12.00,-298,-99.3,1,0.33,550,183.3,954,318.0
"Wes Lunt","Oklahoma State",1,1108,1108.0,6,6.00,-6,-6.0,0,0.00,81,81.0,131,131.0
"Wesley Carroll","Florida International",2,4854,2427.0,28,14.00,-28,-14.0,1,0.50,411,205.5,676,338.0
"Wesley Carroll","Mississippi State",2,1952,976.0,12,6.00,36,18.0,0,0.00,189,94.5,369,184.5
"Westin Elliott","Louisiana Tech",3,97,32.3,2,0.67,3,1.0,0,0.00,11,3.7,24,8.0
"Westin Elliott",Merrimack,1,NULL,NULL,NULL,NULL,NULL,NULL,NULL,NULL,NULL,NULL,NULL,NULL
"Weston Bryan","Georgia Southern",1,34,34.0,1,1.00,43,43.0,2,2.00,2,2.0,3,3.0
"Weston Eget","New Mexico State",2,20,10.0,1,0.50,24,12.0,0,0.00,4,2.0,14,7.0
"Whit Muschamp",Vanderbilt,1,40,40.0,0,0.00,8,8.0,0,0.00,2,2.0,3,3.0
"Whitt Newbauer",Mercer,1,1395,1395.0,12,12.00,19,19.0,2,2.00,102,102.0,180,180.0
"Whitt Newbauer",Oklahoma,1,6,6.0,0,0.00,10,10.0,0,0.00,2,2.0,4,4.0
"Wil Appleton",Auburn,1,4,4.0,0,0.00,NULL,NULL,NULL,NULL,1,1.0,1,1.0
"Wiley Green",Rice,5,1944,388.8,11,2.20,-24,-4.8,2,0.40,170,34.0,313,62.6
"Wiley Hartley",Campbell,2,116,58.0,1,0.50,NULL,NULL,NULL,NULL,3,1.5,5,2.5
"Will Bowers",Liberty,1,NULL,NULL,NULL,NULL,NULL,NULL,NULL,NULL,NULL,NULL,NULL,NULL
"Will Brunson",UAlbany,2,160,80.0,0,0.00,-24,-12.0,0,0.00,13,6.5,29,14.5
"Will Burns","Southern Utah",1,225,225.0,1,1.00,281,281.0,3,3.00,21,21.0,27,27.0
"Will Collins","UL Monroe",2,233,116.5,2,1.00,105,52.5,0,0.00,19,9.5,40,20.0
"Will Crowder",Troy,3,1015,338.3,10,3.33,112,37.3,2,0.67,88,29.3,134,44.7
"Will Crowder","West Virginia",2,85,42.5,1,0.50,4,2.0,0,0.00,8,4.0,8,4.0
"Will Currid",Brown,1,34,34.0,0,0.00,-15,-15.0,0,0.00,6,6.0,8,8.0
"Will Fiacchi",UAlbany,1,221,221.0,1,1.00,1,1.0,0,0.00,15,15.0,26,26.0
"Will Fidler",Kentucky,2,212,106.0,1,0.50,25,12.5,1,0.50,23,11.5,45,22.5
"Will Gardner",Louisville,2,1781,890.5,14,7.00,-113,-56.5,0,0.00,135,67.5,233,116.5
"Will Grier",Florida,1,1204,1204.0,10,10.00,116,116.0,2,2.00,106,106.0,161,161.0
"Will Grier","West Virginia",2,7354,3677.0,71,35.50,27,13.5,5,2.50,516,258.0,785,392.5
"Will Hammond","Texas Tech",2,1139,569.5,9,4.50,348,174.0,7,3.50,103,51.5,165,82.5
"Will Hefley III",Tulsa,1,15,15.0,0,0.00,-12,-12.0,0,0.00,2,2.0,6,6.0
"Will Howard","Kansas State",4,5786,1446.5,48,12.00,934,233.5,19,4.75,458,114.5,779,194.8
"Will Howard","Ohio State",1,4010,4010.0,35,35.00,226,226.0,7,7.00,309,309.0,423,423.0
"Will Hudgens",Memphis,5,1717,343.4,15,3.00,102,20.4,3,0.60,138,27.6,276,55.2
"Will Jarvis",Brown,2,93,46.5,1,0.50,37,18.5,0,0.00,12,6.0,26,13.0
"Will Jones","Western Carolina",2,220,110.0,1,0.50,19,9.5,0,0.00,27,13.5,52,26.0
"Will Koch",Massachusetts,1,166,166.0,1,1.00,62,62.0,0,0.00,24,24.0,40,40.0
"Will Levis",Kentucky,2,5232,2616.0,43,21.50,273,136.5,11,5.50,418,209.0,636,318.0
"Will Levis","Penn State",2,644,322.0,3,1.50,483,241.5,6,3.00,61,30.5,102,51.0
"Will Madonna","East Texas A&M",2,333,166.5,2,1.00,21,10.5,1,0.50,37,18.5,78,39.0
"Will McBride",Tennessee,1,152,152.0,1,1.00,70,70.0,0,0.00,17,17.0,40,40.0
"Will McElvain","Central Arkansas",3,6923,2307.7,54,18.00,-13,-4.3,2,0.67,587,195.7,925,308.3
"Will McElvain","Northern Iowa",2,458,229.0,2,1.00,-5,-2.5,0,0.00,46,23.0,76,38.0
"Will O'Dell",Marist,1,215,215.0,1,1.00,157,157.0,0,0.00,22,22.0,34,34.0
"Will Perry",Massachusetts,1,72,72.0,1,1.00,2,2.0,0,0.00,7,7.0,11,11.0
"Will Plummer",Arizona,2,1998,999.0,6,3.00,297,148.5,2,1.00,198,99.0,347,173.5
"Will Prichard","Morehead State",1,0,0.0,0,0.00,-3,-3.0,0,0.00,0,0.0,1,1.0
"Will Rogers","Mississippi State",4,12304,3076.0,94,23.50,-316,-79.0,2,0.50,1300,325.0,1876,469.0
"Will Rogers",Washington,1,2458,2458.0,14,14.00,-79,-79.0,0,0.00,220,220.0,311,311.0
"Will Stein",Louisville,4,1273,318.3,6,1.50,16,4.0,0,0.00,124,31.0,210,52.5
"Will Wilson","NC State",1,16,16.0,0,0.00,44,44.0,3,3.00,3,3.0,5,5.0
"Will Worth",Navy,2,1397,698.5,8,4.00,1208,604.0,26,13.00,72,36.0,118,59.0
"William Brown",SMU,2,625,312.5,7,3.50,100,50.0,0,0.00,53,26.5,85,42.5
"William Haskell","Portland State",1,80,80.0,2,2.00,-7,-7.0,1,1.00,12,12.0,19,19.0
"William Haskell","San Diego State",2,59,29.5,0,0.00,50,25.0,1,0.50,7,3.5,14,7.0
"William Riddle","East Tennessee State",1,472,472.0,0,0.00,-65,-65.0,1,1.00,40,40.0,86,86.0
"William Watson III","Virginia Tech",3,481,160.3,1,0.33,82,27.3,1,0.33,34,11.3,60,20.0
"Willie Jones III","Texas State",2,1032,516.0,6,3.00,463,231.5,3,1.50,73,36.5,138,69.0
"Willie Jonesiii","Texas State",1,235,235.0,1,1.00,107,107.0,0,0.00,17,17.0,28,28.0
"Willy Korn",Clemson,3,406,135.3,3,1.00,59,19.7,3,1.00,46,15.3,66,22.0
"Wilton Speight",Michigan,3,3192,1064.0,22,7.33,-99,-33.0,1,0.33,257,85.7,437,145.7
"Wilton Speight",UCLA,1,1527,1527.0,6,6.00,37,37.0,2,2.00,126,126.0,207,207.0
"Winston Jones",Nicholls,2,0,0.0,0,0.00,NULL,NULL,NULL,NULL,0,0.0,1,0.5
"Winston Watkins",Towson,2,1,0.5,1,0.50,41,20.5,1,0.50,2,1.0,3,1.5
"Woods Ray",Dartmouth,1,12,12.0,0,0.00,NULL,NULL,NULL,NULL,2,2.0,8,8.0
"Woody Barrett","Kent State",2,2553,1276.5,14,7.00,566,283.0,7,3.50,250,125.0,431,215.5
"Woody Cornwell","NC State",1,NULL,NULL,NULL,NULL,14,14.0,1,1.00,NULL,NULL,NULL,NULL
"Wyatt Clapper","Sacramento State",2,4,2.0,0,0.00,-8,-4.0,0,0.00,1,0.5,6,3.0
"Wyatt Hagan",VMI,1,268,268.0,0,0.00,-20,-20.0,0,0.00,22,22.0,42,42.0
"Wynrick Smothers","Central Arkansas",4,851,212.8,6,1.50,86,21.5,1,0.25,81,20.3,136,34.0
"Xaiver Lankford","Alabama A&M",3,3149,1049.7,19,6.33,880,293.3,16,5.33,257,85.7,481,160.3
"Xander Eschelman",Columbia,1,0,0.0,0,0.00,21,21.0,0,0.00,0,0.0,1,1.0
"Xander Menapace",Columbia,1,221,221.0,1,1.00,36,36.0,0,0.00,18,18.0,30,30.0
"Xander Werner","Northern Arizona",3,111,37.0,2,0.67,5,1.7,0,0.00,6,2.0,7,2.3
"Xavier Arline",Navy,4,574,143.5,5,1.25,1019,254.8,7,1.75,38,9.5,85,21.3
"Xavier Hill","The Citadel",1,NULL,NULL,NULL,NULL,NULL,NULL,NULL,NULL,NULL,NULL,NULL,NULL
"Xavier Rice",Duquesne,2,2,1.0,0,0.00,NULL,NULL,NULL,NULL,1,0.5,5,2.5
"Xavier Shepherd","Kennesaw State",2,1241,620.5,8,4.00,567,283.5,11,5.50,76,38.0,157,78.5
"Xavier Ward","San José State",2,31,15.5,0,0.00,4,2.0,0,0.00,4,2.0,13,6.5
"Xavier Washington",Drake,1,86,86.0,2,2.00,7,7.0,0,0.00,6,6.0,9,9.0
"Xavier Williams",Charlotte,1,420,420.0,2,2.00,108,108.0,2,2.00,34,34.0,67,67.0
"Xavion Brower",Gardner-Webb,1,74,74.0,0,0.00,64,64.0,1,1.00,6,6.0,14,14.0
"Yogi Gallegos",TCU,2,11,5.5,0,0.00,12,6.0,0,0.00,1,0.5,4,2.0
"Zac Dysert","Miami (OH)",4,12013,3003.3,73,18.25,665,166.3,12,3.00,1066,266.5,1672,418.0
"Zac Lee",Nebraska,3,2250,750.0,14,4.67,245,81.7,1,0.33,189,63.0,324,108.0
"Zac Robinson","Oklahoma State",4,8317,2079.3,66,16.50,1854,463.5,22,5.50,610,152.5,999,249.8
"Zac Thomas","App State",4,6970,1742.5,69,17.25,1303,325.8,19,4.75,575,143.8,913,228.3
"Zach Adkins","Northwestern State",2,590,295.0,1,0.50,8,4.0,0,0.00,65,32.5,116,58.0
"Zach Allen",Rutgers,2,-1,-0.5,0,0.00,-6,-3.0,0,0.00,1,0.5,12,6.0
"Zach Allen",TCU,2,17,8.5,0,0.00,3,1.5,0,0.00,2,1.0,2,1.0
"Zach Bednarczyk",Villanova,3,755,251.7,4,1.33,-10,-3.3,0,0.00,72,24.0,112,37.3
"Zach Calzada","Incarnate Word",2,6165,3082.5,52,26.00,374,187.0,10,5.00,520,260.0,788,394.0
"Zach Calzada",Kentucky,1,234,234.0,0,0.00,23,23.0,1,1.00,25,25.0,53,53.0
"Zach Calzada","Texas A&M",2,2318,1159.0,19,9.50,-9,-4.5,1,0.50,196,98.0,352,176.0
"Zach Collaros",Cincinnati,4,6272,1568.0,51,12.75,809,202.3,16,4.00,485,121.3,783,195.8
"Zach Conque","Stephen F. Austin",3,373,124.3,1,0.33,-6,-2.0,0,0.00,56,18.7,97,32.3
"Zach Conque",UTSA,1,NULL,NULL,NULL,NULL,3,3.0,0,0.00,NULL,NULL,NULL,NULL
"Zach Daniel","Texas A&M",1,NULL,NULL,NULL,NULL,NULL,NULL,NULL,NULL,NULL,NULL,NULL,NULL
"Zach Davidson","Kansas State",1,0,0.0,0,0.00,NULL,NULL,NULL,NULL,0,0.0,1,1.0
"Zach Davis","Arkansas State",1,NULL,NULL,NULL,NULL,2,2.0,0,0.00,NULL,NULL,NULL,NULL
"Zach Frazer",UConn,3,3422,1140.7,17,5.67,-16,-5.3,0,0.00,298,99.3,562,187.3
"Zach Gibson",Akron,3,2471,823.7,15,5.00,-58,-19.3,0,0.00,226,75.3,370,123.3
"Zach Gibson","Florida Atlantic",1,168,168.0,2,2.00,6,6.0,0,0.00,17,17.0,30,30.0
"Zach Gibson","Georgia State",1,1004,1004.0,7,7.00,53,53.0,1,1.00,102,102.0,151,151.0
"Zach Gibson","Georgia Tech",1,589,589.0,1,1.00,-14,-14.0,0,0.00,57,57.0,104,104.0
"Zach Griffith","Louisiana Tech",1,31,31.0,0,0.00,-2,-2.0,1,1.00,3,3.0,6,6.0
"Zach Gwynn",Delaware,2,16,8.0,0,0.00,15,7.5,0,0.00,2,1.0,15,7.5
"Zach Kline",California,1,443,443.0,3,3.00,14,14.0,0,0.00,43,43.0,82,82.0
"Zach Kline","Fresno State",1,523,523.0,0,0.00,134,134.0,1,1.00,42,42.0,79,79.0
"Zach Larkin","Indiana State",1,NULL,NULL,NULL,NULL,8,8.0,0,0.00,NULL,NULL,NULL,NULL
"Zach Lujan","South Dakota State",3,532,177.3,3,1.00,-14,-4.7,0,0.00,38,12.7,62,20.7
"Zach Marker",Delaware,3,1710,570.0,13,4.33,111,37.0,2,0.67,119,39.7,207,69.0
"Zach Maynard",Buffalo,2,2701,1350.5,18,9.00,356,178.0,1,0.50,219,109.5,382,191.0
"Zach Maynard",California,2,5204,2602.0,29,14.50,140,70.0,7,3.50,411,205.5,701,350.5
"Zach Mettenberger",LSU,3,5783,1927.7,35,11.67,-313,-104.3,0,0.00,407,135.7,659,219.7
"Zach Mundell",Army,1,NULL,NULL,NULL,NULL,-5,-5.0,0,0.00,NULL,NULL,NULL,NULL
"Zach Osborne",Colgate,4,1427,356.8,11,2.75,435,108.8,4,1.00,115,28.8,186,46.5
"Zach Pyron","Georgia Tech",3,995,331.7,5,1.67,271,90.3,6,2.00,88,29.3,155,51.7
"Zach Rhodes",SMU,1,81,81.0,1,1.00,32,32.0,0,0.00,8,8.0,15,15.0
"Zach Rhodes","UL Monroe",1,11,11.0,0,0.00,49,49.0,1,1.00,1,1.0,1,1.0
"Zach Smith",Baylor,2,2997,1498.5,21,10.50,-105,-52.5,1,0.50,221,110.5,397,198.5
"Zach Smith",Tulsa,2,5225,2612.5,32,16.00,-158,-79.0,0,0.00,393,196.5,692,346.0
"Zach Tanner","Robert Morris",4,2111,527.8,14,3.50,29,7.3,3,0.75,184,46.0,364,91.0
"Zach Terrell","Western Michigan",4,12100,3025.0,96,24.00,620,155.0,13,3.25,908,227.0,1387,346.8
"Zach Weir","Eastern Illinois",1,96,96.0,0,0.00,-34,-34.0,0,0.00,9,9.0,27,27.0
"Zach Werlinger",Arizona,3,0,0.0,0,0.00,25,8.3,1,0.33,0,0.0,5,1.7
"Zach Wilcke",Charlotte,1,242,242.0,2,2.00,46,46.0,1,1.00,27,27.0,39,39.0
"Zach Wilcke","Southern Miss",1,1163,1163.0,9,9.00,57,57.0,0,0.00,101,101.0,176,176.0
"Zach Wilson",BYU,3,7610,2536.7,55,18.33,644,214.7,15,5.00,563,187.7,834,278.0
"Zach Zebrowski","Southern Illinois",1,45,45.0,1,1.00,31,31.0,0,0.00,5,5.0,6,6.0
"Zachary Clement","Northwestern State",2,2521,1260.5,19,9.50,321,160.5,2,1.00,225,112.5,414,207.0
"Zachary Clement","SE Louisiana",1,1141,1141.0,7,7.00,486,486.0,4,4.00,99,99.0,164,164.0
"Zachary Jackson",Towson,1,NULL,NULL,NULL,NULL,NULL,NULL,NULL,NULL,NULL,NULL,NULL,NULL
"Zachary Larrier","Air Force",4,789,197.3,7,1.75,768,192.0,7,1.75,40,10.0,67,16.8
"Zachary Stevens","Coastal Carolina",1,5,5.0,1,1.00,NULL,NULL,NULL,NULL,1,1.0,1,1.0
"Zachary Yeager","North Carolina A&T",3,417,139.0,1,0.33,74,24.7,0,0.00,43,14.3,96,32.0
"Zack Annexstad","Illinois State",2,3802,1901.0,28,14.00,238,119.0,6,3.00,383,191.5,575,287.5
"Zack Annexstad",Minnesota,1,1277,1277.0,9,9.00,-89,-89.0,0,0.00,97,97.0,187,187.0
"Zack Bennema",Baylor,1,0,0.0,0,0.00,NULL,NULL,NULL,NULL,0,0.0,1,1.0
"Zack Blair","Ball State",1,67,67.0,0,0.00,16,16.0,0,0.00,9,9.0,15,15.0
"Zack Greenlee","Fresno State",2,1079,539.5,14,7.00,46,23.0,0,0.00,92,46.0,197,98.5
"Zack Greenlee",UTEP,2,1513,756.5,9,4.50,81,40.5,2,1.00,124,62.0,254,127.0
"Zack Mahoney",Syracuse,3,1949,649.7,18,6.00,242,80.7,4,1.33,182,60.7,342,114.0
"Zack Oliver",Northwestern,4,648,162.0,3,0.75,-2,-0.5,2,0.50,55,13.8,114,28.5
"Zack Stoudt","Ole Miss",1,559,559.0,2,2.00,-76,-76.0,0,0.00,58,58.0,120,120.0
"Zack Wynn","Western Michigan",2,0,0.0,0,0.00,2,1.0,0,0.00,0,0.0,1,0.5
"Zak Burnett",Liberty,1,0,0.0,0,0.00,1,1.0,0,0.00,0,0.0,3,3.0
"Zander Diamont",Indiana,3,873,291.0,2,0.67,513,171.0,8,2.67,88,29.3,178,59.3
"Zane Flores","Oklahoma State",1,696,696.0,0,0.00,114,114.0,1,1.00,77,77.0,140,140.0
"Zavier Wright","Alabama A&M",1,NULL,NULL,NULL,NULL,-6,-6.0,0,0.00,NULL,NULL,NULL,NULL
"Zeb Noland","Iowa State",2,1255,627.5,6,3.00,-22,-11.0,0,0.00,106,53.0,176,88.0
"Zeb Noland","South Carolina",1,690,690.0,7,7.00,-25,-25.0,0,0.00,53,53.0,95,95.0
"Zeb Speir","App State",1,9,9.0,0,0.00,NULL,NULL,NULL,NULL,1,1.0,3,3.0
"Zeon Chriss",Houston,2,923,461.5,5,2.50,460,230.0,4,2.00,92,46.0,150,75.0
"Zeon Chriss",Louisiana,2,1331,665.5,12,6.00,529,264.5,6,3.00,111,55.5,167,83.5
"Zerrick Cooper",Clemson,1,256,256.0,2,2.00,18,18.0,0,0.00,25,25.0,41,41.0
"Zerrick Cooper","Jacksonville State",2,618,309.0,2,1.00,69,34.5,1,0.50,61,30.5,109,54.5
"Zevi Eckhaus",Bryant,3,6245,2081.7,55,18.33,488,162.7,2,0.67,506,168.7,817,272.3
"Zevi Eckhaus","Washington State",2,1522,761.0,13,6.50,196,98.0,5,2.50,137,68.5,204,102.0
"Zion Turner","Jacksonville State",1,0,0.0,0,0.00,3,3.0,0,0.00,0,0.0,1,1.0
"Zion Turner",Marshall,1,183,183.0,0,0.00,110,110.0,1,1.00,19,19.0,31,31.0
"Zion Turner",UConn,2,1416,708.0,9,4.50,262,131.0,1,0.50,151,75.5,263,131.5
"Zion Webb","Jacksonville State",3,3289,1096.3,16,5.33,1371,457.0,20,6.67,235,78.3,439,146.3
"Zolten Osbourne","Charleston Southern",3,2364,788.0,12,4.00,-37,-12.3,0,0.00,199,66.3,368,122.7
"Zy McDonald","Jackson State",2,324,162.0,5,2.50,268,134.0,2,1.00,25,12.5,37,18.5
"Zy McDonald",Louisiana,1,NULL,NULL,NULL,NULL,-9,-9.0,0,0.00,NULL,NULL,NULL,NULL
